Index,target
66,29.90180599814372
67,19.057128815872904
68,37.912041579788585
69,42.399151492507464
70,31.590394001469633
71,36.189234937225294
72,41.564382719978035
73,31.65675509587622
74,52.4600357394614
75,50.05443540953078
76,46.965789045959944
77,49.44550088822982
141,26.071271842304185
142,34.45229994245406
143,33.269578894173755
144,34.41727430233058
217,30.135814931467774
218,27.85098710395389
219,34.450153795202795
220,26.699243830213664
221,20.37252100557702
222,26.7524910863253
223,20.856789257772398
224,24.770800063602668
225,22.841332215899346
226,26.755343021729615
227,33.4532179384117
228,31.638481730345312
229,38.06425253868511
230,33.602935278977746
231,50.883261674911324
232,37.79164060748534
233,39.137397226600214
234,38.55554441302227
235,37.68861823086273
236,42.31684230772984
237,41.082887190801515
238,44.00579447199524
239,43.50561367754911
240,57.310128787905704
241,96.12910408064238
242,61.10305906948892
243,52.01672430115234
244,57.87902154658679
423,25.62351284556534
424,28.947858404026842
425,29.102002396078117
426,37.25000501633907
427,36.616417840863654
428,51.691531490075114
429,44.3794696355976
430,35.83512116108938
431,42.258712601983376
432,44.08943380707918
433,42.343441623314554
434,34.81365020428626
447,27.412062912258992
448,31.86256514530396
449,33.15014457061921
450,32.758777606327925
519,31.533255285687062
520,32.75534840140923
521,37.14182362695066
522,32.63154886380768
554,18.868733011049564
555,28.036557223044664
556,48.87448207529139
557,36.44842487878675
558,37.30532757974329
559,21.22624654864878
560,25.19438181976791
561,26.0527681033114
562,31.14610940387921
563,25.125102052997065
585,31.84952714384633
586,42.75508811228402
587,33.86995559489031
588,36.00248277809811
589,35.48050822379722
590,37.751260789643226
591,46.17764008465065
592,42.879135276721
593,64.21149337290998
594,44.79785833740404
595,34.44042771287163
596,44.89857645957315
606,29.05236687003978
607,28.19588187676583
608,27.65887974028172
609,28.879334241164084
610,27.70616841531028
611,29.705483511811025
612,33.38058577467607
613,35.55133864577838
614,30.66345729315281
615,38.41469576350438
616,35.50018110864691
617,48.73011653405366
618,27.094927930555038
619,35.61896242989251
620,36.837009202350984
621,48.985265818856426
622,42.7765956007032
623,40.7939539328458
624,46.530323193164726
625,48.20435489469466
626,53.58849187379096
638,38.79282390427788
639,31.393478083183666
640,44.980725174479694
641,51.3291071853778
713,50.897263763713894
714,33.97469927296283
715,67.81155457657806
716,43.04849904398434
717,45.8948088021386
718,50.53858034349288
719,48.93308985146296
720,79.65318774019084
721,56.088968929569695
722,60.61052422587171
723,53.39668452295982
724,73.611846362036
731,33.074092492381546
732,27.33886276942567
733,22.126025895195493
734,29.709653626683867
735,22.95058914020068
736,33.63977553066598
737,31.45415918981591
738,30.307647885789677
739,35.688705957472344
740,34.907483738885524
741,50.710537067157205
742,53.06676271516212
759,34.67273289936359
760,42.16584564657016
761,37.82600794330619
762,32.83257000230479
763,40.79572966157442
770,27.262279872419334
771,32.324190244168896
772,30.185089045072907
773,33.340212586527834
774,36.61761070695999
775,20.738548579853088
776,32.9078728488461
777,18.485247037434913
778,26.77520357126605
779,33.07450796714039
780,35.346941840426695
781,36.40543279724186
782,31.29511054926455
783,39.847278492823996
784,44.19692338090346
785,46.70838726449604
786,36.80474176765427
787,35.55594088491662
788,41.78112984124856
789,39.45647154591027
790,46.26788354388799
791,54.861194807817064
792,72.90158030960185
822,37.39469235167374
823,39.97749694513996
824,61.88315110950462
825,41.235732427798276
826,59.05942480315937
839,26.81901534124041
840,30.573504686608437
841,37.81459141258792
842,35.07813138494225
843,39.70008991240909
844,39.534321600173115
845,48.47972771124124
846,38.557662565445526
847,43.19915017648189
848,41.49364788867282
849,48.05370339379231
850,44.02700313573088
911,24.690710118340903
912,23.083137126966392
913,36.10989703436814
914,28.820268140191825
915,29.19628746180949
916,34.74579002592686
917,34.509435863467
918,57.73790375247682
919,43.1377690865903
920,36.387794278412436
921,42.41834292921516
922,42.05390712269723
944,27.70114323018597
945,36.38678073736215
946,31.720282677097067
947,29.8202003136141
948,34.87367064089813
949,40.39506787868421
959,48.906132474446714
960,61.39310637169628
961,45.37656508189787
962,43.92710378558289
963,45.8321202262801
964,51.961856702812014
965,51.85542085200565
966,72.58693480966883
967,52.62469588750153
968,67.62593222062924
969,71.98998005705423
970,73.89560445427745
1097,5.556131541840596
1098,9.737912738710824
1099,10.543125202100237
1100,12.688140265824213
1101,14.531260325160083
1102,15.529350429727195
1103,7.615733608796081
1133,28.539302908095586
1134,36.43352786609206
1135,48.169349999685416
1136,38.41814968614102
1137,58.799288333376076
1138,48.3678350200243
1139,37.09802488152504
1140,41.333930543684126
1141,35.201317779460354
1142,34.98798212231241
1143,43.07677254054408
1156,33.79499443733639
1157,28.221187465112315
1158,35.620015935001106
1159,32.99124191733648
1271,28.9679942356309
1272,25.552465087197035
1273,30.06250163381567
1274,29.061276461410948
1275,27.141177647639157
1276,31.96705409246338
1277,39.08353653053174
1278,35.62001706942648
1279,45.085518355140046
1280,40.41548067741561
1281,39.85229126144991
1282,42.61362072108757
1294,48.680382698942296
1295,54.148792675993
1296,52.64851797006143
1297,57.86421091358039
1298,61.423191571541274
1299,39.062880830868
1300,63.39883200409424
1301,71.23113535998456
1302,94.9719496461461
1303,48.51602401665949
1304,52.419891426860964
1305,85.02952930721358
1318,18.598610787669426
1319,28.24880196159035
1320,20.369507820045268
1321,28.41117535745692
1322,28.787194679074577
1323,27.831256152310466
1324,32.77065142402099
1325,37.43581194119282
1326,32.42809800706213
1327,45.07760123298633
1328,39.261748720993516
1329,50.438576700792474
1443,31.467424214756463
1444,34.02867999603227
1445,35.39509502525824
1446,35.64161757775521
1447,28.74646702600297
1448,32.70794094326089
1449,26.648062608885855
1450,34.21126770090867
1451,38.339359524003996
1452,58.25349825641555
1453,46.97458150119716
1491,31.84072629173658
1492,34.093039640903484
1493,29.993683416405986
1494,45.31027881445354
1495,32.417357304121815
1496,40.52844905679075
1497,38.15297292449126
1498,48.33870488049209
1499,40.674007309832895
1500,49.90676956110687
1501,40.27777034178906
1502,48.36893425422205
1540,36.20382818788763
1541,59.35762274406598
1542,36.02820412932638
1543,40.13287269928496
1544,62.27904755487892
1545,35.43151462300834
1546,43.01913253384613
1547,59.96386417881466
1548,79.56393062853806
1549,74.71482778416595
1550,53.89010039560944
1551,73.15032016100628
1682,33.16242377007109
1683,53.90847475327137
1684,45.48805868984008
1685,39.490658129597705
1686,49.00138577746237
1687,45.80766645087284
1688,44.975613349634074
1689,63.58000508659088
1690,44.00224584522875
1691,77.30099499686813
1692,53.08823423733047
1693,77.06924087268263
1788,16.884784102754022
1789,17.743170386297514
1790,18.386960098955132
1791,19.727713344424462
1792,20.586099627967958
1793,22.731114691691932
1794,24.98342804085884
1795,34.848215785665644
1796,29.005687777266818
1797,32.38415780101718
1798,36.45864071244447
1799,37.584797387027926
1823,14.545343856361889
1824,30.03986154707643
1825,32.34193640461491
1826,33.94188172607335
1827,38.38161402911441
1828,41.2679635746133
1829,38.57879487098767
1830,44.86963532724978
1831,53.956616037731024
1832,50.10655145294305
1833,39.36327407055511
1834,51.63750497683851
1835,16.58558625992523
1836,27.843350425220663
1837,36.04549006822932
1838,35.99231624807524
1839,32.673808991667045
1888,18.560713790341442
1889,23.921825481949213
1890,26.174138831116117
1891,26.442859867290846
1892,29.177540178383573
1893,34.59277633528019
1894,33.57486859127446
1895,28.21645001733623
1896,31.22888408110432
1897,38.61858762442047
1898,49.107640695651774
1899,47.99237530205856
1900,21.536917172199434
1901,31.48353081486931
1902,32.67530834023082
1903,34.482652380133295
1921,22.993153106951006
1922,29.855490149625115
1923,35.48532287740761
1924,27.12741052160837
1925,29.561863959458982
1926,39.484330603885354
1927,34.873609366985534
1928,35.44269455221807
1929,43.700374195329154
2057,25.286268591617976
2058,28.39601757919361
2059,29.254403862737103
2060,37.03028420591761
2061,26.561925280345164
2062,27.746387111012208
2063,31.813960689919405
2064,40.947523408635945
2065,45.38976896708882
2066,41.689358341573985
2067,43.30480115264374
2068,47.24683884854425
2139,49.63965983836389
2140,41.06340216400711
2141,44.38774772246862
2142,79.78919740620708
2218,25.66803545117406
2219,39.82095203315925
2220,16.952333390444085
2221,33.21134442434296
2222,38.10933391879909
2223,35.88579306286474
2224,41.097088731372985
2225,40.46365284354002
2226,37.17525933640873
2227,47.79427568305554
2255,39.57226250704962
2256,27.435829155066063
2257,33.9575919928414
2258,25.42781813268476
2259,31.566786516664806
2260,29.581211923427787
2261,37.42263349572914
2262,51.054293936108216
2263,53.9855684901879
2264,42.71986306759066
2265,42.873786082759835
2266,52.03966323660824
2271,33.347188702905505
2272,21.81418646945197
2273,30.492034373544982
2274,35.56793244944937
2287,31.27975414374997
2288,25.276754029754127
2289,27.549213745972082
2290,35.28118648569042
2336,22.95684673597454
2337,29.433686666537618
2338,32.353976814131144
2339,34.05731712990749
2340,38.446567085117685
2341,41.15708030872109
2342,40.60324983514652
2343,49.471999203779596
2344,44.1169864055604
2345,44.61950949200186
2346,46.68403898888413
2347,47.11775913137993
2413,14.788537315607073
2414,22.937503138461654
2415,13.932052322333123
2416,22.241490250784725
2417,24.91328533327981
2418,15.304742219177381
2419,25.089419226204193
2420,25.724011515033162
2437,38.56781626656425
2438,29.546823383318895
2439,47.879716429009
2440,64.71960497287884
2479,33.20302862438038
2480,34.56429814480959
2481,30.464212139870078
2482,46.0878680198273
2483,28.55096187117968
2484,27.157985450691033
2485,24.340140370382073
2486,25.125697199330887
2487,28.786723591228757
2488,23.9105558275709
2489,39.73728568965031
2490,42.85844183619135
2491,40.51110237248794
2492,30.527349706387085
2493,38.3136465763972
2494,43.34366468719438
2535,46.6385711250487
2536,43.021661654989416
2537,42.524133202215225
2538,57.998341634953086
2539,46.65252894195118
2557,31.328838355677306
2558,24.52157642342683
2559,28.3912275254378
2560,34.586528197186006
2561,37.930170603252094
2562,28.9205043556558
2563,36.17673763969617
2564,47.34404058180339
2565,58.02314950986588
2566,46.893088450468554
2567,45.50152756479347
2568,47.77396143807979
2573,34.716013256613266
2574,45.553839140000186
2575,40.34520184029267
2576,45.06978564808791
2577,30.092498714725576
2578,40.42478116743036
2579,44.16158345972788
2580,40.824820705413394
2581,63.83050856462108
2582,48.92754728095359
2583,52.390894499372564
2584,51.76964078073741
2585,24.50943856369269
2586,21.7766595428695
2587,26.33446006135739
2588,21.081597300327342
2589,36.62895111938003
2590,38.24876683902945
2591,48.916396419857456
2592,41.230247324198366
2593,44.289023554126715
2594,33.784761832585254
2595,34.16725398583571
2596,21.751551680798304
2597,37.07102325723808
2598,48.15883237318082
2599,38.5286548448732
2600,47.026509047971075
2601,52.13307713662448
2602,31.3508472701075
2603,39.75933068006765
2604,56.08998861287867
2605,49.867782400009894
2606,18.224081412638586
2607,24.389454922500995
2608,21.71080036696666
2609,28.41266530404375
2610,26.59049574178336
2632,47.29920683086268
2633,42.04729471496741
2634,50.62678150856095
2635,36.23176196046592
2636,30.487230761930014
2637,26.151163544675622
2638,33.599153682136304
2639,32.00432565622571
2640,32.54908930629122
2641,42.80586045034747
2642,64.28252116831982
2643,41.54972819800655
2644,47.94674367864242
2645,68.28569506168105
2646,61.307854813796624
2647,61.17859267767021
2672,17.601159998003904
2673,19.69300124157379
2674,22.427681552666524
2675,26.073921967456844
2676,23.983982014156503
2677,36.85026981596123
2678,33.635123833212205
2679,40.16319021669263
2680,31.49633573570869
2830,30.19774428770617
2831,18.45856380561968
2832,29.930924541800987
2833,23.123662609550504
2834,30.848160150777744
2903,18.443432670763467
2904,18.283911210301223
2905,21.179063626990978
2906,21.87697780493746
2955,36.17096450485318
2956,39.388011777871746
2957,37.506152416048394
2958,27.685643213531737
2959,31.52707469151651
2960,47.41794950954827
2961,41.34011779729991
2962,49.40550717764956
2963,47.45680586754138
2964,31.012217577629883
2965,42.86154828056363
2966,49.40199046690894
2967,37.65968541967946
2968,45.951966056132235
2969,39.141743244428376
2970,48.13483972573466
2971,54.35842487947618
2972,45.986758763931114
2973,54.6937043528053
2974,70.8193195568621
2975,48.22873882917045
3006,45.77174942754285
3007,67.32098346406792
3008,44.42590476352075
3009,86.69575292565051
3010,50.86682277468869
3011,82.30703528368335
3012,51.009268163752544
3013,50.75612172714905
3014,77.24690234837337
3031,29.759541874520554
3032,25.418239217188077
3033,45.89440610302603
3034,58.91033877711223
3035,33.31052408976585
3036,41.221645878184304
3037,46.05119626611877
3038,43.75142557493507
3167,21.74667029646488
3168,24.48135060755762
3169,27.752522345865046
3170,19.9805264897629
3175,31.544324200873092
3176,37.38282833637306
3177,33.76679052339735
3178,31.503385878355445
3179,37.80224136772839
3180,37.955928371008966
3181,53.18620643894776
3182,49.528594403992855
3183,48.05742593569496
3184,39.805614542198114
3185,77.38705708919636
3186,51.17322133675919
3192,32.026307178939
3193,27.95277491264648
3194,31.771730829257002
3195,42.03528138562718
3196,37.48155642792184
3197,19.893230890768834
3198,18.714851041166067
3199,33.29696076492301
3200,25.68543701441789
3201,34.66278723538409
3202,35.71171585325764
3203,30.56082797335217
3204,42.96990348979928
3293,33.53638650719394
3294,37.14419320572665
3295,32.406348180544875
3296,40.72285884915121
3297,30.807763629441332
3298,37.83057277771246
3299,46.247308991607
3300,36.27712425162681
3301,41.799658693966364
3302,38.41976955623709
3303,39.62797625591443
3304,52.31870378633424
3305,45.95015596091773
3306,45.39899578051106
3307,63.51472916321011
3308,39.87930610617587
3309,22.808831348592253
3310,28.813732752857646
3311,33.05918752205733
3312,34.91831472112783
3313,42.553732020933545
3334,22.268541066659182
3335,35.134828868463906
3336,30.237480221848916
3337,26.72408488382439
3338,28.124118069027944
3339,30.428463750237306
3340,29.045981312513213
3341,36.94696225298865
3342,32.9043163681899
3343,63.738408625012305
3344,39.36705661354331
3345,48.42832561420756
3346,62.77448840479533
3347,40.29503964719167
3348,51.4282091637446
3361,26.717770070268077
3362,26.450950324362886
3363,24.521482476659568
3364,34.81081028539346
3393,24.664922157130814
3394,26.11297368804309
3395,29.651915817390467
3396,35.442220650769976
3425,30.37921106003857
3426,32.97998233113678
3427,34.39839237286743
3428,60.23157059707387
3429,42.91404686870419
3430,42.004699174783795
3431,56.45847638622742
3432,46.80154269400923
3472,22.47405951715944
3473,29.22909827439062
3474,24.405428655132315
3475,26.710915824453302
3476,31.107293592209402
3477,43.142835871136995
3478,37.53829929007535
3479,37.82672715356398
3480,39.79607611141306
3481,47.3842134809345
3482,30.13505390893852
3483,41.60713155782871
3521,23.369266375335933
3522,15.543146053944934
3523,20.74378563995568
3524,29.375118424736097
3583,26.592712164712793
3584,22.251409507380327
3585,20.054171268637038
3586,36.76484728948779
3587,34.003507705610616
3588,36.23936596818458
3589,41.473708478557874
3590,52.947489528423134
3591,48.51108727192007
3592,45.93634241259831
3593,37.032548557860736
3594,19.24713226997966
3595,30.291250509523998
3596,27.670538690837365
3597,34.25571054323149
3598,37.16113279078786
3599,18.617250023735657
3600,19.261039736393293
3601,23.9793123604782
3602,23.01552908176131
3603,27.0900119931886
3604,30.521655837093043
3605,28.753610740121527
3606,42.7460552165097
3607,36.30001801611064
3608,35.30451414407151
3609,40.1426212477715
3610,30.739554262910772
3644,20.907864980915857
3645,22.945581759196884
3646,23.5893714718545
3647,19.623137491004925
3648,27.28973635193367
3649,30.184888768623427
3650,32.115307261461524
3651,33.78759357385814
3652,32.15522648686876
3653,41.031806390745125
3654,43.786215824917825
3655,41.522263059199865
3812,28.61141920609952
3813,29.558483020984767
3814,33.817503395637715
3815,32.71281364114893
3816,55.78240457247809
3817,46.266893866711854
3818,33.532715947279094
3819,30.291927586345963
3820,41.49512018899539
3821,38.79731721306296
3822,48.09342005643279
3823,44.12639836207115
3824,41.1660630710219
3825,42.142783922764096
3826,69.91992754198387
3827,42.37884753114098
3828,49.731582091780844
3829,51.32170836506364
3886,28.765541458732997
3887,31.20984181932247
3888,45.65840487843838
3889,31.171630364186413
4051,20.096702363029657
4052,26.85174112026083
4053,27.97789779484428
4054,28.94358236383072
4055,27.550605943342084
4056,21.922674505829136
4057,26.47952437918225
4058,33.4491597072993
4059,27.2367037069233
4060,40.393773229399166
4061,30.600699473778825
4062,32.97039641447815
4128,20.636903885581315
4129,22.781918949305282
4130,30.39439334494518
4131,27.554316038679048
4132,36.45341921449941
4133,26.73779067496511
4134,16.02755076664942
4135,36.9434505461602
4136,45.64510919251732
4137,39.368493841111935
4176,24.400964721401657
4177,26.449987304381096
4178,28.44550116046812
4179,24.980272075241395
4201,46.373663044184745
4202,42.774958497513616
4203,38.82263040426393
4204,37.16299733707822
4205,34.25227987050302
4206,48.362562500846316
4207,86.84388133884102
4228,46.95938955868252
4229,51.35576732643861
4230,39.15311700389684
4231,42.8616310278802
4232,58.04482785820949
4239,26.374476527670822
4240,30.717680475272836
4241,37.47271923250402
4242,30.418300013681176
4249,29.826568412708927
4250,27.254261497482766
4251,28.916909599280903
4252,32.52818419789294
4253,36.44225684391884
4254,34.11962694027311
4255,39.65482449066354
4256,39.8360777865091
4257,30.380384677451694
4258,34.306692000945915
4259,36.34243085218754
4260,42.46181056815014
4270,36.88897555207638
4271,30.197632115856113
4272,38.826355740539064
4273,51.19544953419723
4274,32.96238228734903
4275,54.08948656973763
4276,32.025134854934564
4277,45.700068376870995
4278,34.762508959838755
4279,60.536631089984944
4280,62.948872771527384
4281,39.60182061569764
4282,63.276893698169694
4283,49.409484333558474
4284,54.22496288937436
4285,75.94010791398046
4323,17.515608080926224
4324,29.04209328239639
4325,29.00272401737036
4326,32.470679172370716
4327,34.033924007406355
4328,33.002523245529076
4329,32.447316104063944
4330,68.55239817867272
4331,47.26001352068037
4332,48.20117319402133
4333,33.69150689710231
4362,17.97780365463434
4363,25.697576335717166
4364,25.75170080100602
4365,17.657810088575065
4366,21.357224323519464
4367,41.98699145764774
4368,20.920465303103896
4369,30.564111153666964
4370,35.52767023752129
4371,32.1883526395509
4399,29.835663566381154
4400,40.36681040855559
4401,36.33724836720105
4402,48.38707189273977
4403,82.02812064882886
4425,29.8804960712567
4426,37.332498361299585
4427,50.8331719821157
4428,32.56270952831913
4429,33.74294092692773
4430,31.09148662346174
4431,35.293118025444635
4432,41.49041567863557
4433,47.07877181121715
4434,42.68007053447133
4435,52.84433972748343
4484,19.93781415078674
4485,21.06492147050496
4486,30.018149111614186
4487,33.25709526418226
4545,26.971687743273737
4546,33.7267265005049
4547,18.34787875963692
4548,38.460841245502536
4549,32.68253470972543
4550,41.97579890027895
4551,55.77434636906252
4552,36.18067422260395
4553,47.15215894399506
4554,45.01572991808733
4555,39.741529710830335
4561,17.410886539536786
4562,22.182332983775787
4563,22.558352305393452
4564,19.556852248395533
4698,25.28189341726874
4699,29.57097289958191
4700,32.424754612824756
4701,31.366079507690635
4702,31.232267897908912
4703,32.19458237500362
4704,40.99737725503311
4705,44.518045857853515
4706,34.89183553562267
4707,42.283602231745434
4708,41.251152544095525
4785,23.1032944145917
4786,27.982989789408403
4787,41.882004021022745
4788,27.030599896628114
4828,30.537992813978732
4829,35.512329177414024
4830,21.70682827366018
4831,29.010220062381546
4832,44.40864771652454
4837,13.720025846549783
4838,16.02551301587077
4839,17.473564546783035
4840,46.85428185545234
4891,26.679910091118884
4892,25.073287744879142
4893,28.93412473055534
4894,26.86412431190317
4956,38.1870625733305
4957,56.68297720507493
4958,63.74578291340408
4959,43.63377751792507
4997,23.889961588682137
4998,31.234665593282074
4999,30.52407949908472
5000,29.392292067421334
5001,25.35174698849895
5002,30.436662670552288
5003,30.160879419556423
5004,32.62289494860825
5005,35.41468226574138
5006,29.878534612413088
5007,46.52359770683923
5008,56.58533693384178
5045,15.310607156798046
5046,18.206710218622568
5047,24.211611622887954
5048,25.821085904532012
5085,22.61008792016333
5086,19.126220901239574
5087,20.252377575823026
5088,29.688922823992858
5089,34.567667553674795
5090,33.33935335230907
5091,31.961504018151786
5092,36.629907373772184
5093,35.515301959925765
5094,39.10406431189095
5095,34.269240239281196
5096,40.36121470001646
5097,31.67739786603984
5098,42.93516203133527
5099,35.63380373761309
5100,39.12497433466742
5101,46.21567016606836
5102,46.61875440697177
5103,39.38050849532381
5104,60.32291936313938
5257,15.769346370498742
5258,17.807063148779772
5259,22.310739201978816
5260,18.55910179201511
5261,24.4025804455487
5262,25.743333691018023
5263,22.87828542591579
5264,29.460618448408812
5265,28.16064871925732
5266,29.342719578780876
5267,36.529607924888374
5268,38.13814492980371
5372,39.16913336563509
5373,49.596636624694554
5374,71.40577195531145
5375,44.78599707559927
5376,48.150349276623636
5377,50.64583080664825
5378,53.768513317800675
5379,49.6943435230149
5380,53.788485841980574
5381,78.87402847745727
5382,58.45280079255801
5383,63.62960197939807
5419,25.968620380615857
5420,22.913946503463848
5421,28.453178959745813
5422,26.126573328349778
5423,44.77334420778057
5424,30.021904966185183
5425,39.109486881195785
5426,45.845904884325776
5427,59.527830468756946
5428,46.32704165071032
5429,39.15338069347539
5438,36.671206741071984
5439,57.098296286369845
5440,57.74553832742965
5441,59.82054428124144
5454,41.81088811413037
5455,29.75076342084984
5456,31.726073463813513
5457,32.028502869885806
5458,52.456332846553074
5459,58.11327890114599
5460,45.159720655641145
5461,74.98047863013508
5494,25.70023665176625
5495,25.433416905861062
5496,31.979566297008596
5497,26.685827883082005
5498,28.51986805433137
5499,32.991003990828666
5500,32.987798462139686
5501,42.18957797169919
5629,15.36592708934467
5630,21.048933637281237
5631,19.173590254866774
5632,24.642000231917468
5633,34.902907245224206
5634,32.97748186581981
5635,44.913507113048304
5636,39.282910162296666
5637,38.081677579149044
5638,49.32661277341834
5639,43.07399070672734
5640,43.18843441047447
5641,48.9152601025615
5642,41.25230313259348
5643,53.67716012123145
5644,46.366460285339826
5645,13.818859349416751
5646,20.037406679433236
5647,16.768136231395363
5648,24.434735092324118
5649,26.579750156048085
5650,35.587102262446166
5651,32.87733030388887
5652,26.521251675625766
5653,33.690157164563956
5666,40.19626034437929
5667,44.7938754729257
5668,31.6485608564075
5669,39.85793949061847
5670,35.04246083349688
5671,37.10403708368382
5672,50.36215647110672
5673,52.73298316303183
5674,47.74048114186153
5675,45.887474819593635
5676,60.786672952600355
5677,65.65203349677378
5732,23.45215278897869
5733,36.21114230534048
5734,32.03031175360503
5735,31.207893369419615
5736,36.112763968075804
5737,36.20445690910255
5738,38.87436081266721
5739,57.74698479195114
5740,47.61464602434633
5741,38.73060733742841
5742,39.35929548471311
5743,47.17647443195832
5863,44.058536318097495
5864,41.077233310084125
5865,64.57045442744607
5866,60.833944718984434
5867,72.02565882614675
5868,68.08750165083237
5869,75.16541848974776
5870,57.14934741866179
5871,53.05061588162241
5872,57.77576299031351
5873,66.99235706982932
5874,56.54867008566154
5907,31.187398245802612
5908,31.648730980858033
5909,38.745669688739156
5910,69.82333069209562
5911,37.064267906825194
5912,37.099259039385004
5913,36.5049937307808
5914,51.177170699382096
5915,60.19878292363151
5916,58.23019987126385
5917,75.00632496696932
5918,70.29375542143666
5940,33.29445132422967
5941,30.931323444705548
5942,32.70000084628381
5943,29.591752781047134
5944,19.08332066872888
5945,24.391258540182566
5946,28.360344456436465
5947,34.90078664278176
5948,32.328479727555596
5949,34.29974425816349
5950,40.12069833909996
5951,34.33076818464651
5952,39.58201067292999
5953,38.57504335047312
5954,42.94045692372405
5955,66.87148556980912
5980,31.783140279054457
5981,34.21611976819782
5982,16.22004107705279
5983,37.06152129265937
5984,50.619106491107324
5985,35.87151292669484
5986,23.382195091642558
5987,30.216020507244426
5988,37.263107197209024
5989,49.04427624763272
5990,37.847337564134044
5991,36.20743464142845
5992,43.73253161074189
5993,43.0893796295941
5994,42.96558876462251
5995,53.02068619004552
5996,59.11110784015153
6001,32.664948991872535
6002,24.93386450810175
6003,23.744462107680555
6004,47.47441956640065
6005,46.645294405917404
6006,39.999455224398716
6007,68.21740950448759
6008,75.24012904427144
6021,26.29074543105206
6022,32.04381554890171
6023,44.8907650434677
6024,45.73836678156858
6025,51.65345938639577
6026,59.86297856231273
6027,47.163536854405905
6028,47.8674831763773
6029,57.53972655351849
6030,68.74368997606953
6031,50.01751369492353
6032,72.45344085313926
6122,38.01243838219207
6123,28.043204287346654
6124,45.8609085279633
6125,35.2063435455855
6261,27.456397624333196
6262,34.3187346670073
6263,48.25705467810662
6264,51.49437624541574
6265,36.75041582363198
6266,42.152962587271766
6267,39.75395444671514
6268,55.748891915110704
6269,42.710366040286836
6270,45.25302609304873
6271,42.37782433207997
6272,41.51424117346852
6313,34.507006958676236
6314,45.63722039025561
6315,50.8552555119807
6316,38.88304266967191
6317,48.7375656150639
6318,38.67425923385391
6319,44.64238046205106
6320,47.97404569687039
6321,16.94791265207089
6322,18.39596418298316
6323,24.615462158134417
6324,26.06351368904668
6325,26.332234725221415
6326,27.19062100876491
6327,28.156305577751343
6328,42.2019238742936
6329,41.61320927205961
6330,44.148306421582454
6331,40.30135895389868
6332,30.339606779229157
6348,15.763016703112203
6349,18.980063976130765
6350,17.157894413870384
6351,22.35853399988113
6352,21.34062625587539
6353,24.504499708739868
6354,21.34252754614493
6355,36.35287976653885
6356,35.442270307976045
6357,39.94594636117508
6388,30.92228529881713
6389,33.44236903902399
6390,23.579482584486733
6391,27.63025415062004
6392,37.44874046909596
6393,30.29561251576633
6394,28.41074224792236
6395,44.10310363548156
6396,32.70286792301388
6397,33.66538189644119
6398,52.940589842070786
6399,39.11986330826641
6462,15.88416770658943
6463,25.214365314451086
6464,32.02352853697112
6465,40.869457892637406
6486,16.78382439790418
6487,27.719693706870803
6488,27.61334606656264
6489,26.113071360631064
6490,38.33556944977817
6491,31.14843732068914
6492,36.59447779596698
6493,39.16563877247721
6494,40.26113415228528
6495,43.48913441953509
6496,45.74238729276396
6497,55.099856234565365
6538,32.317874019972926
6539,28.6578552891144
6540,32.468891072593344
6541,34.00332425713738
6558,31.75736641843679
6559,41.03248891587482
6560,33.17712947645801
6561,38.234702539203354
6562,21.40605998750311
6563,28.375695315620156
6564,23.176957019878962
6565,35.775474430643726
6566,35.577126857113974
6567,34.79733954585067
6568,36.108429307545656
6569,23.362284976572965
6570,38.973245817610554
6571,41.42232363720479
6572,46.72131593154136
6573,44.88679719218825
6574,26.64959830760514
6575,31.175946619262433
6576,38.668617074272596
6577,35.54479925138862
6578,44.375826299912234
6579,38.179759546218015
6580,30.515061975558815
6581,24.807448820456106
6582,27.592991960455926
6603,31.84225325650219
6604,35.43436920600366
6605,27.519494392707117
6606,35.44656156113081
6607,33.75664700330442
6608,29.90925151827213
6609,44.052186147129056
6610,32.748669770914624
6611,33.658243498233524
6612,44.86572387795004
6613,38.954645381338494
6614,41.11115811357281
6643,18.736728374477387
6644,23.510076108985928
6645,22.009801403054354
6646,27.370913094662125
6647,32.73202478626988
6648,27.6937585961257
6649,27.158217814045802
6650,36.539687951792
6651,28.39262341920697
6652,28.650703412068417
6653,31.36083732987742
6654,38.088817315208495
6663,29.825894518240265
6664,36.3954250935902
6665,32.98295012680946
6666,39.16666586384814
6667,36.57225147941858
6668,49.65070728297362
6669,41.38280375812503
6670,41.45536401275031
6671,40.861098704146116
6672,48.43162147383258
6673,54.627260902137394
6674,36.151423013556
6675,26.819212147981496
6676,32.556343161206925
6677,23.663153871635224
6678,33.51358933441964
6753,43.972720823167094
6754,55.54671010657742
6755,69.3729538269244
6756,48.610332089473516
6757,33.23507241490372
6758,37.32864029260442
6759,40.02747178399035
6760,42.02336113452185
6768,34.631817827179624
6769,51.57586446943813
6770,52.860995252097005
6771,62.507837008352105
6772,84.59283196673502
6773,60.98308014019037
6774,72.5648196474381
6775,44.41336848089476
6776,51.93858088000648
6777,50.03085987731185
6778,49.265830466016425
6779,50.74517167463771
6788,19.78019025477333
6789,21.710608747611417
6790,23.908797631489467
6791,23.158660278523687
6792,24.392115238550073
6793,26.05476334034821
6794,30.021947966332576
6795,29.487357829387438
6796,36.34969487206154
6797,35.682954157665186
6798,36.63779189988102
6799,41.45987623149772
6842,34.89344322358136
6843,50.01489297578345
6844,44.879860890940414
6845,43.90992038001641
6846,43.66135918463274
6895,32.91057537045983
6896,36.663938292665335
6897,29.86604373767963
6898,43.021213668291395
6899,36.07638229194781
6900,38.49744344148699
6901,55.91978424168122
6902,50.29493122774739
6903,53.45670232735029
6904,46.4776413904485
6905,69.05814645099937
6906,56.41052125279885
6907,47.49877495306095
6908,52.72263000274636
6909,50.377408968911084
6910,45.693831058116494
6956,30.769809703524878
6957,38.061339887970746
6958,40.20635495169471
6959,48.8908615566292
6960,53.54966045841515
6961,45.6351787972358
6962,38.40281221329891
6963,59.327063530152145
6972,28.035920249004636
6973,34.04082165327002
6974,13.218453298882565
6975,33.39173615172231
6976,38.2148784921146
6977,35.2727991070445
6978,32.87560762542457
6979,35.70150549149935
6980,40.17058078969642
6981,44.88812607378421
6982,56.797246982047106
6983,43.373391606619066
7052,29.85072376276778
7053,28.80070049482722
7054,34.843132400967164
7055,42.167351938048064
7084,13.877775520123404
7085,15.165354945438654
7086,16.77482922708271
7087,17.204022368854446
7088,23.907788596201087
7089,24.820299345033447
7090,28.73431015086372
7091,36.1863124409066
7092,33.39940895479455
7093,31.89913424886298
7094,36.670580693101975
7095,28.84446037171098
7096,32.061400627449046
7097,38.98897025036031
7098,46.03458646436289
7099,49.412943070259594
7100,56.52670306153545
7101,45.25127951673702
7102,43.94146446431009
7103,39.685573410987004
7104,41.22436182295053
7121,22.73958466165375
7122,31.166642315273997
7123,26.929089161068255
7124,58.646388427526674
7134,56.54415239701825
7135,31.575930654344013
7136,47.809495136038436
7137,68.05004785282173
7199,26.624450280419644
7200,25.92843739274271
7201,40.7066567637438
7202,41.348534120980545
7203,32.9149998629711
7204,30.849227802442066
7205,37.94241731134254
7206,38.70811099512052
7207,35.84614439932426
7208,39.8294550704307
7209,41.960371180072016
7210,41.25694118582445
7279,28.314024882097154
7280,17.968771465634067
7281,19.565892979641063
7282,31.145595554808892
7287,29.189565642505915
7288,26.403612801528645
7289,30.317623607358918
7290,23.548688056177067
7291,32.97577200714526
7292,23.20538168856115
7293,38.89920972193675
7294,43.475779295638674
7295,31.16068476904863
7296,43.41230510611298
7297,41.97178718602515
7298,56.67276481837022
7371,15.38276789511519
7372,18.707113453576692
7373,18.49346752782559
7374,24.016001970165146
7375,26.85798056670082
7376,27.770491315533175
7377,32.274167368732215
7378,36.080879889119544
7379,26.191831116509327
7380,30.993392191548274
7381,33.199985073034775
7382,32.610927309262344
7510,43.40897318704814
7511,46.25190242871859
7512,40.78486461533367
7513,45.84553803716238
7514,45.09488709184325
7551,11.284038087835844
7552,13.43000379669459
7553,14.395688365681025
7554,16.487529609250913
7590,27.445932417334568
7591,29.751419586655555
7592,34.41556774545161
7593,28.391485737256982
7594,41.75323107226738
7595,25.13625650563373
7596,31.482074344099715
7597,38.45223146689444
7629,30.422641089642532
7630,29.512031631079726
7631,33.59433072088614
7632,24.013519250462156
7633,37.99706142163805
7634,38.73013660054275
7639,28.948524944604255
7640,35.16802291975551
7641,46.65799951941473
7642,48.25882630915862
7643,57.92299064373088
7644,52.25349221003218
7645,62.732180428234805
7646,70.01128506773128
7647,61.18001948810254
7648,20.006770084216893
7649,24.081252995644185
7650,17.16669277795077
7651,20.9734052983381
7652,25.10201267505424
7653,24.99566503474608
7654,25.21121225076674
7655,42.634349925924575
7656,23.36523281325946
7657,35.09081188976772
7658,39.098634561864024
7659,37.71942273350421
7690,17.920876911147214
7691,23.603883459083793
7692,20.54920958193179
7693,25.12111885438752
7694,19.42805708040333
7695,30.22025334928424
7696,15.231442157006779
7697,38.187520917451614
7698,25.680718618952515
7699,32.237105722070595
7700,49.46561768375418
7701,46.5639523566611
7734,15.295729757271388
7735,20.549543163436212
7736,25.964779320332823
7737,28.932585822160796
7738,32.39610305837429
7739,29.795619626026458
7740,28.88765481598886
7749,14.900344004600889
7750,20.154157410765713
7751,16.402520000802017
7752,23.85452229084488
7753,23.051211117725018
7754,23.96372186655737
7783,23.493588172698068
7784,27.30030069308541
7785,37.48603264908625
7786,22.15696372364183
7787,32.9291505792786
7788,17.32069533800863
7789,23.48606884787103
7790,24.559051702300405
7791,20.325047330410868
7810,34.77970535678806
7811,50.360739026542305
7812,37.24965524020206
7813,42.32344506219132
7814,43.369462179509824
7815,43.293756114429236
7816,41.2025556971396
7817,68.06794381991776
7818,57.020999944781124
7842,26.914370251092695
7843,36.31962721954261
7844,37.354037266160695
7845,38.64771114944695
7878,31.643660930965204
7879,29.888819858193017
7880,41.37810383881441
7881,30.783094461071187
7882,39.54824414411653
7883,33.66075448053912
7884,20.830724394419164
7885,43.40854520947572
7886,40.56277884738894
7887,35.627227946719685
7888,43.81311012317531
7889,44.07426542969335
7895,31.27680307419253
7896,36.90663580197503
7897,23.045438784817502
7898,27.068280831260754
7899,34.72857598204329
7912,16.768552762463926
7913,23.470417699541013
7914,28.831529391148777
7915,29.31484699820938
7916,30.818978830521097
7917,32.50961718035824
7918,36.777182923506324
7919,36.39127000865467
7920,38.13210041199736
7921,40.09722244171219
7922,46.271537754768495
7923,44.43655122145376
7957,33.645113316298215
7958,32.84916822945283
7959,28.747141976753017
7960,32.146410407035575
7961,33.45931068028159
7962,39.58479700676755
7963,42.82747661135297
7964,42.932408513091474
7965,44.70243611410095
7966,56.458341447548314
7967,96.11600994097412
7968,49.30197339411652
7969,47.67339075087136
7970,64.50329989962015
7971,47.65057891125749
7972,47.73888772259379
7973,23.887207325865795
7974,30.766581139038912
7975,22.207658770764798
7976,27.878732300479722
7983,21.65809109326305
7984,19.944170461580384
7985,26.64603539865747
7986,25.89684869082646
8027,43.54566294324358
8028,49.81833473854893
8029,34.613475694543794
8030,47.84329308971227
8031,35.339257018401625
8032,36.589441165343345
8033,37.225663847691145
8034,40.51428953560661
8035,38.48985936054311
8036,39.91039180743545
8037,44.19262762414238
8038,48.583524220494766
8101,27.918302444532962
8102,35.58551883567531
8103,30.18722734754585
8104,31.04394619594381
8105,19.73177112185825
8106,20.697455690844684
8107,21.07347501246235
8108,23.325788361629257
8126,41.59393452351847
8127,35.740878038414195
8128,63.57216000581659
8129,39.94196408757069
8139,35.83691261727934
8140,37.52404407315953
8141,40.27940547630114
8142,19.739346149616008
8143,42.11402962654692
8144,35.47446272198474
8145,36.82580500614353
8146,24.240966075461667
8147,19.363171990914516
8148,27.458963993615015
8149,23.60002829820837
8150,21.438968472672208
8151,24.173648783764953
8152,23.96000285801386
8153,27.87401366384412
8154,27.178000776167192
8162,43.01142048839526
8163,47.99746350352013
8164,31.56320503584105
8165,34.04750434422253
8166,44.67114610649642
8167,47.26593430976997
8168,41.04141894409688
8169,41.61568035050942
8170,62.25047643337093
8171,46.27333995321315
8172,42.97382673340342
8173,66.11443622932111
8203,23.05963515630148
8204,25.044178114428426
8205,31.20955162429083
8206,35.15225367029614
8207,36.194019434598225
8208,36.736204162100684
8209,40.60871153272396
8210,38.00786702771643
8211,56.69091655226334
8212,64.93739030918582
8213,51.56624207321924
8214,51.296841718071185
8215,18.3948167311073
8216,19.950166547462512
8217,27.135349091600204
8218,30.35239636461877
8219,36.893789196098844
8220,35.39351449016727
8221,39.46799740159456
8222,35.394465135302056
8223,40.38050815042692
8224,48.10028083150975
8225,51.317328104528315
8226,42.258703468245706
8305,21.558258929879397
8306,28.420595972553514
8307,28.206950046802405
8308,31.641867047756925
8309,23.476092313861272
8310,37.01152753416178
8343,23.839204724019275
8344,23.09001801618826
8345,22.12623473747138
8346,20.894681067714533
8468,26.5655354783464
8469,34.98005468825373
8470,22.432222985318845
8471,31.91675777712514
8472,27.235077772578613
8473,26.643553968355597
8474,39.29379449457374
8475,32.34767937449543
8476,27.930694325303026
8477,44.90984888466733
8478,44.30808612396116
8479,39.19589578700007
8480,67.1247973245909
8481,41.944734066774245
8482,44.508655626837744
8483,53.39681832748877
8536,26.67994710929768
8537,28.834232301828354
8538,36.137391898363205
8539,38.58950182288791
8540,21.730146887609806
8541,25.429561122554208
8542,24.03658470206558
8543,20.552717683141825
8544,23.44787009983158
8545,40.49498845337176
8546,11.884030587315959
8547,27.49534906155056
8548,24.8683648496337
8549,30.24800592431544
8550,37.722694351920396
8551,35.407173333488686
8564,25.44836160874788
8565,30.327106338429815
8566,29.63109345075289
8567,36.98189425667476
8568,57.81684893871945
8569,40.7639489198549
8570,49.863035019158424
8571,61.463440427342334
8572,63.046666393528334
8573,52.34379957062014
8574,57.791749037613165
8575,48.3415063041172
8604,22.216032325517368
8605,29.24074276405805
8606,27.29697435219541
8607,28.2454504025469
8624,24.237484617658737
8625,25.792834434013937
8626,29.009881707032513
8627,26.009332295169358
8677,25.74846416532609
8678,38.13238500520497
8679,35.836946391141
8680,29.9908416070229
8681,32.08741736204705
8682,32.17177530657949
8683,41.66360969801538
8684,36.708096930567976
8685,26.349287660627642
8686,30.19158915399637
8687,43.870570923178754
8688,38.70541298483797
8732,50.676024112287195
8733,57.27059076392135
8734,43.18530020730459
8735,49.4006179429701
8768,33.72130673425363
8769,36.02679390357462
8770,39.618909853076076
8771,35.10335534564984
8772,40.8033674486919
8773,43.55670660752663
8774,42.57224381532505
8775,33.191668091288584
8776,24.990479093414685
8777,29.761925537653692
8778,25.49800868249581
8840,27.249861770465273
8841,26.82642861118186
8842,31.904956624293973
8843,34.51776491052149
8844,34.81017227485821
8845,43.26162803387239
8846,41.573924298000414
8847,45.13262446787289
8848,41.29300024635061
8849,46.43102484573067
8850,50.419343674438124
8851,44.89915983081146
8852,32.74416410756916
8853,40.73265782482672
8854,52.9028346668997
8855,52.105608694464735
8868,35.079393267645194
8869,46.22596796929079
8870,37.63724586907541
8871,38.9344826843641
8872,41.9256034884477
8873,40.13963678177328
8874,61.851277397915645
8875,55.55800003846685
8876,52.81600662570908
8877,44.14671904425862
8878,68.9612085587564
8879,46.91780572237219
8898,44.3699045303607
8899,22.92830969933397
8900,23.41162730639457
8901,34.47301969948795
8902,31.298154481244865
8903,30.573569683243555
8904,33.65598737716088
8905,34.222922015253346
8906,29.608982284540833
8907,49.83670993115374
8908,43.73783163839512
8965,34.0530017185688
8966,30.51596087949097
8967,31.696446026169284
8968,33.34158234611561
9070,26.752917521654155
9071,33.798641717416224
9072,29.650066188762732
9073,34.93737235545825
9074,26.701755048285232
9087,25.806241797363445
9088,36.20810527310921
9089,43.33019100262374
9090,14.469293334988208
9091,24.8167734174103
9092,31.571812174641472
9093,31.358166248890377
9094,13.885276739355202
9095,18.674776461460127
9096,32.00795943466328
9097,29.650674836728932
9155,28.749813346968278
9156,21.942551414717794
9157,28.504212641741812
9158,29.288504406700895
9159,42.21149249012185
9160,40.929137293024205
9161,35.87894107187448
9162,44.06780035588972
9163,42.19958040167693
9164,44.25844631007651
9165,36.175916623104875
9166,48.026554450904946
9167,30.53867465835178
9168,32.11744135879151
9169,34.810137072309566
9170,30.57009463602784
9171,55.97186214857379
9172,44.34538856931323
9173,58.481656606239596
9195,23.849664743632058
9196,21.706550970177634
9197,28.78348458373763
9198,29.85741808330177
9282,47.45468603960542
9283,39.25349704173154
9284,48.09126854886391
9285,54.33782681799291
9286,51.78202056694582
9287,54.93752872995055
9288,55.17826139700301
9313,21.660667837316566
9314,27.93333963262191
9315,29.00632248705128
9316,27.082374526718233
9359,35.49882418752437
9360,48.097341598289134
9361,54.50926833259881
9362,36.26990866189628
9363,26.432633672597944
9364,34.04605871337261
9365,43.934258160272215
9366,66.00187544292672
9367,71.58782085209486
9368,31.788185719801817
9369,32.80704410894233
9370,42.889968201968934
9371,27.761564763031952
9372,56.820922641878646
9373,41.63563136563351
9374,50.111394316353355
9375,40.3282870632391
9376,28.07094881572514
9377,45.34707760655299
9378,67.13557215397844
9379,40.339914731363955
9380,31.50227619575974
9381,34.96180392484237
9382,32.55204310320571
9383,37.695084823611
9384,33.455824292881175
9385,33.4799798597022
9386,33.60060429361303
9387,30.65190648928671
9388,37.267171418598025
9389,33.279584564207035
9390,48.634122277312436
9391,43.7930325356994
9392,32.295984047634335
9393,21.95073063117125
9394,27.433913808070262
9395,27.64518212898038
9396,40.24218220484018
9397,30.031326730675335
9398,37.2790075674191
9399,48.54604488139567
9400,46.526473009963986
9401,42.39254957025098
9402,42.648091387667215
9403,32.30252940371145
9502,30.47248432734942
9503,22.485891900361402
9504,27.616870781945295
9505,29.212594849725463
9506,30.628640258892993
9507,37.541318097936184
9508,35.75629716722253
9509,17.278271362671994
9510,32.51605314821619
9511,28.015947129093135
9512,25.38744795303334
9513,24.05460080516207
9514,23.964112889223898
9515,24.72467882721393
9516,21.201970605791463
9517,31.949205888701435
9518,33.23301079865451
9519,27.692322037717428
9520,31.468304652601546
9521,27.247084353542196
9522,34.541164940575804
9543,38.938558825962005
9544,37.66794591436852
9545,36.760686753433355
9546,33.6970263952532
9547,40.413635895632396
9548,30.045082027004348
9549,39.34918178329664
9550,38.336959903005145
9551,49.4198380328614
9552,56.883962676003556
9553,40.91698933602813
9554,37.14553999620835
9724,32.36880986496376
9725,28.402575884114185
9726,37.623573916263354
9727,31.66338226446348
9728,28.080542750108773
9729,28.50568722526244
9730,34.170188273632014
9731,33.36208601284184
9732,35.69888370402836
9733,37.23875537316602
9734,39.625078491887564
9735,42.30071201425486
9778,30.50469071532745
9779,31.3763800006683
9780,35.668258906706
9781,36.40691191394499
9826,32.91883185213999
9827,37.25661871586717
9828,29.454714687223916
9829,35.55929222099672
9830,37.66011318165166
9831,37.05836147824242
9832,38.4352922317372
9833,42.109930443986364
9834,39.67678138679714
9835,40.874952995399184
9836,48.83228405157131
9837,44.374876849896594
9850,22.404292726323632
9851,33.684287322350656
9852,39.649903352379965
9853,40.504618652537225
9854,41.148373629249434
9855,40.677307687539695
9856,43.974655840546255
9857,44.38959810580195
9858,47.45055404915117
9859,25.48486648262478
9860,29.479212874855744
9861,34.74695185881001
9862,34.925980757933964
9863,33.34830205713068
9945,28.302323807068426
9946,63.36894517185038
9947,33.81885882574121
9948,43.046452042289424
9949,34.224415350498546
9950,48.675768508810926
9951,81.9293318694991
9952,47.2212347479009
9953,45.38893946524283
9954,44.78116536489418
9955,49.71789376174079
10058,19.980700282705037
10059,34.883754217656005
10060,31.61448376961814
10061,30.596576025612386
10062,35.74553620982532
10063,32.871242778324884
10064,31.856298028100014
10065,37.39761632166739
10066,51.67674298918356
10067,43.26942740691931
10068,43.673103088372606
10069,52.06123804508692
10070,38.491105531637714
10071,35.61379681740694
10072,42.46761756235142
10073,52.42828802597136
10074,46.65515582215819
10145,27.142905434606035
10146,20.591049286023793
10147,34.289254138663566
10148,31.91644635520033
10149,42.13460140345069
10186,40.6774370264332
10187,29.79569218275543
10188,44.10908087033764
10189,44.986916790470374
10190,33.09402884171069
10191,37.20579845329511
10192,59.36877096429121
10193,55.65367173303515
10194,39.9136031596679
10206,33.355653485481476
10207,30.23945532654913
10208,30.465549092194898
10209,34.62271595833027
10210,31.46552819702864
10211,35.30020544449656
10212,33.80181639173527
10213,36.39368962691557
10214,60.20086052127281
10215,46.91971862852118
10239,34.668623532703926
10240,36.974110702024916
10241,33.83741464140486
10242,33.816429855445655
10271,27.182760650792037
10272,22.14449446064786
10273,29.381900179804862
10274,33.778277947560966
10275,27.45338297723632
10276,37.82554256565955
10277,39.12879440829192
10278,27.081849819257968
10279,47.26438441556985
10280,45.903478053398395
10281,45.80562761888584
10282,52.7555488986686
10283,19.15323616050037
10284,24.408000211799976
10285,32.23507117832574
10286,29.98785844186407
10310,41.293301335117754
10311,40.070251399342865
10312,34.58578139585028
10313,25.710934172280076
10314,37.56470529231332
10315,56.57036702108528
10316,41.762049246333184
10317,37.79323277522045
10318,47.317631643424534
10319,57.80960016720195
10320,48.79184312727741
10321,45.379247883965895
10322,24.88556074528418
10323,31.753381937799816
10324,44.92776828506616
10325,36.180325111412365
10326,37.10958201444519
10327,31.559610653321435
10328,29.469670700021094
10329,35.32388093254124
10330,31.89552484668208
10331,40.04654419928926
10332,30.92725759608541
10333,32.98033174012375
10334,55.40414066204934
10335,33.59790644907029
10413,29.182487946542956
10414,43.44270281397109
10415,35.893399600869
10416,40.164231684912444
10477,31.015693848046972
10478,32.78564023528805
10479,31.50109882445161
10480,36.76271420132476
10481,53.32062967882766
10545,22.585835836925437
10546,20.76506014980459
10547,30.750957952815597
10548,30.301973934868705
10549,32.44035848040455
10550,44.61787218702917
10551,34.8924307887258
10552,65.39352181777792
10553,40.99954805686566
10554,32.74340424087031
10555,41.14587598348413
10556,50.16289495660077
10634,38.35307160874025
10635,30.141220211312973
10636,39.668366472265774
10637,48.47861832667289
10638,39.93039643099473
10639,39.063534078166725
10640,63.57162964541782
10641,61.35798832741448
10677,27.131400823091223
10678,23.379763413127513
10679,23.869695858937682
10680,26.52319080194483
10681,27.513748328468147
10682,36.34272666422552
10683,19.456982326326308
10684,38.26433858372248
10685,32.355656669898906
10686,41.1980401886233
10687,32.93549826967501
10688,46.351983404827
10689,35.53978163791977
10690,37.164408978162584
10691,67.48970737774093
10692,40.317092957184556
10699,25.073610329180443
10700,30.584296937870086
10701,36.766893296322905
10702,34.64624945384891
10703,36.500851820363195
10704,37.63592872923086
10705,39.86851949883166
10706,47.66173569435868
10707,45.90848302223291
10708,40.296441256650894
10709,47.721562464917575
10710,44.08226404700393
10772,30.81545528564537
10773,33.981755579685135
10774,34.1763192879582
10775,39.87585028487709
10776,41.525902224047044
10777,42.44538593895454
10778,36.5935869526886
10779,45.00047491201217
10780,58.44551688204353
10781,68.20684837424616
10782,43.979121316961084
10783,52.053569275497004
10793,18.19538831325643
10794,23.12825750822722
10795,30.794856369155973
10796,34.762991640275104
10797,30.938049365670196
10824,45.41574116058322
10825,38.96092309802955
10826,31.126271076902015
10827,31.112482391422517
10828,36.31953281939332
10829,50.17136786160485
10830,61.25597131120621
10883,17.606102578777435
10884,22.592145593902302
10885,24.09432159010342
10886,30.259695099965832
10934,29.764207802378134
10935,28.371231381889498
10936,25.10196093385163
10937,20.32188869179252
10938,30.570869465238253
10939,32.3265911216286
10940,33.641357795075045
10941,32.17874177407374
10942,39.35003634760423
10943,34.42132173048497
10944,21.82828015689301
10945,40.0067817278275
11128,28.185505429148634
11129,17.351723595769982
11130,37.47368985696809
11131,33.56844391741249
11132,45.824751342732846
11133,38.15781626212097
11134,38.53613215638622
11135,62.29599505237628
11136,42.32834207332344
11137,55.273335090949026
11138,42.11758335134362
11139,43.22566577454555
11189,26.67907849728918
11190,34.9848339136883
11191,31.376030615841977
11192,38.8389237637342
11193,38.814034061642474
11194,37.58249946510587
11195,41.83748754347055
11196,38.72140814724479
11197,40.31326321244317
11198,45.63445631968329
11199,41.02441178227995
11200,54.64648522621403
11236,18.76237645753484
11237,19.03204813884435
11238,28.092574065396505
11239,29.1123830996718
11240,30.614559095872927
11261,20.10735400199768
11262,19.465465579609603
11263,25.41719316372091
11264,28.06930370369195
11361,47.45549019407986
11362,43.70021895496159
11363,61.94876490174865
11364,35.92036708122916
11412,15.452491767531438
11413,23.869227981425976
11414,24.24524730304364
11415,23.33463784448083
11416,32.82340626766997
11417,32.31020016189046
11418,22.773517494256396
11419,26.69776024717828
11420,39.200254727089266
11421,37.631020618777725
11422,46.50616163897422
11423,45.05470691865807
11424,16.90967834741779
11425,21.360180580462742
11426,23.291549718435615
11427,30.475781617438535
11428,26.02451323923079
11429,37.21555628719004
11430,43.60161244148975
11431,40.00288471813503
11432,38.93033113062798
11466,20.83557846503849
11467,23.24836391980242
11468,28.82502282743083
11469,27.11015155061338
11470,29.776660128816864
11471,27.24464196053869
11472,29.403193886951442
11473,38.141498964112074
11474,33.42712930761862
11475,36.703384692906496
11476,41.869966470234075
11494,31.36682411238671
11495,33.71002659739059
11496,35.6789955566514
11497,31.320355503835373
11539,30.854214168726713
11540,24.97364102751082
11541,37.90496519455385
11542,27.839036847193924
11543,31.980349789549123
11641,16.374034705364057
11642,18.411751483645084
11643,17.60844031052522
11644,21.897519792838388
11645,24.257131427448225
11646,25.812481243803436
11647,25.813431888938204
11648,26.18945121055588
11649,29.084603627245635
11650,32.35672601068784
11651,42.27468757564872
11652,39.595082374979604
11757,36.67654787132142
11758,16.4674573551863
11759,39.94771960962884
11760,28.423135698428222
11761,33.92044392145475
11762,53.45132913708738
11763,44.434593079581546
11814,36.84520895703029
11815,31.87518985947829
11816,32.300061112966524
11817,38.093224084316795
11818,42.238222310700905
11819,41.184341162395185
11820,21.546462488115218
11821,33.47150777513824
11822,40.28676186065701
11823,41.83588684227269
11833,16.10997440966106
11834,16.539167551432808
11835,17.987219082345074
11836,19.542568898700267
11837,22.277249209793013
11838,21.95630499859897
11839,29.515605574084784
11840,30.26669357218535
11841,31.822043388540557
11842,33.53881595562755
11843,40.40115299830166
11844,44.10587833323481
11995,13.97727410200265
11996,14.996132491143157
11997,16.229587451169557
11998,17.463042411195943
12009,34.0345029830866
12010,28.78164022205654
12011,51.76497716387191
12012,42.780639506766505
12013,67.22686218662415
12014,53.272434072142566
12015,37.27428655799084
12016,38.48821475673926
12017,53.05281726401576
12018,40.2596900047827
12019,65.78004585557724
12020,58.44492976749555
12032,40.34303952050431
12033,45.16861043003217
12034,43.3189966550537
12035,38.27593207627159
12036,46.45053810842008
12047,29.22006235956964
12048,31.90156885050829
12049,24.423099781211146
12050,38.97396276023993
12051,39.9972618625852
12106,50.36576483241926
12107,50.902256259633944
12108,41.178764004325025
12109,44.51116140343256
12110,81.34585410328614
12111,47.79014177712547
12112,51.495333698518714
12113,61.248615773251736
12114,79.67067061381886
12115,62.13045927494165
12116,30.84029260172067
12117,37.005666111583075
12118,48.707084753056016
12119,34.937925894843374
12120,43.327612746304204
12121,50.11266777272573
12122,35.356121387174234
12123,36.265865132287665
12124,37.8212396738776
12125,59.94704270804874
12126,60.187482709152874
12127,40.32704449136566
12132,53.373509523243015
12133,37.01331575354205
12134,39.32541545096168
12135,46.87154220609948
12186,29.264389384079635
12187,18.35062688089915
12188,37.84813689118405
12189,29.89887817058775
12190,35.96335052541117
12191,41.52668078332918
12192,35.3346601532347
12193,37.26241275696285
12194,44.48727583811168
12195,38.94547376222036
12196,44.10639136226494
12197,46.45044819898218
12210,36.06956835852511
12211,25.778439407350874
12212,16.061470650886246
12213,30.270849799425825
12233,20.1192025697886
12234,22.264217633512576
12235,24.301934411793603
12236,31.164271454467702
12237,32.911957654085086
12238,39.948791153991316
12239,34.09262156322496
12240,35.82256665956515
12241,37.58624022276509
12242,37.434481782674595
12243,39.15087874659689
12244,42.001354548928155
12245,56.51426132102281
12246,56.8143212176204
12247,53.24798922976459
12248,54.4438181194276
12249,59.121177929587205
12250,59.76613932464948
12251,70.21732966465507
12252,61.41295399713905
12253,62.59796947506771
12254,60.50093118303196
12255,64.28056333305463
12256,69.40158014001247
12269,36.253007800040244
12270,47.22475061513496
12271,43.89034250529351
12272,43.978319935998556
12273,45.262233892150164
12274,42.01074821961126
12275,47.05221993129026
12276,45.70314624591058
12277,54.495291213211445
12278,61.21279960115209
12279,54.682348411824265
12280,71.09035938024584
12307,20.42056062560233
12308,21.011176518105874
12309,22.084159372535247
12310,29.115005263525713
12311,29.124242177423923
12312,34.52390810855218
12313,32.53202370220493
12314,57.30765674539945
12315,44.06607143214127
12316,42.37718548031403
12317,37.972917681892234
12318,49.19367294801337
12363,24.30844097551155
12364,22.754992449425895
12365,29.56415567194593
12366,16.30036990162335
12367,30.965491020553564
12391,35.63532086279945
12392,40.78700522250096
12393,36.386437098654035
12394,37.024258281885956
12395,41.20419777261153
12396,39.92331506415629
12397,44.85492321210579
12425,31.630355797745814
12426,47.09229079268695
12427,39.00952487327909
12428,44.51340662343476
12429,52.82926339770733
12430,46.73604449440856
12431,53.68344571765171
12432,46.306295607438045
12441,22.86919672188623
12442,33.37682353421588
12443,30.120031693359117
12444,22.086422293375257
12445,35.50499258323714
12446,24.44421189576574
12447,33.34886577795633
12448,36.621268086312554
12449,36.075038136688164
12450,47.59228229801013
12451,43.52475490282202
12452,69.99229150473184
12514,18.721705286980843
12515,20.920844815993668
12516,21.189565852168393
12517,24.299314839744024
12518,22.58444356292658
12519,43.883790454919115
12520,36.80875813162868
12521,32.162381229108014
12522,46.662468147071145
12523,51.8752382567509
12524,70.34972874749613
12525,41.56749594458779
12526,56.677509885148325
12527,45.31927102649538
12528,46.47139395284884
12667,32.83281796955999
12668,32.65673829487494
12669,36.58244152564761
12670,34.333116897901306
12671,45.49483835468914
12672,53.22936868137327
12673,39.906964450699455
12674,67.01234010933393
12675,60.76659268315709
12676,53.81027253655882
12677,49.58862794295946
12678,47.371763812759625
12711,36.78050147372475
12712,26.821753657314712
12713,36.231962401148984
12714,40.040096077427435
12715,41.00831294410433
12716,40.09128506766032
12717,33.176724849966895
12718,39.556694930715175
12719,32.88245638191095
12720,34.678392624132805
12721,33.725168023245566
12722,59.513571662286765
12723,49.13453366864798
12724,41.289391597028
12725,49.184134507755786
12726,45.1865086992065
12727,41.773401523594686
12733,22.30901543047211
12734,24.132135637867265
12735,30.404807433172614
12736,28.904532727241037
12737,36.67842987361273
12738,34.10612295838655
12739,30.408258706093434
12740,46.62045960566916
12741,40.87729735686891
12754,32.69026827981433
12755,31.404590144768633
12756,28.692021878877917
12757,21.697310586395528
12777,14.097277653604015
12778,20.639621130218856
12779,22.141797126419984
12780,21.231187667857178
12781,29.969818738080527
12782,25.413919509862183
12783,32.54402694357624
12784,28.04225218064675
12785,36.79604718380958
12786,35.880743855119086
12800,37.02810938975355
12801,30.679274333638908
12802,35.36396393438027
12803,37.6707087420937
12804,40.76186119587344
12805,36.89074523186931
12806,41.31819244901129
12807,60.15360982815809
12808,43.111919573190896
12809,59.184634396017316
12826,26.1361900925855
12827,19.436226445777955
12828,20.294612729321457
12829,29.730207332356514
12853,17.428096483425385
12854,23.59442063842256
12855,35.120905839892735
12856,35.76564619768513
12857,36.1416655193028
12858,51.38749308933526
12859,51.67551062769994
12860,40.5078345387019
12861,41.37113628971389
12862,49.123690702029315
12863,45.557982896702185
12864,41.071813832161894
12865,66.04427634701517
12866,68.70295852405638
12867,51.37068164453195
12868,56.954295950182406
12875,25.015110689542354
12876,27.10695193311224
12877,21.21788913099609
12878,32.89274846183391
12879,44.85151750098477
12880,35.66648156678306
12881,43.49561985027245
12882,40.88651985959484
12883,38.24087503739609
12884,69.1785422128107
12916,20.25117581131115
12917,31.482254554186227
12918,30.496252119431844
12919,35.331050398483136
12920,41.07732689338353
12933,20.100951759818678
12934,19.19034230125587
12935,20.156026870242304
12936,27.93087466174877
12937,37.52694137038084
12938,32.936495825483085
12939,32.27485861246357
12940,36.96335992702259
12941,39.98639479111221
12942,36.3448393125188
12943,33.32836836726901
13020,28.974974765767687
13021,29.107592472139153
13022,30.622483335506736
13023,37.087774502022164
13024,43.519140222457565
13025,68.74176295218936
13026,39.16311432085632
13027,39.92850118477455
13028,54.321757752434586
13029,60.20355271082299
13030,54.034989975578156
13031,47.82510283571457
13032,78.89352677421638
13033,61.02998348616983
13034,42.185215092732086
13039,17.7570601225106
13040,26.388392907291017
13041,33.03613337907925
13042,33.734047557025725
13043,31.21491446195364
13044,31.698232069014246
13065,21.037709404503072
13066,28.222891948640772
13067,33.9600229618662
13068,27.52782970609862
13069,35.462198958067326
13070,35.24855303231623
13071,34.82871488726069
13072,36.30516108968241
13073,31.945239239620165
13074,47.355177943283664
13075,43.72127845633439
13076,58.482730915517635
13077,21.789650375150437
13078,22.327092447499894
13079,26.18792943317609
13080,37.714414634646246
13081,32.468463375847286
13134,16.47363614721711
13135,21.72840019851671
13136,30.734801659780018
13137,26.889248828393303
13162,24.394214797125834
13163,26.9142985373327
13164,22.572995880000224
13165,26.969373647756335
13166,34.7964446142821
13167,58.72655935258108
13168,34.794968323183646
13169,44.08569604259556
13170,37.76980817097553
13171,48.24073149944796
13172,67.48797530762275
13173,52.85875567951294
13195,40.27201732085646
13196,29.70622756838597
13197,31.94361834295698
13198,30.15719132416272
13199,32.49568594830707
13200,36.673468744506906
13201,36.718609097287164
13202,40.07863138372562
13203,37.80290260314747
13204,45.09784822612393
13205,42.80484558437343
13206,54.283093334818766
13219,27.381763001936363
13220,20.789097640571754
13221,28.40157203621165
13222,26.388849414676606
13223,32.29676639823136
13224,33.34658685121779
13225,52.111293915521586
13226,39.80385491977068
13227,43.60196413151966
13252,33.4924038960861
13253,20.306122528222126
13254,19.610109640545197
13255,32.47639744234992
13256,35.71338027472312
13257,30.92386657268812
13258,54.07597241878996
13259,49.320825451846666
13260,51.56120780907758
13261,39.253447974923716
13262,60.9544920834803
13263,52.76062093003341
13294,36.80113988620427
13295,35.341856332394876
13296,50.741944595970416
13297,42.690214796771315
13298,43.7766389332806
13299,54.954481571929634
13300,38.833757123553575
13301,43.353786880280694
13302,45.27055255749002
13303,52.210760117496406
13304,49.39592055121162
13305,66.366016157204
13332,46.20725178129407
13333,33.47116123581665
13334,44.854923302578214
13335,58.93198504700064
13336,36.3624997196693
13337,39.29240128824952
13338,53.96772086373446
13339,52.89108859320444
13340,45.004612051117206
13341,45.843469251091165
13342,66.54302322857345
13343,45.756301212851334
13344,14.82490961242501
13345,16.27296114333728
13346,18.41797620706124
13347,22.921652260260284
13348,29.838113768223252
13349,32.57279407931598
13507,16.885037838083573
13508,22.032503603940235
13509,13.163875756269572
13510,31.527165443729032
13564,50.61656864012849
13565,38.39502119611616
13566,33.474946292367505
13567,49.65695911168085
13568,34.79787767983494
13569,51.532029025393754
13570,37.82244293079329
13571,48.959800293680345
13572,75.1534757741355
13573,42.801704743654106
13574,61.48327098252176
13575,52.665628346398556
13674,21.70841670383352
13675,19.136109788607357
13676,25.730676440241496
13677,26.10669576185917
13720,22.144598782186808
13721,17.320929162928508
13722,26.05956023315186
13723,21.610959290376442
13724,16.771307025280272
13725,27.654002514092813
13726,27.92272355026755
13727,35.67614973634054
13728,54.912480662637726
13729,31.765254881381907
13730,34.76770558351459
13731,39.53557179082571
13732,58.75527982412132
13750,23.166130293057222
13751,33.78701287333767
13752,26.592851813525098
13753,27.70548994927859
13754,44.70564757448594
13755,32.22601571265586
13756,33.459931285154624
13757,33.16393811931646
13758,54.53174977423407
13759,47.90004183961164
13760,37.36049981121037
13761,40.466510925455054
13867,26.052005351711163
13868,20.07967633920791
13869,30.642783252373903
13870,32.27484789990016
13871,34.41305940830879
13872,37.05331026930143
13873,40.418662256019196
13874,33.84584467272517
13875,62.00424106844712
13876,41.44545337109168
13877,68.9711511270219
13878,46.834265693596656
13896,37.9604401188861
13897,32.22004878808541
13898,41.53283356297641
13899,37.16325354284949
13918,24.231742267106164
13919,32.648478481000694
13920,50.76236800253056
13921,35.921556733464215
13922,51.874403517532095
13923,42.57554358457593
13924,41.384924541560295
13925,36.39004602456982
13926,45.1378962459025
13927,43.828017143534424
13928,51.00673748182199
13929,57.9220138853538
13946,20.506731690306935
13947,32.676055959299944
13948,25.171830494237764
13949,29.35361169110799
13950,32.46336067868362
13951,30.067077981228227
13952,33.15405085852295
14097,24.48175822541963
14098,21.96357577548231
14099,33.43593651166362
14100,34.40162108065005
14219,29.850918168534793
14220,28.67253831893204
14221,35.7370802549105
14222,31.54528328960425
14325,33.78279956042322
14326,54.33782444758415
14327,35.51886855736592
14328,40.758487426973055
14329,45.41870187333269
14330,41.0453166386211
14331,60.53541683040111
14332,44.62871384968593
14333,37.83508083475425
14384,18.718337686354847
14385,22.04268324481636
14386,25.100209057372677
14387,26.012719806205027
14388,33.8397907727308
14389,30.303521008926317
14390,32.94439605244765
14391,37.165204221863334
14392,34.60145152833735
14393,33.92601332951399
14394,43.75849836228978
14395,31.64997235579345
14396,23.10137124149246
14397,45.69169672858782
14398,61.65540949916358
14399,59.54236706981474
14400,18.30106568716648
14401,21.089870463548074
14402,24.521514307452513
14403,25.916392018210693
14404,30.795136747892634
14405,31.975417887764934
14406,28.063308372204226
14407,31.51476250124354
14408,49.70455895264295
14409,36.36258489859231
14410,39.10519257950502
14468,24.09232635306661
14469,36.261650622059626
14470,30.996108415771268
14471,36.25759910397672
14472,35.656295417916006
14473,32.55922134827388
14474,34.91350671100991
14475,46.339631972974615
14476,42.06164528439236
14477,45.665412962548785
14478,41.025041500061484
14479,40.115990374806685
14498,16.565897244571104
14499,17.424283528114596
14500,18.38996809710104
14501,20.589107626113865
14502,24.020751470018304
14503,22.84237162041554
14504,25.737524037105295
14505,27.882539100829273
14506,34.208384716288705
14507,25.632127041931916
14508,36.461648710590374
14509,31.798451196929086
14510,20.32020015796974
14511,21.66095340343907
14512,26.59382259840985
14513,23.914217397740742
14514,21.34191048251458
14515,32.01000940044124
14516,19.433332814594205
14517,35.10251127081171
14518,25.935980414180836
14519,30.656692332345933
14520,32.7983120835723
14521,33.536361228535505
14535,19.509089281286172
14536,20.314301744675582
14537,25.62223961612927
14538,33.02106808601806
14539,35.89475290510659
14540,32.16303313971149
14541,33.03983459198597
14542,43.78409583419727
14543,43.53247576220515
14544,33.91731935878426
14545,36.98257767544606
14546,40.29562890343418
14547,14.265076003107696
14548,39.514333999656536
14549,26.596694827665964
14550,37.19411968487056
14551,35.494140884131625
14552,34.97612218863714
14553,46.706811212718186
14554,44.65467301357646
14555,41.672627131898935
14556,55.03069994995536
14557,45.63036965474308
14558,56.02171164121286
14563,59.029591835555784
14564,49.05337459757769
14565,47.48893130028664
14566,50.52840633964139
14567,56.717928014729345
14568,60.18647850951117
14591,15.596066138769466
14592,25.996394665656183
14593,34.46209214572712
14594,54.8123709192617
14602,39.16564733421512
14603,50.760246415590665
14604,39.143496740596035
14605,37.34107402805965
14639,22.804170608120515
14640,22.59052468236942
14641,20.340112623472052
14642,28.985237991403235
14663,16.29042109673471
14664,27.173116585547252
14665,32.856123133483834
14666,22.671341822617773
14667,16.800702255869478
14668,29.339870189748094
14669,44.08972986943274
14670,37.64671187840675
14671,42.29257803308656
14672,41.59595182217264
14673,41.68254946859601
14674,46.88360605075959
14675,53.72831805212678
14676,36.19978338179555
14677,40.55263679493562
14678,62.88193451902803
14679,37.991128948282096
14680,36.18848517024392
14681,41.73139893608204
14682,41.89731341949394
14694,46.9458051761994
14695,34.2723291344065
14696,34.36204154608768
14697,51.95609314043503
14794,19.98576060757439
14795,17.123452145882393
14796,36.161645609340646
14797,32.36519530186887
14831,13.919345594609561
14832,14.455837021824248
14833,19.441880036949122
14834,19.872023823855642
14835,22.447182674486125
14836,29.79188667908607
14837,35.26029665613677
14838,46.250290430392255
14839,35.66851713332269
14861,45.153521500740595
14862,37.166929073752584
14863,30.34654767448064
14864,35.05699923381965
14865,38.767251514581964
14866,33.91206683854166
14867,31.434287608910367
14868,41.355941326831164
14869,50.16539654144801
14870,39.87164597440998
14871,41.88755102442975
14872,48.44336332261263
14873,36.043723468726554
14874,37.142321160066736
14875,41.11516951675272
14876,48.750639960682705
14877,19.924201067489598
14878,21.264954312958913
14879,25.07166683334626
14880,24.911194727749233
14881,24.2151818400723
14882,32.68604251925569
14977,14.863149104463972
14978,18.77715991029424
14979,18.670812269986076
14980,19.74379512441545
14981,28.482426194638798
14982,23.711930395534576
14983,23.49828446978348
14984,30.25332322701465
14985,34.16733403284493
14986,37.49167959130643
14987,37.83715214688935
14988,33.93908574875824
15001,33.929063908819074
15002,33.33479860021487
15003,40.82980528889516
15004,40.84775967257665
15005,41.16147956369031
15006,55.634078592227134
15007,41.22235808609811
15008,65.49646358920933
15009,37.00328275816335
15010,48.88747364974342
15011,36.58000035899961
15012,23.716564492599208
15013,34.04544852743695
15014,31.40723813388776
15015,37.637308415033296
15016,57.36712671191307
15017,70.07597131845446
15018,44.11952811197407
15019,60.87399183981584
15020,68.78868078119865
15021,48.21498543858554
15022,60.147252315948734
15039,24.621561625678122
15040,34.4703677373995
15041,33.167450716027915
15042,26.27258527660926
15043,33.470845221740966
15044,39.467196781015915
15045,41.86314854329974
15120,44.34588622480758
15121,41.91104078521244
15122,48.67519757780014
15123,37.26296453329088
15136,28.458897580566774
15137,41.592955773411454
15138,27.56815991580296
15139,18.948528103766826
15140,31.25058096456813
15141,33.192887375698994
15186,18.86419804813804
15187,19.400689475352728
15188,18.00771305486409
15189,29.480073791045406
15190,29.802919292508992
15191,27.230612377282817
15192,27.181034135334347
15193,27.06523327081315
15194,32.9148285503084
15216,29.762316524464342
15217,35.6105164168218
15218,39.195398719287375
15219,43.52657822444247
15220,22.6883147570063
15221,31.60298198193211
15222,51.64253443060357
15223,30.960040733239595
15224,31.76475701658095
15225,41.69505043160812
15226,39.07675557717183
15227,33.85702343200216
15228,39.18653135140029
15229,33.932901812363674
15230,49.90637052484592
15231,39.04211772464092
15232,20.677954569025083
15233,26.477214748227915
15234,35.06018058487187
15235,31.323646040934214
15236,38.27252706709489
15237,16.31589125621336
15238,40.15548554327578
15239,41.746366290118715
15240,46.189945995635426
15241,46.95874641836883
15242,43.33655528460057
15243,56.60255206671124
15260,30.541734740108637
15261,27.548208479999904
15262,39.8592445622908
15263,29.095476966634294
15264,38.81479071339601
15265,57.117989749249816
15266,43.330882596916915
15267,64.89205430634146
15268,39.133989947149814
15269,39.57972395810436
15270,49.320546717896896
15271,41.12059054458222
15281,18.38550416337038
15282,30.447530146920457
15283,27.553328375365478
15284,26.264612338289787
15285,27.034321090491527
15286,28.328047089329377
15287,31.746345469541197
15288,41.23481910109238
15289,25.376271141278416
15290,33.66164026644332
15291,36.68457352287719
15292,37.26863149771981
15574,30.296324055243588
15575,40.96442297317026
15576,25.419480615831205
15577,26.025247063309862
15578,36.563408994051336
15579,29.307212652394732
15580,33.84024629456783
15581,37.805429296850726
15582,47.465749370739196
15583,38.85518200898796
15584,45.865098906892925
15585,42.17992866995192
15606,20.42217262392866
15607,25.035339546645286
15608,27.558093160710836
15609,34.75892274260537
15654,21.728967604940998
15655,22.481006248176335
15656,27.199278872261253
15657,24.62697195703508
15711,38.679836850730055
15712,43.16001176755025
15713,39.22025661709852
15714,36.30820514509503
15715,56.94637337320362
15716,39.744443676952265
15717,40.19468614196076
15718,40.524270604176934
15719,40.780544227764175
15720,45.88244691743212
15721,22.93321380036358
15722,31.08217962321816
15723,31.13630408850701
15724,37.30167759836941
15725,43.84469675073878
15726,59.683095839948614
15727,55.931458429984914
15728,57.1649133900113
15729,47.27504407021671
15730,53.84502881030082
15731,53.249401007494086
15732,54.35348857486772
15733,54.86114611280902
15734,94.40143799540539
15735,84.53177026444911
15736,59.89550480795593
15737,58.55073221685641
15762,29.481662380240003
15763,40.531124556006546
15764,42.44953278878304
15765,36.97574179010498
15766,42.92673736088454
15767,61.99766940245273
15768,39.68157335966693
15769,44.752899726659486
15791,33.9302583494269
15792,40.86897455407135
15793,38.05360178855326
15794,37.155083512985996
15795,50.06774279914792
15796,40.67916805632398
15797,61.33975179580424
15798,48.49673452990335
15799,53.35221814951608
15800,59.0184450480696
15801,63.255833495449714
15802,68.34436594267297
15815,26.45589290513642
15816,26.34954526482825
15817,21.52587564556995
15818,24.141845160592364
15819,33.51344089810229
15820,36.51506750597127
15821,31.794053795254037
15822,33.490531598401496
15823,48.384656008840125
15824,33.61411602709841
15825,41.45846709954026
15826,40.19203235373923
15882,19.93523221934738
15883,22.616738710286043
15884,29.318603647363133
15885,32.0001101383018
15943,35.829228396061126
15944,34.95862542910474
15945,42.70119102387379
15946,38.11567232703386
15947,46.2273701584372
15948,16.03305898410492
15949,16.676848696762544
15950,18.92916204592945
15951,22.146209318948014
15952,25.470554877409516
15953,26.383065626241866
15954,28.688552795562856
15955,29.439640793663422
15956,29.922958400724024
15957,30.191679436898752
15958,36.41212805718479
15959,37.86017958809705
15960,37.99801453191279
15961,33.49334917820382
15962,26.62308401066191
15963,38.34741944141126
15964,46.421704599508296
15965,37.726275374385246
15966,39.51995450926322
15967,40.09562403417274
15968,42.743815454704595
15969,69.99196014117342
15970,49.607613647206016
15971,15.763541903971852
15972,17.31889172032706
15973,18.44504839491051
15974,21.930816704103805
15975,25.737529224491134
15976,23.969484127519618
15977,30.617224599307846
15978,34.638533690581056
15979,38.01700371433143
15980,34.90820537189057
15981,27.028851000713818
15982,34.36006198744222
16004,35.0812283967155
16005,24.140617792077364
16006,31.224571148561076
16007,38.42210975142971
16008,37.66569657542802
16009,29.050452273748007
16010,35.012061432970995
16011,47.77655396675392
16012,41.09099166728626
16013,43.14815329393218
16018,19.009792754208405
16019,25.068818623762642
16020,28.447288647513002
16021,33.294637596643156
16061,44.695317857879516
16062,48.93609650789794
16063,50.370863432726516
16064,49.8470305045276
16065,81.56537904592216
16066,81.24210992987094
16067,55.34399959302273
16068,86.34869823055851
16069,53.44528287213316
16070,54.28368590737295
16071,63.49261502985117
16072,88.87326034269228
16073,20.315009029252497
16074,17.52810554314046
16075,19.351225750535615
16076,19.137579824784513
16133,20.213946464428837
16134,19.83982843308071
16135,18.82287133420974
16136,22.147216892671253
16137,30.939972428183452
16150,34.82234095457662
16151,45.5595427870512
16152,49.71069757188164
16153,36.775772879796534
16154,40.56552953354243
16155,46.53965366743228
16156,48.05641944637974
16157,41.08152982960163
16158,69.99450971020144
16159,46.51248966046454
16222,31.338694088972893
16223,35.18958634372262
16224,32.02329389384982
16225,37.0265993692783
16234,30.033466395166542
16235,34.25764850567385
16236,31.569546092615383
16237,34.772079960419404
16238,56.78670178792622
16239,45.56146318216085
16240,54.542104500425566
16246,27.802356670365374
16247,35.20118514025416
16248,28.170214371172126
16249,34.295597711206455
16250,36.96199081575134
16271,52.149139402371524
16272,38.53090935664812
16273,44.87665883193913
16274,41.95575469865108
16275,42.56017942430989
16276,43.52934996629529
16277,47.41485587152338
16278,71.79018793914298
16279,53.57907411571433
16280,53.45666021816505
16281,54.58025419618813
16282,87.23980497340318
16354,36.08795753397059
16355,36.82700284330665
16356,37.00776971284321
16357,40.57801694062032
16358,45.41924068849484
16359,41.926014576223544
16360,25.92153659311116
16361,26.512152485614703
16362,29.354131082150374
16363,31.23137575483438
16364,24.565646908792836
16365,29.227223849354985
16366,27.828638308602457
16383,22.307882079188648
16384,30.296375796446206
16385,35.764785773496904
16386,25.927506592822624
16387,31.906980023051915
16388,40.490920292621766
16389,38.55993555234758
16390,36.38987246280358
16391,31.96962007018903
16392,38.027695294608506
16393,31.721701421047946
16394,44.70633725679341
16395,57.435784219416384
16396,36.36167851550079
16397,46.13711442957976
16398,60.05284163376858
16399,50.13972250684067
16484,23.41153854701316
16485,23.465663012302013
16486,25.717976361468924
16487,22.55600419887398
16488,25.183386224523783
16489,28.924777906732572
16490,33.43577363628945
16503,16.2272644424456
16504,17.622142153203775
16505,18.909721578519026
16506,20.197301003834266
16521,26.80736566418713
16522,23.645393501592203
16523,30.132661867783415
16524,26.273726172376765
16525,26.9175158850344
16526,29.223003054355388
16527,30.653248974068333
16528,39.9554221954834
16529,37.018473973765694
16530,35.21998724527927
16531,38.34947793120483
16532,41.2962658736962
16538,27.173832783330727
16539,25.298489400916264
16540,27.529955561912864
16541,34.91588415282164
16542,33.171430628439715
16543,49.72566570062855
16584,15.507697842901123
16585,15.936890984672871
16586,17.599539086471008
16587,17.975558408088673
16588,20.12057347181265
16589,25.85770448503808
16590,26.23372380665574
16591,31.541661678109435
16592,37.17149440589191
16630,35.624142561406636
16631,29.88891283845075
16632,34.660359282689754
16633,35.03637860430741
16634,42.38213666988239
16635,34.87420234473216
16636,35.30779418439478
16637,39.65676339671972
16638,63.117242192366525
16639,48.066170286148484
16640,40.938123712707046
16641,47.76825860217718
16676,40.67187319900026
16677,21.86540235698764
16678,49.135347616239784
16679,62.960325542030425
16680,65.18992467319029
16681,44.37155443011812
16682,60.06401707485037
16683,52.501957531125626
16684,42.57990171595017
16685,54.41148274388029
16686,55.111247502168325
16687,66.87369641412016
16712,46.64466115769809
16713,35.86629172936777
16714,41.15185129946401
16715,44.726797897606076
16716,44.94384074110862
16717,46.70934715937383
16718,45.17712909857672
16719,43.73907294091227
16720,64.73901229829909
16721,48.36611081571165
16722,55.32450532771679
16723,67.0938491979754
16743,58.75694050888296
16744,44.81994078876855
16745,44.347147268435165
16746,38.317486365448644
16839,20.41723004315513
16840,21.490212897584502
16841,23.474755855711457
16842,21.652586293451073
16843,25.244702242952524
16844,30.87020145644926
16845,28.734395948527236
16846,31.379121660090618
16847,36.740337847525126
16848,35.832558066610694
16849,49.35154789198469
16850,38.11446501143325
16855,41.04109357660341
16856,34.12653335890998
16857,40.55967725981234
16858,32.62898394173601
16859,51.37761230783934
16860,35.24389080894812
16861,57.243419287133094
16862,45.43941909707998
16863,66.00029248661463
16864,43.50974641410764
16865,62.25250914957606
16880,44.00782114970013
16881,29.40298605876971
16882,36.121371695733146
16883,34.63862935002264
16884,33.459005735362936
16885,33.00361851083807
17000,23.607065250171825
17001,29.162356837629346
17002,17.767341346189042
17003,21.421790687794903
17004,12.423023810786818
17005,36.35802323311489
17006,49.15474124994937
17007,53.097097537079705
17008,34.1573595905338
17009,48.156886782740926
17010,49.649662121589586
17011,41.97035925040493
17072,31.177140888003017
17073,37.8986620842276
17074,66.38056570783314
17075,40.81311038022113
17076,38.8805730525193
17077,40.22132629798863
17078,40.59734561960631
17079,38.35507996407208
17162,16.529189904683623
17163,28.859936924408434
17164,24.03626730515013
17165,24.89465358869362
17166,26.43738035465207
17167,43.67840620526319
17168,40.79064143248046
17169,50.432193656790254
17236,21.047926063558
17237,17.993252186406
17238,20.352863821015845
17239,29.573861853165024
17240,22.820724386203395
17241,30.272726676246272
17242,35.151471405928206
17243,33.98141312431179
17244,28.8729078462797
17245,28.01642285300575
17246,29.56787252580601
17247,32.034606927827
17248,24.120100015289825
17249,34.64808926480156
17250,35.69076950595764
17251,34.09080176548837
17252,38.991578734151325
17253,47.12342228835957
17258,36.071361601434994
17259,38.041662355675854
17260,41.955457002147746
17261,44.49539206650461
17262,48.197769295229854
17300,26.682392888405122
17301,21.161759736335114
17302,35.74386946009206
17303,24.80895079626021
17304,26.699296711268804
17305,31.64253878557067
17306,31.901877433151988
17307,39.542524681293976
17308,37.56574337371866
17309,42.09750473088162
17310,45.388627148911844
17311,38.46833866167894
17324,24.570027387134857
17325,28.219717455686943
17326,26.702635917597156
17327,32.90658966721986
17328,34.631084786749945
17329,34.61985721926665
17330,36.429280070452734
17331,39.84647169849838
17332,44.88441807406346
17333,41.439788867381345
17334,41.93254154763276
17355,19.892140367481435
17356,23.64662971284947
17357,31.47370067937524
17358,27.02509973659983
17359,33.88743677927393
17360,18.666515658718925
17361,41.371419519146706
17362,37.50550825560078
17363,33.524988335588894
17364,37.10166268412841
17365,37.94393169095542
17366,36.43633730866601
17371,17.119552061857604
17372,29.504423546871273
17373,27.415434238705704
17374,34.43919403211161
17541,22.7918130240589
17542,19.52254257602102
17543,34.96208793818669
17544,35.00284204115028
17545,32.57388933748099
17546,32.65439817794787
17547,51.543387278503005
17548,24.98595666181321
17549,29.07240978762908
17550,40.635523625373594
17551,35.708725502866024
17552,34.42435958475383
17557,18.15496196482543
17558,21.39295061050023
17559,23.71737542097473
17560,27.500300532353936
17561,31.73724514748197
17562,31.97933716936266
17563,50.07698185218455
17564,47.440730571392315
17565,35.86063042852429
17566,35.03085429834205
17567,36.421829190904894
17568,35.289042311431345
17653,15.75250556472822
17654,19.184149408632663
17655,23.58052717638876
17656,26.582977878521454
17657,26.31615813261627
17658,31.141729042144128
17659,28.649867788606958
17660,28.075024177471015
17661,32.380375659703645
17662,34.25013913193642
17663,39.17131705560385
17664,53.18255506691046
17681,35.05055018082229
17682,40.819655574011115
17683,32.90885235993031
17684,34.03001967017603
17685,35.72636468718596
17722,19.748129554765182
17723,29.82751387045786
17724,28.64913402085509
17725,26.666492352997697
17726,39.79966503151305
17727,39.60945843312414
17728,40.740710702663506
17729,44.79168090342319
17730,34.995296349543594
17731,41.21218158701972
17732,26.935904641897885
17733,34.99704701853439
17765,12.702399942845835
17766,18.278108205339468
17767,18.012239104569062
17768,23.266052510733886
17769,30.075215733253913
17770,27.877977494510628
17771,36.88437895577394
17772,30.79615792712427
17773,18.632200982508877
17774,38.23584758622691
17775,32.79819346294502
17776,39.02218994286896
17797,24.96409291546266
17798,36.37290895085301
17799,24.134380354257146
17800,37.150210929183054
17847,31.3904200298189
17848,25.76248859230595
17849,28.609832952067766
17850,30.66142735636732
17851,28.52381662195473
17852,33.672117207019696
17853,34.98989301581084
17854,66.20526484744454
17855,62.30373839658551
17882,29.165375675242334
17883,26.432596654419143
17884,33.93872340975087
17885,30.077399762533442
17886,41.22151135593735
17936,17.31541544990997
17937,23.106670928424258
17938,33.34652734971396
17939,28.844752586784466
17940,36.350879342116194
17951,34.12859886569684
17952,38.721217824309605
17953,37.582477062028055
17954,41.6639610089326
17955,43.49954121191905
17956,57.39196305489262
17957,44.421329536833746
17958,48.73935905870111
17959,52.50912816846512
17960,51.06857987255035
17961,49.783706988911995
17987,31.47856104415053
17988,34.6161028674065
17989,36.07430959334773
17990,38.87572582612359
17991,53.301923209947475
17997,34.877127001402656
17998,37.37538326109604
17999,36.206014623524496
18000,54.07773065189442
18001,35.32003444348757
18002,40.589372858916356
18003,44.91657948622563
18004,50.55513247552233
18005,61.8749491882588
18006,41.040533827785886
18007,50.84318562734557
18008,54.12855675850152
18096,25.61999583114875
18097,25.996015152766418
18098,26.937222536677144
18099,28.883800621898136
18100,29.35330832216873
18101,34.35770289142537
18102,13.775485657249021
18103,14.633871940792517
18104,18.172814070139903
18105,16.67253936420833
18106,19.99688492266983
18107,20.909395671502182
18108,26.377805648552883
18109,26.753824970170548
18110,32.38365769795304
18111,28.524722002546397
18112,40.67612739063536
18113,41.49251178331847
18124,22.33061983668818
18125,30.104516983059874
18126,24.261988974661048
18127,26.092764401243546
18128,28.63315363033458
18129,37.78686754097662
18130,31.735033795048246
18131,32.937462904052374
18132,47.34020659284817
18133,62.17394896127958
18134,43.28523666676314
18135,41.6578507348529
18184,15.705707343346038
18185,20.102085111102138
18186,18.709108690613498
18187,17.90579751749363
18188,24.714960740013666
18189,21.017447795338818
18190,29.166413618193396
18191,35.3059389599246
18192,38.52814306738962
18193,34.552649815123324
18194,31.500398571690567
18195,43.183423864662984
18221,34.7940040225605
18222,34.00339525713052
18223,32.06478633273407
18224,52.55307735154602
18321,19.14243364617662
18322,19.840347824123103
18323,35.97685671910047
18324,29.276893072292925
18325,29.91100680268451
18326,32.17295744059236
18327,31.697686656069884
18328,34.33640324905455
18329,38.72234729852464
18330,30.898934846476344
18331,41.60540614156364
18332,23.133510410810345
18391,34.439853211876844
18392,33.1593648850024
18393,29.43255822490794
18394,15.89752192856297
18395,30.20799066991565
18396,34.62957777747735
18397,31.320841845372534
18398,25.577038248995258
18399,20.82972144260889
18400,28.203900450411556
18401,32.10947039040459
18402,41.638983714209964
18403,36.28020744694553
18404,43.54553321242851
18405,51.99693119461799
18406,42.27832295601876
18407,66.36545771041361
18408,50.31977888680374
18479,15.208063558594105
18480,16.763413374949312
18481,21.213915607994267
18482,20.571076540471417
18483,23.19845856612122
18484,23.897323389202473
18485,25.13077834922886
18486,34.459074666820975
18487,34.62049741755277
18488,36.28314551935091
18489,40.037634864718946
18490,41.21791600459125
18566,20.971447079480086
18567,25.52924759796798
18568,30.944483754864592
18569,20.68632002916778
18570,41.34135836647487
18571,35.538621216874205
18572,33.479516776548714
18573,34.214840933106856
18574,36.73216849031506
18575,33.20523470518736
18576,51.121450355832934
18577,38.775857547117766
18578,61.21475065953771
18579,46.06251449506522
18580,45.61722452460533
18581,46.29870991019949
18653,31.222438974166522
18654,36.58450131090906
18655,34.11949268112583
18656,52.15637745563653
18657,40.701555300396095
18658,66.88276312473133
18659,45.27730624889263
18660,48.8769584302385
18661,46.60534723160611
18662,47.787329622237536
18663,73.31275446444116
18664,51.3404132042902
18665,30.620973174388745
18666,35.982084865996505
18667,27.663769677980245
18668,31.47561478132976
18669,17.020401162075185
18670,17.449594303846933
18671,23.72226609915227
18672,21.096785363772025
18673,26.7797919117086
18674,27.263109518769202
18757,27.460955504831112
18758,32.82206719643888
18759,41.92453019966275
18760,32.99490427149539
18761,26.6648514559278
18780,24.653743855738014
18781,28.139512164931315
18782,28.137674561034824
18783,36.67539638046001
18816,22.18536243794294
18817,39.66167393325487
18818,30.12068233504643
18819,33.284380150101654
18841,40.364230847865244
18842,47.79560102514001
18843,41.28265785961526
18844,33.45903641194377
18845,47.67673311516603
18846,49.400079719541964
18873,26.444114067610485
18874,50.92889355024395
18875,36.3852968224155
18876,51.73675609378928
18947,33.67326711422832
18948,30.61859323707632
18949,32.58357215896927
18950,22.07103254886402
18951,29.231789328817584
18952,32.89481621716172
18953,27.410069332111732
18954,38.82686166801489
18955,35.44500228175285
18956,39.522803169520266
18957,40.285060621563
18958,44.78093946080191
18979,38.30674684701509
18980,40.612234016336075
18981,34.39463733145436
18982,25.56960849242125
18983,45.39469402065691
18984,35.10281335832691
18985,40.08309634497838
18986,50.37750667530365
18987,40.52404855694579
18988,54.08828331772665
18989,41.54052054166073
18990,47.31298334692111
18991,18.46135508661482
18992,27.575054833321058
18993,30.202436858970863
18994,33.68725452302938
18995,20.523030356859884
18996,25.132672728725925
18997,25.10877297410175
18998,32.921970087706775
18999,40.97977831052859
19000,32.56066690441033
19001,32.69379621812221
19002,34.493910468886
19003,41.33715416641552
19004,52.69318111144241
19005,52.264282938954715
19006,44.47470328612961
19007,41.552493020218066
19008,59.20188011325382
19105,16.552620846167667
19106,19.87696640462917
19107,18.48398998414053
19108,21.325968580676204
19109,26.20471331035814
19110,22.132131689200392
19111,33.711790710824644
19112,34.23237567939835
19113,33.67758098770606
19114,35.724992309972265
19115,40.69483805215238
19116,34.36919662407405
19259,62.35488803915208
19260,46.790517327803606
19261,51.77503870527215
19262,61.7946324195075
19263,70.6023861161921
19264,57.46098817346877
19265,53.257691365693894
19266,81.29389118872766
19278,37.38691358009678
19279,31.287108658493096
19280,32.08937462245713
19281,37.22118262799346
19312,32.636427919082855
19313,30.276478267638524
19314,35.34633320247084
19315,26.4971774731787
19350,47.71523224402208
19351,39.315701765320824
19352,37.28401972808287
19353,52.01634433301541
19368,25.91244156010104
19369,25.91649645012589
19370,33.540901704431874
19371,41.442301895570566
19372,35.682488863075534
19373,37.68651321582295
19374,37.673468989402934
19375,39.73448544494259
19376,46.08610304207242
19377,43.51116467898067
19378,43.65623749928216
19379,46.90355069074314
19397,24.9481092491495
19398,19.534774382522425
19399,21.840261551843415
19400,27.094074958008243
19430,37.48830680329459
19431,34.32633464069966
19432,38.24034544652992
19433,49.23933469857797
19434,44.30987555086366
19435,41.14290614620392
19436,25.565048927900847
19437,50.63004939629348
19438,29.17968791842114
19439,48.79589336627029
19440,39.09675731040799
19441,53.787320908010436
19454,24.522278520617895
19455,21.89679778523765
19456,18.428351103249717
19457,27.58396720706211
19458,37.32521295284757
19459,30.73087759260269
19460,48.135399116763246
19461,32.527633648996144
19462,35.38535500718485
19463,46.486634340644976
19501,32.82722432525693
19502,34.25574677259966
19503,31.109690823729174
19504,49.315017256258976
19505,37.889032943964786
19506,36.386782435642715
19507,44.164973875404165
19508,39.00724235151315
19509,41.06349381133204
19510,49.589467545183744
19511,58.03300880535014
19512,50.8829020251051
19566,15.11198950592933
19567,16.77463760772747
19568,18.919652671451445
19569,20.58230077324958
19570,25.6224682536633
19571,27.767483317387274
19572,29.108236562856607
19573,30.127094951997112
19574,29.323783778877253
19575,32.306630489191264
19576,34.58510042817557
19577,34.20043587838131
19590,17.668982580150608
19591,18.36689675809709
19592,19.86907275429821
19593,22.764225170987963
19687,20.50112921790697
19688,19.69781804478711
19689,26.45285680201828
19690,22.87959853597792
19691,30.40486552308588
19692,14.566370012650683
19693,32.808964981392
19694,37.09998097507295
19695,40.574120000090716
19696,37.21407350971518
19697,41.981544526556405
19698,57.815064713278474
19759,41.194998464073294
19760,29.168549701970925
19761,24.766828477996352
19762,31.918488464998845
19775,42.026723318027685
19776,55.615487736252824
19777,49.70884531648081
19778,44.64607284334381
19914,20.230876029580767
19915,17.87316568524048
19916,25.325167975283346
19917,32.241629483246314
19926,26.46061340716842
19927,27.288436734840552
19928,37.44705627155191
19929,37.62558728510899
19930,44.93690670200872
19931,34.91007000410686
19932,44.22731043835208
19933,45.05523211713015
19934,65.11844405975256
19935,44.05587159296374
19936,41.91886492540383
19937,41.34847765699631
20000,18.367333199575327
20001,35.84364469488725
20002,29.77418852894153
20003,40.565397262802605
20004,36.32330216090258
20005,37.847499575364445
20006,35.01906603545043
20007,45.00615022687256
20008,32.64164164277584
20009,57.594914018861274
20010,52.173488422223706
20011,40.3315405770914
20012,18.56984365192967
20013,18.24889944073565
20014,27.524021938173682
20015,26.13104551768504
20016,29.13349621981774
20017,36.63867233001469
20018,32.29736967268222
20019,25.734945194739655
20020,35.697599790069866
20021,39.09130268102111
20068,24.379645881308086
20069,40.27444492620776
20070,28.24769111045808
20071,34.03376596308811
20072,37.222181484280874
20073,30.252331273456768
20095,24.90971369436896
20096,24.21370080669203
20097,36.490323361127984
20098,30.272726676246272
20147,34.79373001466518
20148,42.45680288597527
20149,35.33099309623762
20150,35.74683079630606
20151,41.588434023036264
20164,32.44665602524501
20165,25.96128894932334
20166,29.392932793227782
20167,32.02585892655316
20168,28.40195289881213
20169,35.72313060948089
20170,30.908511423149804
20171,42.04567421640552
20172,37.679542843388056
20173,43.75500658803808
20174,41.87315087636867
20175,44.576439237534665
20245,24.84255100384869
20246,27.952299991424322
20247,31.598540406214646
20248,35.29795464115903
20249,32.511051155046985
20250,32.56517562033585
20251,35.782222893354415
20252,35.461278682160376
20253,39.96495473535942
20254,42.32456636996926
20255,42.96835608262688
20256,36.32156625597343
20285,41.126939133876455
20286,42.62911513007758
20287,34.16015574116373
20288,55.99330259784294
20289,44.998750484490515
20310,21.75506404985998
20311,26.366038388501956
20312,27.00982810115957
20313,25.402255109785067
20343,18.41926562108628
20344,18.848458762858034
20345,19.224478084475688
20346,21.851860110125486
20437,14.591383051964542
20438,15.771664191836852
20439,16.630050475380347
20440,17.166541902595032
20441,21.510696495331832
20442,26.604037795899636
20447,17.350755613594117
20448,18.638335038909368
20449,20.247809320553426
20450,24.698311553598383
20507,22.756187916683665
20508,21.63098188723498
20509,23.93646905655597
20510,24.097891807287766
20557,36.68966448116257
20558,21.627089085749343
20559,25.058732929653782
20560,33.59687437737654
20561,32.05498323434804
20562,40.540976297904294
20563,38.2817109770173
20611,42.08733782468793
20612,34.33880863264439
20613,27.571548158924408
20614,35.19099198108624
20615,34.25953141268006
20616,33.17830083287669
20738,25.352661881587032
20739,31.732631962335304
20740,31.636300661855444
20741,21.148737083118906
20762,27.002184460337464
20763,33.75722321756863
20764,32.149650226194126
20765,25.23509000850071
20766,23.15156539900408
20767,29.40794565615212
20768,33.14063651388953
20769,51.48540617680791
20770,22.904549684428005
20771,26.47414236198547
20772,39.304864063415295
20773,53.99713433683592
20790,50.57346551808774
20791,43.2495099156114
20792,65.03856748231607
20793,59.58024980756441
20888,14.909567812956393
20889,25.417194625286044
20890,29.92087067848508
20891,23.328205317120474
20892,29.351947148888584
20893,36.23846910882336
20894,31.537347143956772
20895,41.569420325335365
20900,21.194508432941927
20901,20.016128583339164
20902,31.43531549936639
20903,31.48116262719943
20904,29.67815086266484
20905,32.49386771322048
20906,44.005230352297815
20907,33.172685877975695
20908,37.82740675364716
20909,43.539206549530526
20953,22.81225587780671
20954,21.47340392260693
20955,31.767384809185494
20956,36.21788704223045
20957,31.604932150241105
20982,34.14703832863212
20983,35.490488484303995
20984,35.974580476364345
20985,45.1633237554085
20990,24.194064994105663
20991,33.73695788258365
20992,27.39965658992595
20993,30.157790427613858
20999,45.61178725478426
21000,33.295757115483916
21001,32.6521787896071
21002,38.6778354208883
21007,27.20083394199912
21008,29.82821596764892
21009,27.32626087256438
21010,31.03705354675271
21047,37.6598181712655
21048,23.28633437405874
21049,30.202764567067238
21050,34.84150999539504
21051,34.6171686277592
21052,33.68223861188846
21053,53.50377294598934
21054,20.24922969952451
21055,22.17964819236261
21056,24.32466325608657
21057,26.737448710850504
21058,32.152684867747126
21059,31.456671980070197
21060,35.8530497478263
21061,36.3363673548869
21089,39.90437774825406
21090,37.5447710561524
21091,54.76335386313978
21092,46.856014946768944
21093,55.65741064574552
21094,47.29573884029109
21095,46.468893283884114
21122,19.17482274030334
21123,32.41617921859095
21124,28.182174846701415
21125,20.785247667082167
21126,21.64363395062566
21127,22.9154403977561
21128,31.47265430695414
21129,31.390419917800585
21130,29.54376942587619
21131,30.326834079066074
21132,37.1271075870121
21133,37.588730616392844
21189,28.043397368267033
21190,25.578388738483802
21191,25.954408060101468
21192,39.14127328849429
21193,37.38337948649932
21194,45.37663010545179
21195,44.67278109677715
21196,45.21261866393104
21197,45.41588716188499
21198,61.8804843081662
21199,50.331717910635724
21200,44.39498878718927
21234,25.749794323350628
21235,30.8805567452236
21236,27.301883789490358
21237,39.77889264227425
21238,37.52687403040341
21239,39.97493161627593
21240,40.020887853361046
21241,40.91949634920002
21242,64.0876717094167
21243,57.399969917141355
21244,54.14459592046631
21245,45.93436732976369
21246,32.616511727759814
21247,29.507713385318965
21248,24.73721758621474
21249,25.702902155201173
21250,23.891050432966644
21251,27.47480645248819
21252,27.940226670151187
21253,32.97115311041672
21254,29.717518555061073
21321,38.23849301077599
21322,34.27225902992641
21323,20.153960556681383
21324,38.30853940557968
21325,41.716872825660204
21326,48.54796300404399
21327,42.66382251140031
21328,47.80400158961005
21329,46.54008449488176
21330,55.602147389907614
21331,45.42648619045905
21332,44.5263212737496
21421,33.07671579025183
21422,33.56003339731244
21423,32.98575133701195
21424,25.256932325250062
21469,32.47020973711254
21470,30.487568069255147
21471,35.44076024776614
21472,32.91182163927596
21473,43.608579125283526
21474,43.68469789404622
21475,44.353790408085345
21476,44.128797685584516
21477,37.101237854297686
21478,46.5926203824736
21491,21.826805846709807
21492,30.916788276058142
21493,29.868922175572983
21494,30.488371957349905
21495,30.646699790147125
21496,37.47624340980046
21497,34.97266197220594
21498,50.634546551755896
21499,45.94822357903545
21500,59.98348032189632
21501,43.408107899714885
21502,68.53699358779627
21553,35.09902624232585
21554,40.567436219376546
21555,46.968805479370296
21556,35.31961198221703
21557,67.6515460131119
21558,41.87564416641279
21559,59.80634937489645
21560,49.021980727476254
21605,70.2847615557715
21606,47.629696856032254
21607,51.02141307025227
21608,42.26922934367251
21609,44.9241129586862
21610,62.973102240819166
21611,78.48239132559675
21686,25.56972714916673
21687,34.09376164850422
21688,27.825579856358356
21689,36.93141311910355
21690,26.481198493482903
21691,26.641151217180532
21692,29.743765171189857
21693,37.35216697757197
21694,36.46764864731039
21695,48.21238896840425
21696,43.93456603273142
21697,50.10110307232489
21698,50.14507950185184
21699,53.576139859735854
21700,42.913884609510646
21701,50.059051840015854
21735,19.448120944954233
21736,14.892221716735882
21737,27.758509518540603
21738,22.260828657784035
21739,19.878954174576993
21740,26.302109950443114
21741,29.55936945139474
21742,28.9364690916174
21743,36.52160051479709
21744,33.47634155031864
21745,30.817912856600245
21746,35.377600368482895
21840,30.670342952438602
21841,28.138160279284534
21842,31.307351784805398
21843,37.22359215208449
21844,37.0009417935719
21845,41.30283324471942
21875,20.772412897542814
21876,20.45146868634878
21877,20.345121046040614
21878,29.566119078189796
21879,25.22481642085732
21880,29.299299332284612
21891,20.77802947053517
21892,29.8395060422221
21893,27.007374656415767
21894,33.15327088864908
21934,34.235354883297845
21935,30.323245367737115
21936,19.602923274791138
21937,31.745184525273203
21938,39.236789627699025
21939,38.060728795645645
21940,31.714181143177548
21941,59.34120569940716
21942,47.622638336837284
21943,60.66466374357588
21944,38.103236161770205
21945,43.84230250945747
22029,52.57505217151526
22030,57.078728224714304
22031,80.44308811797816
22032,40.974772962333866
22033,45.84458816750344
22034,71.33049758538775
22208,41.68811101173441
22209,25.774942926458902
22210,27.585357812345126
22211,35.77303466446608
22212,43.82526728400451
22213,47.104151102533855
22214,44.46523645072091
22215,41.48744806944547
22216,47.65281887535465
22217,49.2464713821844
22218,21.6634732189041
22219,19.573533265603768
22220,28.205816695518948
22221,25.692190593161545
22222,41.55584507452484
22223,31.88308731113257
22224,36.75290251630214
22225,40.82282372848756
22226,42.06884150927904
22227,38.35370039679669
22244,29.030677430262994
22245,35.46831018462815
22246,33.93123580561334
22247,43.05783675623301
22248,32.80933009948749
22249,44.14885692559921
22250,33.22901341889051
22251,34.248205996586954
22252,34.880243314805384
22253,27.094187898435088
22254,60.40156873243719
22255,36.80003020308822
22256,41.617216908710404
22257,61.06837993223085
22258,59.33145933880289
22259,40.431863219749445
22296,14.023370226193766
22297,15.096353080623139
22298,15.847441078723701
22299,19.761451884553964
22300,18.743544140548224
22301,21.853293128123855
22302,24.80257001010246
22430,30.308681639305206
22431,46.71296092532253
22432,51.08673335505756
22433,45.34201350351588
22450,18.461412015203283
22451,20.87419746996721
22452,18.516487125626917
22453,23.287933569865913
22454,24.95058167166405
22455,30.43424276067286
22456,27.983277375753275
22457,36.62478110625055
22458,32.936123965962224
22459,36.265638653641496
22460,40.74653842893004
22484,43.09031124057854
22485,42.87666531482745
22486,39.59341591290997
22487,52.274511943031854
22488,41.90626497342895
22489,43.429205650556014
22494,24.700224680204755
22495,21.914271839227478
22496,17.840739572934964
22497,32.456059511288615
22498,36.319411173044585
22499,52.0112970718713
22500,52.42011011523815
22501,33.50240039257099
22502,35.447558216023346
22503,37.83420232829266
22504,43.52944060320882
22505,40.450925854441486
22518,18.225251782100845
22519,23.31859308266864
22520,29.646339988397624
22521,37.420237134769316
22522,26.48223287995838
22523,37.369708021488485
22524,44.83747415307377
22525,30.318666147577552
22526,38.524455602815074
22527,43.49702744608582
22528,45.86994713380245
22529,43.65987152266271
22681,20.599329472554626
22682,19.742844479280674
22683,22.209754399333455
22684,31.162982040442678
22685,35.5061859880447
22686,15.377000446767095
22687,17.307418939605185
22688,19.130539147000345
22689,20.363994107026727
22690,19.453384648463928
22691,26.63761654746684
22692,24.17260791768361
22693,30.33798142754602
22694,33.34138277481349
22695,37.148095295200825
22696,37.60057917324846
22723,35.895665315080414
22724,37.678593720129356
22725,39.48954308473954
22726,57.43860317707881
22727,51.69581726489339
22770,37.87168256248508
22771,41.48033104321518
22772,39.209688446981815
22773,38.09930473631939
22774,44.24453012716864
22775,49.100392776449866
22780,35.794977014028454
22781,27.95476180962399
22782,46.02402468134979
22783,34.847313987501316
22784,30.40972109784242
22785,40.15421274308405
22786,36.78766618202113
22787,45.49451288825215
22788,51.893357322596046
22789,48.23651035045842
22790,45.93351076487178
22791,42.37773019581509
22792,48.21690870841226
22793,39.6429870980554
22794,73.95449696152127
22795,33.911166507895565
22796,48.57161760594072
22797,69.37426267055548
22798,76.49433884115444
22799,45.39070646745329
22800,58.6585947322553
22801,56.159152096791345
22802,84.88222366452669
22803,72.47769685728954
22839,33.074395668951226
22840,29.051867682124033
22841,33.053489171080805
22842,28.533359426175362
22843,45.4242941436381
22844,34.5018713866248
22845,35.86359507178818
22846,42.825687289548156
22847,42.530188124488774
22848,41.676184140256346
22849,45.26223627738883
22857,25.229613313660955
22858,31.984652070892125
22859,37.82813072442572
22860,29.82408972111232
22874,19.030652139024788
22875,39.56258815662349
22876,32.64554127787406
22877,34.67486380563215
22878,40.59885867160946
22879,21.342291987018736
22888,39.79750699108282
22889,44.04409075056607
22890,66.51287171956321
22891,72.5815981087326
22892,66.1550154174279
22893,46.35051760518235
22894,48.27878602463081
22895,81.37007952776261
22896,49.75307343458965
22912,33.159093187623895
22913,35.23011114135555
22914,37.00031302862846
22915,41.7524241224683
22916,43.22560774182812
22917,44.16994656830831
22918,72.29778716243888
22919,47.554564412613956
22920,77.25120986224229
22921,77.07163610616459
22922,80.64058873178774
22923,91.67400838578405
22964,35.84173844370456
22965,40.82237358860118
22966,41.65911049914423
22967,37.33578190070131
22968,44.15750838573711
22985,41.20070502410336
22986,43.69397868730892
22987,38.887359963205874
22988,45.74367176090225
23022,18.44267883236978
23023,27.55637857907602
23024,22.732708959817717
23025,34.19323976269164
23026,32.541016029203114
23027,46.9284061600945
23028,32.66275034089888
23029,29.531064132758562
23030,34.563428967662446
23031,61.527803228523894
23032,47.515193172790674
23033,43.16905512430817
23034,37.93334534723668
23035,49.625219529216665
23036,45.624491250180874
23037,62.02879645646928
23038,51.50845962709289
23112,23.21868315710669
23113,18.502311823291322
23114,24.560387047710783
23115,29.60055452812452
23144,23.008119265859083
23145,30.514775115794812
23146,23.13484632306032
23147,29.605654702305614
23148,29.48260188065509
23149,34.966676785426074
23150,40.415045100279386
23151,41.828834611125586
23152,35.608015059449116
23153,83.11202187872829
23154,37.019136597794855
23155,49.77473080165903
23178,32.16738065854244
23179,37.27481756022515
23180,68.62064470546204
23181,41.95673553406613
23182,60.39626648297334
23183,21.51275012252224
23184,19.637406740107775
23185,22.157490480314642
23186,26.44656996262781
23187,26.12562575143377
23188,23.01777805412769
23189,17.706266239668945
23190,30.947622717956556
23191,20.120002339567638
23192,26.875041096798814
23193,28.590863018751037
23194,28.48451537844287
23195,45.972886799340564
23196,35.83103509612019
23197,43.787642229725336
23198,35.90372202857117
23199,38.77274313982527
23200,53.919685839963535
23224,26.59667080799345
23225,35.81766884014264
23226,31.583664468253104
23227,31.53049064809902
23261,28.24439495644816
23262,28.34548035512706
23263,45.73662036366985
23264,35.29825751598903
23265,50.896713887922495
23266,58.55770041477525
23267,41.457723659114805
23268,61.8946046964678
23269,44.257949294399396
23270,46.157854514843095
23271,47.61066762555326
23272,47.054504292272796
23301,15.285840869903613
23302,17.16308554258762
23303,19.683169282794488
23304,19.629995462640405
23305,26.00996554338868
23306,20.971699353244503
23307,26.332811044852274
23308,28.370527823133305
23309,30.891562208474937
23310,38.82198662036276
23311,32.851234142422996
23312,25.771990446308113
23313,31.793206836332438
23314,42.556817451674476
23315,34.84511910202233
23316,35.474375543186355
23317,38.29371956422974
23318,41.23499449778248
23319,58.650326902323364
23320,45.85599804928768
23321,42.37002567810758
23322,44.14645944774251
23323,47.98254226337546
23336,46.70792067196103
23337,51.80126197252882
23338,53.28765954753019
23339,46.98665218946569
23340,41.10008929751358
23341,44.10152096733472
23342,74.21753935271215
23343,68.6684982341016
23344,77.4740312698139
23345,73.9548204444178
23346,53.471777107113276
23347,62.15806787573773
23360,18.283377096235007
23361,22.036915796468257
23362,19.839677557724983
23363,25.522684105661554
23364,26.488368674647987
23365,27.82912192011732
23366,33.99449542997972
23367,36.139510493703696
23368,40.870818543583304
23369,38.50900794997518
23370,48.26865313578391
23381,22.039192873806865
23382,25.95320367963714
23383,32.18374817918003
23384,34.31672952712201
23385,33.07699054518021
23386,35.546912426174565
23387,43.46763630127257
23388,41.35536777469563
23389,33.74486353742969
23390,41.61050493747886
23391,45.3697103985875
23392,40.02786599217533
23442,46.77042116044443
23443,43.25105244800139
23444,41.17738781723475
23445,62.00889196033452
23506,30.407421195404915
23507,20.75913131175353
23508,29.068569240205136
23509,18.235659100054022
23510,31.608329012167353
23511,26.696938156895868
23512,18.982482076859846
23513,37.21457431314481
23514,37.13146876148012
23515,37.12997589213321
23516,46.88629849338347
23517,46.56724667709875
23552,22.88252423906087
23553,22.347934102115733
23554,34.40996008566581
23555,28.446461783175497
23556,30.52861650140602
23557,33.50515443521537
23558,27.482596170612165
23559,42.578734635625594
23560,33.188114539709126
23561,40.987889830865846
23562,35.12658399884738
23563,44.62808645400831
23564,63.95111439991869
23565,42.71904707139193
23566,27.123459868239216
23567,38.952127404751174
23568,40.62352211568258
23569,41.59223849293381
23570,60.215869256649135
23571,44.94176942562567
23572,43.87329717334053
23573,45.871367643279946
23574,62.04921672141152
23575,72.21405402831127
23604,26.65958782754543
23605,26.44594190179433
23606,28.001291718149524
23607,30.8432703146852
23608,34.78144928163956
23609,32.409375856998096
23614,15.826770808280177
23615,23.25939799479046
23616,9.504355905605829
23617,22.280715436723536
23618,49.14449016364363
23619,32.02325314803356
23620,30.283656717039804
23621,45.90190845432508
23622,55.12702097957893
23623,39.03285392683495
23624,50.458639158804466
23625,49.659697518555355
23655,47.20728822821965
23656,37.93406702105117
23657,31.716470336169458
23658,30.216195630237884
23659,35.41844878388047
23660,33.397796755057996
23661,40.95980937067281
23662,39.45835306267395
23663,41.50157003277926
23664,42.55144064429799
23665,52.8756987205903
23666,46.01542452263268
23667,30.969977236745613
23668,22.39371956238883
23669,24.16366594962991
23670,29.864370597554842
23671,30.775064387097956
23672,39.13360252091961
23673,38.65765910610278
23686,32.804554160613954
23687,28.532145471076976
23688,34.088307577341205
23689,36.68325861056828
23690,34.01023748040257
23691,36.35684315481033
23692,34.264698840476655
23693,40.5714239465912
23694,40.10542063374706
23695,45.03639428517563
23696,45.55727278987726
23697,41.38793353807935
23711,42.03623810960465
23712,39.193518329354994
23713,40.28282404587104
23714,41.397902550160275
23715,39.843933623721256
23716,50.40215478465034
23717,67.11159238902474
23718,71.01160079499306
23719,46.11471499963048
23720,85.71074329542807
23721,73.34335843235485
23722,49.48324750391648
23809,29.634611926734603
23810,44.43036757624266
23811,26.38071931410304
23812,30.24278686982803
23813,49.73668972354928
23814,28.444243869781914
23815,32.81716965279713
23816,30.48110266056341
23817,43.445146324722735
23818,51.05138653835178
23845,32.92803532385727
23846,35.66271563495001
23847,24.40779979427971
23848,37.92400974365776
23849,35.96382541247771
23850,58.26871982366162
23851,44.96657023661996
23852,39.132722646819396
23853,51.19441858941884
23854,49.48239115710666
23855,52.32519331320557
23856,50.74810013991442
23890,26.38202249590497
23891,24.184784257161695
23892,27.187234959294383
23893,44.72326067211723
23894,29.806243638428498
23895,47.965350058962805
23896,47.72398006077689
23897,40.21232481750159
23898,43.517552089164404
23899,40.077453387130554
23900,41.94685587716827
23901,76.18960068032453
23946,38.66927523328767
23947,31.70154119544018
23948,30.68363345143443
23949,42.10282036746167
23950,49.10154403493261
23951,46.20397536107225
23952,34.101667996764604
23953,44.65635155451986
23954,38.318465493180064
23955,55.962345180763585
23956,40.13143080671959
23957,52.934257317901505
23958,23.58052717638876
23959,22.831340468557748
23960,32.642003748075695
23961,30.996515173749962
23962,29.65656837693187
23963,37.35444643735711
23964,37.93273032545075
23965,47.39974899806559
23978,18.580402805695577
23979,26.247001666624318
23980,27.2152960985398
23981,27.904157893694826
23982,34.4911273207261
23983,43.38421076450948
23988,27.14087317939043
23989,34.723343204762465
23990,34.1887952877081
23991,37.766771815198226
23992,50.48463250847578
23993,40.22529170675372
23994,47.057484281173906
23995,44.186361500893724
23996,44.77802175164864
23997,41.41244163359519
23998,54.63028002075541
23999,32.135624155491044
24034,19.351559332040022
24035,30.019658249966685
24036,36.29233004527203
24037,17.715539551223348
24047,33.23056374913324
24048,31.033325510389965
24049,30.067985404053314
24050,39.20918054414986
24051,23.424909800215737
24052,38.23635627136686
24053,32.63611428964135
24054,33.395769504120636
24055,40.76693421788934
24056,41.69493553566517
24057,42.9424428344599
24058,49.36777177283682
24147,25.19965589804929
24148,24.912908096489346
24149,30.483969754206157
24150,34.111637728071855
24151,43.427568877979304
24152,39.02619958938262
24153,41.03040691130406
24154,33.11759503225103
24155,39.3824324134375
24172,32.19563249320831
24173,32.245701412586435
24174,34.38418247860224
24175,34.78176888034858
24176,31.28588156766935
24177,38.94220020846259
24178,35.00345795091261
24179,40.403776381250715
24180,38.67039582517474
24181,43.83266246148875
24182,41.69259691732042
24183,37.57691394024212
24184,27.295925518736176
24185,30.727569362640615
24186,34.102301685637144
24187,27.128768415675918
24188,33.09870398214234
24189,41.7568200117135
24190,34.21232063665623
24191,37.48228825093271
24192,39.110760641804774
24193,39.478177601464196
24194,47.665770346375865
24195,50.70343571240359
24201,17.702144800649265
24202,20.490949577030854
24203,19.527166298313965
24204,27.730256586457415
24224,36.070722299569674
24225,39.82889928163379
24226,36.52631212848441
24227,48.99868877493022
24228,43.3175683664375
24229,42.186004062710126
24230,45.571602523713295
24231,47.396190176896724
24232,49.18664656475741
24233,47.64524387500634
24248,14.356015855643708
24249,28.562106257782986
24250,19.23571123046042
24251,24.91871777839698
24252,29.345008577372308
24253,28.518299177743692
24254,40.372532959877006
24255,27.621286331759926
24256,33.59177601841762
24257,40.42467670835245
24258,35.88495744639035
24259,34.45049383831811
24260,72.01580133627482
24261,43.62242200565556
24262,44.45200996750137
24263,52.49396709690826
24264,38.10050821791868
24265,38.15483134790987
24266,48.303268592675614
24303,23.19175665722732
24304,20.83404631288702
24305,30.055044345036208
24306,27.054494933173054
24307,36.38279125076517
24308,29.46823103307176
24309,38.30884456179423
24310,35.43087833399148
24311,45.778979698924715
24312,41.12329328444566
24313,40.920217720615014
24314,42.363831972578225
24315,37.75170291345833
24316,51.07286016151735
24317,46.20139868392269
24318,46.172738416871276
24319,79.69299018655553
24320,40.03868038202704
24321,49.05499074748406
24322,20.237391506505283
24323,29.459340183789237
24324,10.898305664975688
24325,39.51354500845162
24326,34.39858323271381
24327,17.82584332586133
24328,39.87096965799737
24329,41.42795339423708
24330,34.840225924311824
24331,39.77309511928262
24332,33.82748285891951
24333,39.11195793436723
24334,37.3641122450578
24370,24.290429800278787
24371,25.57800922559403
24372,26.6509920800234
24373,31.066569943498642
24392,28.47709230276071
24393,34.205108826709015
24394,38.067361347198776
24395,38.95425390615255
24436,37.62627351474683
24437,54.512919762689975
24438,33.99785867349425
24439,44.701898092464205
24456,28.308815626046524
24457,36.95965987703399
24458,46.654479687091104
24459,37.60230842277199
24492,26.419217396041883
24493,38.53536784488082
24494,28.879650129714186
24495,33.71642983385766
24496,34.491254801620755
24657,49.61710851283375
24658,66.35926460878889
24659,38.12078756274337
24660,50.858043621575796
24750,21.20047268803111
24751,25.11448349386138
24752,17.717556314242138
24753,34.60420256218529
24754,19.434328881329126
24755,27.637924075771036
24756,25.662600542175174
24829,23.42337674003238
24830,29.106383287968967
24831,31.4659949225788
24832,32.048838843348776
24833,22.884936007166246
24834,30.926603544577887
24835,30.39106276249798
24836,26.903185092194693
24837,29.069058991711895
24838,31.202664522182573
24839,33.03292541515854
24840,39.05777524602307
24841,40.17733247326484
24939,33.96076389586196
24940,35.397461608772396
24941,33.23867163760908
24942,50.62468418577054
24943,30.769825845945334
24944,35.13038178527641
24945,39.749769267907254
24946,29.366261811468107
24947,52.92151580304605
24948,45.86725341738867
24949,51.07813781350942
24950,43.23033545570458
24989,23.35822484870646
24990,37.081948288919904
24991,33.438821456130604
24992,42.321455018517796
24993,39.215485400214035
24994,34.04823362158791
24995,46.9232903741786
24996,52.7541262561214
24997,42.996925836896004
24998,39.61514288917866
24999,42.74828620689749
25000,64.61847725495778
25076,56.263384300213474
25077,46.506373551307156
25078,49.73425968941183
25079,51.15586433618139
25080,47.00207323639371
25081,48.33754682320001
25082,59.90761638963244
25083,55.029499407798156
25084,66.82726731812252
25085,73.1174462091827
25086,51.07827114949165
25087,103.25598277583808
25144,45.44726255913931
25145,38.64000062688883
25146,43.47837120330258
25147,42.12706414074444
25148,45.60806554330048
25149,42.4200117036904
25150,55.410135914770315
25151,47.56936702934141
25152,44.88336451821689
25153,68.3553476366942
25154,47.28163224916255
25155,68.6726338199687
25182,32.31311041952737
25183,37.513750005538114
25184,32.41427592716093
25185,32.76429342943292
25186,32.94790331184449
25187,35.02339892935956
25200,25.16899802638358
25201,41.99705361971687
25202,53.80223283509816
25203,62.28991271582799
25204,40.019166390322866
25205,64.75538576943441
25206,22.59614644274762
25207,18.629912461898037
25208,25.599547790015084
25209,22.598047733017165
25210,21.902034845340232
25211,30.731777389323547
25212,25.247909713083633
25213,28.44451957306431
25214,36.966405824308445
25215,30.269846816954015
25216,41.82374639759046
25217,40.961970570960204
25218,19.7834690960179
25219,24.126673043619917
25220,19.088406853475735
25221,20.05409142246218
25222,30.45441994934889
25223,25.791222435687605
25224,27.63473096918247
25225,33.092579727548866
25226,34.736422110481065
25279,9.26885480867184
25280,10.127241092215334
25281,12.808747583153997
25282,14.740116721126864
25283,22.49331209103533
25284,19.60006096461513
25285,29.839917385904823
25286,28.071872288933285
25403,35.067054301699116
25404,33.031238813687644
25405,21.902350526419458
25406,36.93717452823079
25407,32.515182646392915
25565,30.232108708460025
25566,44.55626736451446
25567,37.23939070987372
25568,28.919233696414757
25569,34.09040071496216
25570,36.94467985296136
25571,53.85944974921101
25707,22.55310114469846
25708,27.646442445266274
25709,29.738283688836155
25710,24.700017498691974
25827,25.02020787149233
25828,24.324194983815403
25829,28.988343142611463
25830,22.55614988684387
25831,29.311188644075038
25832,32.85013077342243
25892,27.30820999373496
25893,28.176027633853376
25894,31.660755689424597
25895,32.920631065955156
25896,31.66836487434913
25897,16.940791757916983
25898,35.33411253620654
25899,20.636025025016572
25900,33.71225725963048
25901,38.672587449081874
25902,33.65570279499727
25903,36.75043895338204
25904,35.51002310537697
25905,70.25885286323742
25906,43.84376128749387
25907,50.82347288460151
25949,37.05484285989852
25950,38.05384992488905
25951,34.89086870326566
25952,32.969870842057865
25974,4.164105766486743
25975,7.059258183176498
25976,3.897286020581551
25977,14.297614547468271
26011,30.268798318146967
26012,34.12963530382316
26013,29.609313297052513
26014,60.43472041858012
26113,14.569947347517317
26114,16.017998878429577
26115,17.46605040934184
26116,18.53903326377121
26117,21.43513632559575
26118,28.190175082826915
26119,23.151908892682737
26120,28.83491544061932
26121,33.66048635014717
26122,32.428932680390325
26123,29.58251670410143
26124,36.6596983659897
26140,35.266538337560775
26141,41.682123417434696
26142,41.88271769116847
26143,58.490734483093554
26144,42.02971040203008
26145,52.83491805845479
26146,42.081362680303485
26147,78.704900302662
26148,59.71718555880193
26149,51.66286217058566
26150,68.39548230810584
26241,29.760558000165044
26242,56.99340805738013
26243,28.651616709703607
26244,34.81933548811465
26245,50.658071048889546
26246,43.38245450800068
26247,69.10642598951208
26248,40.59867070248554
26249,43.720343049795794
26250,41.739412527537546
26251,42.62304737178264
26252,45.386255440995434
26289,22.0250834132663
26290,28.780122170497478
26291,24.65341608405088
26292,38.10936913322437
26293,23.624803757630165
26294,32.079398404206174
26295,33.666383306101345
26296,35.78277207365501
26297,39.30779423969676
26298,34.80390265581685
26299,43.10503980475451
26300,38.230916722912895
26315,30.580590190225088
26316,24.83670257063459
26317,30.42852808822402
26318,29.462824089663236
26319,37.56074741688749
26320,40.04215786645505
26321,42.82969997795738
26322,50.599517360840196
26323,47.36242851611098
26324,35.46230486132787
26325,56.0054964131242
26326,50.551490827250305
26455,31.7195064392876
26456,27.110433390915176
26457,35.31257303392383
26458,45.30374681274483
26459,27.61439584585052
26460,29.17875939074375
26461,24.685783826513713
26462,28.120320258551413
26463,35.353872374226654
26508,27.855239737011097
26509,30.37532347721796
26510,30.054379266023922
26511,33.37872482448543
26512,24.26597572291396
26513,29.674762170927522
26514,24.564295026038327
26515,12.025199048601817
26516,38.27220141356184
26517,34.45980496043711
26518,40.14312317496597
26519,36.2084059055245
26520,25.2703266897796
26521,38.189788311738404
26522,34.593723826578334
26523,25.806819187444578
26524,29.42888181542689
26525,42.131668406739635
26526,37.92497038108599
26527,31.50000807371206
26528,40.05498443559923
26529,38.71873299268955
26530,54.97329681753787
26531,63.05817881202504
26564,25.794643239081353
26565,6.772569094535529
26566,28.48948594672585
26567,20.23808828203429
26568,29.857055532937753
26569,18.670364662792057
26570,34.54370659802235
26571,49.374935605610176
26572,31.599182417594065
26573,34.28077644308469
26574,40.91650176788324
26575,35.58129838740073
26576,16.572558409465504
26577,34.828090295085886
26578,35.834862828891005
26579,39.40522418581325
26580,38.547423013298555
26581,45.45488903904105
26582,50.456102080870586
26583,41.6651799016671
26584,25.566972886350406
26585,24.76366171323053
26586,27.391043738880338
26587,30.929985868227718
26629,26.448036272984258
26630,20.33773787354548
26631,23.662083432006977
26632,27.25419938150844
26633,33.15180250033089
26634,30.675446048154242
26635,36.902059534723726
26636,36.17882493615364
26641,24.27991399518954
26642,41.9926501233087
26643,29.150154544787558
26644,28.483327229595968
26645,47.33764785684451
26704,24.93882851220552
26705,17.22095712139224
26706,28.265075360936574
26707,37.19892768864741
26708,53.68506524069721
26739,62.91817781254955
26740,49.63342305596319
26741,44.23008601449408
26742,76.86090054195301
26779,19.70742136603238
26780,29.410786360107394
26781,33.80716412786349
26782,34.14064038297787
26783,28.579636376812516
26784,47.58224360254153
26785,48.92165082944999
26786,32.766726736770195
26787,35.09750542878678
26788,44.94312045081791
26789,42.37238166691876
26790,41.13592981987566
26819,33.97211798929277
26820,41.52745083215169
26821,68.15753712158258
26822,44.74547189697557
26839,41.345853147832635
26840,41.399977613121486
26841,39.34256870662091
26842,28.83952348309345
26851,28.870964350445504
26852,31.927539517867054
26853,27.755580076750267
26854,30.76665453554964
26855,33.591534015640455
26856,36.60720853567527
26857,35.82869145817027
26858,34.39714222987036
26859,68.1415233509297
26860,39.41593277318423
26861,45.554580098696796
26862,61.22032885571668
26863,26.81972292289669
26864,15.721365181289972
26865,24.219606752351016
26866,29.754951495217547
26909,15.03889803288708
26910,20.024941048011954
26911,23.456584891916396
26912,19.70494748195269
26913,22.386453972891342
26914,29.57068587189427
26915,24.210524825421277
26916,29.980647626017284
26917,32.96599071247306
26918,33.866331114994594
26919,34.50479206065023
26920,44.36072724150848
27006,35.31204240127011
27007,31.428292943500445
27008,44.28549910013336
27009,36.263397186196
27028,19.845636625428316
27029,30.03136858142916
27030,31.683830820975622
27031,34.71104683618554
27047,31.127324671676156
27048,34.46097658322672
27049,33.4439300307946
27050,36.388386541425184
27051,34.857409998634594
27052,39.02492991839852
27053,62.41020180719021
27054,44.42044222707567
27125,45.398272293979225
27126,56.763334744717596
27127,34.51302817267231
27128,32.010979247074836
27129,24.585880529591808
27130,23.782569356471946
27131,35.85859163200739
27132,26.126893535884655
27133,34.873247578681095
27134,29.27565525902214
27135,17.118857227591317
27136,36.10413334878641
27137,33.77907677736333
27138,41.665474832036075
27139,57.24231467080966
27140,49.47341728138635
27177,33.299014392113435
27178,34.014032232884766
27179,38.54363689552199
27180,41.84132935258651
27181,34.630626325133775
27182,34.60956297760509
27183,43.71208109619612
27184,41.23758887450891
27185,45.25306181181912
27186,50.952868741712685
27187,45.49810786792305
27188,49.95807247156147
27189,28.32224111672942
27190,36.22570765907519
27191,27.799569244089664
27192,24.866729341461106
27193,29.596434945822406
27253,26.139754499952584
27254,17.778093396481676
27255,26.19482961037621
27256,25.57375455816373
27257,32.50472159445306
27258,36.58890727745634
27259,31.53261840125333
27260,32.1662962132283
27261,23.439369760641952
27262,26.535990308213606
27263,34.16566057456494
27264,29.10477970987215
27285,38.007712495923
27286,44.53929821908812
27287,48.47666437599562
27288,43.54024328229631
27289,40.31387273813193
27290,38.74326707318932
27291,47.504864233299884
27292,41.429191922437376
27293,44.96268737432198
27294,73.70280333056502
27295,53.493130816468835
27296,53.87193331815736
27349,29.4881183167321
27350,27.666899399606486
27351,21.748137757207846
27352,29.934347376815623
27353,41.03118942066791
27378,30.7744046022016
27379,35.33220512068949
27380,41.480120727271014
27381,52.631463741998246
27382,48.33586143667018
27383,42.75205351333873
27384,41.41318506378349
27385,48.14609769790026
27386,43.14743740178949
27387,45.43954735754472
27388,67.45384599143924
27393,39.42270940962015
27394,40.6703867262094
27395,35.76926749706565
27396,62.64649418542546
27397,43.09808810407493
27398,38.42291166482369
27399,63.03077340524853
27400,48.197471044732985
27401,51.86761158145309
27402,45.1796500270066
27403,62.96913299003591
27404,47.31782427316267
27425,27.334751694574717
27426,29.33206514102571
27427,41.85519699686702
27428,36.634183219233634
27429,32.16296233326007
27430,40.67784517530038
27431,40.3891891804761
27432,40.29068829081489
27433,24.756241522556603
27434,41.1024791468248
27435,32.00730914774332
27436,17.01668607205005
27437,32.17558668515416
27438,31.618562884752336
27439,34.79807362828815
27440,52.68153637746207
27441,34.72667480487337
27442,34.52438408245362
27443,50.82136508302801
27444,35.65149140217184
27445,41.38547280222554
27446,39.230206337111476
27447,34.36524268846479
27448,46.94741009646498
27449,40.80176969252866
27450,47.16730035128766
27451,48.934275223074344
27452,42.578096776046785
27453,47.363577259116106
27454,13.977850421633493
27455,18.481526474832535
27456,16.498884806975134
27457,18.6438998706991
27458,21.753648858274733
27459,21.164934256040738
27470,30.913562524593928
27471,32.015984486886694
27472,24.711772279121107
27473,38.18876059152853
27474,53.5305991712046
27475,40.62222743975669
27482,24.85036744116368
27483,37.5714586947462
27484,50.61366722193454
27485,57.250597498228004
27486,70.17327133098402
27487,85.01237204057011
27488,45.06932272411324
27489,44.77491480097232
27490,50.195871864989876
27491,50.39372663065556
27492,52.353518960091066
27493,48.54282550968756
27500,32.60581756853349
27501,35.42542131163435
27502,67.5100754051382
27503,62.950378363930675
27504,45.450771541161174
27578,25.369979872835287
27579,27.742586947279506
27580,53.3546214790742
27581,37.55941024288107
27582,35.40322930091299
27583,33.35100362083976
27584,48.63005144408876
27589,48.864544980491054
27590,44.149144159933584
27591,82.73401397520652
27592,62.77089767405645
27593,52.7013706771619
27594,56.900855379302904
27595,73.9301097062434
27596,49.678041569084264
27597,79.28560887312469
27598,90.13576177743656
27599,76.94270598579823
27600,55.410193392364654
27719,22.177849762066888
27720,26.574227529822988
27721,35.79522556197216
27722,23.774997830332556
27723,29.32981451505414
27724,34.200538049692064
27725,42.63621725826824
27726,31.50824205777701
27727,51.72957494821405
27728,51.120237968177406
27729,49.29951513532422
27730,36.03183219882078
27795,42.689905144956214
27796,36.47230846007451
27797,57.38282751031252
27798,40.821322782483755
27799,62.02430599368226
27800,70.27531234896497
27801,44.50934127988808
27802,45.85717052270426
27803,65.97283637961812
27804,53.0853076292608
27805,70.25262142614022
27806,54.13208235420365
27807,26.36305548815158
27808,30.384364579424783
27809,31.117835579939886
27810,23.70906918310039
27811,32.699923126318964
27812,36.3451320870718
27813,36.900606976896796
27814,33.95865589465987
27815,67.16925990844686
27816,37.77714996156192
27817,39.64650340739918
27818,62.65079190627906
27848,22.085962990216814
27849,27.930392288885187
27850,29.05749960860341
27851,33.59846489095366
27852,39.636391996359976
27863,35.5768671545467
27864,39.81277281670578
27865,50.85594041111535
27866,37.54687533595003
27867,38.723885866458055
27868,35.72087599282466
27869,41.029230860431156
27870,65.57398794579447
27871,76.36289053572449
27872,47.04741329961284
27873,66.28996683783922
27874,48.64556228320827
27898,30.262029105892903
27899,41.84168812751716
27900,22.613839008897376
27901,39.11031593687779
27902,21.599608148009057
27903,29.28340963349395
27904,33.77184729681335
27905,50.86745306156076
27906,41.87215962630213
27907,41.238089812582636
27908,40.43395536869333
27909,49.208540176947906
27933,16.852700485159477
27934,16.639054559408375
27935,25.10991523859176
27936,21.947943075996832
27937,26.933986091121696
27938,32.50969435361533
27939,24.63040021207026
27940,32.54020620639993
27941,45.490572876300085
27942,46.435820032248635
27943,37.27845133222327
27944,39.703414999605265
27945,33.018792470244584
27946,49.85226489803367
27947,33.95093363291168
27948,41.701481780891015
27949,38.32280538859235
27950,54.21928468817722
27951,37.60989330255729
27952,38.93010995281383
27977,60.29010199615204
27978,53.1861300501619
27979,43.63087030407207
27980,47.57239781963439
27981,41.65214202839821
27982,50.445666694584176
27983,81.61787859512575
27984,53.892070917836286
27985,57.52510026080478
28002,50.22003769983772
28003,39.339243501294725
28004,40.736177145018765
28005,37.86181418327944
28006,40.26865402354225
28007,56.34361752076269
28008,49.62661437281415
28009,51.731074798728166
28010,61.398542532485756
28011,86.45518000415814
28012,56.650853926067626
28013,57.853089065324724
28037,42.95221953139863
28038,29.044673185686978
28039,33.346423439345735
28040,36.374960164849774
28041,63.62560544195552
28076,24.69236286066674
28077,34.4498523200306
28078,61.35622703412178
28079,40.4682844130318
28080,43.908821674139936
28081,41.19679256265336
28082,47.563108816491415
28083,43.17719675990288
28084,41.798687675641226
28085,48.894856512625836
28086,50.26108286908657
28087,70.342621449293
28124,48.03061555600275
28125,23.32796840458002
28126,35.38103154706217
28127,41.3927151744267
28128,39.340342149479035
28129,40.20906009276342
28130,47.11806289897187
28131,51.12644596559976
28132,50.634773424687864
28133,48.02434786638459
28134,64.35992504573142
28135,63.15958214169434
28169,32.231962164827806
28170,33.73633759802585
28171,36.34001899569179
28172,52.4344071862089
28173,37.53447872485098
28174,20.218138932629387
28175,27.50966911707525
28176,34.467618759301956
28177,28.7270803106452
28178,33.75846091564491
28179,34.11794534206751
28180,45.332395387206994
28329,26.653694601637127
28330,27.544418474577313
28331,29.716813962780208
28332,35.949863670049226
28371,38.36519137946573
28372,62.33256586389226
28373,62.476812480330175
28374,73.93433795107333
28375,69.20899216453347
28376,64.04937892341215
28377,50.462082887917376
28378,83.85912738897272
28379,73.42550867744919
28380,63.69477391511149
28381,71.27969250241327
28382,56.02659515202884
28399,50.09134675143713
28400,35.19453848324004
28401,37.773660017569135
28402,42.86503348842837
28403,48.13907742160776
28404,38.910693927230206
28405,64.08730371733324
28488,56.31326158904789
28489,43.580568156640204
28490,49.58033125068776
28491,70.03438198834061
28594,15.849299082351429
28595,33.65344697051195
28596,28.89828732986282
28597,28.577548097323547
28598,34.05308221197915
28599,37.24053351505418
28600,43.86955907069679
28601,40.78660984683913
28602,46.70153181269076
28603,42.290800397623165
28604,58.51377589767132
28605,61.782470803079995
28618,29.12256905169201
28619,29.924845740600652
28620,26.49326466039095
28621,35.1796044186176
28622,27.353509918537572
28623,17.547883317876007
28624,18.888636563345337
28625,20.068917703217643
28626,23.071368405350327
28627,26.878080925737674
28628,26.664434999986565
28629,30.793042376702722
28630,31.758726945689148
28631,31.43778273449511
28632,32.88583426540739
28633,43.608057648622896
28682,25.277929586602216
28683,20.346961681900982
28684,26.83518069322696
28685,27.69356697677047
28686,27.05072790924762
28687,35.09239544665926
28688,23.669960424997907
28689,41.33564803790633
28690,42.64735583474434
28691,32.81380942998878
28692,40.81124694278272
28693,59.12105126880422
28711,18.07333840584706
28712,22.57701445904609
28713,22.148771962409118
28714,26.920218406648107
28737,23.507383962143898
28738,30.576110459656697
28739,24.759984377336448
28740,27.45764294635822
28741,14.601811240784375
28742,17.17601944628009
28743,20.92955814651334
28744,24.200729884820767
28745,40.8139189374886
28746,40.97485632889261
28747,37.41068103556252
28748,48.97923111160815
28749,39.08421299275361
28750,68.7357395963538
28751,48.33529237470863
28752,55.6178493209866
28753,50.73197562750175
28754,54.53892615326489
28755,73.65077851542276
28756,54.14485069492402
28761,29.990491690927524
28762,41.254792003304175
28763,36.71351092682891
28764,29.53443556035957
28765,32.391893851498
28766,39.67647803977183
28767,42.47694422811802
28768,53.61271503661708
28769,46.29334527945195
28770,44.17238360137933
28771,45.29218841742253
28772,49.271369890960074
28825,22.850084026162957
28826,25.852534728295645
28827,25.102397375329865
28828,34.171230191250906
28829,33.31461327382323
28834,16.714410060900317
28835,35.34218803122523
28836,39.61224599954559
28837,36.5883038618904
28838,60.48276765527034
28839,42.312833446382996
28840,52.46915027305863
28841,44.95959590133727
28842,44.261370462485
28843,49.32144828164749
28844,19.77458033073194
28845,27.011986049888943
28846,22.965344880810918
28847,24.20996332079173
28848,34.26308144146037
28849,23.67564113678333
28850,24.94477157775402
28851,27.13416883526117
28852,34.81925949395318
28853,48.985662990284595
28854,37.59661362200444
28855,41.12325300899833
28901,35.28489269565077
28902,27.67336894514564
28903,29.711085723426674
28904,27.72844405556927
28905,32.01727985887144
28906,28.344349298676306
28907,32.87577676763589
28908,37.30835216865174
28909,47.22365881145178
28910,45.70628777958642
28911,37.815460108779945
28912,41.89920685305296
28913,29.346036899257623
28914,32.24118931594737
28915,31.150679419398813
28916,28.689335302082593
28917,23.94662241368506
28918,36.140308459576204
28919,35.84533587343481
28961,33.704178110741566
28962,38.40349704629731
28963,40.04511965057894
28964,36.126169371070766
28965,37.72944477986362
28966,28.306913356368305
28967,38.50423234269237
29047,27.89513715876174
29048,35.23984116336168
29049,30.362047078814527
29050,27.843864628877206
29051,35.29586691892008
29052,28.493144935669715
29053,24.72198417249557
29054,53.52876608313767
29055,38.06563969283783
29068,28.078253075091034
29069,28.56157068215164
29070,26.793525585180113
29071,26.954948335911908
29072,40.19630481419952
29073,40.8356536090755
29074,35.124234744016995
29075,32.61883664748578
29076,22.48262909553836
29077,36.057763621492484
29078,31.48530763044097
29079,41.70630131696013
29221,18.341362532216568
29222,24.774506433118926
29223,23.05963515630148
29224,20.434154420921228
29225,27.99345499640703
29226,25.42114808118087
29227,38.39473416842852
29228,32.43379778921638
29229,43.516639698795544
29230,38.71728937638759
29231,47.33929328507458
29232,42.07237861362408
29341,19.180636120036787
29342,20.521389365506117
29343,30.01015778869525
29344,22.023565361707227
29345,29.47556765175011
29346,25.7239302417864
29347,22.507833613902616
29348,27.983704518420378
29349,32.19265136413647
29350,34.573059198620236
29351,37.156033809880974
29352,30.650560910078056
29384,55.996287341508435
29385,40.1691949210739
29386,53.719732097425585
29387,63.315677910026984
29388,47.471964394780976
29389,51.17173691163197
29390,51.645083515146155
29391,52.82386711071282
29392,82.44209860400125
29393,49.54142761334415
29394,52.199068153459756
29395,78.52239896908677
29417,58.014316700663734
29418,60.86048041174957
29419,35.221783197176926
29420,38.31152341549043
29463,32.147218547679074
29464,37.83022509561565
29465,38.46742407333475
29466,29.71718277213832
29467,31.6930759797105
29468,49.14542088336293
29469,46.415697426792484
29470,36.94845393990317
29471,35.801672662625286
29472,37.54658926954312
29473,36.443339023441105
29474,37.80450730938077
29475,30.40637660350287
29476,31.372061172489296
29477,29.36058201565866
29478,23.281304389584438
29479,38.3310615895266
29480,40.77077982378844
29518,50.57652518907744
29519,39.75487098087538
29520,43.599147723795994
29521,59.15878966675276
29522,67.2263096651298
29523,42.64425315568775
29524,68.60210512627128
29525,47.79903292426707
29526,72.66143748661216
29527,82.27418947600549
29528,56.229817746808166
29529,57.658303647895316
29557,30.025965498365625
29558,33.78927761107771
29559,38.82474635194772
29560,36.46214092615442
29561,49.712115415700566
29574,29.454950908847607
29575,39.072003099919634
29576,40.82642903169131
29577,47.28248416921411
29619,57.76719330061474
29620,40.079717489298325
29621,63.784157487699936
29622,45.25372626885737
29623,40.78644498279045
29624,38.82386251394167
29625,34.75501307913668
29626,43.60595414738251
29627,52.309312675261154
29628,65.69154590611325
29629,43.776146713490014
29630,45.72487019876601
29635,27.800875636985094
29636,29.731294129823194
29637,25.65776186353068
29638,26.84435712804376
29639,11.302077260945918
29640,34.227958969685
29641,29.712686515549365
29642,49.465219066424666
29643,38.73362384770556
29644,49.32375672982073
29645,37.54935073089924
29646,38.8552547067024
29687,49.484134039361116
29688,39.90887500685053
29689,39.14328476822652
29690,45.109694998579045
29691,45.80746545379243
29704,16.698498743564453
29705,25.7865758737896
29706,28.499861001464925
29707,37.77154906819715
29708,33.95030424995013
29709,37.70971482903022
29710,31.43750774022753
29711,34.84697147372641
29724,16.575032293545185
29725,20.274446528489587
29726,19.1492404990409
29727,24.08210969401169
29728,30.51620424004883
29729,37.91503270993762
29730,30.50412998140287
29731,33.909303545895796
29732,36.68600394427371
29733,42.240983198751024
29734,42.2616318716151
29735,49.34888543317666
29736,22.77569422588912
29737,31.621623581555404
29738,34.945969140016906
29739,27.656340245840596
29740,30.243075425793844
29741,31.034965930040997
29742,30.48345921910127
29743,27.937859280178213
29744,35.221201250780325
29745,35.10790386364385
29746,57.677058347192144
29747,47.991696436064785
29796,30.74558053787338
29797,35.432812632318566
29798,51.76441623391236
29799,43.73750387514285
29800,49.560614650605054
29801,54.983427164767015
29802,43.987365128359016
29803,50.449597418266
29804,49.006155671672886
29805,65.98084032145886
29806,49.98366897177619
29807,75.98999936788098
29817,13.497572643511734
29818,14.034064070726421
29819,16.17907913445039
29820,19.289778767160797
29826,49.41817392231914
29827,35.92234697955309
29828,35.015885939551396
29829,42.85922722264112
29868,14.241240450938378
29869,15.099626734481873
29870,16.654976550837073
29871,18.58539504367517
29913,29.277611354072963
29914,23.327785060231204
29915,28.313828075356078
29916,27.510516902236198
29917,34.37017724615942
29918,29.626786350960877
29919,43.59851863804254
29920,36.998762385981294
29921,44.54222546167276
29922,47.57439277921681
29923,41.76184537469548
29924,41.135879990924074
29998,25.096182956646963
29999,23.770647780463893
30000,30.899379844033625
30001,29.24451138473812
30028,21.308046164824855
30029,24.525093437843417
30030,30.95918798388056
30031,25.224908906059454
30056,13.256246379487575
30057,15.990926690580316
30058,15.56268419394334
30059,21.19251692172583
30060,22.105027670558187
30061,20.175559822854858
30062,25.7512680853485
30063,33.73976180260606
30064,21.84010921492255
30065,30.746451538836872
30066,36.44728333989831
30145,31.252681955900698
30146,31.950596133847178
30147,39.39062939634204
30148,32.76581439507648
30149,26.4253854858044
30150,24.395115191805807
30151,42.850247286626875
30152,35.42434152479775
30153,85.4319590081673
30154,49.81133519469515
30240,28.500364795079115
30241,40.669689064072124
30242,33.38006016989582
30243,31.075523645709602
30244,22.024852344885062
30245,37.44369905612634
30246,33.57406791883494
30247,36.3911828311688
30248,36.943552261070806
30249,60.57274190779398
30250,45.46015552230482
30251,36.36524312919028
30252,27.322593095900146
30253,36.008050345969416
30254,36.17233024573354
30255,34.287766657051414
30256,39.71673981118311
30292,19.696005513898974
30293,20.55439179744247
30294,28.488761049411185
30295,28.811606550874767
30415,24.39030789504779
30416,27.821951738952233
30417,31.84326083022544
30418,29.844369983118526
30435,18.09623222608817
30436,25.17316583964815
30437,25.174116484782918
30438,30.375706715928438
30439,35.25445144561038
30440,33.63719572469987
30441,33.0418520688328
30442,32.176630652435925
30443,43.23990379201697
30444,37.65543356144016
30445,45.95743983083285
30446,33.78530543705656
30452,42.49696710792158
30453,66.16500603636607
30454,47.939657939336016
30455,48.58264495243838
30456,79.52277937179983
30457,50.369516011727285
30458,54.10648217443366
30476,14.04814542629475
30477,15.388898671764082
30478,17.748510306373927
30479,18.01723134254865
30480,24.986866670665698
30481,20.323669157004417
30482,24.880519030357533
30483,28.901828121630743
30484,30.349879652543017
30485,22.845654187480825
30486,27.134733669793995
30487,38.124727444049476
30500,31.104764241106373
30501,48.74323865257203
30502,50.27661245589543
30503,31.68764890853688
30504,31.23057016995933
30505,34.79518450847622
30506,33.424118825025815
30507,41.12590982788594
30508,38.49540781309181
30509,56.05046254130595
30510,48.768738522397065
30511,45.79905632303181
30517,16.648983388085203
30518,16.472546827702402
30519,23.049109633123205
30520,33.32498464327517
30590,24.082873907177074
30591,41.719657508086016
30592,16.60936714892304
30593,37.79232434503901
30594,31.08300184944777
30595,32.30141694570249
30596,38.95254935539988
30597,42.143980159323014
30608,32.59633702340337
30609,33.39056752921143
30610,32.34193745469587
30611,37.48219057209688
30612,34.927286767578465
30613,60.265131493986054
30614,46.61774034181477
30615,71.09935160874872
30616,47.03346492598414
30617,48.91921761223853
30618,48.45696817543734
30619,51.47904459562868
30655,27.098295531181034
30656,33.317793506332286
30657,23.07983837531214
30658,54.84431930865055
30769,19.605865431142018
30770,23.680348342569307
30771,23.78859727314702
30772,21.27041482320971
30773,31.081078102727645
30774,37.83611685995882
30775,34.83300370907953
30776,36.8900529585424
30777,38.17368785070095
30778,40.588064832060695
30779,39.563660732678606
30858,16.653600461427175
30859,18.10165199233944
30860,19.335106952365827
30861,19.76525073927235
30862,23.089596297733863
30863,24.805418219686082
30864,28.612130740073415
30865,27.701521281510608
30866,31.722830372783818
30867,37.888203882646216
30868,36.36701243195718
30881,31.02035977590456
30882,34.55930190525194
30883,31.37789083628008
30884,30.072539120828754
30885,36.125212982446634
30886,58.69360252195983
30887,41.013916690077245
30888,48.22897682741416
30889,42.93628109493607
30890,46.26278664727063
30891,46.826195949249175
30892,70.5281565932354
30893,29.629223991276284
30894,31.07727552218855
30895,36.32610060647143
30896,31.840033376304966
30897,38.624664428538665
30898,51.68780121759202
30899,45.39432046627053
30900,42.009862515519885
30901,48.68425053484737
30902,45.12330413592024
30903,58.771754454476735
30904,69.78317547714153
30993,35.422288274858
30994,29.901655122787986
30995,29.399732126345324
30996,27.296628962050004
30997,9.592977141057075
30998,38.04464821234462
30999,30.36223621835839
31000,49.9283918461559
31001,36.69957507572565
31002,44.28848101426751
31003,43.41326808959406
31004,47.703606457332334
31005,30.610793533512627
31006,40.024458294289445
31007,30.974027103735082
31008,33.17695230140259
31009,18.624201942138413
31010,17.285349986938634
31011,21.896324325580608
31012,26.292702093336707
31013,24.512629267987272
31014,27.301434044368865
31015,14.58699896291623
31016,27.8104526785236
31042,28.646308866180156
31043,32.92598168597416
31044,34.8998261807801
31045,34.59870040080079
31046,30.827947657693507
31047,44.52853954816395
31048,40.136516774098375
31049,44.05891787759952
31050,46.37058984103852
31051,59.36937590533281
31068,20.049773176701407
31069,29.538541599890547
31070,33.42563590494424
31071,17.08392385141123
31072,34.040939790219895
31073,39.013511633490666
31098,19.08922280784375
31099,23.379252935291685
31100,28.954961197785323
31101,25.471094178861573
31102,32.33343122153568
31103,31.55438712336202
31104,32.190959941536555
31113,33.99759883645802
31114,46.11374928529696
31115,44.82807115025126
31116,37.30373078108442
31117,21.982094421374185
31118,16.568759554747114
31119,25.25421680481638
31120,32.49162252397338
31181,16.237481101500514
31182,18.00742748874159
31183,23.475837465792285
31184,25.031187282147492
31185,23.90598125269881
31186,29.374391229749513
31215,22.23435416466816
31216,40.728679902956785
31217,35.688987431433745
31218,42.64117953488737
31219,47.986432403182775
31220,45.78746174070745
31419,30.24814455706565
31420,23.929696403870192
31421,28.896078679624587
31422,49.25187312533496
31443,32.95286745254673
31444,47.7112825081746
31445,31.07439857992984
31446,31.363626791127324
31447,29.98907876555679
31448,44.369183151905226
31449,57.71991857652332
31450,67.35285932074444
31451,59.71739761120177
31452,41.71668016687864
31453,45.58251498494564
31454,45.68100075505946
31483,49.51898602036441
31484,36.75487578421649
31485,49.86388519831496
31486,39.81046671361996
31487,40.892441406507785
31488,26.92078953889312
31489,37.58888845681978
31490,24.206653366849697
31491,39.60040394451018
31492,40.84301453786307
31493,55.72918612599093
31494,70.62398415986942
31495,51.02482829698621
31496,40.71864071795094
31497,57.551665995102894
31498,46.960328828504345
31499,36.188676202535966
31536,32.73345926583338
31537,37.67017930484608
31538,38.92273830436611
31539,59.99808204039657
31540,29.217949583775194
31541,64.27227406488205
31542,35.08401331826945
31543,58.28485244047125
31544,49.70465831408236
31545,58.224969342598555
31546,46.434001914838824
31547,63.58042944334985
31548,24.160865755428205
31549,24.9338112137419
31550,46.14967628269215
31551,31.36221796735927
31552,45.686032064185845
31565,29.267855909031443
31566,34.08367319978323
31567,36.977373513783164
31568,33.792026765680454
31569,39.32991857377732
31570,49.373826772089906
31599,24.131761312363334
31600,28.63543736556238
31601,35.605072693679425
31602,27.46749465383636
31603,35.0628517608688
31604,30.242376295340435
31605,34.97490194403171
31606,37.262279358274455
31607,40.23933425164749
31608,38.480867785657225
31609,39.52447298346316
31610,43.15136613105782
31627,26.710475657154355
31628,30.98489573485172
31629,30.764067408558468
31630,32.47356219720516
31631,37.073955286883404
31632,58.02197783064663
31633,62.41389818626562
31716,28.2974644550633
31717,34.56400917819423
31718,34.70084861938688
31719,16.665966282454715
31720,37.7183713890802
31733,17.228653964982122
31734,19.695563885034897
31735,26.184733541495667
31736,35.24525946804783
31786,18.540302767386574
31787,21.75830068553991
31788,23.09905393100924
31789,29.211253620717564
31832,44.87011987178029
31833,48.354937535838815
31834,46.39261649694746
31835,43.91064227587875
31836,61.636136386823864
31837,48.958393259337086
31838,73.05738181049207
31839,51.18529289918189
31840,52.063324274356795
31841,74.6539819423381
31888,31.348821850360494
31889,48.360484486742216
31890,38.009909638306695
31891,37.05633397052292
31892,37.099623932144375
31893,42.00406795090282
31894,53.32356200579028
31895,57.35279930185458
31993,59.03909828690355
31994,53.30121013313502
31995,62.69235555319924
31996,60.37586372384404
32014,28.79699999444679
32015,20.328040605532948
32016,28.744776819427482
32017,28.49145611900202
32018,27.99977743070448
32019,23.910486272289873
32020,33.65687292849579
32021,31.406645337430824
32022,29.96706020439355
32057,31.420859818294147
32058,25.471033524452388
32059,26.871680174874502
32060,25.677301777700848
32061,31.827274274307428
32062,32.1048524292346
32063,29.333976632972405
32064,25.73710147878171
32065,31.419190370294423
32066,43.90537851365317
32067,33.8859099522998
32068,33.859821499459784
32119,16.26325496211819
32120,17.121641245661678
32121,20.3928129839691
32122,23.449388151390654
32123,26.881982640429865
32124,31.49295697907184
32125,34.81730253753335
32126,34.978725288265146
32127,27.533004976641777
32213,34.1765644901514
32214,23.83131107368831
32215,28.701152121789544
32216,29.753919074201363
32217,28.627028309969713
32218,40.263463275027824
32231,21.93623274453438
32232,44.30023695777744
32233,35.25737841568149
32234,37.985935600274715
32235,49.577895398293805
32236,27.879443804867087
32237,24.38257508740112
32238,25.323800882352128
32239,36.525039536262945
32240,26.27858419572483
32241,40.49116929943513
32242,38.87261389363935
32243,25.067879876214796
32244,39.513600183277084
32245,43.49096499787792
32246,48.95990410551644
32247,45.7216122116959
32353,22.910387283482617
32354,22.214374395805685
32355,26.773125559428358
32356,26.077112671751426
32383,18.599336521090873
32384,19.994214231849053
32385,21.067197086278426
32386,22.569373082479554
32449,18.356905010755494
32450,20.234149683439508
32451,20.717467290500114
32452,22.112345001258294
32453,20.772542400923736
32454,25.276218454122777
32455,34.014849524346126
32456,28.279619801390247
32457,27.10123995178748
32470,31.18894898198073
32471,34.44724131095713
32472,32.85119090834631
32473,40.090682306417754
32474,39.353125995949384
32475,57.17611386070271
32476,48.34894131827505
32477,56.907082186683766
32478,50.33886213938085
32479,63.07600579562733
32480,59.357945965992236
32527,41.347951244843266
32528,26.911453159075528
32529,32.09753365228169
32530,32.53163837092472
32608,16.941542240684846
32609,17.263437097013664
32610,23.590233357607858
32611,21.76901444048224
32627,11.880388879250534
32628,16.8664318943754
32629,29.178291928648754
32630,20.075606766452832
32713,27.185961729858306
32714,38.65832246603962
32715,20.454111613129918
32716,28.651165835575355
32717,31.880285218369238
32718,33.82379025329377
32719,38.18238811290868
32720,41.81021995766263
32721,39.51351429047303
32722,39.95736725460946
32723,43.878776598719575
32724,67.09217281629697
32725,27.504526003739926
32726,40.74588248202753
32727,32.97388662592539
32728,32.404614972883515
32729,38.82864671437499
32730,37.966651998646164
32731,31.75864854205404
32732,45.50297443750577
32733,70.01389994049947
32734,68.39202165907341
32735,59.13559804839771
32736,65.4959943823118
32741,21.066725088186537
32742,27.821763845417706
32743,26.10689256860026
32744,25.625476251809207
32745,37.895127191778734
32746,33.31074213617842
32855,31.550855117237113
32856,27.424149030790517
32857,32.03512336943249
32858,28.658554635951674
32859,32.60743539675334
32860,28.832296850410785
32871,4.210938082917453
32872,5.283920937346825
32873,6.731972468259096
32874,9.03841028271486
32875,17.66974306749527
32876,13.543036981048672
32877,23.83606722249245
32878,16.4391400428732
32879,22.068972770655698
32880,26.928333023706525
32881,24.62609544068746
32882,25.505206655328767
32901,22.328236173555045
32902,25.009742664493704
32903,22.062367072784635
32904,24.689749098434433
32905,25.319373883528158
32906,33.09325780371273
32907,21.65765687760372
32908,35.0578645241577
32909,59.08321449686595
32929,39.89549270878883
32930,50.40311952111848
32931,34.32194385761653
32932,37.69835292109343
32933,40.30456809499109
32934,36.78294848486803
32935,45.29372791808931
32936,69.19951283710745
32937,38.11705607354757
32938,46.72804507360728
32977,13.205738062768424
32978,15.08298273545244
32979,15.13710720074129
32980,17.3894205499082
32981,17.765439871525867
33029,40.43915059134789
33030,20.028665816898624
33031,38.20496432845283
33032,44.59176767527993
33033,38.571543147935955
33034,41.65303423488839
33035,41.70599487067705
33036,46.83282188415308
33037,52.11923076994432
33038,42.25200688579994
33039,45.53362126460252
33040,52.33857312828433
33107,42.87113472850381
33108,40.166281267485644
33109,46.093511175251564
33110,55.91869123190765
33111,46.18458608113527
33112,53.965733368898306
33113,48.02341171617915
33114,54.15475406557202
33115,41.57949301453854
33116,51.550725153920084
33117,50.308372281723834
33118,53.27102493603771
33119,27.32972176866403
33120,32.128454706985
33121,26.246143168049326
33122,34.81872760368867
33123,33.709627825659304
33124,31.92523722485999
33125,49.77276745250372
33126,39.56483472748177
33127,37.60715186044472
33128,48.44181900202892
33129,38.60790988876425
33130,40.84421616868672
33135,32.65180015024134
33136,27.9649240568094
33137,29.133607367316568
33138,30.232864272055576
33139,32.42606830020779
33140,25.393418013657676
33141,44.81119225193438
33142,40.8632348006127
33143,42.65461617830267
33144,41.536121890306504
33157,36.774754222305084
33158,41.77443475213757
33159,34.83159199338566
33160,40.68922936726222
33161,45.29661557573735
33192,20.82929681303386
33193,21.205316134651525
33194,22.546069380120855
33195,29.5157047082379
33196,29.3020587824868
33197,25.38994926692607
33198,31.072955814862645
33199,45.42605691841031
33200,31.242098268438852
33201,34.3036931678891
33202,37.34529017241791
33203,43.73368941776006
33204,29.245217072560393
33205,24.776034541884236
33206,31.949206351626458
33207,25.569147654577566
33208,41.5003498101305
33209,33.976266515652874
33210,32.48566962970859
33211,38.616574523316146
33212,32.73657740192942
33213,43.70669195678862
33214,41.10333430306787
33215,34.33336115410865
33228,23.788083069490472
33229,26.41546509514027
33230,25.987222598503298
33231,28.721902909596043
33232,26.04229770892693
33233,26.525615315987537
33254,25.160620362052008
33255,24.518731939663926
33256,30.98418420461182
33257,33.36760556986384
33258,16.016321038308213
33259,17.840391890838145
33260,19.127971316153396
33261,20.844743883240383
33262,20.986920709047265
33263,22.059903563476638
33264,23.13288641790601
33265,27.851159041990925
33266,23.7776267756984
33267,21.312618145915167
33268,28.817794256112133
33269,24.047298457007912
33270,31.137207362726492
33271,31.570927505222294
33272,29.310091800122002
33273,35.633867507633
33274,22.99061338107629
33275,19.61404464759548
33276,32.105263772917304
33277,28.246328077510668
33278,30.85917920595474
33279,30.63392950885052
33280,27.343833471927674
33281,36.56485477052487
33336,38.15198526117769
33337,30.112219014035592
33338,30.54287002790801
33339,39.208113374653934
33483,17.99844331512324
33484,20.41122876988716
33485,21.269615053430652
33486,22.235299622417095
33487,26.203434893536222
33488,27.436889853562608
33489,37.83721838044933
33490,29.74332766801838
33491,36.12330439771764
33492,41.1093474128425
33493,28.91667619539067
33494,60.305844680083595
33495,30.214816817769528
33496,34.01111118631978
33497,46.626397522361884
33498,39.73324939003478
33499,64.45249684122493
33512,35.84544831256881
33513,19.038814147503217
33514,30.398463357695242
33515,29.894818790240564
33516,49.44055367275355
33517,44.60480870215937
33518,41.038708526649096
33519,40.306415822822416
33520,46.98556524854989
33521,51.405520473555605
33522,63.256472903227525
33523,47.85746367071424
33528,31.641035943993586
33529,35.19125740322366
33530,41.7359919575987
33531,40.099738900742416
33639,15.476789782154682
33640,18.426066664133295
33641,18.31971902382513
33642,25.611249208270984
33659,35.86946715162797
33660,32.94293687634965
33661,40.36000352288659
33662,41.69933018662452
33716,32.11712125391478
33717,41.445417571506894
33718,34.35742130332825
33719,33.659491027154516
33720,45.892434905187635
33721,35.93008102220404
33722,63.23802226143443
33723,50.770967825312255
33724,39.86552218025272
33725,58.95655252122572
33726,46.88833707631401
33727,60.19671961883283
33958,22.176805170164847
33959,21.695388853373792
33960,30.219423352711264
33961,30.058951247114244
33962,20.41066136346287
33984,16.74892067569827
33985,23.558083898218296
33986,24.52376846720473
33987,27.151150492854534
34035,15.956257415725705
34036,16.921941984712134
34037,18.316819695470326
34038,18.96060940812794
34039,22.87462021395822
34040,24.805038706796317
34041,27.9689121596608
34042,27.326073092137953
34043,27.70209241375561
34044,31.241034543102998
34045,38.05019776562302
34046,43.94780088444548
34047,45.75365195510799
34048,39.3057755138373
34049,60.77535920493041
34050,61.99945056031039
34051,70.91531205444232
34052,43.37158797648212
34053,45.03338441074349
34054,47.10968662313862
34055,48.12049062394733
34056,74.23663267968439
34057,82.85757297111772
34058,87.46020871063132
34063,37.3455669557588
34064,33.01273428492186
34065,41.53916218350775
34066,42.627026371322145
34067,40.5394672982083
34084,22.355251432815844
34085,20.265311479515503
34086,26.69940602555263
34087,27.772388879982003
34088,33.08032675143569
34089,30.293423265323653
34090,32.59267870085794
34091,27.07897342797814
34092,42.496145334698106
34093,33.542187557613545
34094,43.216022517011645
34095,54.676807623818235
34108,32.6060465207612
34109,32.0173319185272
34110,32.39072162963796
34111,36.08792243132358
34112,44.02767927091516
34176,24.505348955465962
34177,22.897775964091448
34178,19.84310208693945
34179,31.122629613219722
34180,27.835064626954647
34181,34.027524902120234
34182,37.67154753385071
34183,34.3678394495582
34184,37.377282214185634
34282,25.026012338019218
34283,18.218750405768734
34284,26.475014514066253
34285,31.622480279922918
34334,17.72543586398069
34335,30.64584813107426
34336,32.04072584183244
34337,31.666607810484336
34427,41.90098899849942
34428,48.02708811291731
34429,37.87380585117372
34430,49.93660700699197
34431,44.528538387080836
34432,40.12218768961496
34433,45.51924088256658
34434,25.055693100714937
34435,35.720714337165724
34436,33.93264067722929
34437,36.1152334900262
34486,33.17101805602799
34487,38.85402460396456
34488,44.80480154294109
34489,38.69450314350232
34490,35.36992534907586
34491,44.28937095616417
34492,43.798391358644466
34493,39.313166191148206
34494,40.946024385255534
34495,42.03752189094333
34496,48.36318828942816
34497,45.917053119360055
34538,15.130882477325127
34539,16.633058473526244
34540,18.56442761149912
34541,23.97966376839573
34594,40.48737291752188
34595,33.724313382995575
34596,46.42473214300422
34597,40.66152379801158
34598,17.37102613596494
34599,13.297493869672426
34600,18.068940313911423
34601,23.109107794325148
34602,23.96749407786865
34603,27.506436207216023
34604,29.651451270939997
34605,25.41744689905046
34606,28.13399546869012
34607,30.003442831638335
34608,38.17180468665352
34609,44.957247229289585
34610,32.19711352658857
34611,31.179205782582834
34612,32.6258201793962
34613,34.936078028452236
34614,35.6717827318271
34615,35.332476349214105
34616,36.03398797710575
34617,24.14203343844159
34618,30.201059307995827
34619,33.954598008229084
34620,33.47318169143803
34621,38.37205089891222
34660,22.015471178814476
34661,22.820683642203885
34662,19.390941088568997
34663,24.484282389136794
34664,36.041019689334334
34665,37.368550837684666
34690,17.144052693039214
34691,21.11218796415834
34692,25.026198769988603
34693,23.311327493171166
34694,27.707705260927266
34695,26.26155502028454
34696,29.640025044034903
34697,36.23459169566906
34698,43.88745418409174
34699,43.0407120234753
34753,14.34688599405547
34754,15.90223581041067
34755,29.894680286798845
34756,33.326324130703284
34757,20.300514868436316
34758,29.28336605276214
34759,44.38391584090645
34760,34.82471673433537
34761,51.42296418689056
34762,38.09232031675382
34763,42.29306560925533
34764,39.46462484090637
34806,22.767509822049806
34807,28.719237406161113
34808,33.75940488657483
34809,30.719761319866933
34810,36.11757199348826
34864,20.5670719658054
34865,23.028352588605692
34866,31.320208293928893
34867,31.399489563341753
34874,28.25266293228306
34875,29.862137213927117
34876,30.32116495334396
34877,43.61540804459629
34906,32.50002665214017
34907,25.80006300533264
34908,29.749497413395908
34909,32.384421690500346
34910,35.71393637817961
34911,39.68432526758681
34912,28.22565860201141
34913,37.21158502768165
34938,40.32972610392208
34939,31.676456532213756
34940,35.05570296127875
34941,45.53277597966488
34942,34.3458110279735
34949,24.828345332285277
34950,23.810437588279537
34951,28.327844349046757
34952,29.085143494894748
34953,27.99785820580379
34998,41.241848426658095
34999,32.889332480507804
35000,36.1752394543585
35001,32.12500546733549
35002,59.066719780079524
35078,40.30242527853878
35079,27.17026837596365
35080,29.001431946393467
35081,37.41064047065163
35111,19.94798860427701
35112,21.02097145870638
35113,27.347767719300577
35114,36.675609540627
35115,21.457253694353316
35116,20.60528145211636
35117,39.597785384371456
35118,34.2918132446892
35119,41.44971126143935
35120,34.70791030154287
35121,37.45173503915224
35122,44.96220552878492
35177,26.462532053994586
35178,39.36355054302905
35179,34.15634876215096
35180,32.84157952278524
35181,53.055119436897215
35207,28.46545588548735
35208,29.216543883587907
35209,34.98289238355405
35210,25.269995682382536
35211,25.838377465284594
35212,31.482890954623237
35213,36.413633988764715
35214,41.56955649248832
35215,38.125678492135634
35216,44.70456186249104
35217,39.911333979059556
35218,53.86394505769245
35277,32.030157047086206
35278,35.80002190875346
35279,38.58327787377133
35280,60.148292549129756
35281,42.903443353446285
35282,41.97680044846517
35283,47.42465143529407
35284,60.951405773325234
35285,75.222176247254
35286,45.246456590313414
35287,35.049760388586606
35288,36.075210038071944
35289,38.80551334633479
35389,39.56620284362806
35390,41.01425437454032
35391,27.18961197231841
35392,39.07994513925776
35393,40.94741812024608
35394,25.957649839079696
35395,39.6562788096952
35396,41.11503965582772
35397,42.3736756402834
35398,47.31447452045269
35399,48.18945931379048
35400,46.57333245468877
35401,31.113140058516315
35402,31.20846631741646
35403,38.59316079636333
35404,31.62971596372988
35405,47.63669162992902
35406,46.8231184500136
35407,42.2758329885465
35408,57.77718980639934
35409,48.89190210540951
35410,41.90020839346691
35411,47.22167639775304
35412,52.50564641765098
35438,23.84534649787129
35439,34.99581237772379
35440,55.39240942613763
35441,32.53067217846008
35442,42.01090676434039
35443,34.06135391244203
35444,42.28252800635739
35445,48.28243075050852
35446,42.183197892217166
35447,71.17325490863138
35448,62.31756511068357
35545,71.6821022917338
35546,60.3570133514444
35547,47.41904252728892
35548,58.68880088713991
35549,66.87255926549071
35550,57.868332589345876
35551,67.76617090858315
35552,54.86332139236356
35553,75.28995400592046
35554,81.37724851162031
35555,56.301783798055204
35556,60.010562926936984
35557,27.385946556930357
35558,46.603797903070635
35559,30.42522907448376
35560,34.801633181048636
35614,34.945252319802016
35615,51.671426462148155
35616,32.65624363492662
35617,38.61157019555096
35618,39.14797077405471
35619,36.85261530629632
35620,31.967078875603306
35621,24.52018933681382
35622,20.76855192685011
35623,38.03026685127616
35624,33.20659723201785
35625,32.88565302082382
35626,34.629066288960516
35627,34.22743939467047
35628,33.653482723341305
35629,37.763885868358635
35630,17.1359480665642
35631,36.86374801999282
35632,38.93498875339817
35676,42.42593462034062
35677,41.29158452964756
35678,45.23694608010027
35679,44.437217236557416
35680,49.734812210842684
35681,58.62333681211892
35682,49.050024555914426
35683,50.611007561882396
35684,65.21025542158776
35685,52.18692339446121
35686,64.1237926611418
35687,57.613431282245315
35706,27.46524191979893
35707,27.733962955973666
35708,32.72000597109853
35709,14.131226354643157
35710,20.545927014866507
35711,22.958712469630434
35712,26.3194194024248
35713,31.26464000020087
35714,26.037778430983714
35715,17.707351977717362
35716,35.88755354578455
35717,44.19209309237302
35718,27.413814788737955
35719,37.00988149737003
35720,29.93396303422257
35721,32.62984175184283
35727,22.439669998610068
35728,31.125127248679334
35729,11.335446199563657
35730,27.709457203109235
35731,33.91559028264707
35732,37.60474711977214
35733,32.52786452793861
35734,36.82283633077521
35735,44.94779210844967
35736,43.263519936267215
35737,39.51032437357058
35738,38.42415080664611
35745,22.20014735226748
35746,21.87920314107344
35747,23.434552957428636
35748,21.344613004128302
35749,22.417595858557675
35824,24.385459261041518
35825,25.24384554458502
35826,19.240845430589182
35827,21.868227456238984
35902,17.89907942401077
35903,25.461231934900905
35904,29.37524274073118
35905,36.345828713982996
35922,28.612070085664236
35923,30.649786863945266
35924,18.151310847581016
35925,36.61594698999007
35926,30.03597639516495
35927,37.111843933791896
35928,37.47405334861954
35929,35.03872852368435
35930,40.4158897511594
35931,38.84607480028797
35932,40.053558135261724
35933,40.79537787391403
35974,23.8956010792609
35975,29.953676303680357
35976,32.6883566147731
35977,28.186581851843602
35978,45.12640191994085
35979,29.167038251418642
35980,42.87243932676518
35981,33.874342056228514
35982,60.79729753201063
35983,41.78374622271915
35984,35.999487730575886
35985,41.03897755894069
35986,18.421869008546892
35987,30.324373531634727
35988,18.31108853955754
35989,35.23348635936841
35990,39.306921891928866
36068,23.902033606621245
36069,29.026512984437915
36070,36.52568597434877
36071,35.62232524886677
36120,35.429473110105846
36121,32.873679222436635
36122,42.80336085998788
36123,33.015884405234736
36124,67.8005173468899
36137,31.729202245735003
36138,38.5915392884091
36139,29.800685043166453
36140,35.70199849404655
36141,38.58839954771718
36142,37.76168229414339
36143,37.50994194562049
36144,35.93419049675425
36145,48.11614393035023
36146,46.475021410896666
36147,39.675251600706886
36148,70.34104435449802
36192,33.574466900146255
36193,38.21250615807397
36194,40.57834417480855
36195,39.93795552243869
36196,50.909143577828225
36197,61.393092270291305
36198,45.51124391539888
36199,57.87408821274094
36200,54.17814457305081
36201,59.477026369121056
36202,78.31392058803488
36220,31.819795877739338
36221,27.87430362616375
36222,20.23969072742221
36223,36.300671054747774
36224,32.36167166838972
36225,27.459405448793518
36226,43.45413130210716
36227,36.57128303422224
36228,48.60411912586246
36229,45.80656033159796
36230,47.17828541917769
36231,43.444862136573626
36245,39.60403764093527
36246,40.14147971328472
36247,33.63542863241593
36248,37.38692386871293
36249,32.1264854895425
36250,47.27555100058811
36251,37.97532477975168
36252,36.49415179264632
36253,36.02291051738667
36254,38.98101336632676
36255,31.9591548631904
36256,28.62202355333369
36257,30.405664439187213
36258,33.158612069207074
36259,33.624032286870076
36260,29.79235580246946
36261,29.884339037821515
36262,35.76625857501266
36263,39.035481730229655
36264,38.43985392742293
36289,13.791978780922726
36290,14.221171922694472
36291,15.830646204338532
36292,17.815189162465476
36293,19.26324069337774
36294,21.408255757101713
36295,27.198560590481225
36296,23.44692318051752
36297,27.950599233716556
36298,28.808985517260055
36318,30.369903710966696
36319,31.817955241878956
36320,25.67735077804233
36321,35.245772572265956
36322,35.821763635755225
36323,29.315384222221947
36324,51.831985355776254
36325,38.260559473693554
36326,49.22188780746426
36327,41.30850013788312
36328,41.641135804378344
36329,47.01308506041908
36330,63.59274898001207
36331,46.30120222835698
36332,54.50891442375328
36333,58.620520221478266
36343,25.653480635948696
36344,8.677387355407662
36345,28.633887689714072
36346,27.98688480984109
36347,33.946494863952275
36348,16.320458356247318
36349,12.544200046970287
36350,38.838059955106026
36351,48.902214963183134
36352,38.679217725736315
36353,37.236060126082855
36354,36.55136460651035
36367,18.494606066494892
36368,32.593398183191226
36369,27.930200669529945
36370,26.537224249041305
36371,31.040900302240345
36372,34.10216163546043
36373,26.870105618029662
36374,41.14239913557971
36375,35.582699970643326
36441,25.645680932385012
36442,31.580555152997775
36443,46.26909066899824
36444,31.540862552135856
36445,39.30416887515597
36446,37.86573475029747
36447,37.203598179284164
36448,41.88126985059734
36449,58.812162359397306
36450,82.20893030968335
36451,53.47285017535347
36452,43.55382383455234
36453,20.626401660403893
36454,23.426405679334195
36455,34.95124761503062
36456,35.948307995601986
36457,30.40148918667675
36458,53.76828467269595
36459,40.09722585733093
36460,48.1894213351457
36461,42.92337397710952
36462,63.47414979731969
36463,51.254236756721454
36464,50.51099435801084
36523,14.781498902078486
36524,17.570303678460075
36525,19.286125600412294
36526,30.223896199648472
36601,25.373971808474046
36602,34.487671555180285
36603,19.96158758698175
36604,38.884999968071156
36605,37.918517041332564
36606,32.526464392700845
36607,41.931775653265696
36608,29.49402150074318
36609,37.44820242713856
36610,36.83646796327842
36611,36.138418421953794
36612,36.47595898030519
36618,36.18798801677238
36619,28.67770238310323
36620,33.16313718541821
36621,44.185947179640195
36637,38.28020877323203
36638,35.8152001434488
36639,52.379951535063135
36640,41.25923298985847
36641,34.69589522537065
36642,68.83125738647772
36643,37.30164873556185
36644,54.98377684807632
36645,52.54937026650379
36646,69.81523593229747
36647,37.9165463768013
36648,41.18771811510873
36649,41.456439151283455
36650,45.26315167167079
36651,47.783235411877655
36652,50.410617437527456
36653,53.627664710546036
36658,41.983872784829735
36659,41.42181660844542
36660,42.67845793951825
36661,52.9561784686067
36662,44.019806847563075
36680,36.94334753673372
36681,36.75471475438634
36682,35.79418589103082
36683,44.62387986554195
36714,26.08777095967043
36715,23.998781651504853
36716,35.7398634238609
36717,32.68104150083459
36734,38.944643333764404
36735,42.254352731616635
36736,40.96397380577539
36737,53.9800499189153
36738,64.08757197847785
36739,59.58233236808426
36740,48.10204044147443
36741,52.28515293795357
36742,47.065770418392304
36743,44.6819712250838
36744,73.05548028610826
36808,31.296917533821784
36809,30.274415370216026
36810,15.75371491519012
36811,32.3762981525994
36852,27.70784141325917
36853,26.342879331779077
36854,8.789365616117236
36855,42.05183754707724
36856,32.11495593670554
36878,17.964204671929593
36879,16.088861289515126
36880,19.30590856253369
36881,28.41960830923993
36882,25.579531002973805
36883,37.26648831004099
36884,38.87596259168505
36885,36.08905910557301
36886,38.45385266910135
36887,31.385710784865076
36888,32.056869512857354
36889,29.8542471114883
36890,34.24876431345618
36891,63.853269145354595
36892,37.50383730935516
36893,40.28194291218708
36894,42.62724385995841
36951,31.680450992880637
36952,24.50561969522859
36953,28.286593244277118
36954,37.41033765574626
36955,29.96930345630097
36956,54.01134911196277
36957,36.74697733610906
36958,34.13746010727414
36959,38.31784761534823
36960,36.221311350393634
36961,43.78864563998537
36962,41.571481168842965
36975,28.050534884458585
36976,43.63933729720612
36977,46.68387864249312
36978,63.74415290708075
37010,14.067605804114846
37011,16.80228611520759
37012,17.660672398751085
37013,16.642764654745346
37014,21.790230420602004
37015,27.04404382676683
37016,26.99087000661275
37017,25.115526624198285
37018,39.530406737316625
37019,34.32047665494201
37020,23.514323373873335
37021,38.431476754490646
37022,38.22714073600668
37023,54.27833519380432
37024,32.34381976006774
37025,41.483766808847044
37026,40.2314950001036
37027,47.77259312488793
37028,40.83369877030988
37029,50.30821281543988
37030,49.03370258695114
37031,43.74480404275531
37032,57.40040148617556
37033,65.8760708183739
37034,33.012636595800174
37035,27.384705158287225
37036,30.709050716748735
37037,24.00908706994118
37038,29.29883650601044
37039,29.062482343550585
37040,29.488252953524654
37041,29.119747823322392
37042,18.184829159490544
37043,26.066024591305172
37044,25.209539598031213
37045,33.99383319497096
37046,32.221087180249256
37047,29.131167579197715
37048,30.987742199116212
37049,35.171194731184386
37050,50.92181121547895
37051,41.30546832921257
37052,37.136936620598995
37053,40.29732290920296
37054,33.59735926239541
37055,36.57804841928126
37056,42.446222044602884
37057,54.10138630418701
37058,48.84852354315696
37059,45.721467348235684
37060,40.70301961092691
37061,70.66746209231238
37074,30.82820648318915
37075,38.547979164271986
37076,28.310024033251835
37077,30.45503909697581
37078,29.550214804079605
37079,29.778471411636765
37080,32.32192566472187
37153,25.789312232211504
37154,32.919419665925574
37155,29.757447503330628
37156,40.60040212587184
37157,35.064860169853624
37158,34.2988180782092
37159,37.662529571170445
37160,46.54315899144763
37161,43.004610142878114
37249,24.70787350841272
37250,31.570210551086824
37251,28.51553667393483
37252,28.38971663443019
37253,34.06302780408648
37254,40.9463580791522
37255,34.21842673744828
37256,33.67610622633457
37257,62.63611232112658
37258,39.05119162314834
37259,37.921046574155724
37260,47.35869529704271
37261,15.883970899848343
37262,23.228674904448287
37263,23.28375001487191
37264,24.946398116670046
37265,21.677127668632178
37266,25.32336808342249
37267,22.17630411912314
37268,33.772837232508785
37269,32.389616483110856
37270,37.44206660833245
37271,40.361190643405905
37272,40.73103210195249
37308,33.38311037360636
37309,40.7278143782063
37310,44.802297289633586
37311,30.036875717166023
37398,30.909320935449102
37399,33.61417321403127
37400,39.78046997871159
37401,43.69836164743825
37430,22.91705363576286
37431,29.564794107551098
37432,29.08337779076004
37433,30.464912353765435
37434,30.252018439625743
37435,35.97924708403441
37436,36.26241117674205
37437,31.68498112724356
37438,28.50949975277417
37439,44.22410723347088
37440,48.194172355729755
37489,30.3880798621476
37490,58.5216129217693
37491,44.19340887251849
37492,45.09268503075507
37493,34.01829340096513
37494,37.074062720440544
37495,39.651367595832944
37555,27.932101959799496
37556,27.986226425088343
37557,25.950410937076867
37558,33.777481903602634
37559,24.611558981877092
37560,36.67358496542717
37561,36.46526778229035
37562,37.42462705532993
37563,33.33059896210583
37564,44.391966112972646
37577,29.269177231492883
37578,26.287755532344047
37579,34.35352461966691
37580,34.21061506858398
37581,37.66357913403624
37653,21.19551600666517
37654,32.34598188651767
37655,34.2116430769225
37656,31.978615559621296
37657,31.348975143015146
37658,32.94575360610565
37659,46.82447810128464
37660,56.07800377040295
37699,35.190154903842505
37700,38.311765215117724
37701,35.54113675118684
37702,35.32030842489359
37703,61.32573049153003
37704,41.351562504813955
37705,43.78050220029881
37706,53.606475156625
37707,47.32333214725085
37708,42.32149269800085
37709,47.458587583220634
37710,60.514307930766826
37756,40.79734663126731
37757,47.659683673941416
37758,39.08342599958464
37759,51.79167166291702
37760,37.81167499524453
37761,53.290446994958565
37762,47.98367055471539
37767,27.485881580287835
37768,33.06158984278146
37769,36.09215778557492
37770,39.758243550527496
37771,34.552247171891985
37772,47.36522196979707
37773,59.53222867920201
37774,44.80421324179769
37775,46.5578369221567
37776,48.30797037924115
37777,53.91996632605331
37778,76.31162395590138
37816,24.966021290229154
37817,29.041454846791215
37818,37.99468248790044
37819,16.468042449761455
37862,26.022553226549473
37863,30.633527565191443
37864,21.73537503450585
37865,25.64938584033612
37960,27.128792248244757
37961,29.273807311968724
37962,23.753174159898713
37963,31.27423531084719
37964,31.346341400738297
37965,26.93071884574843
37966,32.06712691252019
37967,34.44912989492032
37968,43.77079473097101
37969,43.37931771016412
37970,45.06598885392449
37971,38.47491147307628
37994,32.17274736116633
37995,32.6329149687333
37996,38.239321518036846
37997,50.57833528561896
37998,58.58345326724136
38021,36.18741542296224
38022,40.4764949052754
38023,34.2588982203937
38024,34.38538870220801
38025,37.59015887443442
38026,47.05156930065183
38027,37.536654298378096
38028,47.533691898667655
38029,52.28841985034036
38030,56.88346149833349
38109,29.183869223338686
38110,24.574796174966263
38111,32.88423410341786
38112,29.59780252534158
38170,25.108032310268236
38171,25.637540423876647
38172,30.262515345239304
38173,27.10720990978824
38174,41.04456311095958
38175,37.87985527196227
38176,42.64737475103478
38177,26.510429918429484
38178,40.048167915007724
38179,44.107428052316784
38180,42.03758982542346
38181,45.78883832841308
38197,31.45996119608646
38198,34.19464150717919
38199,35.053027790722695
38200,49.49185548559799
38201,49.29778825668479
38202,46.21107726939545
38203,34.08228886778234
38204,57.24065626589607
38205,74.62451562124937
38206,37.2964425433922
38207,39.236334815066236
38208,40.31471790504199
38209,47.500682679085955
38210,45.002940995154276
38211,48.32841794148969
38212,48.15743360681058
38213,81.69779542883444
38214,52.64274813259476
38215,49.05525221053062
38216,45.36493407704454
38217,44.789722942339665
38218,52.92235372811374
38239,15.783521672834333
38240,20.39449601147631
38241,33.3663795174974
38242,28.543317599837227
38243,25.06290574174365
38244,28.625944574269724
38295,16.747776949643118
38296,35.93991036690725
38297,15.646951768752455
38298,23.442480351955243
38299,31.50447919956202
38300,32.0037381232083
38301,38.97337345132535
38302,26.110851295310425
38303,33.2063988760674
38304,37.831740241506246
38305,33.28487757287962
38306,32.47020125610822
38307,66.158379273993
38308,80.66675649570158
38309,50.63120990327077
38310,47.43189975693876
38311,70.6917506579384
38312,24.577358818427378
38313,27.312039129520105
38314,21.89870426289303
38315,27.956779487312506
38316,31.441597151371028
38317,27.957730132447278
38318,30.94454891719129
38319,29.124945199882166
38320,21.981381690680333
38321,33.19352436589337
38322,31.32861027800947
38323,41.87111956437243
38324,31.805494797843508
38325,33.03894975786991
38326,35.60227292471589
38327,31.304379797437285
38328,34.91103261813221
38329,42.44747520656799
38330,42.313954536981846
38435,34.12281435036647
38436,14.250095944068653
38437,24.57980322282604
38438,28.434708474971078
38439,31.290065960233136
38440,34.24767003021284
38441,33.06974279795904
38442,35.47708754924791
38443,35.96762977674144
38444,38.69839387005379
38445,45.81447628007525
38446,37.92364860926875
38447,36.65846566690778
38448,31.35242908572365
38449,30.19652024812851
38450,30.688906195509922
38451,33.918104140914
38615,21.897524980224222
38616,38.78417122816739
38617,36.935989241394175
38618,30.64563334400946
38619,27.251922080780805
38620,36.930042355858575
38621,41.08343235869218
38622,35.49996753074215
38623,40.19454137376018
38624,51.48174393036072
38625,46.634679485247595
38626,48.90677062061575
38627,24.031124191814804
38628,22.738036793544648
38629,30.669860648590408
38630,36.36487693873576
38631,25.84524031518194
38632,20.110010592226047
38633,36.99665684016921
38634,35.82135098754305
38786,36.10460304567708
38787,39.33804221081938
38788,44.25889341108144
38789,69.12645823024602
38790,49.893549986164636
38853,29.652206570898823
38854,41.53430092186953
38855,29.97614001493355
38856,37.67748265447012
38857,43.879480389053384
38858,37.55363337560485
38859,56.99967026121436
38860,46.9152962989848
38861,43.50282133220407
38862,56.378060504538574
38863,46.79783691711978
38864,51.140031784072654
38869,34.39573205370261
38870,35.76687694555246
38871,50.58385478513002
38872,44.09580731207506
38916,36.825059635947134
38917,23.67883502750341
38918,30.076239005959607
38919,26.355239634599258
38920,31.56437099004731
38921,41.05751045950966
38922,32.1199702058516
38923,44.428448971695914
38924,31.439362007608814
38925,43.14099837333739
38926,39.16976645844993
38927,33.70447622383448
38936,40.17394284376904
38937,35.05186817891107
38938,37.4286985841708
38939,42.74698128793204
38969,29.232428856837817
38970,25.26619487598823
38971,27.089315083383397
38972,30.173114367164953
38973,29.365281093674017
38974,27.774276244402838
38975,33.12181143459595
38976,32.103983972942785
38977,39.2169869100982
38990,16.6548418600703
38991,21.15946855840411
38992,25.770442897046085
38993,27.540389284287155
38994,36.333144819799365
39004,49.52258745370837
39005,40.314319236538786
39006,41.469388975032246
39007,49.185783184768766
39008,63.261949696372376
39009,51.63382365157892
39010,76.43578579174519
39011,62.38505349852391
39012,59.62214814485869
39013,67.59353542096326
39014,46.65674840053601
39015,71.15321552157144
39040,21.539391056279115
39041,27.22239760421569
39042,35.156766856184404
39043,30.340127114329768
39089,34.78283153098496
39090,36.39403823636107
39091,45.68256018951048
39092,52.25728484395016
39222,23.781359788621764
39223,33.27012821181089
39224,35.994182164676396
39225,35.03502429475545
39226,42.532905195631955
39227,34.058591830472416
39228,56.05895703663845
39229,36.93349703125386
39230,41.01074427175966
39231,51.9768348419365
39232,44.410690866914535
39233,53.88833304488762
39252,22.726661132732964
39253,37.25464639120106
39254,39.07776659859621
39255,22.46079203196256
39256,38.3285798907652
39257,38.03187842697116
39281,18.326750788402737
39282,26.904909753029067
39283,30.87304502414819
39284,34.5192854389385
39285,35.431796187770864
39313,22.223800198288124
39314,21.742383881497062
39315,20.61812849718316
39316,30.231983193022753
39338,35.85067645946486
39339,34.02850689720447
39340,19.55559674916001
39341,33.99602103458634
39342,31.213364528508677
39343,39.72436547275031
39344,38.10454940712583
39345,33.77044337764401
39346,43.2784886440839
39347,49.347498548810385
39348,55.01499059548867
39349,72.68076647455638
39408,26.090656187432828
39409,27.250256557229488
39410,23.776934752433984
39411,25.782599535620257
39412,35.33066244802191
39413,33.712215023985614
39414,41.231812275225245
39415,50.30744554243259
39416,50.736527086655244
39417,65.21494790621674
39418,43.8186298391781
39423,26.77883235336727
39424,31.06791183568042
39425,29.43456721095702
39426,32.46195892995871
39427,27.73660261529923
39428,40.85239326959087
39429,42.484740136108265
39430,33.09381784540267
39431,32.40239117786284
39436,32.22379147852425
39437,26.381263470125436
39438,30.563044666995665
39439,37.25252447343158
39440,40.96317379991919
39441,35.66499939541372
39442,38.60689061214741
39443,64.98783985178753
39444,37.644885125444226
39445,47.45563695952844
39474,16.58610565096762
39475,22.483708769790063
39476,31.276464305302277
39477,31.571881011345738
39478,21.917916092769424
39479,26.689362537008417
39480,27.172680144069016
39481,31.901501834285874
39482,32.83897844848972
39483,27.85312810007764
39484,39.06744616744296
39485,23.62044256888176
39486,43.313953085440524
39487,49.109799803164194
39488,43.72183185800857
39489,45.91207853040826
39522,42.447762926564046
39523,39.29447022871008
39524,34.62779649549171
39525,42.49646559999718
39537,21.48802085380661
39538,20.202342718760914
39539,30.799354272906164
39540,24.752100439816008
39541,40.189505232717636
39542,35.63230769360129
39543,41.26368629495575
39544,45.46470576135123
39557,28.10017190945719
39558,25.481941916976698
39559,29.954894512410707
39560,27.358139978545168
39561,41.43625921998259
39562,32.88471374714448
39563,35.32710774453432
39564,50.774076807237655
39565,40.863045295905565
39598,5.123552404108021
39599,14.675853194503361
39600,16.978603695576677
39601,27.69072503074894
39634,21.954591601863953
39635,24.206904951030857
39636,23.993259025279766
39637,24.744347023380314
39638,31.284789209725623
39639,28.980252685539398
39640,24.20975688643518
39641,43.71837931462245
39642,43.271726849960025
39643,26.856070179961097
39644,49.40674085759918
39645,38.93165336468724
39708,42.6544569339124
39709,36.66614386158131
39710,39.75664945991229
39711,59.87809914078306
39724,35.14728039929279
39725,26.522586112497308
39726,38.747350608751354
39727,39.002175846264656
39728,37.031136876125615
39729,33.8638548605746
39730,52.76021053868882
39731,48.33346887482906
39732,48.341585726503055
39773,38.67319986556628
39774,32.24100660979868
39775,20.594926658281683
39776,31.438381071731115
39777,38.14525587731476
39778,36.508065543729764
39779,31.795985423365515
39780,18.717002340944465
39781,21.238036726286097
39782,28.850511121925997
39783,28.65844569833007
39784,34.384963494235635
39785,37.612575941652
39786,37.08460578958177
39787,34.58578575838725
39788,62.20564528442227
39789,56.24783561842129
39790,48.970705814777574
39803,29.270476729521533
39804,39.9385756474482
39805,70.22452658259326
39806,43.45844952125153
39807,40.34165663198029
39808,48.70736612741015
39809,50.95967947657706
39810,58.61082798075668
39811,42.783070209076975
39812,48.36561846223586
39813,46.09775957897522
39814,51.85639185684013
39815,55.632896946833725
39816,59.45782939755164
39817,91.31256462531724
39818,60.38509552004474
39819,60.27875846328304
39860,33.31318969444902
39861,39.15666834798262
39862,29.883447140814123
39863,30.473709619764286
39864,27.625356618722893
39865,36.44325570973051
39894,34.45669246525298
39895,33.76067957757605
39896,27.580806460877174
39897,28.073499235510795
39936,21.545569848309928
39937,21.331923922558826
39938,26.42526522312663
39939,20.90463207105663
39940,27.17730386636196
39941,30.01928246289764
39942,25.892576376451046
39943,32.325720277353405
39944,16.99596685348796
39945,31.789943991960982
39946,35.73237983699167
39947,43.8750347706968
39960,16.898865458322337
39961,30.989966560820783
39962,36.753012913998255
39963,54.95695815499867
39964,30.04844246586249
40034,35.982230553966396
40035,37.046621393407335
40036,38.68253623923132
40037,39.800864558881486
40038,43.25593557759576
40095,33.52303157809589
40096,42.154364362876315
40097,31.331554831798556
40098,41.817516575236866
40099,32.90667958044527
40100,37.2417298231935
40101,48.045354097061605
40131,18.574224013664764
40132,19.325312011765327
40133,22.54235928478389
40134,26.617792841345956
40135,22.169191898570542
40136,24.90387220966328
40137,29.514846548305254
40138,40.84227200917435
40206,16.04824704754959
40207,18.67562907319939
40208,20.12368060411166
40209,16.264744908705023
40210,19.589090467166514
40228,18.813652713240085
40229,22.245296557144528
40230,24.97997686823727
40231,25.248697904411994
40232,27.34053914798189
40233,26.721736850111316
40234,33.3022475474249
40235,35.268014796501696
40236,33.31024735483453
40237,39.38603248868022
40238,36.601435566733244
40239,41.394126197015694
40252,27.1474826030822
40253,19.804679888751814
40254,30.687375377564358
40255,46.09224674388361
40256,45.34832142098698
40257,53.91793737555368
40327,23.648349758535474
40328,34.26327485630806
40329,38.47392066425456
40330,48.5890261711785
40331,38.923464973561146
40332,40.57191399242161
40333,37.41792130990934
40334,44.61395376605098
40335,43.65946471904977
40336,46.23681130940349
40337,50.76329898189114
40338,79.45177715634284
40394,21.00518335535401
40395,25.02649244662722
40396,13.307638275422756
40397,21.81396154516374
40414,47.30419885676955
40415,39.984325890168265
40416,47.609454509177844
40417,54.82263572725242
40418,44.5116077845998
40419,48.426416841762126
40420,21.46224180580309
40421,22.58839848038654
40422,28.593299884651934
40423,27.200323464163294
40466,29.899945451873677
40467,24.31231445279198
40468,27.847438741251892
40469,13.091879697066258
40470,47.80659790859138
40471,31.36172819448111
40472,34.49136492623001
40473,40.86086290141016
40474,40.09352709886817
40475,32.18350060181669
40476,42.12716988990231
40481,40.62625844331593
40482,25.81559284679846
40483,28.442101880693244
40484,35.86724352484609
40485,40.079047319264916
40486,39.84057108317488
40487,46.17270335906363
40488,41.865797756047975
40489,61.41324615173742
40490,69.65196212934936
40491,66.06878009687694
40492,47.61756572369941
40493,31.13995871682065
40494,37.06245048225345
40495,31.004948728417027
40496,45.08461577824162
40497,44.22482366052679
40556,38.37874308407107
40557,39.26454276581827
40558,37.85105485404873
40559,39.801069129446915
40560,42.1275547950438
40561,53.15936461812004
40562,39.0850451382177
40563,47.694885092286285
40564,44.75777461440964
40565,55.051121369178226
40566,56.90806937754846
40567,50.280603551479466
40613,28.650854066541083
40614,32.47510364210477
40615,28.970700027968242
40616,35.857475830545745
40629,16.224224613506745
40630,20.727900666705782
40631,26.785975891125254
40632,29.62795448766093
40633,30.27174420031855
40634,26.787877181394794
40635,31.43621000542263
40636,33.14056475351007
40637,40.307682998731984
40638,30.350313997822504
40639,40.025061360139276
40740,20.448138103901574
40741,20.12719389270753
40742,27.311425791710455
40743,28.706303502468636
40744,24.847367807062007
40745,28.49360822185231
40746,31.288607314326036
40747,37.85339410642888
40748,35.93895668740488
40749,33.79134663489037
40766,46.12430843906285
40767,43.65929980927962
40768,43.33835559808558
40769,59.20602797557304
40770,43.643478310835725
40771,29.040592498996176
40772,37.34506385580759
40773,35.89275226833407
40774,45.455114834660705
40775,36.41943479574145
40776,47.96091965214878
40777,58.26707441108455
40778,65.838927756489
40779,44.17029773243757
40780,46.00118064049583
40781,53.173427264327366
40837,21.60311884281324
40838,27.875790638118584
40839,33.93386586253804
40840,32.05852248012358
40841,29.050869551260973
40863,20.398046318250987
40864,19.38013857424524
40865,22.65131031255266
40866,26.725793223979952
40891,27.122265774117132
40892,19.725338594497888
40893,24.97915200066271
40894,27.71383231175544
40903,32.585027347382514
40904,38.536754931493824
40905,32.436958036192536
40906,18.912598544355536
40925,13.332782292153952
40926,18.801192269204655
40927,20.24924380011692
40928,19.713703018037
40963,29.684829489945425
40964,41.32758086336446
40965,31.787243073272414
40966,34.15526232681125
40967,27.42327847019115
40968,36.83395959414021
40969,39.267958867256645
40970,38.379850812999734
40971,44.442991384461614
40972,53.44012458627667
40973,42.94119504087374
40974,50.93897886359697
41003,26.854552311665653
41004,37.308054658706446
41005,30.916007512649074
41006,30.78462239806759
41079,35.949903575813984
41080,40.828648305495925
41081,35.522611724311794
41082,37.7749250734787
41083,34.67541148484157
41084,41.61701654829993
41101,30.621732200168275
41102,28.28347880156444
41103,35.322106265365086
41104,32.923786809227714
41105,34.528393581629025
41106,32.22589790204029
41107,42.993627765669956
41108,38.16997314700236
41109,55.615447642342914
41110,42.339295079085275
41111,50.29094042821951
41112,44.907310813845484
41129,38.210142406104815
41130,26.36366363857538
41131,35.86521538369106
41132,43.05967483746551
41133,37.77667038923743
41134,36.98861035127879
41135,40.276172164909134
41136,35.074609451855906
41137,37.620952563754926
41138,49.48924761123661
41139,35.64039813433974
41140,36.6881393175564
41141,40.27177016841207
41142,32.804663882486864
41143,38.71673270535165
41144,40.77249147337961
41145,42.67341656355555
41146,54.48468689426149
41147,45.09820513151562
41207,23.324683115318038
41208,22.414073656755228
41209,26.16761235698849
41210,31.475550228442167
41211,30.129109418535826
41212,34.78042553497671
41236,26.835716268858324
41237,20.725417869419548
41238,29.4640489396429
41239,29.35770129933474
41268,42.23534656311925
41269,39.74768100689688
41270,41.54511698515419
41271,36.58843610456656
41272,66.1153377461745
41339,31.80185662292454
41340,42.98893609622449
41341,43.51057265851349
41342,31.80280332286383
41377,30.272785066399873
41378,25.931482409067407
41379,41.426642701205324
41380,32.05122907718544
41381,43.901242205524774
41382,33.9312776001965
41383,34.02507749448526
41384,40.38500731102524
41385,65.23325222533862
41386,47.6716517399108
41387,59.79454114950232
41388,42.099075337735506
41401,26.47229208204285
41402,25.704926492738384
41403,43.34246187375017
41404,34.86910055830825
41405,44.88690544180785
41406,35.456116175269756
41407,36.33002262134468
41446,40.62618102205943
41447,59.904215211163574
41448,40.22053168630593
41449,43.27630715316701
41450,60.61156796776821
41451,61.54240934448544
41452,66.18289071597675
41453,49.49668563431417
41454,61.92679869551829
41455,67.22295045187408
41456,76.71395737640586
41457,60.29084653776856
41484,29.8161032057103
41485,24.723559197854993
41486,53.386508846855
41487,38.16846799050462
41488,39.81763939538877
41493,22.60895456887987
41494,21.108679862948296
41495,16.714203385461747
41496,24.11303185535053
41497,33.86957066957963
41498,28.08136726522304
41499,29.153408574454783
41500,25.352565550714353
41501,37.13829774052422
41506,29.43252526393171
41507,36.50111306757936
41508,42.070089076817176
41509,42.45221245277694
41510,13.492401425204177
41511,19.176358618275525
41512,20.517111863744848
41513,21.750566823771237
41514,26.146944591527344
41515,22.39530718156364
41516,23.360991750550074
41517,30.65252193499593
41518,32.92816315702031
41519,34.107110622995826
41520,33.95609664196482
41521,34.080852152361295
41530,15.397068975010992
41531,19.954869493498887
41532,18.72236517860727
41533,18.991086214782005
41534,22.905097020612274
41535,35.82645993284062
41536,29.073322465879006
41537,31.21833752960297
41538,40.625130094664925
41539,37.03338580265329
41540,41.144639516987404
41541,42.64672972400491
41559,41.02942566414853
41560,20.06576979342544
41561,40.16990495388218
41562,37.655262408573904
41563,33.154006552233
41564,57.00968754268122
41565,60.380168256670615
41566,57.90330361155074
41567,54.58158753235343
41568,56.62475253630325
41569,56.91736526698975
41570,62.65936195017543
41579,36.65268301854805
41580,33.259879394016416
41581,34.51856229413896
41582,42.499486133048364
41595,24.557566943099427
41596,36.02992767928074
41597,33.51084804256856
41598,30.796757516695763
41599,32.06513547230457
41600,37.67955381842518
41601,25.748979688444862
41602,26.512139796320746
41603,61.378172887005576
41604,43.18220471853954
41605,55.0741204075148
41606,45.27639564770231
41652,47.77762987253166
41653,41.93951875472083
41654,43.8959619132226
41655,50.931713160364524
41807,21.27869836120212
41808,25.78237441440116
41809,30.446522573197214
41810,24.6039945647984
41811,28.600504266079994
41812,24.20654633754427
41813,23.216433976343346
41814,37.19611987182452
41815,25.609239463917376
41816,36.81564112506633
41817,37.20605115754347
41818,41.72578259364289
41856,13.757126799919435
41857,14.615513083462929
41858,16.063564614375192
41859,19.655680563876654
41860,21.693397342157688
41861,15.03623252945216
41862,16.001917098438593
41863,18.736597409531324
41864,22.168241253435767
41865,25.06339367012552
41866,20.40019615646424
41867,26.94063834280954
41868,27.156185558830185
41869,30.26593454640582
41870,29.248026802400084
41871,36.37813423611414
41872,39.94168549631164
41901,25.06381538857993
41902,20.669338911093377
41903,24.690648002366586
41904,29.087025770122686
41905,24.263356150864382
41906,35.276165543703826
41907,29.442263704830996
41908,42.21378310197378
41909,34.88466597693149
41910,34.97222784147257
41911,41.17790675627623
41912,50.21236687678012
41929,40.32740480544815
41930,42.89340012548583
41931,32.0428065147934
41932,44.55899015756487
41933,36.47012737220638
41934,42.98966330216216
41935,36.99936330636777
41936,31.90400428387123
41937,36.93103753324945
41938,35.25367696460379
41939,40.283847447583014
41940,42.124943906297766
41941,45.13540110323632
41942,47.780817794099406
41943,44.361636459148805
41944,44.51560760936904
41972,29.552318167127883
41973,24.348660849141496
41974,28.15492510278336
41975,31.687342207405088
41976,35.673682334929936
41977,40.32782262195076
41978,43.7364779814384
42010,53.949493957184956
42011,37.53185698924596
42012,39.23168974227418
42013,61.971356175236835
42014,41.766442578180786
42015,43.98931297591378
42016,76.0037051183071
42017,45.01649585441315
42018,55.99257196440974
42019,20.769082315095613
42020,24.040254053403032
42021,24.308975089577768
42022,23.184719705263866
42023,36.10099308271826
42024,31.454438799984537
42025,40.52071988206822
42026,49.56018807884187
42027,44.21369358983406
42028,35.33011519950752
42029,34.622237029510615
42036,17.08032490650508
42037,22.227790672361742
42038,21.049410822758983
42039,27.10843669231322
42040,27.913649155702643
42121,23.841859852682514
42122,26.15415623859196
42123,29.413097183676555
42124,30.481971634540358
42125,29.64623547416449
42126,31.438388244431074
42127,41.277830418453505
42128,37.76687325443111
42129,53.52627237127461
42130,60.326531175317704
42131,42.301595223654395
42132,49.902836185001256
42133,26.885751125920436
42134,28.226504371389765
42135,29.720362774898085
42136,33.02032793455022
42137,39.09404874511698
42138,36.6817756216884
42139,41.57092206972096
42140,39.92552982953179
42141,38.68822554166973
42142,41.33868778587245
42143,47.12568326274216
42144,44.81542331574897
42181,19.98023201043384
42182,22.01794878871488
42183,23.46600031962714
42184,24.378511068459492
42404,45.570799983905516
42405,37.196729600081426
42406,41.621881242211565
42407,41.42055317918211
42408,38.335018495115214
42409,36.99324889197476
42410,38.69228811347094
42411,34.91950652537541
42412,69.18030408784452
42413,52.840239549078134
42438,24.346746309345534
42439,29.332789324470408
42440,28.04711118942471
42441,29.70975929122285
42442,31.169225255741388
42443,37.802707749770626
42444,30.622889796564777
42445,36.25604055372444
42446,44.876324235248454
42447,52.42803183933601
42448,43.491336695132176
42615,36.807553751164335
42616,27.319735973109974
42617,29.73252142787391
42618,33.061158001998535
42619,38.67892551905289
42620,41.82403465319461
42621,39.62531318525396
42622,35.180425249176615
42623,40.18928052991767
42624,44.68759568824379
42625,44.28570844612657
42626,49.97807438776324
42639,30.5448366850218
42640,28.562195017164402
42641,35.10263720350969
42642,32.328313054138874
42643,36.57105493596897
42711,18.86967474297779
42712,19.94265759740716
42713,24.875526792377944
42714,20.3196275641596
42715,30.13029084367754
42716,30.8813788417781
42717,27.98717707022312
42718,34.31302268568254
42719,23.110333630810732
42720,36.59104848336893
42721,43.92321386588841
42722,42.233012844681035
42749,26.076583745071062
42750,31.26687467205602
42751,35.42280794670636
42752,47.58451524824622
42778,28.29034020528356
42779,32.954488364079616
42780,20.97775617307993
42781,29.23072014278361
42782,26.91543446733254
42870,19.960542995079713
42871,19.264530107402784
42872,21.57001727672377
42873,27.09255171906333
42874,28.165534573492703
42875,29.720884389847903
42876,32.616036806537664
42877,36.08187660433929
42878,38.355589146257564
42879,33.207502463659424
42880,41.06326150034867
42881,42.53348209474867
42977,16.883037413660915
42978,20.85117268478004
42979,25.730868059596745
42980,28.51872219084356
42981,21.980181294767824
42982,31.201179326916993
42983,40.76134589601435
42984,18.092577216327978
42985,41.447805826751434
42986,42.64741896405513
42987,43.40009161957844
42988,34.49369378555487
42994,47.62175318417849
42995,41.48158187489072
42996,37.22536627324314
42997,39.67864557763548
42998,65.88613711064215
42999,42.24511266239731
43000,57.05256100259859
43001,62.48162129619566
43002,51.76340720956649
43003,46.737462061713806
43004,49.15063239297751
43005,52.37328028702793
43018,23.449669991692442
43019,29.669167966843712
43020,33.81525036352198
43021,36.66176523411676
43038,24.94414541848298
43039,30.62715196641956
43040,29.01957897504504
43041,28.02122048390529
43042,27.26476559294226
43043,32.858369170898165
43044,31.80695634041144
43045,46.825089966569344
43046,24.625719742249544
43047,47.62844270713896
43048,56.854423260499274
43049,40.82142353463045
43050,24.208129371775883
43051,24.52411030829593
43052,17.407781489442282
43053,23.961786753309564
43058,24.122672194774605
43059,29.21601349534242
43060,27.608440503967905
43061,28.241010396712753
43062,28.197060295448736
43063,34.70535416225994
43064,40.65194430032266
43065,37.33194681113805
43066,38.16700067544409
43067,48.66023432298159
43068,39.67367660402563
43069,39.70364623225671
43120,22.960173592601027
43121,33.46780040493068
43122,22.050514779173003
43123,24.42948550753029
43124,33.371028735429874
43125,31.984585239014642
43126,38.59470837241743
43127,36.18838385485029
43128,40.3119351042386
43129,43.12917081837062
43130,38.19182978947885
43131,41.35340565068137
43132,35.27046446067607
43133,43.25895817793363
43134,51.9444154280029
43135,44.961197322570584
43145,35.20612772102769
43146,29.203127607031856
43147,34.49217454573505
43148,48.69226148802381
43149,37.7914057891369
43150,48.71888179274059
43173,26.852251209801945
43174,28.9625390946075
43175,29.818525778717277
43176,35.30454946458392
43203,33.086513937355114
43204,38.59499649223532
43205,40.854840303835786
43206,37.80319180965187
43223,26.763809265870723
43224,28.426457367668863
43225,31.80760908547795
43226,21.858097818837713
43227,32.66614399292831
43228,38.40574860572792
43229,32.69263301933954
43230,34.67033673846277
43231,29.32386815157354
43232,37.87049615486266
43233,47.58451618124182
43234,42.471378035320626
43279,30.304264259391324
43280,31.106469661371356
43281,34.57214359211058
43282,33.190285336915174
43283,42.32074190996683
43335,13.930529628320768
43336,32.62295574039184
43337,22.678122500498002
43338,31.283181955554433
43339,36.193595866162504
43340,29.089081655109894
43341,65.53705312095835
43342,34.01525008355313
43343,39.18562904916297
43344,40.15911298019984
43397,43.05854129407876
43398,27.084405794967953
43399,27.51359893673969
43400,32.998150401253874
43401,31.386324759138787
43402,32.051872541369036
43403,52.58585423631152
43404,50.78881391888827
43405,45.53520272569063
43406,35.5546446848847
43419,35.4186351081095
43420,42.87063739815237
43421,30.05942470677128
43422,36.221926625457435
43423,27.158716628177544
43424,50.92376017960671
43425,39.94806741925919
43426,43.86186206573109
43427,37.20390706078156
43428,42.50949522502168
43429,52.64370692267848
43430,47.04970591607496
43457,15.592799133861718
43458,20.096475187060754
43459,23.79588942200515
43460,24.200689087355727
43461,29.46873832566747
43462,17.498814621455296
43463,26.55821955883555
43464,29.24454852226683
43465,19.527944969439474
43466,46.66365630343225
43467,31.264819346063234
43468,38.035940772060805
43506,55.2316325869972
43507,29.642678323325192
43508,38.86832657810352
43509,47.04844522298146
43510,49.34152568021501
43511,51.52367478947198
43512,52.25502056877248
43513,67.47948062196974
43514,53.44535961333897
43515,45.869854517678654
43516,45.20458853478985
43521,16.722981839132455
43522,18.653400331970552
43523,22.19234246131792
43524,22.08599482100976
43532,30.40409061295771
43533,27.724485412288598
43534,34.03959256069051
43535,31.02922465026694
43536,17.875869447221515
43537,36.159147069678326
43538,35.688244940029406
43539,38.087819149573576
43540,42.50617699119026
43541,36.06279373924176
43542,37.522228509166695
43543,38.36307238587188
43616,33.08360186685955
43617,26.973303467420774
43618,28.613554869766674
43619,27.276048914413963
43620,28.486526437762173
43621,26.778568361517472
43622,31.637784007629868
43623,43.11842579024841
43624,48.6282177987201
43625,42.101098761847915
43626,38.578860394233104
43627,40.44379493014532
43776,23.891582500215026
43777,24.107129716235676
43778,29.094123376495315
43779,34.0269925714661
43857,35.62914207076863
43858,31.541923626706982
43859,29.128794929035692
43860,33.746729061123254
43879,16.120382688071217
43880,16.389103724245953
43881,17.94445354060115
43882,21.268799099062655
43883,22.394955773646107
43884,26.845458006691064
43885,27.382900079040525
43886,25.88262537310895
43958,44.17953193774048
43959,39.03396746215336
43960,40.964385954991464
43961,30.679651856351256
43962,29.1289118243152
43963,51.160706723484175
43964,44.28802322349504
43965,44.32490194794715
43966,60.383844072899386
43967,50.37910622362493
43968,66.13038455344093
43969,45.89400760699975
43970,20.75243831606618
43971,31.474661699281704
43972,20.004202253369943
43973,27.01310795619519
43974,36.256036376624415
43987,23.105711370082922
43988,31.806551807220465
43989,31.21424085111753
43990,41.919756893435135
43991,37.56698075428066
43992,35.88371063962909
43993,32.092746989812106
43994,37.12231721021539
43995,36.545459385301015
43996,60.626940735585904
43997,44.652513996510386
43998,40.07385569268299
43999,43.08565446286607
44000,46.729164816321244
44001,48.45531272437915
44002,54.84802711073487
44074,40.17235504393427
44075,44.08909443786945
44076,40.28525090497099
44077,44.37876904140796
44078,43.9614899395925
44079,36.13205664808751
44080,52.753330518143876
44081,47.742219080347084
44082,66.27876147669045
44083,52.9955767405487
44096,36.82489122776185
44097,41.04237054731749
44098,36.54520277346846
44099,41.973273745517446
44125,33.585563897372246
44126,20.988947776877026
44127,36.58896524463971
44128,34.220454429206654
44129,34.58126914171452
44130,33.04235145034236
44131,41.14453227796871
44132,38.41093973686999
44133,44.22288105839003
44134,53.05165133633257
44135,51.21655084989466
44136,51.78385933918972
44188,20.298225152070447
44189,20.352349617359305
44190,25.607113668658897
44191,24.10683896272732
44192,31.666139538213137
44193,26.842469918954833
44194,42.38931356656345
44195,32.419128826583254
44196,37.205654368672775
44197,35.78287752671937
44198,45.58894821756296
44199,44.40782854186646
44200,20.452362402895083
44201,23.187993359122594
44202,31.176487076380155
44203,26.674712313450673
44262,19.87017946217456
44263,20.246198783792224
44264,24.26750787506543
44265,23.41102288179149
44266,28.397065896916352
44267,34.56243940677876
44268,30.596205425929178
44269,30.12248417392836
44270,30.854327235399047
44271,25.19613039438964
44272,19.331164374056264
44273,31.348930279636434
44274,20.39296385932484
44275,30.044105678380532
44276,26.185169982973903
44277,28.75937818846962
44278,30.79709496675065
44279,34.71110577258093
44280,42.34778877565289
44281,40.14769629191807
44282,49.11944378488727
44283,40.38493324678002
44284,39.7931087796412
44285,48.992129234960586
44286,38.98824982923681
44287,36.68382822991942
44288,62.781475715530014
44289,36.76985096214816
44306,27.67309592134996
44307,34.11517319319663
44308,32.12336734841884
44309,39.81643776510459
44310,35.302649960619
44311,29.435778270683187
44312,57.988032760011755
44313,61.977525788434
44314,39.600159657979766
44315,43.72570245245253
44316,14.35268527319651
44317,15.42566812762588
44318,16.60594926749819
44319,18.215423549142248
44332,25.335099068215765
44333,35.467657204062526
44334,31.394124937770002
44335,27.10157802674686
44336,27.515746820763002
44337,32.361929126095355
44338,40.805278566986125
44339,40.394153938041
44340,53.08198843927711
44424,42.64206233167199
44425,34.895906918571995
44426,51.402872786704826
44427,37.43227757531504
44428,44.37090907100438
44429,45.4187428472596
44443,33.44967103597288
44444,41.38536071403056
44445,35.69045235046393
44446,44.08172881798565
44458,16.93716187894977
44459,21.60131003774583
44460,24.121393777952687
44461,23.907747852201584
44474,45.75393752123049
44475,36.373418028619064
44476,37.01720774127669
44477,35.443180572664595
44478,31.174822799725085
44479,42.3266199791865
44504,44.4417379721743
44505,54.112654770067905
44506,42.93640416236161
44507,51.06129118668711
44508,45.91104011286642
44509,46.20820273621746
44510,53.503452472435576
44511,52.16964187099128
44516,32.497019268618665
44517,35.60426645314943
44518,39.324057312950146
44519,44.34506881171655
44582,14.713958160233581
44583,19.592702889915515
44584,25.275709437852075
44585,30.636821129459847
44586,30.63777177459462
44640,37.227171244478875
44641,49.89676198992364
44642,53.49116795667707
44643,36.00526509065533
44644,37.72743964525081
44645,36.83181637588311
44646,52.50333683772963
44647,45.01149515666951
44648,47.15581597634819
44649,47.4849628218061
44650,64.75266895492967
44651,47.69347686107576
44669,32.8035626511394
44670,34.30478857091106
44671,45.19578164225409
44672,32.14317622124446
44692,41.13393220783694
44693,50.16792952848529
44694,42.57555519755623
44695,43.551309952263985
44696,50.85330162422764
44697,44.76751322708453
44698,63.53727493843608
44699,47.21421271417808
44700,46.34893317316072
44728,21.07607986148809
44729,23.65028806698381
44730,37.26814227354925
44731,26.784954363687962
44732,17.887426675866955
44733,32.58874874902492
44734,38.3817981942807
44837,25.019360086331375
44838,22.125158314776385
44839,36.6107800982233
44840,28.879567665592326
44841,38.12905442275779
44842,30.722954546868998
44843,35.7901217510807
44844,33.90341275126424
44845,37.63380699601958
44846,42.566290187235396
44847,48.4313043947725
44848,40.98865332834808
44849,61.92122646234722
44850,47.971025363077345
44851,50.585820326036085
44852,51.04231309312207
44853,29.456773814507414
44854,26.4552737575095
44855,35.56897350421575
44856,30.31611074318569
44857,33.6404563016472
44858,44.898220466942625
44859,32.87003798045509
44860,46.04876351035349
44861,45.479972477262464
44862,52.62879725650518
44863,43.7725686423907
44864,60.81607005630024
44885,32.82997494736224
44886,29.025163717244453
44887,20.01971290111592
44888,28.54374740045339
44897,45.4808713766728
44898,67.31735793673545
44899,54.52215477710881
44900,43.32282180961252
44901,84.2763957239832
44902,49.20530126840557
45041,27.423235403834543
45042,30.050617429484337
45043,25.808952089056973
45044,29.445881540297428
45045,32.603553971439176
45046,33.37260297353655
45047,33.49747876046383
45048,40.94705750971947
45049,39.96146959576638
45070,23.498468637497282
45071,21.301230398754008
45072,21.784548005814614
45073,27.145659697422385
45074,21.035361297983602
45075,38.04840871960632
45076,35.508726791023555
45077,25.82728630391305
45078,34.454890776346645
45079,53.47972676606109
45080,55.92088091696359
45081,47.98319146686645
45082,52.610173326061826
45083,36.59233925950943
45084,62.61714591971046
45085,43.63642308846961
45086,52.745993079057044
45087,47.0445765855365
45093,46.20948603063661
45094,36.01415747019739
45095,40.667843592484054
45096,36.05134889116099
45097,45.953193350699785
45098,44.40862863769479
45099,64.22641445465166
45100,72.36636658531398
45101,48.297413296824764
45102,63.716359902412115
45103,51.74721853021148
45104,54.02492386328133
45105,30.77249746141147
45106,23.79215686752267
45107,52.03223827258688
45108,35.49193191283507
45140,26.29997868003731
45141,33.24623389040954
45142,22.11580272808477
45143,30.739523167894156
45144,26.034337106735116
45145,35.95294782779355
45146,36.250110578099225
45147,38.84724487962786
45148,35.34318749306989
45149,40.73606158118339
45150,38.85044070689429
45151,37.73232873286492
45176,21.047706339230515
45177,34.18176453207519
45178,30.430127122111486
45179,24.652654727215346
45180,36.77224955386937
45181,24.879111223811705
45182,40.44147673229337
45183,57.24446310698812
45184,42.57726622674301
45185,37.848832110107836
45186,37.99139072807999
45187,38.759467786109795
45253,22.436302397984075
45254,27.529643698551883
45255,29.556640136315508
45256,28.783388070855853
45283,35.92804381967374
45284,37.24309464005984
45285,47.78500531847297
45286,47.76124610319752
45287,38.32063958985927
45288,42.23080091845777
45289,48.97015469606853
45290,47.137878079858034
45291,47.12301719450134
45292,66.92860808474128
45293,43.06824156013658
45294,57.41619443484449
45354,19.35146538527276
45355,26.696169389872697
45356,25.678261645866957
45357,25.03542257834411
45399,20.97331653895669
45400,20.96257280797997
45401,25.94119703578375
45402,21.78125871452176
45432,20.90644087612404
45433,28.894934593381603
45434,31.5223166190314
45435,25.702839579191487
45476,33.44483773571783
45477,36.71600947402524
45478,28.914753759514394
45479,45.99543911548819
45480,14.928175218229683
45481,16.430351214430804
45482,18.307595887114818
45483,20.292138845241766
45484,25.170883574923703
45500,21.623416008591175
45501,30.844414040740354
45502,31.488203753397976
45503,26.36163393673511
45504,34.33328948223266
45505,24.295243880433627
45506,27.150462810847564
45507,26.332666055183168
45508,39.64407928909066
45509,35.91647606378266
45510,26.727215102804927
45511,36.10888669967134
45512,40.92313071014488
45513,48.71663719999722
45514,40.14166571360471
45515,58.24544421044403
45556,43.260859468203186
45557,55.8052524136791
45558,47.60406341580521
45559,44.82512845412597
45560,27.254896324403703
45561,35.32417303859105
45562,30.038870233573782
45563,36.17891454722979
45564,37.542189369590716
45565,33.4223930574149
45566,27.441165662538385
45567,30.910636781559866
45568,38.1680686893939
45592,24.84498933131471
45593,32.29699162135759
45594,26.293991507361753
45595,28.944699053201834
45662,29.169239992303662
45663,34.4467432085935
45664,31.94089709471377
45665,28.657088828802294
45666,41.80550613510988
45667,47.97880944231377
45668,46.829012066527646
45669,48.57657193399717
45670,42.143440395431966
45671,41.48577493649335
45672,58.83567471661762
45673,43.06713899392016
45690,24.384129103016985
45691,25.886305099218106
45692,29.414257688078663
45693,36.18653483626458
45694,36.435404313445936
45695,45.549104060152175
45696,29.075814019927204
45697,32.94157330741928
45698,24.670575748301985
45699,24.564228107993817
45700,27.888573666455322
45701,28.419018324648075
45702,30.492597600952813
45703,26.3822195989191
45704,42.002068317310965
45705,42.575231658195584
45706,38.41270357365372
45707,39.13803073277736
45736,18.937403378357228
45737,27.354139592251762
45738,23.49520389684512
45739,25.587045140415004
45740,30.465789870096934
45741,37.68342312702596
45742,31.89291723065442
45743,32.7699242682991
45744,22.333647588574244
45745,32.74084162708463
45746,35.32953541512489
45747,38.243815791261035
45820,15.814429733580777
45821,18.603234509962366
45822,20.640951288243397
45823,19.14067658231183
45824,26.485380586911766
45825,27.34376687045526
45826,31.097305570688512
45827,30.401292683011583
45828,34.42260177428479
45829,41.160519547433005
45830,29.05681707021176
45831,24.02283055715762
45832,33.067157192903245
45833,34.5045932174875
45834,64.89242179992547
45835,39.895288231115295
45836,43.34158717042935
45837,58.998572218419476
45838,47.188713700663996
45839,69.17072315832576
45840,54.393050303470105
45841,51.21029426695155
45842,69.71789813226775
45843,58.36694169375254
45873,38.85778790206928
45874,35.15169732067093
45875,36.78886275644408
45876,39.40274938993446
45877,36.45041690669294
45878,71.74775609861896
45879,64.50493438354945
45880,46.85633130875085
45881,57.89912207271755
45882,78.39842860312555
45883,80.94169030994064
45884,69.19991162913931
45920,42.10760315967292
45921,35.46081333301946
45922,30.648049341016545
45923,67.23557162130248
45924,35.76069789216032
45925,40.51772738858444
45926,37.197735640659786
45927,42.48141651578429
45928,50.62294768379175
45929,43.400633332433976
45930,38.535925843593695
45931,64.07160598427527
45944,30.959189445445688
45945,47.47733215558727
45946,28.057842237353015
45947,38.75457537955014
45948,29.27261802938454
45978,27.214251076184297
45979,44.904547124942326
45980,51.18990643613001
45981,55.20214007276059
45982,39.338214297634934
45983,56.10408826292622
45984,41.02100981849818
45985,46.16093707399821
45986,42.86885436034415
45987,46.566634053078275
45988,62.89710189381608
45989,55.466355984524235
46068,25.81370073392219
46069,37.897887205666
46070,37.92624152664313
46071,37.78115260811439
46072,40.764359921002416
46073,44.63125835431801
46074,43.889252252911845
46075,41.372860640600265
46088,50.011883251966
46089,42.397808913592534
46090,48.43005825682813
46091,64.64497203165342
46092,37.88208933471074
46093,43.792755061680666
46094,50.32599417325792
46150,36.31479261142076
46151,25.16527737670303
46152,34.493573694295144
46153,15.49022890536937
46154,16.069031500422227
46155,31.703856834321613
46156,43.66760775941325
46157,38.50176206886772
46158,36.95481922511393
46181,30.463182565311683
46182,42.61522454721238
46183,37.51517010720294
46184,38.937973377766156
46216,50.68547655817674
46217,34.604042773622986
46218,39.2233714469543
46219,40.31209935897908
46220,48.17507338088114
46249,41.31314146940462
46250,34.98919714421475
46251,40.04597270336066
46252,31.01749460870598
46253,43.48763104410534
46254,50.89451116992089
46255,36.74385877143363
46256,67.12264400453634
46257,35.270454574110865
46258,49.05168329644951
46259,59.05277024817517
46260,38.94782169725897
46272,16.53432410481239
46273,18.7866374539793
46274,20.3419872703345
46275,27.686691274934443
46276,27.13831592287392
46277,29.84459009295979
46278,30.134586158248165
46279,36.255541853131255
46280,27.403620131742116
46281,37.014895799742355
46282,35.436700898169875
46283,34.45311573621417
46288,20.75405922759907
46289,18.932840310473452
46290,32.12102296860699
46291,26.90050685924113
46312,16.845317312664335
46313,22.475150040446827
46314,23.816853931050932
46315,31.537577257268545
46316,59.53501092939646
46317,37.4133923522057
46318,61.78699317137508
46319,26.885583380640323
46320,49.51370694382774
46321,61.48564629473711
46322,50.9666116377176
46323,44.02488467272096
46324,41.76186575742976
46325,46.345857810984974
46326,66.63647473267861
46327,67.79804844750569
46340,34.3031722780587
46341,40.683142358806975
46342,48.940465093415355
46343,29.181126709857207
46425,3.635219500350251
46426,12.159253999687722
46427,17.09212319465851
46428,17.182006546812524
46429,26.143780781008076
46437,38.55178782623958
46438,40.73768006870652
46439,45.236718892088774
46440,42.19614839562195
46470,28.917471818319342
46471,30.580119920117482
46472,27.1697401071986
46473,23.379886756667947
46474,31.368521990000325
46475,18.69275456015351
46476,38.77604315081721
46477,41.548911393221466
46478,46.95009796729929
46479,40.15267523770925
46480,42.899146036881966
46481,46.74707074429369
46530,32.64889501206927
46531,29.703327908048433
46532,33.50294357745476
46533,30.292987398149393
46602,33.44883858456314
46603,32.43188148569217
46604,40.83837366438303
46605,37.71920239111628
46635,29.503245189742195
46636,32.88371764141318
46637,29.234447043867956
46638,36.31845866801648
46672,29.590947481058535
46673,27.708702040764823
46674,26.75809886629453
46675,31.086099218310387
46676,30.26636154129403
46677,33.64152048775145
46678,52.62898121743239
46679,42.00880083069816
46680,21.376436153395854
46681,26.952144415889485
46682,30.350240826467555
46683,42.427086700895565
46684,32.58837446626955
46685,49.249906252410305
46686,49.12488681111448
46687,45.55749231001538
46688,42.08021960405169
46736,48.68434134222298
46737,32.703454256056766
46738,38.70888708597267
46739,40.6083105908506
46780,26.693452145235153
46781,28.570696817919167
46782,24.551289016915497
46783,31.522762720650924
46784,36.1667040461876
46811,27.465653263481645
46812,39.866753748069286
46813,50.108201633941974
46814,43.874814748335424
46815,42.49583920456827
46816,43.40847795588126
46817,47.04211918660713
46818,45.189017777235335
46819,63.005643530231715
46820,70.58318964993421
46821,53.295083272515136
46822,72.836015023193
46839,22.649226316134435
46840,23.0252456377521
46841,32.835908917270054
46842,26.725610517831278
46843,26.693385291353835
46844,26.948750585472723
46845,33.14711500218258
46846,37.107582513431765
46847,33.72332417406359
46848,43.85333831097652
46849,62.988591079953146
46850,43.653528113326395
46977,18.04610342225878
46978,17.939755781950616
46979,18.905440350937056
46980,21.425524091143917
46981,23.624663620156742
47007,21.656484282322563
47008,26.857123868333307
47009,26.91124833362216
47010,31.30762610137827
47011,32.028871151176986
47012,19.09778153718698
47013,21.082324495313927
47014,23.76383098625258
47015,30.645537969042437
47038,24.262504639882714
47039,22.303858816308143
47040,30.720717605780216
47041,31.18704615291157
47042,37.83341875721464
47043,35.61111722288707
47044,17.34501736893132
47045,47.320689182882184
47046,45.92266390970658
47047,38.74491546986408
47048,40.321795993490284
47049,44.2405864520381
47141,39.46100039094016
47142,37.91541918248647
47143,56.47535522858293
47144,55.589746626848324
47145,46.08785400044616
47146,41.109956506344595
47147,49.51944788248314
47148,49.05397084633827
47149,79.40485520686059
47150,54.383308401966865
47151,54.86942925864944
47152,87.5268096296004
47211,15.637693141844096
47212,17.46176399437402
47213,18.427448563360453
47214,19.607729703232767
47215,21.538148196070857
47216,23.253970118023076
47217,26.09594871455875
47218,27.436701960028085
47219,36.7649982776202
47220,33.7103244004682
47221,36.87514849846747
47222,35.749942469018784
47223,50.79559122241033
47224,48.97437230528472
47225,48.63532958276961
47226,39.40592957945866
47227,21.763814398558452
47228,32.003670819848146
47229,29.839499394120928
47230,31.863325178236856
47231,44.45682150889006
47276,13.775382797275208
47277,15.170260508033387
47278,19.245694064595455
47279,29.37920284557699
47280,14.325955580058213
47281,15.61353500537346
47282,16.25732471803108
47283,16.793816145245763
47284,18.56376253248684
47285,22.21000294727716
47286,21.0316230976744
47287,31.431951624561115
47288,23.230762626687227
47289,31.37972844954181
47290,38.40253759781294
47291,29.664797979880323
47292,31.917111329047223
47293,22.965784978207548
47294,30.551004138134964
47295,47.23355264468932
47296,16.51748329904187
47297,21.235755923126785
47298,20.110549893678108
47299,17.950544644711933
47300,30.639220655961857
47301,32.39880058916857
47326,64.5776275669131
47327,45.49417919340115
47328,64.60963565910293
47329,43.230818017629154
47330,48.81858184192221
47331,77.97964400874358
47332,85.9156613763441
47333,51.566788513570394
47334,50.31574874385871
47335,59.833485762830435
47336,55.72517505141205
47337,61.95879429959306
47377,23.340770082694867
47378,20.39434513612058
47379,25.75545682772834
47380,26.131476149346014
47381,24.738499728857363
47382,24.89992247958916
47383,23.54335088036028
47384,34.84697308788022
47385,32.09964997484317
47386,33.05928058993121
47387,38.34973592606107
47388,33.89917953314783
47438,36.882482852890234
47439,35.75727682344156
47440,30.03178236259979
47441,28.638644502714094
47442,31.64186958902762
47443,32.35140533333579
47444,33.13678961924577
47445,38.505590923092626
47446,38.32389991986127
47452,41.85624813012836
47453,51.45231483876043
47454,45.71708511580455
47455,53.24521265021672
47456,38.74667969886836
47457,49.018379812504485
47458,51.3165140379794
47459,24.778730732112425
47460,25.8517135865418
47461,23.54717706235558
47462,32.661827454196604
47463,36.91339434942125
47464,51.52258603350563
47465,33.69581697911698
47466,32.249196079384625
47467,42.94450073849214
47468,48.16123196681311
47469,36.49828726122816
47470,42.38623249552681
47490,17.869501521288868
47491,29.12821633171908
47492,29.934267889962896
47493,39.98969808503138
47494,34.537651879047374
47511,38.78302377629152
47512,42.5461394566076
47513,44.048457868294925
47514,58.68857381339988
47530,28.06349772730387
47531,38.14648306064183
47532,28.889039770546994
47533,37.758230957384
47534,38.868108537156765
47535,35.34877715489597
47536,55.84993239847252
47537,40.86101775055952
47538,45.12351944725539
47539,44.29860595796271
47540,46.692344809267574
47541,68.15146228266167
47551,20.901021109872765
47552,19.61534297482707
47553,17.793173412566684
47554,20.31325715277354
47555,23.584428891080968
47556,28.302701515165875
47586,37.54462984305355
47587,35.64030115386175
47588,45.12400297151054
47589,47.528118828396465
47590,56.70092694997648
47591,44.93084940076657
47592,40.306534416435106
47593,49.31975756842564
47594,45.789269026993985
47595,72.23590949759671
47596,51.497537008667074
47597,81.89213968790094
47598,33.42956091289172
47599,28.457951157801787
47600,38.41845857604936
47601,33.49003306164181
47628,22.532849910305888
47629,19.478176033153886
47630,23.981852086352923
47631,29.07519338692073
47638,29.4644336399185
47639,22.657171707668024
47640,20.674530039810616
47641,20.675480684945395
47642,30.861212640946228
47643,23.571583746769917
47644,11.816410744720727
47645,34.152578413633094
47646,29.342627298560213
47647,32.93906873604504
47648,34.29942992700592
47649,36.670078791051644
47697,21.144239750959933
47698,28.756714146599833
47699,19.00112597750551
47700,24.362237669113266
47701,31.171400891633304
47702,33.7987829172831
47703,41.41125731292299
47704,35.68829288582818
47719,18.78350367827318
47720,21.08899084759417
47721,20.071083103588425
47722,27.469911573477223
47723,28.542894427906592
47724,25.503902585000677
47725,30.358019583541946
47726,34.24665712660013
47727,21.149191244940006
47728,22.865013166892226
47729,25.81429004887085
47730,29.728300854701114
47731,36.37604132648935
47732,32.99947259300854
47733,33.666748548695224
47734,27.454555571625715
47735,39.380371451253495
47736,36.31806100882517
47737,37.74409804214453
47738,25.00463005605827
47739,36.39230715972456
47740,31.83079345958035
47741,48.650668164644244
47742,39.138928074187774
47743,39.79997604674406
47744,36.969282429724466
47745,63.25273571152213
47746,37.84890835293143
47747,38.002425338417495
47748,50.137603017142716
47749,41.10395744123974
47800,38.39797745305944
47801,27.141163932898777
47802,35.0223593647134
47803,43.11269400958828
47804,30.406803628902423
47879,17.721795046072103
47880,39.7419653365856
47881,38.78212993367174
47882,33.23697693488457
47895,21.3025657441644
47896,24.197718160854155
47897,17.39045622860367
47898,29.024239715516778
47899,28.810593789765683
47900,28.596947864014574
47901,32.96933408475462
47902,31.71834093991555
47903,42.441715442694935
47904,35.86249914720661
47905,33.642150622010675
47906,43.14897502627543
48043,15.976340044562004
48044,25.090039791268243
48045,24.76909558007421
48046,27.39647760572401
48047,33.56606922169459
48048,28.713886121054628
48049,31.378980014706713
48050,37.26964959659168
48051,46.217923637379755
48052,33.34349706921812
48053,41.0374739375183
48054,32.66187325655124
48055,50.78773459025817
48056,31.11513550133774
48057,40.54522543320613
48058,54.66120841440985
48059,58.356306429655305
48060,40.59258201916074
48061,36.251279361828274
48062,30.409725940137662
48063,27.375260917380718
48064,34.00865620838951
48065,40.04165188960132
48066,45.50959777507804
48067,52.16743079561894
48068,49.54860884395055
48069,52.64718543220969
48070,25.98342893117077
48071,27.431480462083034
48072,24.85917354685686
48073,17.07591528095132
48074,25.316161096001796
48075,34.645758465289326
48076,35.73857510118603
48077,46.69494674683526
48078,43.15111511699878
48079,40.35627912009138
48085,34.9331291830917
48086,42.38513147313457
48087,36.87152015054517
48088,36.57739150599071
48089,59.85073368408219
48090,60.780057796125185
48091,27.047782027076025
48092,25.903568557779973
48093,44.267682341606665
48094,37.80465515142843
48095,45.6079686010204
48096,44.030410176747914
48097,37.81276977821068
48098,49.8650035185456
48099,43.856088746885945
48100,66.99140888928878
48101,63.550036018058144
48102,70.50289283021411
48128,17.764100800294763
48129,18.51518879839533
48130,21.089397003891044
48131,27.683963655525197
48132,31.59797446135547
48133,28.543300584203468
48134,25.488626707051473
48135,38.73442939960192
48136,39.42930093247358
48137,40.817423273658925
48138,42.50238716456136
48139,41.96054477013436
48212,23.0497832871125
48213,35.111809270662576
48214,31.988281909733516
48215,26.242552340931038
48216,38.553295415684765
48217,31.269914373582765
48218,47.3516128852975
48219,34.29231618274543
48220,34.8969047788131
48221,39.966853818642015
48222,53.1403034648413
48228,15.114234752474985
48229,17.90303952885658
48230,21.38880783804987
48231,21.4438829484735
48244,34.876339214367924
48245,33.39806589641766
48246,38.39917520969233
48247,29.776924299985623
48248,41.74784832419491
48249,33.43936104087808
48250,44.52591233338609
48251,39.50760942444493
48252,44.30364922566114
48253,55.95105119449923
48254,48.94979083960161
48255,83.13133549552373
48256,70.04431626588143
48257,57.161928455257375
48258,66.8560368911275
48259,53.67056827025683
48272,22.048487711343242
48273,24.300801060510146
48274,31.752803350553023
48275,26.712614420250073
48276,31.651058191651046
48277,20.28399083080938
48278,30.99226119015441
48394,58.34974459293643
48395,37.66587936427106
48396,41.16773937031305
48397,40.764307613042526
48398,44.05478633357313
48399,49.12932061462187
48400,47.132839909757884
48401,46.402021991920186
48402,48.299826406487526
48403,54.10756624320948
48404,50.032027765277455
48405,53.94413221828716
48406,42.354925509579196
48407,34.320457467770254
48408,42.212232492582096
48409,24.21889602087296
48410,40.79992414643502
48411,42.63221030649544
48412,39.14243459964742
48413,40.15053940136227
48414,55.52748805415177
48415,41.22658241143252
48416,50.73728320212748
48417,30.056319201901644
48418,43.83240348907828
48419,44.089131277399694
48420,31.246158249219945
48421,34.77163457999587
48422,67.03004698618608
48423,40.54093240580505
48424,39.841185470694604
48425,42.75364918789406
48426,44.280571590760985
48427,45.22400208777284
48428,18.749100059131404
48429,24.11021175073917
48430,23.736093719391043
48431,30.705729047508086
48432,20.253177345602072
48433,34.74961867336197
48434,35.081666672405106
48435,40.959107198173825
48436,35.81423839423976
48437,38.690753171310554
48438,43.13320797470168
48439,38.91298739511582
48475,21.324539288498556
48476,23.14765949589371
48477,23.792399853686113
48478,29.95777336354851
48479,35.80220266221689
48480,33.33719403243366
48481,38.43053533300146
48482,47.06186811778187
48483,27.77769742269373
48484,41.01792941215461
48512,27.965583038778732
48513,24.910909161626726
48514,26.25166240709606
48515,20.73102925502606
48516,29.147765468920596
48517,31.56150156881929
48518,35.77136568767344
48519,27.77159464343535
48520,42.556940586578975
48521,40.90170211692423
48522,43.44044912937204
48523,45.76135580710205
48528,26.63596007932031
48529,20.900730356364427
48530,23.803164226435474
48531,25.911465792627
48532,31.79685219427372
48533,34.573818607282874
48534,30.66302820956897
48535,40.19533530508438
48536,34.92275962297523
48537,56.35261683655785
48538,58.44392764285435
48539,46.48045901373471
48610,25.144440909473047
48611,27.28945597319702
48612,42.33490147532065
48613,22.720485320879273
48614,25.36453951753984
48615,31.582332288259117
48653,21.417064495953788
48654,26.832300652850407
48655,23.99222334658428
48656,14.7799795972664
48662,22.509108304903812
48663,23.474792873890244
48664,20.312820711295313
48665,23.154799307830988
48666,15.15798342563265
48667,36.1984427494798
48668,49.71488353154568
48669,45.811335823416485
48704,23.695630352781247
48705,30.251625777972087
48706,25.453453759346953
48707,25.132529395476144
48736,30.469817362349367
48737,31.113607075006982
48738,29.827928939961286
48739,32.407025473871734
48740,26.410916670599974
48741,28.45304914605677
48742,33.782331869558966
48743,34.4189163989115
48744,35.896326946405566
48745,49.32338155502744
48746,11.347878447264206
48747,29.988656344656725
48748,36.474318657411885
48749,36.40137510060374
48750,30.44085078787861
48751,46.73356391889911
48752,59.84800870237975
48753,69.775638559084
48754,42.026635505043465
48755,38.026064949030896
48756,45.452258357174784
48768,73.51225333854703
48769,50.748051705949756
48770,45.89700714186984
48771,46.55558497972533
48772,52.76169598622738
48773,61.32795221492644
48774,54.117921232349374
48775,56.09483689853505
48776,54.099603321254065
48777,63.783062746834396
48778,63.80417279146685
48779,74.68607894117645
48828,29.737155524938544
48829,21.2681961360247
48830,20.46474653110453
48831,24.499900081456737
48832,21.732293000002354
48833,25.77995297281325
48834,28.721408324750765
48835,30.581817707676684
48836,37.606412320290886
48861,30.77193590550776
48862,14.546836468921441
48863,29.733272525332413
48864,27.294327501532948
48865,32.5755006022897
48871,39.128982822323714
48872,44.29517007184167
48873,39.6820625814727
48874,35.04833668859463
48875,42.39973236112629
48897,25.41496556332935
48898,22.735360362660238
48899,23.968815322686623
48900,25.309568568155953
48901,32.06460732538712
48902,25.47194196402252
48903,33.82926725069364
48904,33.180745400066286
48905,44.93791331183042
48906,35.12832072491903
48907,38.66397287132935
48908,55.47217535372489
48918,20.26401833966976
48919,22.891400365319555
48920,27.662846809558552
48921,28.2421086053284
49051,24.384820476777218
49052,29.702374669570585
49053,31.21125703394157
49054,43.76455545511549
49055,31.586269317278855
49056,58.721884406801024
49057,28.04233622102775
49058,31.292464136335695
49059,26.0733193270866
49060,41.289851413925085
49061,35.81425918572833
49062,50.891809575064336
49063,59.43060259803587
49064,53.11356926910603
49065,61.04694492925137
49072,23.19537280579701
49073,20.677190355859697
49074,27.432229113090866
49075,31.34623991892115
49102,31.983504619016273
49103,30.705285671837608
49104,43.45170140549039
49105,30.678183264905073
49106,46.98980097731755
49107,66.0954658150151
49108,44.6698873801883
49109,60.371879744402186
49110,55.933181602295164
49111,43.37927404867111
49112,41.79558557641046
49113,48.92667134830982
49126,29.240416453936046
49127,26.828581644306894
49128,31.863400193092133
49129,29.464749566690816
49130,32.957362166197264
49131,41.84815604718189
49132,52.84822461848048
49133,37.11795513982837
49134,47.39213920790242
49135,43.79733674634001
49136,45.94057307137016
49190,28.123661375366584
49191,33.131859165720684
49192,34.480269597071775
49193,44.77208383984332
49194,44.48552642600363
49195,43.157790583782436
49196,47.70827819800503
49197,43.16079749423537
49198,58.900970754020946
49199,53.94988787394362
49200,54.51028581568568
49201,59.43862563564454
49212,32.24285238982478
49213,37.51954431884566
49214,35.103741388459376
49215,43.30330981323413
49216,75.97774458390501
49217,41.64854600517182
49218,72.40839963480704
49219,62.610546926134354
49220,44.7314778019212
49221,49.858020795412195
49230,25.115944616831975
49231,22.009047564660666
49232,29.383977695720567
49233,32.25884347054881
49234,38.63087625992622
49270,57.1338950844162
49271,42.75012113328615
49272,54.350773382095014
49273,51.032474832655126
49291,21.412024242592278
49292,23.71846205704805
49293,45.71585241901767
49294,32.89326394197371
49342,24.152115406729738
49343,32.89074647695308
49344,29.627816754980312
49345,25.149321567619648
49346,34.9451939583557
49398,21.302181043888794
49399,23.39402228745867
49400,33.20468556697663
49401,36.63632941088107
49402,26.291075994417984
49403,34.707812208312525
49404,31.579679696348173
49405,40.41984502400276
49406,37.97083902474138
49407,40.885005271732396
49408,38.21741759284237
49417,25.344197099011055
49418,30.705308790618815
49419,27.650634913466817
49420,34.030604994215096
49421,31.59813731855428
49422,16.716219026817328
49423,49.56091119178868
49424,32.01894582312583
49425,41.001609883131344
49426,40.4290045633112
49427,40.89289226897717
49428,48.08313230643204
49429,70.4439591009058
49430,47.27432841515252
49431,85.14899573497817
49432,46.41901970428365
49433,18.58129652224187
49434,27.534524163351097
49435,29.722586821902027
49436,31.93775059284207
49457,26.66311276993804
49458,25.194030459274668
49459,38.28211765254122
49460,37.89018659395478
49485,54.08873796661705
49486,27.6600437902368
49487,33.28771714885314
49488,48.409962342642785
49489,44.206740443117056
49490,65.72087545524826
49491,59.54322339933586
49492,42.95847266119054
49493,40.55991868536809
49494,77.53768051552086
49495,53.89962385106548
49496,80.22562417465997
49497,46.261952566213786
49498,29.86040103901758
49499,28.819371361497563
49500,56.63739610762031
49501,66.21158725164346
49502,36.58642669000076
49503,53.8330956704102
49504,44.48177926359417
49505,41.088642441630476
49506,84.38676918983145
49507,59.69003514281589
49508,70.6072168503363
49585,25.486689860168262
49586,30.204962484253166
49587,21.89647520093634
49588,26.98981650150415
49589,31.605454159626667
49590,32.642918829648565
49591,36.17929699296143
49592,39.953651535814934
49593,44.15729973207951
49594,40.626138980246125
49595,45.11080788493286
49596,51.51694837521357
49647,20.441232116884176
49648,21.943408113085304
49649,26.28661206068732
49650,32.8280048921674
49651,36.95661226888354
49712,41.338592745721
49713,36.5149231264627
49714,38.44534161930079
49715,34.62069701099803
49716,37.812915994813345
49717,41.62722286058624
49718,53.10446244670903
49719,49.713500794168226
49720,71.50681757304153
49721,50.276805265881634
49722,56.54504666377306
49723,50.6371466555014
49770,44.09343690652375
49771,34.788084208435905
49772,41.15994885893552
49773,55.11506681781368
49774,50.25147441560349
49775,39.88988531763926
49815,19.934863081229302
49816,31.08627960621658
49817,27.65653705258168
49818,28.247152945085233
49897,26.77554770230542
49898,27.48055834724775
49899,17.553161901791178
49900,28.21614663084521
49901,41.92208653098817
49902,45.86762172218008
49903,56.51377943952091
49904,59.99176865900749
50004,18.105305159087933
50005,19.178288013517307
50006,22.020266610052982
50007,24.64764863570278
50032,28.003006576449692
50033,28.649330961085635
50034,38.96984371867308
50035,44.23292001100352
50036,15.195952548394
50037,27.898779407889204
50038,32.35796918477718
50039,35.375006199014514
50040,37.54014178685789
50041,36.94587647825367
50042,53.71485356011701
50043,52.1029020185274
50044,41.84795782757802
50045,44.4915578595044
50046,46.484924239300945
50047,42.97853394843319
50096,46.07288130800187
50097,44.43013949915156
50098,38.31460379366345
50099,56.884929472927446
50100,68.87002683943263
50223,38.15230784547899
50224,46.08667709744769
50225,50.938006008491925
50226,52.20228666149399
50227,40.46454971477921
50288,29.75037499475352
50289,22.35344781513427
50290,28.036454363070842
50291,32.64742870171282
50292,20.844198345189287
50302,18.666816608526606
50303,20.329464710324746
50304,23.439213697900378
50305,30.945340453232113
50306,36.00665261316005
50307,31.336661518750155
50308,35.42028798649239
50309,34.591178871796785
50310,40.520012587746955
50311,50.68168994296044
50312,27.199592567150113
50359,26.653120903756296
50360,33.70225630648713
50361,44.626652107617915
50362,27.510745856730836
50363,24.572983644078146
50364,26.771172527956185
50365,29.19076351611415
50366,32.2365043524675
50407,23.02734000894202
50408,30.639814404581912
50409,24.422217719700203
50410,26.56723278342417
50411,36.270597777499184
50412,29.451530410198483
50413,37.00056773552085
50414,14.443923243535526
50415,37.94113249370057
50416,39.33257572468561
50417,42.49138582920187
50418,39.506899106058945
50457,34.8736629049264
50458,40.78977924739953
50459,44.20549330541737
50460,64.91899130482844
50507,21.050877133115428
50508,24.267924406134
50509,35.847583427758245
50510,25.9561104378996
50511,43.67579293295332
50512,33.17006741089322
50513,44.492444866512514
50514,32.44080001323315
50515,39.2478053432621
50516,44.32605157446383
50517,45.06112967772312
50518,55.37663716932449
50519,47.67779424020666
50520,52.32493906083148
50521,70.2380894321355
50522,47.08185479320833
50558,18.76301975882894
50559,30.148027584614052
50560,30.01987234311541
50561,31.71763437924846
50635,61.47283271118277
50636,71.95909553835341
50637,77.4319138394583
50638,74.7214283347964
50639,59.14406164346404
50640,55.4545402144861
50641,78.98630963348924
50642,54.27363133479994
50643,51.36155752140786
50644,86.64296277220751
50645,53.662114167591966
50646,50.50341596732908
50656,19.390571950450916
50657,32.52463014329559
50658,30.59611294072704
50659,32.74112800445102
50660,26.278631112540076
50661,29.17378352922983
50662,34.964088362609345
50663,29.92582217246517
50664,28.532845751976527
50665,10.543847272650485
50666,38.93357027643582
50667,48.96088832940049
50668,40.40522521334271
50669,44.28295986367309
50670,66.49157882293406
50671,62.67519931125553
50686,26.983197542174402
50687,32.39843369907101
50688,27.064286614937778
50689,32.02426839652271
50735,17.8563300668558
50736,21.82351469284016
50737,27.453347420622656
50738,22.040012553995588
50739,29.54613930932732
50740,31.691154373051283
50741,28.63648049589928
50742,41.28817172681813
50743,27.31021720439622
50744,33.67501488415196
50745,40.138609668261495
50746,40.32255569093728
50752,34.37010945135101
50753,41.83033974722009
50754,32.22324553223582
50755,48.46870229917263
50756,38.97853878919824
50757,38.721609937884814
50758,38.871947770231635
50759,53.71939931589297
50760,43.48155424138844
50761,64.64934440979451
50762,56.057786385585
50763,56.10195756709489
50768,21.0567688974586
50769,27.436738978206876
50770,29.09938708000502
50771,33.60306313320407
50772,30.22649439972324
50773,33.17577128170186
50774,36.39281855472043
50775,48.132949681941696
50776,35.182641822063445
50777,40.74018349519007
50778,39.59966778893315
50779,46.96128196991965
50792,34.728198153063154
50793,53.04896874759253
50794,35.99986101867892
50795,36.699435711103064
50796,38.46476394174758
50818,36.18741542296224
50819,39.94095412319549
50820,33.661826235865576
50821,37.70614595710478
50822,38.47337215287978
50823,43.141357140984105
50824,56.87175736918228
50825,54.40817873563164
50826,38.17265491017784
50827,42.10429069268701
50828,58.354648344833
50829,40.363601448603056
50848,37.920279386552586
50849,38.253173679029054
50850,41.96053207321252
50851,40.342588555174125
50852,48.17284067353332
50853,73.98320837348666
50854,75.64190895044388
50855,71.23343282383792
50856,55.90707236072091
50857,50.6669473602241
50858,55.35891777040032
50859,52.26903472959056
50860,31.264731056253417
50861,35.983003680338335
50862,28.819694949829284
50863,26.78159009147682
50864,32.35392696142561
50865,49.129939650831794
50866,43.67480277766825
50867,42.352929235075365
50868,42.056438437579594
50869,44.49043771069603
50870,61.57347258990765
50871,58.385711772556725
50890,23.491151306797178
50891,26.975968970855703
50892,30.020355200714558
50893,30.964694027194753
50894,37.67865829334725
50895,30.734819348601775
50896,37.07225708779138
50897,37.95869548201099
50898,50.97126085285503
50899,42.71089316372267
50900,44.71128419859668
50901,34.16165132171345
51021,43.19833153362222
51022,37.07360858655256
51023,37.65145806957439
51024,37.71002205669641
51025,29.645219616157505
51026,42.68402969985285
51027,46.88438580961296
51028,42.90208734592583
51029,61.138475406699456
51030,50.88296536606539
51031,44.959636651487365
51032,75.14520448442957
51088,36.558967085028534
51089,40.41980407070472
51090,67.70082530791728
51091,40.64672499420564
51111,25.500428721025617
51112,26.428090024833086
51113,23.553342428598494
51114,50.84748630172147
51122,43.87132482349782
51123,33.54595577351609
51124,55.429629451803144
51125,38.814056493651314
51192,19.852799354951976
51193,25.64310418833149
51194,26.770211508049723
51195,42.0711065178762
51204,40.61583852383235
51205,41.9354309915602
51206,58.478507412374654
51207,46.99249967537798
51208,52.12491384911343
51209,52.719507866374215
51210,71.87863026315554
51211,62.73269140900188
51212,69.59367871014751
51213,75.47636981120965
51214,77.19513405831066
51215,62.2152087792729
51221,16.95980715124717
51222,24.197212870404172
51223,29.13008206537496
51224,22.43011841856742
51225,27.041092757209395
51226,20.233830824958915
51227,26.580376186378228
51228,18.658794092833414
51229,24.870505646493918
51230,36.21753188066408
51231,29.904172559042745
51232,37.710993565031096
51334,22.733499816390207
51335,20.643559863089862
51336,26.004671554697627
51337,23.807433315954352
51338,30.615645893339604
51339,32.921133062660594
51340,34.199982628466394
51341,42.62059016561014
51342,39.14237853628957
51343,31.38647273760383
51344,40.28599888356476
51345,46.736549441254276
51400,22.54744174371004
51401,19.867836543040927
51402,21.20858978851026
51403,32.25270802805459
51404,30.162768074754254
51405,19.37244929756964
51406,28.376128366965737
51479,24.56028937512282
51480,25.04360698218343
51481,26.385310872787528
51482,22.901443853863775
51541,22.365337126924697
51542,35.87446399625227
51543,29.60369349121647
51544,32.39154762246329
51545,28.425313641613712
51546,31.63390622907999
51547,33.195714007639005
51548,29.817714375105815
51549,38.36495280452626
51550,36.539020278168465
51551,39.30763102017062
51552,42.80176511593523
51577,31.20397725686312
51578,44.070265058667836
51579,37.36460595045664
51580,38.34324956397831
51581,46.328316774144646
51582,40.23518317968529
51583,48.89711907045879
51584,36.74169512046474
51585,45.154017130948276
51586,60.94270376581613
51587,53.368258600368044
51616,45.7322110632749
51617,30.345775851483317
51618,50.618375195389746
51619,45.40158755982306
51620,41.28578430621397
51621,73.92465241988913
51622,72.86570888630561
51623,70.93854991423908
51624,46.346588087918995
51625,51.93010055919561
51626,50.01596491026416
51627,84.82182830881553
51674,26.254577985215093
51675,33.161555074371414
51676,38.527785153632635
51677,34.00328030797696
51678,39.564270334212225
51679,33.871710228630704
51680,74.41647307007872
51681,70.44714417129455
51682,45.12552598125157
51683,41.18700537614218
51684,69.05058607555446
51685,44.50562638454152
51702,33.26766988988875
51703,30.588064689219642
51704,29.784753516099773
51705,37.982676328565404
51706,46.239059997777694
51707,45.62810743746436
51708,59.31184046945235
51709,80.29735035577184
51710,47.60417693717135
51711,48.3544041221755
51712,74.94001109275035
51713,70.72527978832994
51718,24.324522755502542
51719,27.166501352038217
51720,29.90118166313095
51721,33.707742529437674
51722,33.29029955721334
51723,30.276553600368587
51724,34.793178297512604
51725,30.46086185862383
51726,44.68799395644883
51727,40.27516797608233
51728,38.38388966069619
51729,33.67141234573362
51730,32.398401868278064
51731,33.08470541797945
51732,47.242400361287686
51733,36.37684679069896
51734,55.819898482317264
51735,61.3468664083859
51736,40.98285466065357
51737,79.1305345043045
51738,40.86724601391732
51739,48.87836935269374
51740,47.30664453469846
51741,53.644667062122835
51747,29.297965448439353
51748,26.51106196232731
51749,25.62204599635092
51750,37.54941952330278
51751,35.987695302441864
51752,36.7648079662061
51792,22.673201746456378
51793,26.854982943326608
51794,28.999998007050575
51795,35.27266980235592
51796,28.465407870105444
51797,26.809822041714764
51798,37.64735395583538
51799,38.39797928996971
51800,49.28196508105094
51801,46.87520430614322
51802,47.56401621041848
51803,46.161741463143166
51812,19.454046001655488
51813,25.888140547692633
51814,25.942265012981483
51815,25.51402251634451
51833,31.602787538748068
51834,31.56097710072514
51835,32.40669651297545
51836,32.70322880641214
51837,39.33531234951032
51838,28.228189814945004
51839,43.4280169806579
51840,30.091958866436457
51841,40.00992043139734
51842,34.12986703620926
51843,30.230974171150713
51844,30.129437378153714
51845,37.63379656148693
51846,49.29668313764283
51847,38.35639873220552
51848,38.58681616053838
51849,40.94255249660548
51850,54.07612533012237
51851,41.66560883205826
51864,41.96202198441941
51865,38.76660690843064
51866,30.03874958955951
51867,43.764881491041486
51868,44.04387982860326
51869,29.078942324959275
51870,45.381058636931186
51871,50.25360438436355
51872,45.12668357283257
51873,46.245709672590955
51874,49.457322689872655
51875,55.2479453372301
51891,20.10066619369617
51892,18.01072624039583
51893,25.677325101324584
51894,25.731449566613442
51921,19.86865249740893
51922,33.96744461410527
51923,34.02156907939412
51924,27.42890371802952
51925,31.505269373056244
51926,32.37656495987126
51927,33.45581466435403
51928,35.945789855989496
51929,35.13534397127655
51930,44.34731529940237
51931,40.15078534365668
51932,43.14480115393985
51937,39.51486036834482
51938,47.54885521435456
51939,43.38076537570386
51940,44.75910221727923
51941,49.73332070169218
51942,44.18315886921884
52202,25.322557296258445
52203,31.98738471031848
52204,30.762264308709696
52205,50.98231162383311
52206,22.24110927632982
52207,23.26091831060511
52208,31.30258584801676
52209,33.06307820576282
52333,30.878149813225875
52334,35.634385109326786
52335,37.71291833096888
52336,34.98057904520113
52359,33.2685176750497
52360,37.77219372824875
52361,28.606270806523195
52362,31.5657623926799
52363,57.794619498363474
52364,33.35627479614458
52365,44.07291793506305
52366,54.78674275646711
52367,42.80952003533033
52368,52.812427408033244
52369,44.5490505803898
52370,49.96394149814789
52377,17.390044884920957
52378,18.730798130390287
52379,19.85695480497374
52380,22.001969868697707
52381,25.808682389085046
52382,27.685927061769053
52383,30.152836981821842
52384,30.379247358475027
52385,34.59547216558762
52386,40.78040859945575
52387,33.20114412523718
52388,37.954187973427565
52413,55.57935242271488
52414,47.59275999572686
52415,45.127751365943624
52416,53.93584379756415
52417,55.77188603030928
52418,41.06712105148029
52419,51.7919446663471
52420,53.89645483352482
52421,46.47505442250273
52422,30.360805680171403
52423,26.71646655565063
52424,25.216191849719056
52425,30.04271340438168
52499,27.01840093109522
52500,30.626012618245902
52501,30.574072643486133
52502,38.42213401680665
52515,25.39290438536449
52516,49.742464083017445
52517,50.49052210342029
52518,59.352158029317124
52524,24.51313828425797
52525,32.82257621270958
52526,33.949683532427805
52527,36.537493438323374
52587,30.228113047000555
52588,28.245471379143158
52589,31.25153617497258
52590,30.963098660174097
52591,27.98639712539358
52592,39.12864762069018
52593,36.31865736689942
52594,32.49416280929051
52595,46.0019019802589
52614,34.87494694036906
52615,35.341841397533585
52616,35.90218036821792
52617,37.28164051360017
52657,17.15921565868837
52658,20.376262931706933
52659,26.006095659489425
52660,24.50582095355786
52661,42.348503979421956
52662,33.665898664757
52663,42.707008777982345
52664,65.35458180068196
52719,40.02222627425633
52720,36.32471332958148
52721,28.794109785302247
52722,31.482970446539674
52723,31.801565873198456
52724,46.460537270215205
52725,54.93630214503441
52726,44.752991798929855
52727,42.107502762247506
52728,45.09850328980033
52729,45.592734723816626
52730,43.0512090339216
52753,20.03883078422504
52754,19.020923040219294
52755,22.237970313237867
52756,26.044682833625203
52757,19.612489577857612
52758,26.15293176420291
52759,31.031676493884838
52760,30.22836532076498
52761,28.94268718571928
52762,27.639720476704422
52763,34.34552442425946
52764,32.076387755751405
52802,42.490012849677726
52803,46.23310291298662
52804,45.17671203343277
52805,74.24436599846223
52806,73.83613179460977
52807,79.70313579892027
52808,83.94929506728369
52809,67.86574217792074
52810,45.5964868274379
52811,49.95188001295516
52812,60.75136644028569
52813,84.79845959492746
52861,22.48005041565573
52862,27.210327988837342
52863,26.780807233202495
52864,30.145406483856604
52865,52.6063068113165
52866,42.76814666824591
52867,46.69192150379949
52868,40.659369682529345
52869,56.00209241007884
52870,41.339266194547434
52871,46.27066489111473
52872,44.3845959994771
52913,24.6059490578357
52914,22.998376066461194
52915,25.03609284474222
52916,21.177157149335585
52917,24.55467652795117
52918,31.417013570625286
52919,27.66537616066157
52920,29.810391224385548
52921,43.69458677019601
52922,33.417952728521826
52923,14.489093189090163
52924,27.248082705451946
52925,24.461179219339904
52926,28.267891739727236
52927,13.726646912847237
52928,32.76068133466676
52929,29.88428709728998
52930,22.032614779403392
52931,50.09171085311751
52932,35.56550631779575
52933,47.10066478649108
52934,58.39515876205863
52955,24.721945950774494
52956,44.34232186467562
52957,19.845102511362107
52958,32.27322301032984
52959,46.90460195921445
52960,36.45451337400539
52961,49.45839704803952
52962,53.33859047636722
52963,41.270739910958355
52964,62.11371931831954
52965,42.46052294267267
52966,54.48867790760063
52998,40.47110843138222
52999,33.664797144266515
53000,36.99287139849957
53001,40.64658525981887
53002,28.944305832996587
53003,26.747067594253316
53004,35.535529063331225
53005,31.840593828406902
53006,33.17474236750308
53007,31.653479449310346
53008,35.92880331247719
53009,35.606908583103014
53010,45.210063691031245
53011,49.86297595302421
53012,39.61269935958256
53013,50.17937288539651
53014,28.643143122358808
53015,13.251402254571252
53016,29.430874696832632
53017,32.52777422207688
53018,34.295844153802975
53019,31.195965485297833
53020,56.27263446278936
53021,32.57874621095052
53022,36.066748471337704
53023,44.16672120602841
53024,48.730819115658576
53025,52.346550978178435
53141,29.99446962218643
53142,28.977512523315465
53143,44.495542521191304
53144,34.146944697359466
53145,33.155947318385266
53150,17.707747273049222
53151,23.55217657171758
53152,24.51786114070402
53153,26.87747277531386
53154,24.787532822013517
53155,25.645919105557027
53156,31.007030797164788
53157,33.615063083995075
53158,44.16261012337294
53159,32.844655637143696
53160,33.649996103013734
53161,39.82840433976353
53162,24.930940049260407
53163,25.03918897983812
53164,30.722195527774694
53165,34.708864816547845
53166,32.98549037159332
53167,28.09308605498876
53168,29.663691829213814
53169,25.08479459733231
53170,24.1753640999592
53171,29.40588079751265
53172,36.375516125629694
53173,26.512629671092444
53174,28.739995154473327
53175,29.985707189039804
53176,33.10471498700549
53177,24.153388636165815
53178,34.865884694845924
53179,35.35552474025675
53180,37.54578058596853
53181,60.428506001886795
53182,42.20375127700092
53183,34.64536360698209
53184,34.830874940357674
53185,41.76858622883388
53186,43.77767173090574
53187,44.16652007157616
53193,33.69587018096109
53194,32.88343916690212
53195,27.61954850339169
53196,36.08389313083193
53197,33.90273562254956
53198,52.706926005309214
53199,44.530399575024674
53200,63.17763969393531
53244,27.66924954738974
53245,35.305964938467525
53246,21.01125260128129
53247,35.85214082399928
53248,41.03068010820659
53281,26.92314283279845
53282,24.35083591757227
53283,8.242911921309885
53284,19.84372721597051
53285,26.505138937111298
53291,48.35296999491357
53292,34.53580560089169
53293,35.71828690221317
53294,34.26475904424859
53295,43.567867243825056
53296,46.39773178176993
53297,79.0667382094822
53298,38.609126270798875
53299,59.586620525504124
53300,56.861799964366085
53301,69.11336489629164
53302,48.52922253222546
53318,34.0543888051818
53319,30.410049680661032
53320,38.44716087049278
53321,36.13398986469526
53322,45.85681617986993
53323,46.34267381057083
53324,41.55815592061175
53430,29.810589492691765
53431,37.42306388833166
53432,32.44467815486421
53433,22.641324003566695
53434,35.9730810825615
53435,33.161739784046986
53436,56.87385755599378
53437,47.84610647197056
53438,53.37981296949562
53439,53.49694954409829
53440,42.313928026558386
53441,34.602300910039915
53442,28.289857832419973
53443,33.38319913298777
53444,33.92380507915391
53445,31.267550724614892
53446,46.640049369944144
53447,36.83797900647225
53448,34.65239447536441
53449,36.482201203606216
53450,41.825315022988356
53451,44.40863581722378
53452,39.34814492173749
53453,39.979288964635835
53483,18.702644332460185
53484,42.072777938306906
53485,26.650233734746912
53486,30.22613234656112
53487,34.72453768207986
53488,36.04038270278917
53489,54.201896064699795
53490,70.68630811344337
53491,47.68312280309278
53492,45.91014408821395
53493,47.19893272423442
53494,48.49959992574538
53527,38.731761621178684
53528,29.19077002297024
53529,43.22607047948665
53530,28.532178256598478
53531,35.41724538199877
53544,31.60259964521355
53545,34.83622412909361
53546,39.698068786550955
53547,50.95898699660553
53589,41.62648016614549
53590,58.62074710537396
53591,71.3704300505851
53592,61.731575452816216
53593,66.72577439746672
53594,69.7189950617873
53595,52.234461488431
53596,55.85829400745514
53597,84.3531778320054
53598,85.48829026645461
53599,57.93309705053714
53600,62.21591345589468
53651,35.27513014582817
53652,69.31169834796145
53653,40.76093780668353
53654,47.596891225841134
53655,52.0174794549476
53656,47.81436431625494
53657,30.56873381410052
53658,57.834692173677944
53659,60.425562803336284
53660,59.23070179651457
53661,54.153769264872885
53662,60.89836800743746
53663,40.00052195205096
53664,58.56819631330309
53665,79.886979142748
53666,43.245473313364656
53667,33.944710582426445
53668,28.248918283094664
53669,20.932654791695803
53670,34.172262662744366
53671,35.55022269587914
53672,38.77761288053175
53673,35.014375952419535
53674,42.10067446202044
53675,41.02887743040124
53676,46.032077148961996
53677,38.19200132630832
53678,45.105993797207056
53703,30.311216177794073
53704,34.223154493124284
53705,34.328237970500346
53706,38.660943840266825
53707,62.825667098763084
53720,13.868608640356367
53721,15.691728847751527
53722,14.459224532859913
53723,23.305153888526192
53724,23.895769781029742
53725,23.09245860790986
53726,34.18975066760828
53727,24.166392107474017
53728,30.921430864705187
53729,36.11045105406522
53730,39.13571277478144
53731,36.898106163646084
53732,28.556864010294536
53733,25.723577329023616
53734,28.823149727682637
53735,32.63327940658499
53736,37.021451014532325
53737,33.247674962392296
53738,20.24449902858496
53739,38.42452413853398
53740,34.847093832708175
53741,35.4238998184217
53742,41.74190920360187
53743,41.78767373891081
53794,22.592108575723508
53795,28.27511512366008
53796,24.308881142810502
53797,40.713160428827834
53798,26.776741707998056
53936,32.63719961260885
53937,36.832402787154095
53938,38.102865150059465
53939,39.65406514824031
53940,55.769443909015486
53941,40.7522609957956
53942,60.224315803428055
53943,43.85616340481618
53944,43.09057547790592
53945,47.80466503690822
53946,45.23189343658015
53947,76.72284447519226
53954,17.213397052565693
53955,18.071783336109185
53956,19.144766190538565
53957,22.523236214288925
53958,24.560952992569955
53971,27.368854536972027
53972,27.58527534545277
53973,33.416500186284985
53974,35.70491636218368
53975,33.65019277567313
54001,29.96918695142633
54002,29.165875778306468
54003,36.02821282098056
54004,42.95544773169267
54017,27.52767137910147
54018,26.921405660671827
54019,34.718541927045756
54020,26.038958900578468
54021,33.769519404830554
54022,33.990011618028646
54023,36.46409954320004
54024,39.75584614375896
54025,41.258847398426276
54089,37.249934531958125
54090,29.9603056377818
54091,33.21499786379331
54092,38.866296892251576
54093,39.41484957361466
54094,40.325047483462264
54095,63.30380863796794
54108,47.29387582399282
54109,45.36535862142427
54110,35.41060725152677
54111,40.78061804032514
54120,22.8065083398683
54121,22.003197166748425
54122,25.9172079725787
54123,26.990190827008075
54124,28.920609319846175
54125,33.63888194393108
54131,15.460670983984908
54132,19.857048751741008
54133,18.035829834615388
54134,25.755602515698232
54135,24.36262609520959
54136,29.56326568122033
54137,21.683971539675262
54138,42.48367794831392
54139,39.755966445387955
54140,35.32933176302791
54162,29.66764618946393
54163,41.94426874389988
54164,34.16055836344918
54165,33.03248746691228
54178,18.30192238553399
54179,19.74997391644625
54180,21.41262201824439
54181,25.219334538631724
54182,30.419974124642472
54183,29.02699770415384
54184,31.172012767877817
54185,26.991182216142363
54186,32.67418876407893
54187,44.79033921291787
54188,45.64872549646137
54189,48.86672341461472
54202,47.76785647964871
54203,50.03144761131309
54204,47.935777960865515
54205,76.10540780013912
54206,51.24061865606279
54207,53.57009748979617
54208,55.96221237287893
54209,64.02387595400694
54210,90.6293866262875
54246,16.10716321825625
54247,17.9302834256514
54248,20.343068880415338
54249,17.181096717820388
54250,25.5987835768497
54296,62.1882021770065
54297,31.10404329595402
54298,33.78927063931805
54299,41.32202402123104
54300,37.291455919842804
54301,36.65908248852922
54302,61.568901626194155
54303,51.03159526872919
54304,40.91744870991152
54305,54.50973249126275
54306,56.17234579876742
54307,48.9925365160478
54323,28.86849046636582
54324,23.13326074340993
54325,25.38557409257684
54326,28.70991965103834
54327,23.102577594376807
54328,21.870073279485194
54329,19.0195567880611
54330,29.02550156854548
54388,26.907346618929964
54389,40.09552927706349
54390,30.812721240837583
54391,39.07180241897452
54392,45.280348819284406
54475,16.635723976961174
54476,21.246698315603147
54477,22.694749846515418
54478,24.83976491023939
54479,26.287816441151648
54480,29.987230676096054
54481,27.789992437352776
54482,32.56143888159177
54483,30.364200642848495
54484,31.22258692639199
54485,36.26180376167094
54486,27.57824780187122
54493,32.33813044175135
54494,31.320222697745606
54495,32.40818368388873
54496,25.229852883095575
54549,23.602305375546962
54550,23.38865944979587
54551,30.518766883509926
54552,29.206410328304603
54553,33.811044907338236
54554,30.725504075885688
54555,38.845092387201845
54556,36.38788223111488
54557,42.310148409752664
54558,38.24952499542267
54559,39.024929699388785
54564,14.249419667391834
54565,17.413293120256327
54566,22.400286780515955
54567,23.42009581479125
54659,21.75648815465179
54660,29.04801833909765
54661,33.069327430370855
54662,31.783649295325162
54674,28.17222903074518
54675,26.57380705031815
54676,36.542732167152465
54677,31.71692085395913
54714,24.99285011752056
54715,26.012659151795848
54716,29.497476815854377
54717,29.689592452083367
54718,44.236917854062675
54728,34.15293155454043
54729,42.784264339320835
54730,29.15001557482838
54731,46.14401330613367
54732,48.877465348889196
54785,27.656818892883482
54786,35.37659157396631
54787,37.52160663769028
54788,28.915151710459252
54789,27.91449619670333
54790,42.537241643217854
54791,26.54968096725603
54792,20.064313891334358
54793,28.74882049626886
54794,30.196872027181122
54795,27.015812695041685
54796,34.38485366660869
54797,34.761970171432544
54798,40.345312624914634
54799,35.52040964118965
54800,57.038332094275574
54801,42.34067527490662
54802,26.511202193432098
54851,30.873678272367506
54852,27.15392058267358
54853,30.762650289292118
54854,39.817779279645215
54935,36.468883930860045
54936,45.850354068606244
54937,39.6863775890425
54938,37.473544579871195
54953,41.72205364131
54954,50.17242916488599
54955,59.46153034360356
54956,71.73870339691024
54957,44.7563236716591
54958,47.863697280106315
54959,69.72175290011725
54960,49.02024157727072
54961,57.53305918044906
54962,47.495139882789005
54963,67.88525005480125
54964,80.51534261268509
55017,44.227289280229336
55018,43.80568527656595
55019,24.891171656991446
55020,43.77086206386352
55021,40.58562961830388
55022,49.54244672439029
55023,53.5196714300472
55024,47.936498838872176
55025,50.991025940675854
55026,57.45715504758122
55027,57.41884183068779
55028,53.25353487517813
55041,40.70355088024262
55042,42.63578035838223
55043,47.96233691000177
55044,62.6469292095476
55045,54.19453246909359
55046,46.47742949748809
55047,45.24390822422025
55048,72.68829643231066
55049,42.56193680374863
55050,52.60403865661433
55051,55.03300838743784
55052,62.857004795693136
55060,43.685490200965845
55061,45.32434584055818
55062,56.069894855308284
55063,43.40410665345442
55095,34.18623623234108
55096,44.157340422862426
55097,42.10622598298732
55098,45.7260678272909
55127,36.8830450719287
55128,32.32714584371035
55129,27.985843186377867
55130,31.956563393319463
55131,25.91747095797344
55132,31.459684740951857
55133,30.607232998302884
55134,43.09055953328655
55135,66.25032492615523
55136,43.560343008219384
55137,46.36368388169144
55138,40.172293581511305
55179,27.47028217316044
55180,42.621057640415685
55181,32.931894960284126
55182,35.86599745096836
55183,42.489042247541846
55184,30.883531521862423
55185,53.97080264077504
55186,59.736427564970036
55187,38.67102426340352
55188,43.06038812633434
55189,39.689520371342084
55190,56.734024040765654
55191,51.305452203648805
55192,41.42738962864169
55193,49.23479056084124
55194,49.59013776339253
55220,22.691067856150692
55221,28.37407440408726
55222,27.195694554484508
55223,31.86473304483951
55224,37.24091558097704
55225,41.74311224089265
55226,37.03647052779801
55227,46.41147844909508
55228,43.93466371653327
55229,60.55500651301166
55230,34.49902042268825
55231,41.877373993654516
55261,18.91632208900424
55262,24.653453102229665
55263,25.51183938577316
55264,25.405491745465
55265,25.138671999559826
55266,32.483376004159766
55279,48.1066992281523
55280,42.16243877896403
55281,38.86606111841545
55282,38.14192433776268
55283,45.52956160584866
55284,68.50262960044611
55285,49.01994710251692
55286,76.76627879754565
55287,51.360496713767795
55288,49.60106425239013
55289,66.30344794483455
55290,49.8263118515572
55349,51.16190436280891
55350,47.84917856512654
55351,43.370857249626816
55352,43.15048308806774
55353,37.98844073319013
55354,62.95996393384724
55355,73.66217287416546
55356,65.88689713536394
55357,70.84932358431172
55358,59.310942285383
55359,73.00550242834265
55360,52.032265009069505
55517,18.754956266860916
55518,27.06439419531251
55519,22.026128005168335
55520,22.884514288711827
55521,21.009170906297364
55522,26.959947845273895
55523,28.407999376186158
55524,28.78401869780383
55525,39.184347224690555
55548,31.796111200925722
55549,31.689763560617564
55550,25.472166875735844
55551,18.728396603665306
