Index,target
66,25.534411464131228
67,30.042634440188703
68,36.66447435492817
69,42.563938090355755
70,32.853703150010745
71,41.435777437803964
72,45.689126188631114
73,33.47480529678749
74,48.41807701897794
75,48.897020809069424
76,54.510018766526656
77,60.42523026298019
141,32.570049577432854
142,37.150211940038474
143,37.02631751702451
144,41.29552234698914
217,26.973854755235557
218,35.00151977590883
219,44.892308539023446
220,32.66219504291064
221,14.56623621752533
222,20.945584868512256
223,12.44337816478182
224,15.83783725470741
225,13.083454070075064
226,17.00321961097197
227,36.79941158063425
228,32.39628778651504
229,43.361511756112236
230,34.11181345644664
231,48.85144014850868
232,38.312015462337264
233,38.601015917424164
234,46.17048146870455
235,44.75708093563859
236,51.449656427110405
237,49.83773156585918
238,49.39342157897903
239,53.71113911281162
240,53.112237334311146
241,79.98530084158139
242,53.70039133402491
243,60.56908265786736
244,69.96245915409008
423,15.627510925271727
424,18.757744522989647
425,29.858074600641707
426,35.499389470125415
427,36.16002160095975
428,40.337897394848575
429,41.992439132088116
430,34.98878049973862
431,43.03769228410573
432,43.05732700628421
433,39.622870093604135
434,35.64194284529771
447,19.716633046737773
448,22.568298385290632
449,22.537193312890576
450,34.38386825549563
519,27.038851967195512
520,39.59335015213223
521,44.51438274454947
522,38.155084893509354
554,13.33627818019361
555,22.880239211556724
556,48.83529796293853
557,37.20298791862856
558,42.54507646997984
559,15.83783725470741
560,19.093900485949504
561,19.093900485949504
562,23.924473803662387
563,31.36642468575383
585,35.26620096776193
586,42.807040292675524
587,33.943196866830384
588,38.07944404430609
589,35.377044402257354
590,39.943150292850696
591,43.94829174395212
592,47.53972315336272
593,54.79976750194181
594,44.18176751753863
595,35.33989202906054
596,45.004004034865766
606,26.816335939140746
607,22.91111317014502
608,33.96875924826393
609,35.5263378283701
610,34.205175554100414
611,36.26425202457993
612,39.669270859855004
613,38.63410673636446
614,34.05995803499664
615,42.40610703764214
616,43.66780579219761
617,48.1813560062556
618,22.17032617819677
619,33.003286036412135
620,38.06892099315041
621,48.76604109327682
622,42.56359492392949
623,38.96600739116341
624,46.82285293271167
625,60.066062397680554
626,49.11386223573114
638,39.46790185146771
639,42.62457782797343
640,49.97182846084537
641,50.98362795056308
713,45.82695106624912
714,35.022717393760544
715,58.08358703337631
716,52.497287848232006
717,59.919561043562084
718,44.78419394213567
719,56.124674684611385
720,63.98570580283464
721,50.782570450908466
722,52.55254783004367
723,57.06874836557755
724,59.3592630695113
731,32.37650526109912
732,22.08888886797774
733,29.123982242757492
734,30.691979681312077
735,29.19964643679811
736,31.870805976052168
737,34.93236777462669
738,33.754037335647844
739,40.776255290927224
740,36.52303246351488
741,49.11461063042592
742,49.66097075625363
759,34.723896718367726
760,47.776041998575266
761,38.24924100008928
762,34.24060848615293
763,48.25603142316012
770,33.316489349840964
771,41.011319542277825
772,37.1184970043218
773,39.11154699915353
774,41.922766684210075
775,14.1989354462123
776,28.333010575115154
777,30.301775835204314
778,31.039360541794192
779,37.843434206564986
780,34.997632649788265
781,33.06470010701114
782,31.5751565907905
783,50.509946620994704
784,58.960661253415594
785,59.589215847102885
786,43.9116641120566
787,39.06021570598164
788,51.42669403468604
789,41.783184161733004
790,55.63828962846569
791,49.87517160741213
792,61.70424709658964
822,39.038546163955424
823,45.7222265657427
824,52.413634789210164
825,47.10629531910852
826,55.840682729545385
839,21.88599082170431
840,23.28691131552993
841,36.95950288195025
842,40.658292003245556
843,38.78456909319667
844,46.41238374213725
845,47.79011507262518
846,43.36969216937942
847,42.52494019571755
848,47.15692885387273
849,46.48397956726554
850,49.02472758959362
911,20.903652759416133
912,17.319278982749367
913,33.1819103443363
914,22.427235684651873
915,21.95217269969892
916,36.81534668105519
917,39.48864827669153
918,53.054321241970705
919,47.73299593457359
920,44.36492686885044
921,47.15631505095309
922,45.7782729472232
944,20.613255978244904
945,37.26074321213347
946,34.3505413670685
947,32.527161044501234
948,33.234734671427375
949,44.53742042472621
959,49.30263836765115
960,55.578468642317084
961,55.91724032672901
962,54.188576355950296
963,57.88101464425927
964,50.78719732097083
965,61.85795564855862
966,60.021878746041956
967,65.81731201754506
968,63.01331751154575
969,65.45990632585921
970,65.49862367830578
1097,25.36643124757973
1098,30.605192228682405
1099,30.0937520519643
1100,31.886542446010047
1101,39.668690755455344
1102,43.489088247036754
1103,32.300006423428854
1133,31.74182374835947
1134,46.16576550626402
1135,47.756203980254256
1136,46.377183467169985
1137,57.14982326499493
1138,59.20108084410837
1139,32.314977348261166
1140,37.06155776023554
1141,32.79958544959061
1142,31.740377960680146
1143,49.94369658261731
1156,34.35837722231322
1157,25.378948124342003
1158,33.918639986045704
1159,36.794378928620496
1271,25.55897704556481
1272,33.015750171002
1273,36.16090144607614
1274,33.16743804747834
1275,33.55160903866236
1276,37.01985977038067
1277,51.06176883508274
1278,43.29928994515612
1279,49.78114496338129
1280,48.56915798084823
1281,47.60566192595595
1282,50.30061251658796
1294,50.66640482808143
1295,55.90044529766957
1296,53.91889379889455
1297,56.01843192363583
1298,57.50825397941798
1299,51.983546101031436
1300,60.14946054296037
1301,60.10090952205251
1302,74.6301346177849
1303,64.15027041215225
1304,68.55355475642732
1305,73.08888071328958
1318,12.415681569545185
1319,22.49396610511834
1320,11.365981596585172
1321,20.46689929318849
1322,19.874671169581216
1323,31.403190299439775
1324,35.08192992696512
1325,39.92577698192105
1326,34.031856874245285
1327,53.10802409901469
1328,39.93359610976015
1329,64.57826446219428
1443,24.217293810994533
1444,38.280412852760456
1445,42.812460982146675
1446,40.29848802589702
1447,30.705932679641602
1448,33.21058926655138
1449,28.863987969283805
1450,36.9467215098789
1451,39.666349693446186
1452,50.363774568520384
1453,51.79891703100502
1491,26.969871126110906
1492,29.342267591500327
1493,31.589247883617723
1494,45.32210710143565
1495,36.15022189809989
1496,39.68052274093467
1497,38.66444456655294
1498,50.89024381913921
1499,39.05063786765149
1500,47.889439940996255
1501,40.20217567068861
1502,45.65884681881062
1540,45.68529734979064
1541,53.25605370883178
1542,43.67998554667338
1543,39.690591728513816
1544,53.7814390721651
1545,33.906939108223966
1546,50.16984659112479
1547,52.522292590394535
1548,61.9888684648098
1549,59.84028552864002
1550,62.841444066809935
1551,62.93918535153439
1682,31.092066006256417
1683,49.79854615917933
1684,50.05950931272847
1685,49.79420292668079
1686,45.90006517845191
1687,54.03578657158451
1688,54.03307016024427
1689,55.406267743203365
1690,53.361523826363786
1691,62.53611226772567
1692,59.92808105749674
1693,64.06331720734464
1788,4.695254695555822
1789,5.13159423537977
1790,5.180577307852118
1791,6.266934438991953
1792,6.28650326808318
1793,9.54548800233308
1794,11.939990358585952
1795,22.10989059435155
1796,14.489764959669332
1797,16.707971647569074
1798,21.126233518637974
1799,21.533766026738714
1823,4.357449504765647
1824,33.82407204277216
1825,32.62635929544517
1826,37.606187423148775
1827,39.7750882579029
1828,40.02528444860033
1829,44.7752876542927
1830,44.464699815547355
1831,61.736342632788684
1832,57.77466288482025
1833,39.531397806109304
1834,56.93345486846045
1835,5.058538885781193
1836,21.163697187810513
1837,32.392661167831584
1838,31.062002635947497
1839,37.62762281012687
1888,10.806813557069013
1889,17.594368446024657
1890,18.559476950061864
1891,17.594368446024657
1892,19.95671432614468
1893,25.081530419140087
1894,22.607227087456174
1895,31.827544695532257
1896,33.8264295446544
1897,41.98881575974421
1898,57.94803981883606
1899,57.17819571722729
1900,15.073628808416391
1901,36.87381117039682
1902,31.896501084754615
1903,35.24485260932301
1921,19.887027527000207
1922,26.89674622997629
1923,33.10480181907703
1924,32.48130972933138
1925,34.39870441025647
1926,39.01328057090719
1927,37.05554514874527
1928,37.76634929139047
1929,39.42528572871226
2057,20.76240118946332
2058,23.0478690428949
2059,23.050467038336073
2060,40.66966844629549
2061,31.99492260456862
2062,32.850393549994926
2063,33.01059614619411
2064,38.295255440805356
2065,45.824497012183606
2066,52.819048915329475
2067,53.71928371058031
2068,55.72598738531528
2139,50.964822721168886
2140,41.494879763899974
2141,45.122666530969724
2142,70.23440072022842
2218,21.7203158777039
2219,39.99289933046969
2220,30.247091484518528
2221,38.115971147601535
2222,41.327895055786286
2223,40.696548178555766
2224,42.85822995848472
2225,51.753063555043646
2226,40.43764981434991
2227,45.67983628969723
2255,39.937166442952176
2256,32.975135776514044
2257,35.52288320743061
2258,31.934104019184105
2259,33.16930032628164
2260,33.26708990767515
2261,45.35744076019534
2262,48.25469713678702
2263,49.7107093315398
2264,40.500157602813175
2265,47.60627445997527
2266,61.27225363634623
2271,29.897856355523295
2272,29.501084864922234
2273,34.20953062587177
2274,36.22175953540951
2287,27.12065476757011
2288,18.447016140667706
2289,31.817304704621478
2290,42.01162800371108
2336,14.288040150729408
2337,31.069842440560066
2338,36.400114755744276
2339,39.54406538270784
2340,46.412658437646336
2341,41.926428631174495
2342,48.10526784375338
2343,50.37516233969728
2344,47.351970320843826
2345,45.48357956743086
2346,51.442788721420186
2347,50.459866180892085
2413,17.082462781038473
2414,26.978675999681737
2415,14.586555675899517
2416,23.83293029130345
2417,32.413642895039644
2418,29.3811511023097
2419,37.254247724144335
2420,35.161745056203834
2437,40.46709200267992
2438,33.145053311323245
2439,43.31180578676367
2440,55.091537333635245
2479,41.417792043586026
2480,41.94969097122842
2481,32.917950089386125
2482,44.05157330767067
2483,19.862815245578023
2484,16.630061987921245
2485,29.51695673075414
2486,29.041397850587533
2487,30.065205960169493
2488,30.48525342963029
2489,52.120458837189865
2490,54.23511805079962
2491,48.19317397171944
2492,32.5393849996681
2493,37.1669959258314
2494,49.6618521260673
2535,44.839429768041114
2536,40.08274107903269
2537,53.6633696003623
2538,53.14828208028773
2539,52.44784518481844
2557,28.384597433346656
2558,18.517634466942663
2559,33.428600555519424
2560,43.10761113437714
2561,35.90627502664402
2562,30.751156633996604
2563,37.513751852730074
2564,54.6335090960392
2565,51.813276544217665
2566,45.91766036848567
2567,52.66230493504752
2568,55.847939613278776
2573,40.334153554149026
2574,43.8067964132258
2575,37.7140534342333
2576,60.98572300456601
2577,32.647694462436995
2578,47.54016720524272
2579,51.508552142254835
2580,41.063671894184026
2581,55.20507289844066
2582,55.24753248359889
2583,59.35862634917809
2584,60.44711373050624
2585,19.843818612315857
2586,15.124979871580269
2587,18.62463406462229
2588,10.813046959937116
2589,39.50483516339705
2590,42.26716030264046
2591,46.29836260066779
2592,47.23158336275564
2593,49.95252588348398
2594,35.38044348422134
2595,34.147821371520266
2596,31.407903027039357
2597,38.2392883593903
2598,57.495777830145514
2599,39.83998453638293
2600,47.07902916175418
2601,49.87340044607507
2602,37.79894330494461
2603,39.37493849796713
2604,53.968355319937324
2605,50.23622768804863
2606,12.486878285847279
2607,19.137400607014957
2608,13.126954191140523
2609,19.6407774156576
2610,16.957868417072792
2632,50.35625729558102
2633,41.33230408365057
2634,53.01562236911331
2635,43.67882284584804
2636,25.618481606360508
2637,30.161201987746423
2638,33.62406129254375
2639,35.69458685328534
2640,32.44070549974737
2641,47.6105595003986
2642,57.02363592197855
2643,44.449399294351075
2644,54.25647299656256
2645,60.4739402476061
2646,58.82424967752521
2647,50.83243411553495
2672,8.930648290815702
2673,10.237364906042634
2674,13.105154254101373
2675,15.859537438733717
2676,12.376227033843497
2677,26.670771167994637
2678,21.489255029044266
2679,40.14025535174485
2680,35.89921741118365
2830,30.477347800952206
2831,15.094333614124121
2832,28.53015303792705
2833,18.8397290685032
2834,39.500520194080266
2903,11.291120609105159
2904,8.123336926854707
2905,12.295898224215856
2906,11.808634374024537
2955,37.05202031496772
2956,39.5358047580748
2957,40.098944644354255
2958,35.25913057735039
2959,39.66303324957545
2960,47.58993192228614
2961,49.37570020681017
2962,55.42814605350235
2963,58.794583888695996
2964,29.886015913097783
2965,42.528781139375134
2966,50.48792771902797
2967,47.65767651788442
2968,43.76000639910937
2969,48.63886931494978
2970,61.392985208693524
2971,48.1720407906662
2972,49.762222127007746
2973,57.317532190063794
2974,55.68892479593139
2975,54.44354801544789
3006,58.86470043613579
3007,63.113481976126586
3008,56.14073444366566
3009,69.07386776697223
3010,58.56006851705704
3011,67.98206691594038
3012,64.38861727485347
3013,61.03933481568245
3014,68.68888019939017
3031,25.66017371325484
3032,19.346715996544436
3033,45.316404262650174
3034,51.97119578229077
3035,38.49674182314127
3036,52.43785273757808
3037,55.664850887582
3038,50.97767263348645
3167,17.818160660843077
3168,20.904362042324593
3169,22.869890343957355
3170,12.428397972636052
3175,33.148250098726116
3176,33.5742796556175
3177,36.07033269536995
3178,32.412028919210854
3179,43.94458089540663
3180,41.30663489991709
3181,52.26087490866462
3182,58.260029043133166
3183,56.499390677551325
3184,39.025825187714766
3185,64.16180193120361
3186,53.772214620776396
3192,25.986059914229706
3193,19.964038811633973
3194,32.66164627560264
3195,40.81211614314001
3196,38.46024402609216
3197,11.845781337619487
3198,7.01956748041568
3199,24.89745841352826
3200,15.11731720616959
3201,30.83186486658755
3202,43.745012104974464
3203,31.537598107875173
3204,50.47205486805875
3293,42.09292254735932
3294,42.960940491810035
3295,34.67395338463686
3296,44.26736832031077
3297,31.04281973013401
3298,40.00130948764573
3299,50.36338131873655
3300,37.13243060580326
3301,41.3394281068061
3302,49.66866729312698
3303,51.183401740906156
3304,47.674241277562025
3305,43.098438853750935
3306,55.103031839134374
3307,55.16428614160328
3308,44.7580696042712
3309,15.17796700488695
3310,20.93008579376737
3311,36.41945060520865
3312,35.50134987559376
3313,40.89652749298833
3334,17.15806115058423
3335,32.951571616266676
3336,32.415085447914485
3337,31.20115912748301
3338,31.270435458965057
3339,31.820769847298287
3340,31.576160888695508
3341,35.998362337511914
3342,35.60432052321434
3343,57.44875736618547
3344,43.643098686116964
3345,46.09874388226335
3346,59.916852362325756
3347,40.496605538810726
3348,49.63903703176714
3361,22.271784073873278
3362,20.696194752877997
3363,17.588434348909093
3364,37.481070748680835
3393,18.976946523919434
3394,19.73926872485676
3395,22.255907871897648
3396,28.653000340117085
3425,34.164552445053495
3426,34.561744522086826
3427,36.676038206940504
3428,54.983844247622365
3429,50.34750690889502
3430,48.33249233655502
3431,51.204989449424446
3432,53.73807484549808
3472,15.3927177025922
3473,22.22229117663056
3474,15.3927177025922
3475,17.365808626213234
3476,21.70623824579076
3477,41.02925892819791
3478,41.38663041501592
3479,40.3749554961155
3480,40.32623439682801
3481,44.48406520481277
3482,34.57280470201408
3483,43.333351208638206
3521,19.964136052259473
3522,8.55622974176288
3523,14.823371877610416
3524,24.202481246365082
3583,19.815676544126205
3584,13.582548195581623
3585,8.48000213125175
3586,38.4879229067254
3587,36.28538135743721
3588,34.79732517452991
3589,41.60007940526205
3590,53.09336679910951
3591,45.39520448820412
3592,56.246104832145086
3593,37.26090355021161
3594,14.551256025379566
3595,26.6546244863452
3596,33.44878088013253
3597,40.93198287781644
3598,38.20708885917329
3599,5.909701156777714
3600,5.909701156777714
3601,13.607640857064965
3602,9.143226032103813
3603,15.042327467472443
3604,17.90180459469495
3605,14.673455198509892
3606,30.559891432010264
3607,35.32203706303316
3608,31.746348053879153
3609,36.85859368759376
3610,31.572054341608027
3644,14.265757392942774
3645,15.621277522403624
3646,15.621277522403624
3647,8.840858587210839
3648,17.643351518497003
3649,20.89623103330134
3650,22.084878135682246
3651,35.91967654938077
3652,34.810795215129964
3653,37.96770251506227
3654,42.737080700108734
3655,43.6842225718212
3812,34.75892290732751
3813,34.152436229935
3814,36.73729490743485
3815,39.03118964968646
3816,52.36237980792194
3817,55.79783468145352
3818,40.97097649295637
3819,34.63929551749944
3820,42.34718868858404
3821,37.96149232097611
3822,47.772359704208746
3823,42.11668314249235
3824,53.11909647275161
3825,51.29119412601979
3826,64.74771311423471
3827,51.02930590576993
3828,47.192296798125305
3829,63.64806704957591
3886,32.94668625205766
3887,33.454166255442644
3888,37.52731930717487
3889,32.1822069402426
4051,15.11726925394546
4052,22.2363688085437
4053,22.99825373673954
4054,22.99825373673954
4055,20.71278588330796
4056,12.530518731376345
4057,17.14928388925881
4058,24.38576743172896
4059,32.674866635934656
4060,39.16078627861812
4061,37.82435066838311
4062,35.20267065794266
4128,15.11726925394546
4129,17.09036017756649
4130,25.473458363129502
4131,20.71278588330796
4132,32.36506810484206
4133,30.99174700880457
4134,27.130053514202547
4135,38.626933057891364
4136,46.553516053810554
4137,42.194276304086614
4176,19.137400607014957
4177,31.11504103172584
4178,32.47880496475514
4179,32.131635749689224
4201,48.456738330959276
4202,54.534267696221235
4203,39.348723381422396
4204,34.375184533357704
4205,38.23035444334526
4206,64.58019179529398
4207,74.03338247233519
4228,49.4689279867804
4229,54.018911677884056
4230,50.0286761232308
4231,53.523330885978794
4232,52.537462909571246
4239,24.202481246365082
4240,28.306305718072853
4241,37.36000456030739
4242,37.6453788187404
4249,26.926411233061476
4250,22.2913653469105
4251,22.981662606309577
4252,35.88925507771659
4253,38.12572299025328
4254,35.825678464191384
4255,39.774988308113045
4256,50.4017736958385
4257,32.263332898556285
4258,35.88018220854725
4259,39.09959129977786
4260,46.28211208569246
4270,47.13194675924909
4271,34.36314182767951
4272,46.723860710379164
4273,47.187190038029534
4274,41.53704680201749
4275,53.01071419295067
4276,34.34776820633452
4277,44.86318294616732
4278,41.77234560767447
4279,51.553490957876846
4280,52.930943464633586
4281,44.35873158572463
4282,52.79423636551376
4283,44.39486007007592
4284,50.641537106777335
4285,65.83588447260749
4323,11.325843468845203
4324,23.96797392472784
4325,36.48614050490732
4326,37.035413261314844
4327,41.556003674235185
4328,40.939534986389454
4329,39.206450161597
4330,56.042363120314654
4331,49.32669958248278
4332,51.011822018733604
4333,41.102640939413156
4362,10.806508328822629
4363,19.924404678229358
4364,19.332176554622084
4365,4.712453283066435
4366,11.890165607389454
4367,45.17936853742394
4368,14.784353324269894
4369,36.7077392935646
4370,40.112446030462074
4371,33.8163034279329
4399,35.61974163493944
4400,39.73885342839995
4401,37.767962672439566
4402,60.9710408929858
4403,65.04933976212824
4425,24.105937183200258
4426,33.06470010701114
4427,49.350461810864566
4428,36.297973916371205
4429,35.36942633688127
4430,33.72051855482702
4431,36.260559272186114
4432,45.13443103609474
4433,45.35830677029331
4434,48.98666488384355
4435,47.830398633995436
4484,15.210155822176754
4485,14.746263352351152
4486,24.125372721105816
4487,35.516603188446126
4545,22.30951624014943
4546,31.275969656050457
4547,30.002924858546866
4548,43.23858581846171
4549,33.77728539683295
4550,48.96476877456124
4551,50.82322768954086
4552,38.730406117782124
4553,51.651943454519596
4554,42.50905491656019
4555,42.241833208153984
4561,13.780631496286405
4562,19.34990549160701
4563,18.41038878445035
4564,13.780631496286405
4698,21.082340741262136
4699,25.59754747635131
4700,35.878776711936084
4701,36.03880695791599
4702,36.545886091475445
4703,36.87725290984805
4704,37.890223442286434
4705,49.0727621420386
4706,35.209422124247475
4707,44.20749999805457
4708,38.72590403154112
4785,15.134240372026735
4786,18.58531534198293
4787,41.48600648948833
4788,33.258665994864465
4828,28.173842252700492
4829,36.64242067505253
4830,29.29168537694537
4831,35.806291146653436
4832,43.790520396949994
4837,6.036551383005257
4838,9.194360981131602
4839,10.472800382101408
4840,42.48134326434298
4891,22.23386289510968
4892,18.517634466942663
4893,21.15928927758966
4894,30.506284173685017
4956,53.92270044568963
4957,58.40963237245625
4958,61.25660437185062
4959,53.26116091708105
4997,17.586470210986505
4998,25.53553150542476
4999,33.9102613942281
5000,31.683594101400825
5001,30.820412179307485
5002,33.55513157200097
5003,31.67472188003467
5004,35.352153028489795
5005,38.202325217875156
5006,34.8804667377587
5007,44.77163478866442
5008,50.707733343998854
5045,5.760717118543871
5046,8.958419110179458
5047,15.887308258097473
5048,15.764507620780135
5085,17.376912653535925
5086,11.713218662704778
5087,12.874253479706853
5088,21.192309464668213
5089,26.774246081729785
5090,35.30447120336979
5091,34.02183558686416
5092,36.16436891654411
5093,38.0889915355347
5094,44.649941546728755
5095,32.83960923086618
5096,41.67815369216888
5097,10.850098630514804
5098,24.187132919838138
5099,31.92948572290959
5100,32.65698208548277
5101,41.06823710161166
5102,41.228636509584454
5103,32.56366303867245
5104,61.51684564957754
5257,8.908948106789392
5258,11.282343347779744
5259,15.83783725470741
5260,8.908948106789392
5261,17.00321961097197
5262,17.06214332266429
5263,29.47462786924378
5264,34.03865885657032
5265,32.41937939520988
5266,32.874738770540844
5267,47.31861657165264
5268,44.24451760702828
5372,52.12574158124443
5373,45.910963170297784
5374,59.178605351943816
5375,53.291560159328036
5376,58.42644068651628
5377,64.16083019986762
5378,58.2441683761375
5379,58.3132371750415
5380,68.7571812536874
5381,65.06077307731216
5382,70.05749642459298
5383,73.64361551983947
5419,20.783335319472517
5420,15.443856892434912
5421,32.02193000311882
5422,31.130537617476243
5423,43.96485707390734
5424,32.45889845317999
5425,42.81808622706587
5426,42.63763393820242
5427,53.658549196364355
5428,54.41549674030664
5429,39.89528349403346
5438,45.256596601966635
5439,50.656846965183625
5440,56.61086193748699
5441,53.98881543871552
5454,44.69690694905207
5455,26.331274300794487
5456,36.0473777576869
5457,41.44021686119143
5458,54.26025176317253
5459,63.41805829895208
5460,51.703896414654814
5461,65.87024489645293
5494,17.610446950298584
5495,15.150827878732958
5496,35.30798548591089
5497,34.122949665350916
5498,34.42891669677312
5499,38.400269867938455
5500,34.10898799091279
5501,39.1195138777433
5629,5.144078736969025
5630,14.1989354462123
5631,9.50121698313561
5632,16.26764807565291
5633,37.99179974083155
5634,35.657447592124846
5635,42.339424677487834
5636,47.18318627682529
5637,43.65486032825592
5638,44.37123825805984
5639,40.88318345534344
5640,47.37307698153975
5641,45.35831269655255
5642,40.29289779860388
5643,46.697729457410894
5644,47.68844456978465
5645,5.535336381755633
5646,15.989512378410458
5647,10.472800382101408
5648,19.3719079286522
5649,20.903652759416133
5650,29.838578038065634
5651,36.03935256864484
5652,31.99066513520343
5653,35.63677926802377
5666,38.833667423685455
5667,45.42824802476454
5668,35.45913102059206
5669,39.29946621466997
5670,38.37012457472459
5671,38.156511871194574
5672,48.56573311528424
5673,53.220948786113006
5674,61.82464424461436
5675,53.031803560067885
5676,55.06357396861722
5677,57.01009363960295
5732,17.14928388925881
5733,33.111532094836015
5734,26.903476505735266
5735,37.535576308424055
5736,38.003547066437534
5737,40.27055371644497
5738,39.47691288093954
5739,49.27957999268961
5740,47.29529866598517
5741,44.24740020171787
5742,44.99598554519101
5743,49.22618040014784
5863,55.51228755559148
5864,41.685805353400454
5865,58.19584552263316
5866,55.43892582511437
5867,62.43982973085863
5868,57.94660237479155
5869,65.74202121601931
5870,64.62208786083902
5871,66.32174611491585
5872,65.3080466867089
5873,59.637363993846115
5874,66.5579947246246
5907,37.36777345227178
5908,36.86443508871455
5909,48.11793612155498
5910,58.48267226122163
5911,42.400139178856335
5912,40.280847128069254
5913,39.137101131020884
5914,43.97002113383679
5915,50.92666161534348
5916,64.94031493796004
5917,64.35988499056427
5918,58.57670672779581
5940,29.24026186770214
5941,34.4600326271184
5942,37.42647045528033
5943,32.73077279271314
5944,13.481309197921549
5945,18.517634466942663
5946,19.908851294965867
5947,26.950409215095508
5948,22.366643545219063
5949,38.209235268345914
5950,40.66593583762095
5951,34.51779087003445
5952,45.12346719614331
5953,41.23408515894297
5954,41.46335367267113
5955,59.35643444929624
5980,26.89681577651233
5981,36.78077475383379
5982,28.772061661721786
5983,43.419225826690685
5984,46.663889273160684
5985,32.90739463558817
5986,15.321176997906711
5987,34.122731533581415
5988,46.134094230611645
5989,45.92149133058231
5990,36.195046406521016
5991,39.89211780149018
5992,51.872414169506044
5993,40.0331432892039
5994,40.5013532569125
5995,49.21447221286029
5996,51.648528488432014
6001,34.07106070088573
6002,30.9226380649107
6003,30.875977563116166
6004,50.749804274603136
6005,49.29725716476589
6006,38.9931359013164
6007,60.801535706413105
6008,62.231863185603245
6021,30.923032493516214
6022,34.7000487471964
6023,52.77117331524423
6024,55.14831817616942
6025,59.10163785350699
6026,54.17249863900366
6027,51.13587635615898
6028,53.49993419582017
6029,56.63821535248103
6030,61.511035445478996
6031,59.40227897355784
6032,61.72492166355363
6122,35.33459028213606
6123,19.46598792352879
6124,44.85932881739755
6125,39.40655754407961
6261,24.047029635586487
6262,32.6947295858947
6263,50.269116728986496
6264,48.004214293501065
6265,46.66925947214932
6266,53.79428310624121
6267,50.121740763237156
6268,49.70582126039728
6269,53.34082336685729
6270,57.29994519107601
6271,51.25024718378309
6272,48.729250213924445
6313,40.24505495085449
6314,43.03325307349697
6315,46.17187354503684
6316,45.96530448826494
6317,56.94974376847606
6318,39.240445883870684
6319,50.735693383235535
6320,54.6279513078775
6321,6.042840847018879
6322,5.985667317093559
6323,14.814596998894844
6324,15.287746207235235
6325,14.823853737409634
6326,16.074009174727415
6327,16.06163724291663
6328,32.93637713642092
6329,30.341994238667034
6330,42.543943894831884
6331,39.58882617369827
6332,32.78803260903706
6348,9.821834857835846
6349,13.280778693709607
6350,9.821834857835846
6351,15.444007390526927
6352,13.280778693709607
6353,15.392467734215248
6354,9.77029520152417
6355,28.331719302117985
6356,26.327172519514964
6357,31.45516822804782
6388,28.16505414812004
6389,30.978676685440462
6390,17.39601368604675
6391,31.476992419596893
6392,39.47343231926213
6393,34.94076555288262
6394,31.806336913258725
6395,46.65743556126532
6396,36.49912415765226
6397,38.86033615061427
6398,50.15515331270437
6399,39.86649985697084
6462,10.032846156715214
6463,19.05267765976184
6464,25.23974677667445
6465,37.04077429141702
6486,7.314379457814273
6487,21.054726703233655
6488,19.636450868399336
6489,17.323088060751658
6490,32.49647753854455
6491,33.60101448720094
6492,41.86296922416058
6493,38.433194921778544
6494,43.74256720554167
6495,48.33938894410886
6496,42.97077869709244
6497,50.49888831915315
6538,28.73199528193861
6539,33.010669696182276
6540,32.825308270200814
6541,32.74604975750775
6558,29.314998404570282
6559,40.15670972817879
6560,38.756901816224186
6561,46.70704363220278
6562,14.355486167098377
6563,21.25691628678341
6564,13.764331679283355
6565,27.039017947957575
6566,36.41004404543658
6567,39.46063775214374
6568,34.35806834450899
6569,30.54251938205429
6570,41.38324004496836
6571,41.972344226830494
6572,52.05958087851672
6573,47.074977099346206
6574,31.861855105958014
6575,36.029577970072445
6576,42.352069588961776
6577,36.18474282579596
6578,48.227328135808726
6579,38.65555173578082
6580,25.160682440720482
6581,30.802870228528434
6582,32.95752849769328
6603,28.185988278129237
6604,32.621855668125164
6605,31.557767400347835
6606,32.33706962397432
6607,34.644151208730946
6608,32.15420134520555
6609,49.55482829842376
6610,32.81055058151824
6611,36.090145068922794
6612,39.07530587843761
6613,40.90893607425248
6614,46.33609344923659
6643,11.913580180939
6644,14.305845391049342
6645,10.846901555175581
6646,17.634456444131224
6647,22.49093899454855
6648,15.710348592982537
6649,14.407447997775927
6650,24.993120843515925
6651,14.021599958400389
6652,32.19313177620511
6653,32.21785987805373
6654,37.15982091581541
6663,32.44914428505792
6664,40.437978781714854
6665,32.80088705148064
6666,41.047694873872885
6667,38.068534246087886
6668,47.100011925729966
6669,45.543306019228986
6670,44.55863817604094
6671,42.96804322849928
6672,46.895350920169655
6673,50.351458164996906
6674,36.36556095339814
6675,24.87950483141086
6676,29.886015913097783
6677,29.526903555316814
6678,39.324155136613065
6753,41.483402309230684
6754,49.648604268525084
6755,61.02195134117333
6756,61.299813909675855
6757,38.5621920115766
6758,43.208953110265576
6759,48.19068660676486
6760,50.01208824489992
6768,36.04999120154623
6769,48.12777523996379
6770,62.55112414345008
6771,52.49276882797717
6772,69.6187736456832
6773,51.607366005871484
6774,61.17688341903093
6775,50.084498334814235
6776,49.95941569014786
6777,59.06526783317677
6778,55.364681945484
6779,55.218455933208126
6788,13.22559117503638
6789,14.713524191254931
6790,17.529510637216774
6791,15.556419713595728
6792,16.36412828095221
6793,17.58669290957786
6794,20.965324591184174
6795,18.284869346585804
6796,25.590495609782412
6797,35.75811628285388
6798,35.362100842109946
6799,42.41532816753351
6842,37.01518663492045
6843,46.32899403372791
6844,44.70834682325144
6845,55.99502912603344
6846,53.72860793991454
6895,29.71826059812202
6896,40.2404301694435
6897,34.270179376036644
6898,44.90699278266097
6899,42.40752969770077
6900,43.645674199977854
6901,48.61838245864837
6902,44.22882368243622
6903,47.164276912896874
6904,54.41406572795402
6905,58.57430464339341
6906,51.67722266513034
6907,53.12176810927701
6908,47.187872119468246
6909,57.683152373885534
6910,49.94702930278101
6956,29.761469512806368
6957,38.873769135751346
6958,40.00130948764573
6959,50.36338131873655
6960,48.920735579335286
6961,50.679026576759
6962,38.033407472053646
6963,47.85273733331392
6972,24.082163806421466
6973,31.271275320265655
6974,28.719765198223083
6975,41.25712502932793
6976,47.75542421094286
6977,41.714530137458
6978,36.236904106305026
6979,35.201077130714474
6980,36.76249231827235
6981,52.54397503796696
6982,52.641500665172664
6983,49.212786964939134
7052,38.766219001358564
7053,31.82092409379595
7054,45.21487030408192
7055,39.947760482229754
7084,5.061785280991678
7085,5.061785280991678
7086,5.061785280991678
7087,5.061785280991678
7088,11.215192216841421
7089,10.490069293157033
7090,15.738002683717687
7091,22.865253118061283
7092,19.053899182058412
7093,16.478024375144557
7094,22.541686204442442
7095,11.892006987380915
7096,32.22095319639691
7097,43.18193498897796
7098,46.089417694184974
7099,44.874529913417334
7100,59.51524103665282
7101,48.462788132997126
7102,43.069084669222796
7103,41.98516480741326
7104,43.98869752950263
7121,13.748778296019859
7122,34.372524501928226
7123,31.089283756079897
7124,51.71367438086927
7134,54.34980632780557
7135,35.493378440304426
7136,46.9912205471248
7137,58.74363662811912
7199,21.658626887336133
7200,19.80694250477338
7201,42.9471650315223
7202,41.07729376184452
7203,36.28506085688764
7204,33.47625796498303
7205,40.19064401297204
7206,46.152832231265634
7207,39.40986585867681
7208,46.560128672701204
7209,43.85711730236541
7210,46.93330312670647
7279,23.96797392472784
7280,8.952448227854852
7281,28.812888686331238
7282,36.897654684140605
7287,24.997904449478092
7288,19.40523190422066
7289,22.54057977059758
7290,30.9546720422392
7291,35.92526829014853
7292,30.65309586757921
7293,43.10180393315982
7294,51.2249758637131
7295,32.56124451786336
7296,41.602688880807165
7297,47.96329989755946
7298,49.25541903625448
7371,8.27081686742067
7372,12.44337816478182
7373,10.215664722016324
7374,15.83783725470741
7375,18.337874305946308
7376,16.671498667518183
7377,21.11199951383829
7378,24.759793805591023
7379,29.51109352767041
7380,35.27877830433202
7381,39.732156284971445
7382,36.38508614171044
7510,40.01586392348737
7511,41.377695502365775
7512,49.22205599194843
7513,42.695125525195074
7514,50.58704698543727
7551,3.4489657678947254
7552,3.4489657678947254
7553,3.4489657678947254
7554,3.9922228786199723
7590,22.998345818746696
7591,25.587118363656263
7592,32.533572838335964
7593,33.65580972679497
7594,41.71373445193754
7595,17.829896558619243
7596,35.12588674351004
7597,38.91386871680607
7629,25.778832407497937
7630,23.277893039198247
7631,34.92274626782775
7632,29.75578033222593
7633,36.990498971915535
7634,45.36139283440654
7639,24.388714701147304
7640,31.36905321420435
7641,44.10388497311294
7642,43.85689396725487
7643,55.16359168824948
7644,51.10397559691594
7645,55.70793145471384
7646,60.305859693912744
7647,56.02823594482361
7648,14.1989354462123
7649,18.6490397434554
7650,6.3159872620226585
7651,13.185011793298234
7652,16.579470883223824
7653,15.307869846041744
7654,13.825087698591478
7655,33.41917044146979
7656,30.92909684251073
7657,35.4760592886408
7658,39.1234528707754
7659,37.146276085759226
7690,13.266483206133953
7691,19.299649671280157
7692,13.730375675959555
7693,30.664563841027626
7694,29.020555655240475
7695,31.090194448820785
7696,26.741877872846228
7697,38.58643330553619
7698,28.836876303335096
7699,32.925998548915324
7700,42.33758437730776
7701,39.3615271305222
7734,4.107062112127973
7735,13.520138993172353
7736,18.93943092123177
7737,34.53716593197573
7738,38.186687190916956
7739,33.538436137337094
7740,33.234465831186455
7749,7.244716234941953
7750,15.145586056746387
7751,7.029926580329666
7752,17.58256945019302
7753,15.145586056746387
7754,14.253958397111143
7783,19.216456317873604
7784,22.32896056104156
7785,37.00208112452439
7786,30.113114765167996
7787,33.87696310227672
7788,4.814888352859182
7789,15.392913165172605
7790,15.392913165172605
7791,4.876078840780168
7810,35.96897086250501
7811,48.27712519649688
7812,38.16923563157363
7813,50.97507876976876
7814,51.6461918782025
7815,51.2367108111784
7816,47.84910054924038
7817,60.64325469606204
7818,48.251051837199526
7842,32.8525973036352
7843,41.38695697520249
7844,35.78568633814027
7845,44.065072996044016
7878,37.543619972760055
7879,34.6341819853224
7880,37.84329356816244
7881,34.55231552690993
7882,40.14180170022466
7883,32.688662231529605
7884,30.195901529759546
7885,47.787320689067236
7886,43.4340318894496
7887,35.61308109540814
7888,41.945162592976054
7889,50.771685930313815
7895,26.89681577651233
7896,33.15502176279542
7897,29.16327666166295
7898,32.897575531051494
7899,37.05167267908408
7912,11.561735696405771
7913,18.533198319352692
7914,24.222735178584927
7915,23.209374545067558
7916,32.36871614897207
7917,34.55999453227473
7918,39.2964310516812
7919,39.201148738876334
7920,42.04846164681887
7921,44.19500292339692
7922,40.72207841801361
7923,43.989505373238394
7957,32.4902838316978
7958,39.60588963299813
7959,31.452942023369037
7960,37.63384589596454
7961,37.68768772664611
7962,50.923386856152945
7963,55.30499416601471
7964,41.39881723640491
7965,52.434971741564596
7966,54.42917104214803
7967,77.23447492320557
7968,44.61831269600786
7969,43.91432852489666
7970,53.94837722125545
7971,44.41985531753475
7972,43.1488443612964
7973,19.68612860955678
7974,34.8492846711214
7975,29.367244083630855
7976,34.430949317387345
7983,12.400788689475496
7984,4.28411079255655
7985,13.67214300456836
7986,10.236041074800626
8027,45.155903775460004
8028,50.6957335448198
8029,42.78811962018165
8030,49.37233009002022
8031,42.873853625169794
8032,37.42030023160686
8033,44.804923375899754
8034,50.753050272036624
8035,44.730809340820265
8036,44.926925642139885
8037,50.3664338471767
8038,55.7852263256004
8101,20.181559636044703
8102,43.05918306629843
8103,33.398912253728675
8104,34.30326455587351
8105,11.772725988020909
8106,11.806670236101958
8107,10.739991610338539
8108,12.912384153274681
8126,41.408466635867605
8127,44.04011619098276
8128,57.83087697903726
8129,49.32323064616082
8139,43.8690682912868
8140,37.812112838862774
8141,43.74202723821909
8142,29.06913667657682
8143,52.57836105678274
8144,39.54494337575964
8145,44.353967735215335
8146,19.230656358699385
8147,12.836172239856593
8148,20.764999184904493
8149,15.039690220309142
8150,13.044807406736417
8151,15.152158138904833
8152,13.669375991454567
8153,17.527406397961865
8154,15.09042300451523
8162,45.15870000593773
8163,49.3549636283221
8164,34.074458578194154
8165,42.40171012742104
8166,43.732406678188376
8167,47.6511305824035
8168,41.561202566680905
8169,52.291663318299726
8170,54.47683216943791
8171,53.85686248022808
8172,50.48285492798178
8173,55.739816859144554
8203,16.445659514317118
8204,17.61104187058168
8205,23.229409349194846
8206,43.58644258088473
8207,40.51959940122593
8208,33.45746183961932
8209,36.42550244286912
8210,37.53104963059063
8211,53.99717495089906
8212,54.79784248009995
8213,58.56497265583413
8214,48.561343155003826
8215,5.427757361950936
8216,5.836645807179137
8217,15.01736765491665
8218,17.54194400466521
8219,23.60304676357382
8220,21.317578910142238
8221,24.667430791951492
8222,20.230804804817325
8223,25.061378122530208
8224,34.359257879457324
8225,39.914008344224925
8226,24.390239490679285
8305,14.288040150729408
8306,21.103274871271335
8307,19.846416607757032
8308,31.38429148738967
8309,29.71806067153285
8310,38.293265672261086
8343,19.251590488708583
8344,16.308747732152472
8345,13.646892059914807
8346,8.868199105341466
8468,29.926963141941545
8469,36.59081681335146
8470,31.1604848729517
8471,34.74731889847897
8472,20.673402408093228
8473,31.24653774467088
8474,49.08547205063035
8475,33.4751021755722
8476,29.394755458846017
8477,54.51682509929946
8478,51.7814412069633
8479,39.33505762901176
8480,55.56124395120707
8481,39.84660789197267
8482,48.242663281182494
8483,58.65632457750134
8536,23.002023395187695
8537,37.35060191026734
8538,45.548733243525476
8539,38.00091146234336
8540,13.761749124484615
8541,17.14928388925881
8542,14.653376784119859
8543,8.3579574340152
8544,12.139874076230237
8545,32.469867670957036
8546,30.31998154229141
8547,33.46833113666876
8548,35.55204751749153
8549,36.33736639407437
8550,42.545945048466294
8551,39.96267627268767
8564,22.324482787033784
8565,28.203552820454764
8566,25.45622414794672
8567,39.72537043189591
8568,52.09695213522901
8569,45.74853683056044
8570,60.182317010149184
8571,60.20057057405395
8572,61.42257037505354
8573,52.76880061497761
8574,54.45940201080897
8575,59.79941396918929
8604,16.072265795031537
8605,21.10587286671251
8606,30.45849255570859
8607,30.53656634298237
8624,18.43379213386625
8625,19.189818313869445
8626,21.572835937137942
8627,16.451268847546732
8677,20.325200827529905
8678,35.52785097308679
8679,37.76512919165533
8680,34.16882594497059
8681,32.015499042363
8682,36.034919187055166
8683,40.22190747173485
8684,41.15474153156447
8685,32.50239463354738
8686,31.709555957330167
8687,41.63064632919813
8688,37.89881700741843
8732,53.43858189568867
8733,58.77909844792999
8734,58.005872834127175
8735,65.4944591012735
8768,32.78187015248922
8769,35.19821771734401
8770,39.73302061859005
8771,38.355624180274624
8772,45.573818310241606
8773,51.07899834403219
8774,55.69576617094798
8775,31.09025760516616
8776,19.239299916908926
8777,24.172810596137964
8778,29.43346606933668
8840,32.03404316551963
8841,33.49030315684905
8842,36.686473551606944
8843,40.691482653468874
8844,35.71645423967769
8845,43.49424076517246
8846,48.95442029366515
8847,43.94326404300919
8848,46.102972596879624
8849,41.94211879449919
8850,58.13518983104417
8851,46.73199013867182
8852,28.279417136531976
8853,38.34978599614878
8854,48.86435091724386
8855,65.56145049737268
8868,43.54074477759989
8869,46.57056484980569
8870,44.869859302627965
8871,45.0689810562659
8872,45.24189202339331
8873,45.97991682905498
8874,52.582339534854604
8875,62.20428067179112
8876,60.79987240816793
8877,50.88449314397677
8878,61.173029036052235
8879,54.39118099339321
8898,48.57119188600782
8899,17.445402239775333
8900,17.419599580329
8901,46.135475390764704
8902,34.03582071400038
8903,32.6411900895125
8904,40.154238356363535
8905,39.0257005697812
8906,33.523614439194155
8907,49.3923515185731
8908,42.11072283873586
8965,33.05872209869653
8966,26.85066650959579
8967,35.66874745888929
8968,35.19960653115411
9070,30.425562344962962
9071,39.30257116392338
9072,32.54658905137145
9073,39.02635150100262
9074,30.62718512336888
9087,19.509602083440626
9088,39.98988761955481
9089,42.81814157870854
9090,29.145800569649264
9091,15.631557929305531
9092,22.381111292966636
9093,21.14636284712966
9094,28.427465873707824
9095,29.826424009640544
9096,32.59518161178032
9097,32.47549187850215
9155,23.302464698793422
9156,14.355486167098377
9157,32.36230969339765
9158,32.49752440743349
9159,44.45785306363169
9160,40.49747545459399
9161,35.27637856590303
9162,41.2822960313991
9163,45.230632262994206
9164,56.14364729068014
9165,40.01488705594068
9166,53.88420837799112
9167,35.9732781474058
9168,35.2815663104695
9169,44.69302270846898
9170,33.348728744724596
9171,51.180324358593225
9172,50.134190540268534
9173,51.44791409812542
9195,16.469074087866662
9196,11.913580180939
9197,19.35559112817163
9198,17.68343951660357
9282,26.99477957685939
9283,16.554496603194757
9284,41.492469888071355
9285,42.8737182261019
9286,41.48801836527335
9287,44.520171102383735
9288,49.61450412802482
9313,16.362164143029624
9314,22.44295276140383
9315,22.338390187047825
9316,31.78584127752058
9359,33.378860753853196
9360,49.4689279867804
9361,49.44787372006906
9362,33.60866189256277
9363,23.86614419789349
9364,32.49802466230952
9365,44.18230581566964
9366,56.41641581824932
9367,62.5110293407645
9368,29.229944839677437
9369,29.769811732856724
9370,46.33783860297826
9371,32.7547795166391
9372,50.78342064240624
9373,40.91918960150488
9374,47.58497010442282
9375,46.3855549245594
9376,30.719630685884525
9377,51.39884891241469
9378,56.046376643187514
9379,42.32645422071095
9380,23.961925068553626
9381,35.170591931531405
9382,33.39275465976283
9383,39.203040490543906
9384,35.26131027037426
9385,34.376161662979236
9386,32.417082343021974
9387,32.438683753043
9388,38.49134965045744
9389,34.003982643719404
9390,43.916209167907226
9391,47.7670660199447
9392,28.381801202868917
9393,14.315668061990072
9394,31.11323588095244
9395,31.24312837713519
9396,39.454151761335964
9397,31.410141309321
9398,35.14510712456471
9399,44.39678543611022
9400,45.40928325643935
9401,41.515314447166126
9402,38.81429136848325
9403,34.23204023889511
9502,26.989377171908544
9503,15.661365520510191
9504,31.732677386926206
9505,31.305119317308698
9506,31.002202659942434
9507,33.39377016021811
9508,37.626449090450556
9509,29.541122854714363
9510,31.415462762286214
9511,32.870200099295886
9512,38.92547654229922
9513,36.994719220478295
9514,37.002432766118126
9515,33.220258052450845
9516,31.85835459970354
9517,46.19456343561121
9518,48.65966682274624
9519,34.17965706694599
9520,39.69366409149175
9521,33.6156838502981
9522,38.841284472289104
9543,55.70080587057305
9544,50.32747111006794
9545,50.5368591566075
9546,61.48062141548983
9547,52.361486610748905
9548,57.36182502509079
9549,69.20845339169495
9550,50.79878905907684
9551,55.88647913465616
9552,62.94186127450287
9553,66.34075546555358
9554,54.093286287437756
9724,28.00496952111003
9725,21.62744588198182
9726,32.9001429764647
9727,33.421265273204796
9728,30.178944679591147
9729,32.751803895008116
9730,35.56352335060223
9731,29.74030291445532
9732,41.981951524802724
9733,43.61765356637946
9734,44.91811207995139
9735,46.27794826594526
9778,24.782359275051974
9779,36.9462148554898
9780,40.746410993160964
9781,34.88224885899864
9826,39.79371139781651
9827,45.516210001474896
9828,33.48765199590696
9829,35.632041722259
9830,44.75191241686101
9831,41.754213638778744
9832,34.4947152275801
9833,49.76195205332395
9834,42.97970295771938
9835,43.08839204459376
9836,47.59948817413127
9837,41.68515649466892
9850,29.491775924075828
9851,30.771438416612227
9852,57.23101306876922
9853,50.63025689790919
9854,42.25238989979782
9855,34.51256592576011
9856,55.81222246680576
9857,52.957370354292955
9858,51.631305831544154
9859,32.65093573281464
9860,35.43005676239073
9861,35.888615095417116
9862,42.097762665476054
9863,34.38249578737269
9945,32.57065842842724
9946,55.8257277040678
9947,38.33083055511638
9948,53.165756943823425
9949,33.4371501382271
9950,39.892366909831836
9951,63.03302315157503
9952,56.29647187248331
9953,42.26957615858909
9954,44.63024583676878
9955,57.93278165351919
10058,8.461169482269623
10059,26.71028616785369
10060,21.64769952261111
10061,19.812006940892413
10062,39.07361923994681
10063,32.56684713006046
10064,32.12510629973326
10065,38.07319379267447
10066,46.59560404542396
10067,40.10340926029614
10068,44.45466971621976
10069,46.99844901147257
10070,50.91842233857748
10071,40.56968427973636
10072,41.748965393454775
10073,44.49497055268812
10074,57.36517718974777
10145,19.947819251778903
10146,30.662449572969724
10147,36.667159969890825
10148,33.24150799695288
10149,38.53234029132028
10186,44.254391369301054
10187,26.88833607280025
10188,45.69155552942932
10189,45.5997738857053
10190,33.18476470817334
10191,49.84470795853458
10192,48.694738025970906
10193,50.312693599950244
10194,50.41528456329256
10206,29.20941841684509
10207,31.482381216051472
10208,35.58599109007653
10209,35.92804480715687
10210,34.709953791661746
10211,37.96763445599982
10212,37.05083210708889
10213,42.283497073753914
10214,56.01580773743407
10215,49.893363861608115
10239,29.098457919098244
10240,32.03354245400927
10241,38.55003552119665
10242,36.33209505869651
10271,17.634456444131224
10272,9.519077824686129
10273,18.648548020640778
10274,22.353052628439116
10275,14.24797913531716
10276,35.916372942747905
10277,39.281752071235424
10278,34.16486233139751
10279,56.668143908139854
10280,48.208920104303516
10281,54.48749250139883
10282,53.92097654002174
10283,10.741955748261118
10284,15.613601985956814
10285,23.862212105787094
10286,33.15390476391875
10310,41.2787275103875
10311,35.27017353715096
10312,32.68263810402009
10313,30.786446481603917
10314,34.93663321901889
10315,48.41885893962271
10316,47.38151985810019
10317,38.31600121317652
10318,44.10529918592311
10319,55.262887939157736
10320,58.096187937707626
10321,48.45211817762952
10322,20.888744678032634
10323,34.744160995225144
10324,39.12690501334782
10325,36.92715740601317
10326,39.46617244154126
10327,31.017175357775187
10328,26.871101857617468
10329,45.84465029474928
10330,39.80007282191942
10331,41.31136995364137
10332,38.72289567062992
10333,40.452378143381544
10334,55.22944358612067
10335,40.474927800457046
10413,24.202951877603912
10414,42.51986829106929
10415,36.17290467157147
10416,52.46586120653328
10477,27.12065476757011
10478,26.950409215095508
10479,33.26237016794721
10480,37.50970859222358
10481,47.33068003224135
10545,16.094972914792486
10546,30.94706736831207
10547,35.74655752645954
10548,32.81834038315955
10549,33.13990127388107
10550,39.945065776405656
10551,37.391018400743114
10552,56.63653416392612
10553,45.43067287562555
10554,33.82317215327986
10555,40.65541704614825
10556,52.663467194797136
10634,37.38558937605616
10635,33.72170122266083
10636,50.661532258413786
10637,46.344427760889026
10638,39.126947270223106
10639,51.27227733063568
10640,56.001422593362946
10641,53.31069874789779
10677,23.00703099806496
10678,17.15806115058423
10679,28.66493233257073
10680,31.030859995131
10681,32.091483926074126
10682,42.680358671394345
10683,29.92166921469737
10684,42.95109815547081
10685,34.30440203760017
10686,49.8735266604576
10687,33.81804597409667
10688,44.63199475797693
10689,44.95435404754134
10690,47.80437502799065
10691,64.0345787193092
10692,48.49581203635167
10699,18.49816230414656
10700,32.646903113354796
10701,47.06585741994268
10702,39.79400422071061
10703,37.16817940330478
10704,44.592626531866074
10705,39.11110089460651
10706,57.940156494264386
10707,49.0831939107301
10708,41.97131925296575
10709,53.34948310282803
10710,46.60549882214811
10772,24.78432133600691
10773,36.51360304598319
10774,41.50129408685699
10775,46.573464547350284
10776,42.90746792093542
10777,42.16409261067653
10778,38.032576862033046
10779,51.49099219796314
10780,51.34854492975716
10781,61.72582507702957
10782,44.2071678868438
10783,66.16993047348149
10793,11.696071552863721
10794,16.251565459791387
10795,24.172594978472517
10796,27.137741562381898
10797,36.084048223416936
10824,48.43580420095007
10825,38.75696554211599
10826,35.38644496228914
10827,37.307904407366536
10828,45.47902892885353
10829,48.3933795073023
10830,53.39477009804652
10883,10.779102711856067
10884,16.40127524454715
10885,16.4352194926282
10886,22.52502638733409
10934,28.541349304904987
10935,24.92179294855563
10936,19.881452622963163
10937,28.695848937414873
10938,33.742010708711035
10939,37.1112292270638
10940,38.33722032015471
10941,37.543030108958924
10942,40.75420276642341
10943,37.65811631929191
10944,33.60103799836047
10945,49.47653237510596
11128,19.65776350231023
11129,29.071882764982504
11130,35.333623143091145
11131,34.400522010844945
11132,43.01018843113763
11133,39.21584169272546
11134,48.268707830376684
11135,54.29184768390547
11136,50.841048299414425
11137,50.58006952095296
11138,47.81774537608868
11139,50.7287711971809
11189,33.71352486655193
11190,44.763331118395314
11191,34.589216283533815
11192,41.992781440670484
11193,43.259414433217366
11194,44.211657273184024
11195,45.85474239216966
11196,48.801894819399465
11197,47.31001479473057
11198,46.21423674649253
11199,43.940938525820584
11200,52.666863298279424
11236,11.768031652236106
11237,8.795143755742885
11238,19.316623171358593
11239,18.475269498838944
11240,18.475269498838944
11261,10.148335723893117
11262,6.403214019377361
11263,13.53738161144903
11264,30.123098567056424
11361,48.54807887547634
11362,41.73371406100508
11363,52.1762932736194
11364,39.92430527460922
11412,5.39384923151525
11413,18.346651567271728
11414,16.914663382098333
11415,14.882648746784968
11416,26.605543859135185
11417,30.308599615146257
11418,30.033636266118013
11419,29.97417583691174
11420,41.59848841022439
11421,42.104608271632415
11422,56.242369346793744
11423,50.16817047725661
11424,11.539479007864827
11425,15.287264347436018
11426,15.287264347436018
11427,22.46822563053872
11428,28.584740670455464
11429,38.83072947886882
11430,44.909541630654175
11431,44.55145084409094
11432,45.53052400196915
11466,15.0703244710084
11467,17.102339106321757
11468,21.673371094766846
11469,19.13409626960697
11470,34.70847018659503
11471,31.408258881292436
11472,32.064719466374484
11473,43.823675794368405
11474,35.03794392000574
11475,41.040811219426
11476,49.73621135669506
11494,25.48730743877487
11495,36.46872805729681
11496,36.68689663328011
11497,33.48071231473633
11539,27.033359316031255
11540,30.358384001398555
11541,39.05620418183259
11542,32.611172655139114
11543,36.07708517291035
11641,6.197369414210674
11642,9.47898982657956
11643,4.674672743246891
11644,13.034526999834508
11645,14.314740465415124
11646,15.18812343473399
11647,13.910999106519194
11648,13.61000781755319
11649,15.964466307691316
11650,17.034923511985166
11651,27.53018447673222
11652,23.031746299372227
11757,39.05074311972853
11758,10.944012970083268
11759,40.37245426078163
11760,23.893599845074093
11761,38.344144413433995
11762,51.01250368350711
11763,51.159373176392855
11814,46.60046401964672
11815,36.88800731204946
11816,38.13411739547251
11817,46.3516707543474
11818,53.02228538666757
11819,40.41240495238169
11820,30.260654337863308
11821,34.86768220609252
11822,48.43572161272396
11823,47.931137719992606
11833,4.510576059502669
11834,4.510576059502669
11835,5.643437879827764
11836,8.28692705282793
11837,11.319560648449524
11838,8.925058292196653
11839,18.054528488151302
11840,17.94767915994677
11841,18.90494436884091
11842,18.902715767455316
11843,26.738377426330956
11844,47.77704273170026
11995,6.886203542937111
11996,7.557364561125548
11997,9.191092247082448
11998,9.82922348645117
12009,29.811689456524757
12010,21.88232466831254
12011,48.75022970921739
12012,42.09631914748802
12013,57.454738598213034
12014,50.87752014717515
12015,43.34148900324254
12016,39.2444886788235
12017,58.39519265462856
12018,39.67088209452518
12019,55.15490354204971
12020,52.638626393242376
12032,40.27536842242189
12033,45.52935986422697
12034,42.60202859273849
12035,45.937100041338724
12036,53.974408279656494
12047,24.761057644381676
12048,26.395357639419068
12049,29.909014729630666
12050,46.36374216704525
12051,44.57276906815636
12106,50.71126228630225
12107,50.73083111539348
12108,53.557593390017246
12109,54.11880590992585
12110,67.41363283612868
12111,56.640633338780134
12112,64.7394220952488
12113,64.34489360322324
12114,65.52970053406129
12115,67.5376810411544
12116,29.19467439597517
12117,37.22754109493502
12118,46.6118845557207
12119,39.04381646364208
12120,43.72988334753336
12121,49.68613902694831
12122,40.38478116053867
12123,42.17921554794432
12124,43.54434827197609
12125,51.142326727602864
12126,53.8166910591849
12127,50.44273957129244
12132,54.94684221709185
12133,48.56281827288534
12134,38.8155266268658
12135,57.67346013025081
12186,31.252052386655674
12187,29.324650647842084
12188,37.199708476991425
12189,30.53026135456318
12190,41.99883100113993
12191,44.37280525270082
12192,38.750958514371305
12193,38.27414887723513
12194,47.19224261518688
12195,39.09320139902321
12196,47.786696151952846
12197,46.25486321286628
12210,36.92004902565911
12211,20.00472745735998
12212,29.94919281096315
12213,35.446938913313616
12233,13.622129507838107
12234,15.104911655288372
12235,16.425495764942795
12236,23.129225489443275
12237,35.95423588360369
12238,38.14001268166197
12239,35.073209150212456
12240,38.10141618672216
12241,39.75698401278975
12242,38.47364937969826
12243,38.69497015755733
12244,42.525535160597094
12245,40.14949323171116
12246,60.66594517410311
12247,50.90846050571761
12248,44.17953654237045
12249,58.162836612171304
12250,55.08524305300712
12251,53.61653457524011
12252,58.47044642286005
12253,59.93803351208418
12254,54.41601084629297
12255,53.427781809307476
12256,64.12995185567236
12269,46.46127623661807
12270,43.09687082177546
12271,54.07374781102188
12272,56.31763821999024
12273,43.66118621007647
12274,46.76555906325479
12275,59.567912291137986
12276,48.95675394019802
12277,62.8533994719426
12278,52.84208413442024
12279,67.41531069993509
12280,61.278181004030955
12307,15.989512378410458
12308,15.370215143327101
12309,15.370215143327101
12310,29.63228169202429
12311,32.680059112044994
12312,37.95725283011622
12313,32.64773670789046
12314,48.2946211033592
12315,49.473828053052756
12316,48.63891550235514
12317,37.05257356176244
12318,38.85339286823134
12363,18.60938761910916
12364,15.207295721625316
12365,21.21709818167511
12366,29.448949826497973
12367,34.393117879266654
12391,32.82966865946111
12392,37.16087926262051
12393,41.9722497273327
12394,41.69760506737958
12395,44.45464134603381
12396,45.208805120163206
12397,41.61106923860709
12425,39.87489614030999
12426,44.836158723314306
12427,39.14795779783738
12428,52.5414636157925
12429,59.313880316496665
12430,57.23826091246479
12431,62.61465868186744
12432,57.4099289769369
12441,16.38884682518241
12442,28.1890954807477
12443,34.92256226235252
12444,30.275037447730526
12445,40.871376237863004
12446,29.811508393994465
12447,35.34397772981898
12448,38.980950726802114
12449,37.2185962297292
12450,44.48005199282148
12451,49.173003537544055
12452,62.52255398703629
12514,13.724079561280151
12515,14.615707220915395
12516,13.724079561280151
12517,17.05269061436203
12518,13.724079561280151
12519,45.911196075027654
12520,35.24150672398217
12521,34.50257961125012
12522,45.894506844099396
12523,50.296296931866515
12524,60.70453382426675
12525,47.86515942356073
12526,52.04655183107459
12527,52.03543551382772
12528,53.04654186795464
12667,26.86577873860743
12668,34.18936970904595
12669,45.93740031504349
12670,34.584163769109665
12671,54.138612647618345
12672,48.31554737429466
12673,45.74768800104673
12674,62.300919454016636
12675,52.96463141205867
12676,50.8364585170943
12677,62.47243736243402
12678,55.51267842025934
12711,33.06470010701114
12712,32.78325693449833
12713,36.596901051552514
12714,49.28558936585773
12715,50.55850421274236
12716,41.03370134118493
12717,30.28242118962746
12718,38.31528788858732
12719,38.219009120431465
12720,36.76442516989479
12721,37.82798288710375
12722,56.09101002262942
12723,48.01402805953609
12724,50.93548898599817
12725,56.82367071149281
12726,55.5782106827799
12727,49.39888064009132
12733,13.008914580343456
12734,14.523646742219006
12735,20.5334492022688
12736,17.84256127804161
12737,25.29920823131466
12738,20.217326847193128
12739,32.11520478379979
12740,45.72412638468148
12741,37.49879924664558
12754,28.891058573337776
12755,25.48432236764205
12756,33.44425157010505
12757,29.348074198575702
12777,6.350151130951211
12778,12.806816026585441
12779,12.873332745069531
12780,9.36717990133423
12781,19.734165067096573
12782,13.501036718551989
12783,20.99362132605205
12784,14.09219120636701
12785,35.44151883433011
12786,36.07168527906088
12800,33.35797995354879
12801,33.857813626027045
12802,45.63803100318985
12803,50.13369965742609
12804,50.812533604100736
12805,35.9020968067145
12806,49.47504256467087
12807,52.41446397024434
12808,49.25241337994565
12809,52.21951518501175
12826,21.068140700436356
12827,11.429631321509346
12828,11.808634374024537
12829,21.703724747273938
12853,8.67790559136885
12854,14.945047727216382
12855,27.095530604841525
12856,25.721642841057623
12857,25.0642048118286
12858,53.54800353737431
12859,53.580396859792124
12860,49.73283656170327
12861,40.24925779697785
12862,63.0054192022352
12863,54.705804207917
12864,51.02009935324842
12865,63.1385115700031
12866,59.05629753445212
12867,57.02370758413933
12868,60.970544293627654
12875,19.843818612315857
12876,20.78593331491369
12877,31.30765618290785
12878,38.81870762490329
12879,43.46210676538838
12880,44.17582314277272
12881,44.13784360898102
12882,50.333670793737035
12883,46.30907418074104
12884,60.85523765792758
12916,30.622980111811316
12917,35.609987823737846
12918,33.76958248770734
12919,41.02241845125037
12920,44.398449798865535
12933,16.664889233275485
12934,14.227905839828853
12935,15.094333614124121
12936,21.447439631069148
12937,33.06216231207495
12938,33.59840464813243
12939,33.55151052901034
12940,35.20950465492912
12941,39.27515817731849
12942,38.10384127921355
12943,34.062201347346516
13020,29.394663503598007
13021,31.560941941832642
13022,35.16189043703614
13023,43.618687576245314
13024,43.26944131388563
13025,58.111677745647796
13026,45.84890649604943
13027,48.299241847256305
13028,49.99999568691968
13029,52.686820736562126
13030,49.10040759829815
13031,45.954471140333844
13032,69.80030570844981
13033,57.41742081690213
13034,51.94863584240213
13039,8.880946585317407
13040,19.35559112817163
13041,26.989377171908544
13042,25.574499462237796
13043,21.97488606370875
13044,21.20727551073438
13065,13.607780958397278
13066,19.316623171358593
13067,24.141889106932272
13068,15.5370700711807
13069,24.141889106932272
13070,22.366643545219063
13071,34.468075528209944
13072,37.05200802229281
13073,34.34439765111833
13074,44.053627264556305
13075,36.77839592920203
13076,50.97293993570754
13077,14.262267068125475
13078,13.050605504108436
13079,15.614720348558562
13080,28.32479481450527
13081,32.556989503567706
13134,8.946795316744808
13135,14.823371877610416
13136,24.901539016335786
13137,29.813229264080988
13162,21.834074228552808
13163,24.125372721105816
13164,17.2421704574901
13165,21.834074228552808
13166,32.3734782620181
13167,54.23530810149789
13168,32.221837329180666
13169,40.30655145788923
13170,39.03391315777743
13171,58.112942144241224
13172,55.309484098779095
13173,47.11717388983731
13195,39.768819058965676
13196,33.70351669827564
13197,34.4264396279858
13198,34.06621304699261
13199,37.212124623284744
13200,41.313957005120855
13201,42.313207141438184
13202,45.72304384916634
13203,42.486389363380866
13204,41.70321268613613
13205,44.161559536452394
13206,52.738402945458745
13219,21.041502696432197
13220,11.222003973808306
13221,20.62248242991028
13222,32.5281087692561
13223,35.50738881509491
13224,35.98123714902627
13225,61.203476772313834
13226,47.71789699711715
13227,42.81707561898287
13252,29.631120031527498
13253,11.808634374024537
13254,8.797107893665467
13255,23.944213526334305
13256,41.79007811119652
13257,32.912496231929296
13258,48.55133952437158
13259,50.633199098679135
13260,45.83871155603343
13261,50.3774887218903
13262,54.18921978092974
13263,63.53066191662099
13294,40.79292552618178
13295,34.51779087003445
13296,46.56338844020043
13297,41.88542397759382
13298,52.56953008610127
13299,56.14069914595896
13300,38.0719247217313
13301,38.97188426054826
13302,52.05605575912345
13303,61.45299653365469
13304,53.94624354978748
13305,57.08083887128397
13332,45.89384895482285
13333,41.58143275269798
13334,44.79426024127553
13335,53.24368953602212
13336,36.331135629742555
13337,45.70327504334854
13338,48.37975001084718
13339,47.899390315097925
13340,52.389790672206054
13341,53.68184408082669
13342,60.05297613960965
13343,53.007871570316944
13344,4.357449504765647
13345,5.480989798109774
13346,9.004865934709336
13347,14.505896843553895
13348,21.103274871271335
13349,23.068803172904097
13507,9.03150393871349
13508,15.092527243770126
13509,28.385861437016516
13510,32.97123659502102
13564,53.700789064679114
13565,37.157029556244744
13566,40.53649706855901
13567,49.650240985625956
13568,35.265782230970736
13569,45.95810766528709
13570,46.35302440419478
13571,57.34364359552696
13572,65.00494074780397
13573,51.63822248036972
13574,51.7881939713285
13575,61.223352556099414
13674,15.134240372026735
13675,9.455845146028278
13676,17.571223765473377
13677,16.45482448168116
13720,18.359574489972612
13721,10.237364906042634
13722,20.647345500739743
13723,13.696308741916395
13724,8.684545072504651
13725,21.79086531386846
13726,21.193706043322386
13727,44.61277760151985
13728,49.54772051121473
13729,25.376109090482213
13730,29.194420303447284
13731,39.35734209747918
13732,49.73746387519399
13750,30.46908994084984
13751,39.79563514820269
13752,32.6697128236626
13753,33.72220560574022
13754,52.76818000761033
13755,41.25691262177123
13756,39.91312683675059
13757,42.922438600528196
13758,53.78446498550828
13759,53.384305820435436
13760,47.16199586214857
13761,47.91421489078702
13867,21.632756399377037
13868,31.703055882086336
13869,33.72608619540961
13870,35.21577785065541
13871,39.81206702209361
13872,45.47326008193951
13873,51.685261749710214
13874,36.60801501137576
13875,52.76318196522509
13876,40.078683959072855
13877,57.30648712123376
13878,53.057972026205555
13896,35.11436578519699
13897,33.322511553632744
13898,46.71990713788032
13899,43.416358959105466
13918,19.588144930495893
13919,29.119291932218626
13920,47.33369928153016
13921,48.49256100376933
13922,46.023664372060196
13923,37.41722209687715
13924,40.670468956136794
13925,44.11032759799548
13926,44.59866465950295
13927,56.755117478686174
13928,58.6151385535574
13929,61.59930771977955
13946,12.982053602544863
13947,26.86577873860743
13948,16.438768573099892
13949,20.863326465102922
13950,23.148794318534502
13951,32.84300370540399
13952,35.032963516534245
14097,21.036495093554933
14098,16.221096171818452
14099,29.8475614182401
14100,29.94769477066252
14219,25.499285187046386
14220,22.328988402945534
14221,35.2199076611666
14222,34.81027734665001
14325,40.87056919233919
14326,48.81159811639903
14327,40.68442222864228
14328,49.83836347048328
14329,54.38383894364319
14330,46.62178331452708
14331,53.66966905486274
14332,52.56618167885488
14333,42.32694748730951
14384,13.092231331400479
14385,15.846614516032824
14386,16.855739670406013
14387,16.36412828095221
14388,24.69408100979765
14389,31.998943250426745
14390,34.28606646188628
14391,35.7352642372243
14392,35.71022016086697
14393,34.94282146100286
14394,51.994252524568765
14395,35.55194629625521
14396,29.0877270562125
14397,44.60318166388994
14398,54.4011514113069
14399,53.68385726192691
14400,9.673088779955128
14401,12.067591136208
14402,15.351484005953585
14403,15.400467078425931
14404,20.138864610138
14405,20.24565719403425
14406,14.012528845489673
14407,33.589804513131675
14408,47.20032361498105
14409,41.32823700054656
14410,39.53202700812373
14468,18.495564308705386
14469,33.06159290439268
14470,32.67758949745901
14471,37.66676244527697
14472,41.58755534122278
14473,33.646377886312905
14474,33.10439687859319
14475,54.599036582039645
14476,45.054586365284536
14477,53.49759638986527
14478,43.152784743958605
14479,39.22690182370254
14498,4.374572218749981
14499,4.374572218749981
14500,4.374572218749981
14501,5.897268889713764
14502,11.62237473080787
14503,5.998871496440348
14504,11.681290285996237
14505,13.683640037182501
14506,20.854056491498145
14507,6.407434844359458
14508,21.004855423443075
14509,14.42336485555686
14510,15.051924521981691
14511,15.520511327592097
14512,19.899833018634183
14513,15.554455575673146
14514,10.807933598362538
14515,23.128528473414903
14516,29.39065414767857
14517,38.105789708291276
14518,30.607423472060027
14519,30.51617588716772
14520,33.50252153251801
14521,35.27149864821869
14535,12.929066469238181
14536,11.806670236101958
14537,17.527546499294186
14538,24.12534529395898
14539,36.28522525158872
14540,31.956130038016383
14541,36.80398028347784
14542,49.2256289563782
14543,49.022179344368105
14544,31.922596090933126
14545,31.944130306113667
14546,41.800075850568334
14547,4.270308938171123
14548,39.91719592013223
14549,30.90434644274092
14550,35.23447264056201
14551,34.23995633145007
14552,38.50408509400946
14553,41.154826196736714
14554,51.3461579071245
14555,47.28849465621633
14556,60.496937613935316
14557,50.71131381489245
14558,60.33147848920761
14563,50.45919641411
14564,55.564921330067016
14565,39.98716967596124
14566,53.584182354006536
14567,59.178984731380545
14568,62.583193481708626
14591,5.781286672254934
14592,19.93894412015171
14593,35.20823112109117
14594,45.71531797826598
14602,37.3092993377034
14603,47.80580541759759
14604,46.37411332099331
14605,37.939898977974345
14639,16.449568042069025
14640,15.2269500773593
14641,9.568123680452068
14642,31.78332171371409
14663,4.622199345957245
14664,20.79477456353935
14665,26.86577873860743
14666,13.671112580310453
14667,29.961935931301007
14668,33.10998450312182
14669,43.08811475054846
14670,40.02176377759516
14671,42.354415115403256
14672,47.83370582507479
14673,42.8863085830482
14674,54.22210464311598
14675,59.12067831763115
14676,33.260202059610094
14677,43.992514180176144
14678,55.08931412382159
14679,47.895112969064094
14680,44.58706090493376
14681,51.91884954678735
14682,49.13396269629659
14694,45.0869900547426
14695,38.664228365112095
14696,40.17331046573737
14697,48.25879069238481
14794,30.22383246814225
14795,29.550328417801026
14796,44.65864810206274
14797,33.333174689202934
14831,4.678680839384125
14832,4.867092171657239
14833,13.368041039567231
14834,11.566930317271911
14835,11.566930317271911
14836,20.032577307553396
14837,25.730355662374887
14838,40.24979662971508
14839,34.33516303416673
14861,45.975875505559294
14862,33.4667715863328
14863,34.429464874027396
14864,36.938493394700686
14865,47.96642510838584
14866,34.366033619863735
14867,31.99456386364616
14868,38.67900625232876
14869,48.71505802064917
14870,42.9185718364665
14871,47.1886329043746
14872,56.497853736250875
14873,33.337951744993475
14874,48.08212765393159
14875,44.760081979477526
14876,44.92440889334671
14877,12.982053602544863
14878,13.622129507838107
14879,17.590878121207357
14880,16.425495764942795
14881,14.281835897216702
14882,22.364273712219674
14977,4.353706730187853
14978,11.374518401121893
14979,9.001123160131545
14980,9.001123160131545
14981,19.835480150067205
14982,13.317882610399192
14983,11.895774940619066
14984,19.251590488708583
14985,22.30951624014943
14986,25.24388211757949
14987,36.84929551241197
14988,36.190876676372056
15001,39.29196843255555
15002,36.64111382291133
15003,49.89629564238331
15004,46.5440334318421
15005,46.5440334318421
15006,48.45404436844289
15007,46.5045066238481
15008,57.20044958270583
15009,36.986886236414605
15010,58.45865137761155
15011,38.40423826032184
15012,18.296651479758644
15013,44.341944650026136
15014,33.74632183160239
15015,35.97124190254759
15016,52.73819865992715
15017,62.80554383538299
15018,39.67961410231191
15019,54.56658516918344
15020,59.36767345852622
15021,61.35856329821043
15022,53.906650330777815
15039,30.108081655622875
15040,33.24286324949979
15041,34.3636277331019
15042,31.33165319478574
15043,36.43595153536766
15044,38.21356308302429
15045,42.74867319014239
15120,55.100469386308816
15121,53.0230981470259
15122,56.740650941647935
15123,42.686067052425834
15136,25.360727861809696
15137,43.30060962419358
15138,35.477635534335356
15139,29.9425061811522
15140,36.25302258986664
15141,40.677565704022
15186,13.17059463666959
15187,13.17059463666959
15188,8.996088673383921
15189,22.99825373673954
15190,21.7203158777039
15191,17.14928388925881
15192,35.17637782592818
15193,32.57151187776518
15194,41.131762230577436
15216,37.65470758952876
15217,39.02378403822712
15218,48.79323894328951
15219,52.350771231368306
15220,32.87758951143411
15221,39.81509865724278
15222,51.064006729098985
15223,36.52658175405013
15224,37.03099136240123
15225,45.75527782525538
15226,41.84458233045802
15227,34.89857289727589
15228,41.672489285685934
15229,30.004445096719504
15230,45.33104246808334
15231,37.752753153630046
15232,13.825087698591478
15233,31.642014497234335
15234,45.35413088888634
15235,35.38838287150503
15236,39.50846276528824
15237,28.28452501259643
15238,41.59799172978973
15239,52.21652862568468
15240,59.335133613286466
15241,58.41610903381984
15242,50.540603582265476
15243,53.78801171965047
15260,24.99031144268632
15261,30.317089525209127
15262,39.5011140475814
15263,32.121394143800956
15264,47.49873755902077
15265,50.19048028242685
15266,37.21825777911462
15267,49.42974169103123
15268,39.436639398585534
15269,39.77948832286476
15270,56.33054122623598
15271,43.69733715227623
15281,11.325843468845203
15282,25.429817917600435
15283,20.98908498957771
15284,31.343754963264487
15285,33.16899637274331
15286,31.75970095361128
15287,34.987870652131576
15288,45.56340354311871
15289,32.168236453436315
15290,33.56663780328077
15291,44.42939583253763
15292,46.964619627250514
15574,30.076928593386985
15575,45.089700783775804
15576,21.335716475327143
15577,33.42714560752756
15578,37.26723980478727
15579,31.931146780170142
15580,39.25000357357467
15581,37.727833571055584
15582,48.576210091398565
15583,47.16863314610085
15584,49.56722003796329
15585,50.164652065535556
15606,17.256240906123352
15607,33.98463357276364
15608,34.733164653176324
15609,41.321830653896924
15654,15.807408183859197
15655,14.715106811436963
15656,18.859629546925195
15657,14.64509412246743
15711,49.08547205063035
15712,40.255096706485546
15713,37.98186314281906
15714,40.834914150169375
15715,50.968787139257174
15716,45.22850453672636
15717,36.467320486613836
15718,43.841851795218815
15719,43.71031960261402
15720,51.77824550457745
15721,11.052995312038819
15722,20.030642161493
15723,19.436185436500132
15724,25.57507366018905
15725,46.268947699847516
15726,63.00720690669989
15727,58.34086673453344
15728,58.34086673453344
15729,61.9680446290035
15730,62.03419766298074
15731,62.03419766298074
15732,61.68869551223996
15733,62.03419766298074
15734,70.31186633562487
15735,67.71928051744625
15736,64.65509511504301
15737,63.956056452281096
15762,32.3139480141718
15763,47.09877629042846
15764,44.763208712175825
15765,36.679429003341596
15766,46.886011180885255
15767,56.11398898015278
15768,39.30220037343419
15769,42.564761232978185
15791,37.69604940766816
15792,48.300659790659815
15793,37.156118846448
15794,38.00061149067335
15795,52.67790733962902
15796,43.376331427469445
15797,56.47790928633774
15798,46.512872414029594
15799,64.47734818185475
15800,51.31170628742898
15801,60.537323036264134
15802,60.86949173374083
15815,21.144042832076533
15816,19.884586573121055
15817,13.011382319283225
15818,31.167308521223713
15819,36.949680055842514
15820,35.85894271844732
15821,34.43949903151966
15822,35.805365924374854
15823,47.50017390932914
15824,36.6117890527913
15825,48.57719572263538
15826,46.77254440857375
15882,5.427757361950936
15883,8.4801349801793
15884,16.37656164840065
15885,17.84961016398819
15943,49.536695908329186
15944,38.95783554968062
15945,40.38718553466671
15946,38.48762694597991
15947,55.79060893074975
15948,5.217134086567601
15949,5.217134086567601
15950,8.936141093365466
15951,13.108702390726615
15952,15.610125420779278
15953,15.146232950953676
15954,17.583216344400313
15955,17.583216344400313
15956,16.41783398813575
15957,16.256880162569633
15958,20.496103786284035
15959,21.435620493440695
15960,37.22466886121532
15961,33.139355996272926
15962,32.03335902075788
15963,37.62884525720586
15964,42.56006121545583
15965,37.78376277685785
15966,45.35877474935408
15967,42.63386945286292
15968,42.89079428010246
15969,59.59815553894172
15970,56.690259101247236
15971,5.262132493181246
15972,5.5883324904103855
15973,8.418104841150273
15974,11.808634374024537
15975,15.613601985956814
15976,12.977505410171204
15977,19.10584468851209
15978,22.161172444511763
15979,25.048595262521452
15980,21.03833707379101
15981,33.564178593902575
15982,32.68136720030367
16004,39.66163131581452
16005,29.47753486943845
16006,34.54325440934688
16007,44.081013265189306
16008,44.25990843877096
16009,32.70112341813144
16010,38.36335527069507
16011,48.35408255138527
16012,47.53706089523699
16013,50.59876891627408
16018,13.092231331400479
16019,18.20997563841757
16020,20.696194752877997
16021,37.825211278861765
16061,53.12323823415087
16062,59.415590719772126
16063,63.67002728980372
16064,61.66232781890278
16065,67.42755687541157
16066,67.00547248660229
16067,65.25762096507569
16068,67.04114798095658
16069,59.94599628090902
16070,60.038352335469966
16071,67.11311493688144
16072,68.53991239499697
16073,15.11726925394546
16074,10.30280528861085
16075,12.530518731376345
16076,10.30280528861085
16133,14.50128550553736
16134,12.109020295427019
16135,4.814888352859182
16136,11.0423416696636
16137,20.204449854187907
16150,40.51435778684762
16151,42.81524460183824
16152,47.11351778643079
16153,43.16550250919111
16154,47.53987660594204
16155,42.912585970568536
16156,59.69561004768534
16157,45.49366809900291
16158,63.0214264885912
16159,55.87934040659696
16222,34.05631613459754
16223,43.02121892274184
16224,33.50339312225258
16225,40.28341294455435
16234,35.611658146656865
16235,40.0576343886452
16236,34.10572508887927
16237,38.866297622952125
16238,52.91340113875266
16239,45.49877909807734
16240,52.949328055934465
16246,23.086178995356573
16247,32.64753719679426
16248,32.44301084157727
16249,38.34108863063013
16250,42.63099381911958
16271,48.55678088856371
16272,43.16535254855308
16273,57.941907603114124
16274,53.872693420810954
16275,46.42934750049227
16276,54.27068043623628
16277,56.09127674051971
16278,59.09123727867033
16279,61.8521640428383
16280,53.37256278858035
16281,65.12199844543987
16282,67.50929589001146
16354,39.952502066068256
16355,40.83452972243077
16356,40.893555480840114
16357,42.15051091214957
16358,53.265573901607844
16359,47.99886004500337
16360,21.032725435106777
16361,20.71278588330796
16362,22.2363688085437
16363,22.99825373673954
16364,33.9931811033734
16365,37.66622359230106
16366,33.74475229460954
16383,17.527546499294186
16384,24.812693518731738
16385,32.204891217753136
16386,31.37478143107483
16387,32.603477500076146
16388,38.93650773844677
16389,42.218847673180825
16390,30.871562228533417
16391,28.494508676813734
16392,37.3977420898034
16393,36.90878688968225
16394,54.81737159801033
16395,53.11496869067041
16396,35.269923232115985
16397,54.46840097142677
16398,54.3691455047503
16399,47.19990143302799
16484,19.908636565775467
16485,19.316408442168193
16486,20.848153272932127
16487,15.231764860952016
16488,17.26377949626536
16489,31.80172330905019
16490,33.073867243395206
16503,5.28171376621847
16504,5.935903459992009
16505,6.548855616145543
16506,7.463161016538542
16521,19.27475590537283
16522,14.524409704278511
16523,20.5334492022688
16524,14.98753921204461
16525,14.904361850383367
16526,17.354912979882062
16527,37.47258834969742
16528,39.16579681722451
16529,39.85223150577816
16530,34.17414262236063
16531,37.571429101704766
16532,45.21549525009356
16538,24.306396436926864
16539,20.525512370289874
16540,35.4261472882524
16541,45.00905631185085
16542,35.261414445611706
16543,46.60293244002628
16584,5.009602159382026
16585,5.009602159382026
16586,6.27817579705404
16587,6.400900930925651
16588,9.616376229367612
16589,16.026555416916842
16590,15.122555825470814
16591,19.507712663475317
16592,23.88924845336102
16630,33.229348219368454
16631,24.24991912139723
16632,29.886015913097783
16633,29.415565682266525
16634,40.389101328370316
16635,36.674722796003515
16636,38.79665581322849
16637,42.65222943780492
16638,54.66133613878821
16639,51.444208251237264
16640,37.44263247399498
16641,45.64089029843562
16676,40.12238314898569
16677,30.878806584278138
16678,45.01782933801661
16679,48.1978855716469
16680,54.10327728155407
16681,53.23992974056352
16682,53.71538162590253
16683,49.254113340732665
16684,50.262684485117425
16685,52.40961965206632
16686,68.99460256882884
16687,73.76574066351014
16712,48.67656420767541
16713,45.1711443143334
16714,44.713336837240156
16715,56.94796532409905
16716,41.887440495835015
16717,46.33377377611505
16718,57.60907643834284
16719,51.23590896859574
16720,56.66294681523307
16721,58.09756347600858
16722,65.36171565498998
16723,59.95871946027006
16743,49.15374615467241
16744,46.45883641355819
16745,49.41921599850557
16746,40.50371190344588
16839,16.44431222349136
16840,16.44431222349136
16841,17.60969457975592
16842,14.28108352667404
16843,17.66861829144824
16844,37.00308004644595
16845,37.074821000302016
16846,38.68298630897614
16847,38.36989539959061
16848,44.01162789020826
16849,51.94363147472668
16850,46.94377469066112
16855,40.98536406499559
16856,31.09025760516616
16857,39.66365292394249
16858,37.80826865914141
16859,46.92659208986907
16860,37.59862584125959
16861,49.34678958865071
16862,54.69311318244389
16863,53.138440977110164
16864,48.20577268408888
16865,50.82827939346218
16880,42.012353156795804
16881,36.26639982490969
16882,49.127550965251125
16883,44.798132319096155
16884,40.40821008532783
16885,38.594900107610115
17000,17.594368446024657
17001,33.57697152856631
17002,29.726018804954336
17003,29.871980100784203
17004,28.142973198683315
17005,34.04464897992885
17006,47.92386714635277
17007,49.14177099800221
17008,35.761776464795396
17009,53.83132266640523
17010,59.82262709079484
17011,44.41238493753719
17072,37.063338609338814
17073,48.69060566740942
17074,53.542567478734234
17075,49.94262900405914
17076,41.386865981838255
17077,41.386865981838255
17078,41.386865981838255
17079,42.276573432930896
17162,12.623405299607638
17163,25.481868520305543
17164,18.538773223389736
17165,18.538773223389736
17166,31.718904102049255
17167,49.80564683324284
17168,39.564002621664265
17169,45.49740036682766
17236,15.443856892434912
17237,9.322676311873373
17238,11.841087001834683
17239,21.88599082170431
17240,11.855038076134276
17241,19.471925341849
17242,24.409328305925314
17243,36.47662407082837
17244,25.435788799925042
17245,22.198699245339238
17246,33.60660526771109
17247,34.93390880665139
17248,31.74660846175186
17249,39.42622507044208
17250,37.50896221468006
17251,37.55768102694261
17252,46.317913500392436
17253,43.19148337949393
17258,40.75496860639848
17259,42.27723808040175
17260,47.51637272058104
17261,51.96521168835221
17262,54.426612859408614
17300,24.91639659112374
17301,16.723812944967804
17302,34.51594021848249
17303,19.06302652736121
17304,32.614745232781345
17305,37.08147619660085
17306,33.25216533499622
17307,37.97326534848482
17308,43.62587480166519
17309,53.133638120384056
17310,54.034160655221
17311,36.97454118059475
17324,17.644279115071953
17325,30.866990195488878
17326,32.97016509807461
17327,36.653000525611404
17328,37.70057976198014
17329,34.94648274239303
17330,35.502451905977644
17331,37.92734836111521
17332,50.268068430056395
17333,43.60014691091575
17334,41.933632313340915
17355,10.052584163504319
17356,12.368838675050212
17357,20.5334492022688
17358,14.523646742219006
17359,20.871578982209833
17360,28.914864027619153
17361,40.11030718876506
17362,38.66353108475928
17363,34.06818544747879
17364,36.88669719167842
17365,36.25183140572376
17366,33.452036360994136
17371,8.210477493449236
17372,21.79086531386846
17373,17.67383347617238
17374,23.010197939302124
17541,19.143371489339565
17542,13.724079561280151
17543,32.61898486242901
17544,36.60721927349771
17545,38.694101807099635
17546,38.40693547903479
17547,47.879296806985764
17548,30.7217980710672
17549,34.21717778874277
17550,46.48837560285798
17551,36.99598930278163
17552,33.55705043500317
17557,15.168567205092394
17558,31.887450916585536
17559,31.357904684281205
17560,36.15129931301218
17561,41.41583922810423
17562,37.712993326315505
17563,48.897091635029795
17564,46.0857501709948
17565,39.69261548204948
17566,41.055236157079236
17567,41.96443583170028
17568,38.71091029259369
17653,6.159602521898653
17654,11.806670236101958
17655,16.430106131053627
17656,19.316623171358593
17657,17.433030431917473
17658,21.00584949852063
17659,33.58652322996203
17660,31.15472213714099
17661,34.297254458107794
17662,33.53281424276176
17663,37.452849531617666
17664,51.811493185549345
17681,33.22160738875674
17682,37.05395693198151
17683,37.31719290801755
17684,33.70182886930568
17685,37.24797151606937
17722,11.873492182832432
17723,21.934798065602184
17724,19.31550313006506
17725,15.67026059487597
17726,33.11018914858445
17727,36.38656751289327
17728,40.08489864986621
17729,56.310192942154146
17730,35.11824106753126
17731,41.666823088247405
17732,34.363795459172856
17733,32.34742758981689
17765,5.737198974797677
17766,13.927629853041468
17767,9.28054994080497
17768,16.20127511651103
17769,22.282063734885238
17770,19.15430887530009
17771,29.69059666723864
17772,34.78553768263276
17773,31.19100830400247
17774,46.01505437378197
17775,33.95363979493535
17776,42.10427559092877
17797,30.486742560785913
17798,36.67456689594523
17799,29.401464131083397
17800,35.84114865655595
17847,28.36722161089418
17848,19.846416607757032
17849,33.972159950325576
17850,35.97142463960393
17851,32.58510065146454
17852,39.15665787147448
17853,40.916291968467604
17854,61.26073457319874
17855,53.11214621263897
17882,28.93589142808648
17883,22.54891153425784
17884,31.241604104999244
17885,33.240921262801585
17886,45.472350017701544
17936,11.57168534314084
17937,16.127179250068494
17938,26.822024461650653
17939,19.709368397158414
17940,26.993529344399924
17951,37.18526430114701
17952,45.50235546699295
17953,42.4302368487863
17954,47.95707349433845
17955,43.71404519833941
17956,54.77032389438882
17957,52.985215947544376
17958,57.67721027690953
17959,48.4043082821124
17960,49.49062474639319
17961,60.26274611422439
17987,32.78515049875267
17988,36.17843444046153
17989,37.55462729907219
17990,38.93099546063692
17991,47.32887916769126
17997,35.544547968634426
17998,38.41085425962611
17999,40.1149267436606
18000,48.66289087946521
18001,36.26913517533572
18002,43.60195239704417
18003,43.902936699611864
18004,63.92784339555875
18005,53.34976023797904
18006,46.568472694907996
18007,58.272504530671355
18008,63.33399246586779
18096,20.783335319472517
18097,19.843818612315857
18098,31.92623893179795
18099,33.57570260352651
18100,33.86681074077367
18101,36.47652047135855
18102,8.396369899136099
18103,8.396369899136099
18104,12.788219646626919
18105,8.396369899136099
18106,12.788219646626919
18107,11.627184829624843
18108,17.16712523079182
18109,17.108201519099502
18110,23.37403366546038
18111,17.567757942474195
18112,38.05792761160215
18113,35.85830277002891
18124,14.606432001182798
18125,22.189424025606645
18126,14.483631363865465
18127,30.703169893546875
18128,31.726665167004985
18129,40.528527676021014
18130,36.49427365886561
18131,36.03812861641893
18132,50.776424543975104
18133,56.98189069058815
18134,55.95303433433804
18135,47.83607283032531
18184,5.7244532381671105
18185,13.339924926732488
18186,9.43523913303419
18187,6.548855616145543
18188,15.096301807197397
18189,8.110206988063194
18190,17.460540518611623
18191,30.098848995152625
18192,41.652622105040535
18193,36.073262648268404
18194,30.67580715725499
18195,50.21129774949351
18221,33.17077578732051
18222,35.41769712832379
18223,34.3946945436769
18224,46.867728182226514
18321,14.999142978882182
18322,13.89272566463465
18323,33.24582915251193
18324,22.429207077198193
18325,34.616864016743015
18326,31.185389889120838
18327,34.09593700309095
18328,36.623251833376024
18329,44.40163435609484
18330,32.3949365260241
18331,44.10077066975011
18332,33.775391234610666
18391,34.84268007484054
18392,35.82960195990527
18393,33.824584616094725
18394,28.25171706595474
18395,35.40761824466699
18396,41.0399756985799
18397,25.35714359257254
18398,32.328938253086825
18399,30.470966692320754
18400,31.75386688355673
18401,32.98222646891735
18402,49.90626229324638
18403,34.78884909656546
18404,50.397641065540284
18405,57.18904528572065
18406,38.007624457240844
18407,52.08994936842241
18408,57.59937345515563
18479,4.357449504765647
18480,5.480989798109774
18481,12.383038790810382
18482,10.155325348044887
18483,13.157029720836956
18484,10.886278587216733
18485,11.952957212980152
18486,21.596087825826753
18487,21.04466963766936
18488,21.732260080266485
18489,23.12274001692318
18490,23.12274001692318
18566,15.443856892434912
18567,19.346715996544436
18568,24.291253672715616
18569,29.94119756814992
18570,40.43886561653688
18571,35.407607522884824
18572,36.863841197069604
18573,34.684997747885
18574,39.540818579365656
18575,35.24997157835175
18576,47.07839061087849
18577,40.9733412704905
18578,53.22812854008756
18579,52.57871055111578
18580,52.30060069969475
18581,53.292607995148025
18653,31.167366130425425
18654,37.25697700609468
18655,31.167366130425425
18656,48.57541782010806
18657,50.90224741258491
18658,60.47200088236157
18659,53.89086705857826
18660,56.07817655682495
18661,53.69136000943011
18662,54.411406364338035
18663,62.37775514957739
18664,59.982520108546474
18665,27.033359316031255
18666,33.06159290439268
18667,33.12063078356263
18668,36.51256936451483
18669,12.700513824866903
18670,12.700513824866903
18671,19.3719079286522
18672,13.931744217975172
18673,20.00512599814632
18674,19.412897874539045
18757,21.069939751446373
18758,26.77202130224329
18759,52.940685496795155
18760,34.48955393734536
18761,29.15831012846225
18780,19.316408442168193
18781,21.168092824730945
18782,30.832265096813984
18783,33.7672808725035
18816,10.081931067967144
18817,32.36304840701912
18818,17.481245250017654
18819,32.952135490416026
18841,43.94828394593697
18842,40.71181021698863
18843,38.22015867172875
18844,32.4305018928216
18845,46.15838066695687
18846,40.06840779290573
18873,30.835911450985225
18874,46.90109385242709
18875,41.76438455374705
18876,49.58480742325913
18947,31.389934014508754
18948,24.99031144268632
18949,35.273120258404354
18950,31.025462352696685
18951,33.196181482530086
18952,34.17282933011002
18953,31.062162622202635
18954,35.7256071856197
18955,39.075630282585635
18956,43.5072092629762
18957,42.15505541462019
18958,49.2593508580183
18979,38.396878942634956
18980,40.080858148102486
18981,29.841018173263123
18982,30.214105288367804
18983,42.59538755823924
18984,35.468024622841526
18985,38.427507914003755
18986,49.687651250428715
18987,48.20281083895673
18988,51.67348262944039
18989,47.705212126875175
18990,53.803715972573286
18991,13.877593563908405
18992,23.724121690274877
18993,26.093978122991974
18994,30.3735791154928
18995,31.39065225562808
18996,30.497200939752325
18997,20.627276032417964
18998,37.50046070553869
18999,41.00144646244249
19000,38.60090562236641
19001,37.61972016871096
19002,43.03503324599995
19003,42.84288315944986
19004,50.00027796610963
19005,51.984126812139124
19006,45.74344145827959
19007,51.90115772677304
19008,49.95711821799634
19105,8.500094538976516
19106,13.056809757621142
19107,8.884248460259993
19108,11.952957212980152
19109,17.620425767238565
19110,9.588142975247251
19111,22.183363849183195
19112,33.35960111430864
19113,32.612844199123934
19114,36.40378923390768
19115,44.33707436596572
19116,30.490336780375934
19259,50.85310896149964
19260,46.017079453625435
19261,43.12513418972596
19262,51.05875927798979
19263,55.63553632938443
19264,62.10286492260722
19265,52.585453297599905
19266,62.78912287681937
19278,37.292525182121125
19279,37.79702807571229
19280,33.04167834569006
19281,43.09211259789606
19312,21.066676675650626
19313,30.963509048347916
19314,33.9052754233341
19315,31.458193283224357
19350,48.743630858629366
19351,45.62880784291864
19352,42.59979610117142
19353,46.61808832057663
19368,31.16240160589143
19369,30.059901086749292
19370,32.41164110641238
19371,40.45404715395486
19372,38.17606816162466
19373,40.697392735155596
19374,39.883662353451214
19375,42.842209918695495
19376,41.73672752462595
19377,44.32188596733877
19378,43.79378510961333
19379,54.673126593262765
19397,20.954362129837676
19398,13.092231331400479
19399,14.882648746784968
19400,20.798104927946298
19430,21.75234935569161
19431,17.014147932823892
19432,20.580486053038054
19433,49.410968937469065
19434,50.13604800913381
19435,38.32725421300159
19436,34.139882910346266
19437,43.35802949931469
19438,34.23729076374817
19439,46.89111783943501
19440,37.51219259489472
19441,51.27499401035828
19454,18.62463406462229
19455,13.63519744533217
19456,29.919320333448983
19457,32.84959703384936
19458,37.31808249055736
19459,33.01173432446176
19460,43.564708750561486
19461,33.34800727571641
19462,34.81276557671174
19463,47.88739058290578
19501,35.096346955463424
19502,35.39919408261295
19503,34.65213808863359
19504,49.2346467313248
19505,41.71230804353473
19506,38.10970290379784
19507,52.79377170384157
19508,37.352081429612255
19509,43.31337078857132
19510,59.506834452648526
19511,56.15040901357192
19512,51.422054053567976
19566,5.480989798109774
19567,8.366734695340615
19568,10.155325348044887
19569,11.355918998541636
19570,16.451268847546732
19571,17.7327571878647
19572,18.46200341183266
19573,19.218029591835858
19574,17.612630247129232
19575,33.9167019186079
19576,35.91124484789603
19577,34.81820979878356
19590,12.530518731376345
19591,11.36948391437427
19592,11.36948391437427
19593,14.653376784119859
19687,16.094972914792486
19688,13.931744217975172
19689,21.22359231121495
19690,29.915992696976648
19691,36.596660325030676
19692,28.62507732643142
19693,35.10120589288765
19694,36.67941516096547
19695,40.12553129700027
19696,39.093528418734344
19697,47.442580108399795
19698,49.43477456907196
19759,44.45777237789274
19760,34.46224955009474
19761,29.693157629589304
19762,40.06451427518166
19775,50.432149206729285
19776,50.39450291348308
19777,47.878409951318844
19778,44.533416209672836
19914,12.982053602544863
19915,5.107521958253541
19916,16.445064594034022
19917,22.364273712219674
19926,30.532069532109826
19927,32.13225591454075
19928,45.07785484780886
19929,38.69290481522994
19930,42.94995799284956
19931,39.204830582451734
19932,59.68828141007914
19933,55.64158458187207
19934,57.30259039615611
19935,56.228052325012705
19936,53.25705240143855
19937,49.95101025963011
20000,11.675137422854517
20001,33.04065877438348
20002,35.185646389127136
20003,43.58987204232669
20004,38.33479973882223
20005,39.59033321624175
20006,36.32040553972195
20007,44.76237620906077
20008,36.913034442509726
20009,53.55709075026494
20010,50.466357468334756
20011,40.50272239369309
20012,8.270985774454065
20013,4.721067644103488
20014,17.344400694662554
20015,14.90741730121592
20016,17.297129100745536
20017,26.572029718145608
20018,19.896745298706136
20019,31.367677021969058
20020,34.917143244621
20021,40.69380611022329
20068,16.961393097725153
20069,35.49095530452835
20070,32.56006115910987
20071,39.32754239883082
20072,44.55991381033944
20073,34.29271581483014
20095,17.566657600811713
20096,15.138930945879862
20097,29.311202667754557
20098,19.471925341849
20147,42.314494709976884
20148,53.9217544029534
20149,41.13018478693965
20150,40.6066580466879
20151,51.217590879869014
20164,26.87954947032663
20165,17.60464885292656
20166,20.842021047155804
20167,35.289012253140534
20168,31.828687243604342
20169,33.92301083978474
20170,30.72193604273066
20171,44.91926657681824
20172,38.56177969729987
20173,41.97760858776944
20174,47.91248647513346
20175,42.504161390534634
20245,9.775845017165482
20246,13.956815659607143
20247,16.203878312218926
20248,20.160893060788627
20249,15.874439329519914
20250,15.498139815996232
20251,17.93512320944287
20252,17.171092517647683
20253,22.01964166636828
20254,23.68129743202698
20255,23.819341423999436
20256,16.156622169446266
20285,22.338832008526353
20286,22.338832008526353
20287,11.1355809699833
20288,43.15928272201788
20289,38.16271733774882
20310,14.305845391049342
20311,18.59956494816843
20312,18.59956494816843
20313,15.661365520510191
20343,10.754340159779368
20344,10.754340159779368
20345,9.475499501762261
20346,13.044309483174306
20437,4.574274940818829
20438,4.965140929918306
20439,4.984722202955529
20440,5.259908844213875
20441,9.579561971989804
20442,15.580490651228796
20447,5.574880220489672
20448,7.427960308501962
20449,7.342632815985512
20450,11.78928473160951
20507,14.524409704278511
20508,12.401551651535001
20509,14.524409704278511
20510,13.632782044643267
20557,37.40648954057942
20558,15.090563105847544
20559,17.59548848731819
20560,41.88866852508535
20561,36.90140297565087
20562,43.40934426345231
20563,45.81896759216036
20611,41.50775949278975
20612,42.2500970122443
20613,33.1816475539985
20614,41.256139241887176
20615,37.57327062550015
20616,35.20596813568026
20738,19.99729404706587
20739,27.099773967265705
20740,34.36220969598202
20741,27.81258229648656
20762,22.44295276140383
20763,31.316878664910178
20764,26.83682836440782
20765,17.4819076366305
20766,29.554217845120835
20767,32.74482601300717
20768,36.317592356472936
20769,46.72007725308961
20770,29.59634723775244
20771,31.25024705760745
20772,42.96879382795983
20773,47.72504715983487
20790,51.87901745598519
20791,53.694818838540705
20792,60.5028135305597
20793,56.42075138043
20888,5.2351767024083635
20889,19.95300149524368
20890,24.082163806421466
20891,15.179667810364656
20892,42.45540052192525
20893,43.62008317811713
20894,52.44912847991563
20895,47.63826206138444
20900,15.163618455446121
20901,11.879725585700536
20902,24.137813893646584
20903,35.27481136073386
20904,34.6017303079231
20905,35.118742928944116
20906,53.51104180653978
20907,34.59208926035354
20908,39.9046576714287
20909,42.333206271540945
20953,15.641859474712556
20954,11.95633001577081
20955,21.921276130978452
20956,25.520889529507496
20957,32.24311906805252
20982,30.802448960729137
20983,40.689679120860326
20984,38.05785756549406
20985,39.01226219820001
20990,18.018134040816356
20991,28.653000340117085
20992,34.04598274295763
20993,32.994209007059446
20999,48.91766950491889
21000,43.39855989425739
21001,38.70006344024556
21002,48.079632406351934
21007,19.928313205981265
21008,21.924342980006212
21009,31.31680093962206
21010,34.24504479407946
21047,37.07102726306708
21048,30.066681796187872
21049,32.791312512038886
21050,39.62748922274948
21051,36.948197860820606
21052,35.929031918806665
21053,40.50938464325607
21054,8.769289911494774
21055,11.23975387247342
21056,13.04086459476874
21057,14.904361850383367
21058,19.277187128718925
21059,16.922025842030056
21060,20.733379778032926
21061,20.217326847193128
21089,39.66365292394249
21090,44.45912398912717
21091,49.31156569279279
21092,51.30601546824935
21093,48.000766800339946
21094,58.425090889621224
21095,56.50746716321525
21122,10.622784569107155
21123,26.806494120728054
21124,19.829448990400568
21125,8.4801349801793
21126,8.4801349801793
21127,31.995554510366443
21128,31.65460382420488
21129,32.548900233957056
21130,36.07298007105773
21131,36.12538135263787
21132,41.00417171259521
21133,33.743625106622346
21189,24.104233964658743
21190,19.899833018634183
21191,19.30760489502691
21192,42.218233706017465
21193,35.895786365246515
21194,43.95321585548712
21195,55.159162288349144
21196,51.634776325365706
21197,40.33643907371973
21198,53.84476681762978
21199,56.4739702079214
21200,42.321656482196694
21234,18.49670200736519
21235,34.87549506069336
21236,33.57676320742301
21237,36.03019364447483
21238,39.56483957207571
21239,42.168850658806456
21240,41.2038099850133
21241,45.412935855916594
21242,54.14479950501357
21243,54.37607985492035
21244,51.47442993989796
21245,54.167401057548524
21246,29.588250789690886
21247,24.461624670749778
21248,17.829896558619243
21249,17.829896558619243
21250,31.20741883632057
21251,31.292980621726162
21252,31.261107930493345
21253,37.18226053361459
21254,31.947666032799347
21321,39.4197434462613
21322,32.46859298016047
21323,30.423779492126013
21324,51.31209889696552
21325,55.519638001323635
21326,57.223742085798094
21327,54.02723742377714
21328,58.313427224924595
21329,55.772235804482364
21330,55.961680488605765
21331,57.41068219820545
21332,56.953305698798395
21421,26.959765741051516
21422,26.788094919037004
21423,38.09100743307171
21424,31.084479646870516
21469,24.861212722022575
21470,21.160630338782752
21471,38.59429050144462
21472,33.954975385680285
21473,34.79668099669769
21474,45.082409433366834
21475,39.36116186418548
21476,51.12326101057779
21477,36.370193382256126
21478,50.97982522584894
21491,30.515404141090983
21492,36.47224381265644
21493,33.51726854916208
21494,33.415464063454166
21495,33.472663965212966
21496,42.51868796954869
21497,37.01987364392393
21498,45.93959705174124
21499,52.095164182976454
21500,53.96473587839649
21501,46.93886851088354
21502,58.02857882024793
21553,35.11107715074949
21554,41.405178001420104
21555,46.48298152757043
21556,40.343974018576404
21557,56.360981650060324
21558,51.48818412325667
21559,53.43568529713637
21560,55.52871382733808
21605,61.15830387202811
21606,60.17831765665937
21607,55.91438110777057
21608,53.56018559173681
21609,56.03513323986569
21610,58.638874618461244
21611,66.50898082914128
21686,18.49670200736519
21687,28.173588160172606
21688,30.197444676111022
21689,36.85038186189779
21690,21.632756399377037
21691,32.88672458184929
21692,35.8289089079211
21693,47.76181998212388
21694,42.39816990629852
21695,44.27235172112164
21696,55.02133128915197
21697,48.14044605679551
21698,44.3312335927759
21699,48.859133776495824
21700,47.80850880849545
21701,49.650445881829384
21735,15.949251982318483
21736,7.36970003607616
21737,24.079459734101953
21738,33.41392333302443
21739,33.54004275081201
21740,34.16133892947095
21741,38.73202363303286
21742,34.33093037185119
21743,38.43588771001381
21744,37.51535614591764
21745,35.68014408386049
21746,41.82654897640461
21840,26.74351602716594
21841,31.965646427420875
21842,35.73149377360922
21843,35.92195849142762
21844,40.52211516362125
21845,46.29086188995227
21875,15.056618857766495
21876,13.607780958397278
21877,11.806670236101958
21878,21.935918106895716
21879,15.5370700711807
21880,19.823523802449415
21891,15.03175940305546
21892,22.912743885849544
21893,32.779173523488524
21894,38.044863172412
21934,35.128850022696454
21935,26.94418410500844
21936,12.567905813123636
21937,32.75832049759658
21938,45.978413153011395
21939,46.37762666762852
21940,33.14515027359942
21941,50.49126763097082
21942,40.873513771023504
21943,54.40945079454081
21944,36.69141866068161
21945,45.518836680759335
22029,56.892560484351684
22030,58.60138140335217
22031,66.57275324866163
22032,56.748039400785814
22033,57.65660224409742
22034,63.33101855123008
22208,40.048531745012426
22209,31.448189389589093
22210,30.877736864804685
22211,36.35768700622933
22212,43.33976082605997
22213,43.09174964959555
22214,55.03362894800504
22215,54.18586359474321
22216,43.54884488022623
22217,62.172173760947736
22218,18.673827987727122
22219,14.636298823170453
22220,23.46040580773406
22221,31.788635078849723
22222,42.26450122805001
22223,34.605150551122556
22224,42.29119641806594
22225,48.21624467797093
22226,49.96970457890023
22227,33.60098164927639
22244,24.63230883495851
22245,45.60867887728591
22246,32.87993589698702
22247,42.00050148561983
22248,30.962409439298465
22249,44.74623530138709
22250,46.72425066375962
22251,40.06489065685513
22252,46.435190854033515
22253,30.639760211292757
22254,49.649742432107615
22255,44.86458656323205
22256,53.22644076875358
22257,54.05632273283272
22258,56.23933593764209
22259,47.47112728234238
22296,5.040085096965371
22297,5.040085096965371
22298,5.489202798354092
22299,11.282343347779744
22300,8.27081686742067
22301,12.44337816478182
22302,14.241331509026683
22430,25.55499341644016
22431,48.76688586345969
22432,49.49404288943811
22433,44.918817750917185
22450,13.083454070075064
22451,15.030128687350931
22452,10.215664722016324
22453,15.83783725470741
22454,17.00321961097197
22455,35.90327510149634
22456,30.556668869092128
22457,39.84000723238007
22458,39.01477381921931
22459,44.81714948225909
22460,54.10043962637256
22484,42.583100969727134
22485,41.518294337449525
22486,38.39795216713193
22487,49.53153502125027
22488,47.56622246612546
22489,51.662586815570435
22494,22.350127159392606
22495,17.18324674579778
22496,10.395691856842143
22497,36.05212558538962
22498,32.234472762338136
22499,44.140748098127816
22500,44.56599760372702
22501,35.140222737026974
22502,33.643073680872824
22503,37.238558978788845
22504,40.50221585144772
22505,41.38382203407447
22518,8.91042361199212
22519,15.2269500773593
22520,19.382001305818576
22521,27.0152488040842
22522,30.763576844417386
22523,38.212050273636635
22524,43.68081993502333
22525,34.24556206026285
22526,39.62566008004877
22527,49.59262197967161
22528,53.797062237992776
22529,49.45361093069877
22681,14.658411270867482
22682,11.374518401121893
22683,13.175629123417213
22684,22.306918244708257
22685,26.85353731529194
22686,5.2351767024083635
22687,8.480513265939294
22688,10.559276145268274
22689,11.895774940619066
22690,8.884248460259993
22691,17.67383347617238
22692,14.22568079376781
22693,19.270108837266942
22694,20.85244218807585
22695,24.1512706750248
22696,43.42360581950896
22723,35.60616534375151
22724,39.938774259607584
22725,35.37862631537017
22726,52.179237308394946
22727,53.983866137722906
22770,42.49483301162634
22771,40.842788730476805
22772,45.90268285986726
22773,42.768036611484625
22774,54.537093663465626
22775,62.14676398768852
22780,33.370113303077176
22781,32.337505676255276
22782,45.5280205846686
22783,35.5989206582281
22784,33.03226057470714
22785,46.02364769540517
22786,34.38258799064301
22787,48.30507766382009
22788,57.16357985095801
22789,56.57909376610606
22790,54.538222131527675
22791,44.351379235523865
22792,49.06783912021135
22793,39.029330599179545
22794,68.48000164561762
22795,37.10910060893785
22796,49.39187649647538
22797,61.01257797500055
22798,64.0954834595974
22799,56.375530323723794
22800,51.96229123468722
22801,67.53272071792234
22802,66.56463107911311
22803,64.98355408412327
22839,34.825911923831434
22840,37.31866623154151
22841,44.33281092155147
22842,33.55418491501955
22843,47.984270153389915
22844,45.095543245876435
22845,45.37431056912774
22846,55.402182989582734
22847,52.7702235254632
22848,49.74224983599846
22849,53.73789006653963
22857,19.189818313869445
22858,26.74351602716594
22859,32.9711528893039
22860,33.42185145694701
22874,8.59986462412683
22875,36.27189468723901
22876,37.09453837427971
22877,36.4808233240216
22878,50.962877459985734
22879,29.92394506769955
22888,38.85630310180444
22889,42.50680488103364
22890,57.24534756853275
22891,62.680326677848626
22892,57.42285342594571
22893,56.8478422613223
22894,51.165885931016305
22895,66.85191450930954
22896,60.641626702352646
22912,31.110386794057202
22913,45.25730429324061
22914,48.86386779763325
22915,54.469871836183174
22916,57.439191057202805
22917,57.4457549388861
22918,61.94748759475056
22919,57.56987498067435
22920,66.3293589672523
22921,63.4564718543651
22922,68.17684163847579
22923,72.00376932904351
22964,46.716680877628455
22965,44.82471302503576
22966,44.676313271656525
22967,45.86186706201483
22968,45.85434328832204
22985,40.11625314369896
22986,41.990907775309466
22987,44.091916706726344
22988,57.225727690120785
23022,14.691798309654455
23023,24.91639659112374
23024,18.8397290685032
23025,37.94091230602059
23026,40.11302099814921
23027,54.40260637273878
23028,35.11010507340261
23029,32.30797884202858
23030,35.80630441477027
23031,52.10505015333727
23032,53.91909881720592
23033,47.56886602645405
23034,35.35746856737243
23035,60.94278026745168
23036,51.056624525086235
23037,53.068954469281216
23038,59.36172320246037
23112,17.2094312963939
23113,9.235535745278844
23114,17.329807249461428
23115,20.883323170636963
23144,17.001803948692853
23145,35.70538234817488
23146,29.550408151478738
23147,31.524213006309978
23148,32.453924601249525
23149,39.69245941270712
23150,37.72890420349487
23151,48.92698265580134
23152,39.42078011648945
23153,66.81843744436509
23154,40.22368963458111
23155,48.86510891836363
23178,33.89115504043462
23179,39.51779420131752
23180,58.22301241838
23181,38.54315595151939
23182,51.76643910588529
23183,14.993288368833799
23184,10.252882022686105
23185,13.120671370744844
23186,17.04043691164175
23187,15.875054555377188
23188,8.974041364668999
23189,9.506330344710188
23190,25.778832407497937
23191,10.88098894796112
23192,18.633652340953972
23193,19.89657915204799
23194,18.54832484843752
23195,42.185516860526846
23196,33.427532545752825
23197,40.964087279803124
23198,37.960160255907276
23199,37.61181953503287
23200,52.48790430051817
23224,18.481194686790097
23225,29.132685169057684
23226,21.71476055756357
23227,20.979074577923658
23261,25.246988664752266
23262,36.186843062600104
23263,46.07032481003338
23264,45.87782233515392
23265,47.56056134761528
23266,57.21674177204606
23267,51.729883137171086
23268,53.770989090461654
23269,57.00582388738549
23270,59.62640912025781
23271,57.446464434768224
23272,58.79650667851975
23301,8.231555552116822
23302,8.869686791485544
23303,12.623405299607638
23304,11.462370482605563
23305,18.538773223389736
23306,10.395691856842143
23307,17.18324674579778
23308,18.538773223389736
23309,19.91415360424782
23310,36.50915000004376
23311,31.676657388467852
23312,31.292628485025197
23313,33.23294796745115
23314,42.51910030582121
23315,38.128040564353476
23316,38.31024731359479
23317,37.75571789823347
23318,47.405795241865754
23319,54.88887049352581
23320,52.352728054207006
23321,43.27410142939934
23322,49.18455107587513
23323,45.03749959016052
23336,49.327115546459076
23337,53.958902037937314
23338,49.84431900834347
23339,58.5077334897192
23340,51.67322679875621
23341,57.209733934528344
23342,62.190997225165106
23343,62.038815546174
23344,66.64150528614313
23345,65.15881980111294
23346,60.22810989088156
23347,61.66983439929435
23360,11.625954771031694
23361,14.979964422609306
23362,10.629392927100302
23363,17.474130088417034
23364,17.346935127086414
23365,17.415115577293523
23366,23.96682357904681
23367,24.79886296820535
23368,43.656139953264315
23369,44.03950074067149
23370,44.46521541417002
23381,15.167665459479927
23382,18.569757356963766
23383,36.92034555784552
23384,38.51695001252193
23385,33.02854109454432
23386,39.80744036809023
23387,37.678763170631996
23388,45.36267386881363
23389,34.36602679248831
23390,47.379187444143795
23391,49.787371124736254
23392,47.02295566429314
23442,50.40249320934639
23443,55.360331215247854
23444,51.719320649397
23445,54.87377044750081
23506,25.778832407497937
23507,12.995121540038925
23508,21.895392605806602
23509,28.491281261260397
23510,33.20192506272907
23511,30.262458594299698
23512,29.56714705428315
23513,40.62139782287252
23514,32.51357519619217
23515,38.04617210009779
23516,51.47044975879907
23517,53.634850842029095
23552,19.964136052259473
23553,17.260355271057048
23554,32.450586787277366
23555,34.82482263541104
23556,33.95486122949147
23557,39.49912887977953
23558,30.481774251995333
23559,40.10839131772301
23560,32.94458945628807
23561,49.644611414757655
23562,38.44572246357553
23563,53.191167201857866
23564,59.752606604113105
23565,41.67218607050206
23566,32.43900780356563
23567,37.68590704522171
23568,43.80329566772037
23569,50.282255346456644
23570,51.23548528171945
23571,50.251160790345004
23572,52.220833834596476
23573,54.10990744109439
23574,56.430619844871174
23575,61.486161751367675
23604,20.887335958935562
23605,19.35559112817163
23606,19.947819251778903
23607,21.97488606370875
23608,39.12835133656781
23609,33.184648112455754
23614,31.46077282395422
23615,40.490794993146636
23616,30.421154228140953
23617,37.35286425684509
23618,52.74117240922496
23619,36.85873989183988
23620,46.33582970963765
23621,51.11641170402867
23622,56.84504968615349
23623,56.45594154142216
23624,51.98429116256292
23625,49.261650699501054
23655,49.73571725497209
23656,39.403833468766194
23657,29.367729266448038
23658,25.599568450665316
23659,38.36773230790238
23660,38.93243168627084
23661,48.42907899926764
23662,49.60717721675017
23663,45.514887986474214
23664,40.11415347257928
23665,47.92154968533095
23666,50.651298260519525
23667,26.932687738227674
23668,15.002729428927529
23669,15.466621898753134
23670,33.85179865752651
23671,33.6388639978711
23672,39.788023371520616
23673,45.869970698434614
23686,38.5399395071702
23687,31.753079019174567
23688,40.740303510817476
23689,35.10140123132349
23690,38.72408415947636
23691,40.74060262881411
23692,33.37849725706682
23693,39.53582330897026
23694,40.70308665434648
23695,53.33372927187232
23696,43.359536992451915
23697,46.90844222681021
23711,45.056050039623784
23712,46.03225079623499
23713,47.17520834191599
23714,49.71002595609988
23715,45.61902119118251
23716,57.64706017478366
23717,62.338822940250324
23718,66.45167970724908
23719,55.04446489738263
23720,71.49654914387182
23721,63.46857673451677
23722,58.19733539142033
23809,26.812632662462796
23810,48.41583367813013
23811,32.04520146181036
23812,32.67728308962005
23813,53.78578801705689
23814,35.167941660863804
23815,38.84428808339431
23816,40.33770864577694
23817,47.22883450863601
23818,46.39289914015108
23845,29.232563302141365
23846,32.333376549952206
23847,32.12466568147025
23848,50.40021041456824
23849,43.131685085864646
23850,53.39855348497456
23851,44.472761922768214
23852,43.973901730194775
23853,57.97316477436013
23854,59.093915032480794
23855,45.33436138195626
23856,63.83721319973178
23890,21.793463309309633
23891,18.59068981654124
23892,21.198400379107188
23893,42.35863054345125
23894,32.915471495277664
23895,47.14676307061399
23896,62.65603910345001
23897,37.59350508640717
23898,53.37359610155385
23899,47.89001631092792
23900,47.53560090026223
23901,64.4617757758456
23946,43.21007284394559
23947,31.453087794221
23948,28.549492724217863
23949,43.21007284394559
23950,49.243063181503416
23951,43.99931187332372
23952,41.62460984841022
23953,44.5709744771191
23954,48.21919333564017
23955,51.75308228340551
23956,48.793702162021866
23957,46.38213334906662
23958,16.430106131053627
23959,13.513264891020565
23960,24.064758544048008
23961,32.54231309361085
23962,31.625977078358623
23963,39.27097380896852
23964,40.13518557698467
23965,42.0219311907199
23978,10.217371915221012
23979,19.088171056821945
23980,31.32634808233982
23981,31.329579849358492
23982,34.407470336427814
23983,39.94170845973489
23988,21.15928927758966
23989,34.280677804680174
23990,37.849810452440636
23991,46.288278864450554
23992,48.02603368051138
23993,35.42846680537124
23994,43.61011860126419
23995,46.19457034906898
23996,49.088738192684104
23997,44.36946733307087
23998,63.727598442349475
23999,34.00048869487591
24034,10.364757560452393
24035,22.811913862909144
24036,30.69659547237058
24037,29.392416898953947
24047,29.402633346143595
24048,24.97506499717319
24049,33.33264810488187
24050,39.79353152872255
24051,31.189132166642747
24052,47.737654673301776
24053,35.67675681771554
24054,34.87671368412287
24055,46.8960818905012
24056,47.60640470928437
24057,48.93560802139371
24058,53.97582961190329
24147,21.072000592786324
24148,33.375281106894434
24149,32.3774801906907
24150,38.07346084502807
24151,39.82449654437035
24152,38.27412136749385
24153,41.436313404693095
24154,38.95399843883575
24155,42.52945767541812
24172,27.075051422925586
24173,33.82966753554111
24174,37.01674400006661
24175,37.39184405863765
24176,31.409800728762658
24177,50.29602699865425
24178,36.78703309702992
24179,41.29427974380294
24180,46.77560373793337
24181,50.22629700088022
24182,48.85856682576909
24183,39.18619201968313
24184,23.033669002069118
24185,26.875579631625243
24186,43.28625060555548
24187,32.41941908745976
24188,37.474016538073045
24189,48.68210633114039
24190,36.783949718339414
24191,38.3331336683458
24192,44.214752455904566
24193,40.72295924175012
24194,58.17359072920712
24195,57.375339805144876
24201,13.689929038859015
24202,15.172711186309284
24203,11.888818316563695
24204,20.423324897733384
24224,36.8410192291611
24225,49.01600858576639
24226,37.50473789195207
24227,48.688842389217896
24228,48.88613446943326
24229,45.58360484554822
24230,50.419431239867215
24231,51.52594346060436
24232,52.37077021756148
24233,47.891182793333584
24248,5.393886303881717
24249,24.901539016335786
24250,11.539479007864827
24251,17.319278982749367
24252,33.01040566724202
24253,32.18148878719093
24254,49.61120092427348
24255,30.544598785463656
24256,34.065969612412644
24257,49.15906570177978
24258,34.61113485487775
24259,32.033571292567736
24260,64.49487625532058
24261,48.09363426655524
24262,52.13772057399999
24263,50.5353652139825
24264,37.84981243610811
24265,40.07244276607027
24266,56.7327668536804
24303,15.558502579706952
24304,10.60727724853206
24305,21.088905249356046
24306,15.481260124742255
24307,25.401966912394535
24308,16.684227807723627
24309,37.75550473847907
24310,36.698380689512554
24311,58.66697033985743
24312,38.186773140455045
24313,47.411899344289075
24314,45.03122904177338
24315,45.832963560373365
24316,49.503680716404276
24317,44.85429349514263
24318,54.12717890335678
24319,68.91986419755347
24320,40.92931165994583
24321,45.83645466697016
24322,15.154656335692751
24323,24.172810596137964
24324,26.262711313279265
24325,38.07568211356928
24326,35.10548662683998
24327,32.53274530082747
24328,42.323976372766644
24329,37.70504266951613
24330,31.041300549181933
24331,37.06917629046158
24332,39.07125248158028
24333,46.07210134928046
24334,42.119677464005115
24370,19.82288448230666
24371,19.82288448230666
24372,19.91331565435771
24373,32.62642754323801
24392,32.96531265280142
24393,41.350349788702175
24394,45.34453458455954
24395,45.90072690715584
24436,20.826969767299396
24437,42.44901068864786
24438,28.82184755809039
24439,40.450092489990794
24456,32.55605149877534
24457,37.89303313522331
24458,46.918946436841644
24459,37.2837981997062
24492,22.358924640467798
24493,38.4341358518579
24494,31.59849774604289
24495,34.66339334943764
24496,38.3308675823233
24657,49.78916409259664
24658,57.649143421865176
24659,40.06992672932287
24660,44.25436844549739
24750,18.538773223389736
24751,21.834074228552808
24752,11.462370482605563
24753,32.665064582809514
24754,11.462370482605563
24755,31.204537565692394
24756,31.16637739827402
24829,14.523646742219006
24830,19.862173622918277
24831,19.996432200076843
24832,33.83572095679957
24833,18.43379213386625
24834,26.899773229057317
24835,25.32863831749519
24836,30.284697489776335
24837,32.71885456881019
24838,32.48697511782248
24839,36.17340033201308
24840,37.92572406945597
24841,39.025803572158104
24939,42.33094752565184
24940,41.97112488568445
24941,37.427207438295376
24942,50.579981211930715
24943,38.25690462582398
24944,42.84730762802429
24945,42.36025996755772
24946,35.99479531539134
24947,57.694724387853725
24948,58.093952225447495
24949,52.383000162893296
24950,52.172152954849885
24989,17.258196934659026
24990,32.87132364871945
24991,42.49650102222795
24992,48.48706218651451
24993,45.64032975789603
24994,34.6267478922956
24995,41.272492574773
24996,48.4629362452729
24997,41.3840961633044
24998,36.372623301612634
24999,43.38786703469059
25000,53.62598100270003
25076,52.71657732221956
25077,57.87346488868296
25078,62.335839207546236
25079,60.88787258096905
25080,56.808876644439756
25081,61.93415006317881
25082,71.69007069164104
25083,67.17885789401441
25084,62.01133913889841
25085,66.70531798845238
25086,59.97743929593449
25087,78.82425945621208
25144,48.87676049605917
25145,37.63001031942286
25146,58.31952478969916
25147,50.54681892998688
25148,59.7498653287601
25149,41.43836655835486
25150,52.9428428973636
25151,43.01890719067257
25152,54.889969588456225
25153,59.91030641411798
25154,59.09501915752787
25155,63.010197520409044
25182,29.316003304331737
25183,35.03820323297995
25184,39.25587281873373
25185,34.51563140561812
25186,33.78390325008558
25187,35.495723330358494
25200,32.81102875828918
25201,42.782639405727174
25202,54.846980996604756
25203,58.24454764264954
25204,50.273374227177285
25205,61.06562546327069
25206,20.449911574955827
25207,14.190241890092004
25208,21.76686675110747
25209,16.729835420112057
25210,14.56660672329474
25211,36.25018198476625
25212,35.603058288145355
25213,34.614503133203776
25214,46.318387623116294
25215,33.78446541058259
25216,43.19887734192471
25217,50.59138462971472
25218,16.60938974679148
25219,21.072000592786324
25220,13.556051980189853
25221,13.556051980189853
25222,25.17282421122213
25223,18.784229582019194
25224,30.817401497819322
25225,35.077331710296626
25226,34.211655817098205
25279,6.255812695321149
25280,6.180413308763054
25281,8.250143498124574
25282,8.55211537682918
25283,15.78389566539573
25284,9.085505845535666
25285,21.0707881038913
25286,17.81790858908696
25403,29.15116739513765
25404,24.211395907389637
25405,31.284956587105636
25406,40.51821972749936
25407,30.976305222249195
25565,24.965242326232463
25566,46.27677800609434
25567,38.102654789312176
25568,30.213883008473275
25569,37.41886677964212
25570,40.197488219039336
25571,49.654158032055136
25707,14.524409704278511
25708,19.27475590537283
25709,20.181559636044703
25710,13.04086459476874
25827,18.709961743525593
25828,16.579470883223824
25829,21.31767230609154
25830,13.185011793298234
25831,20.058216047136064
25832,22.60133578990571
25892,34.332868373081794
25893,34.18366047976985
25894,38.651827335331106
25895,42.020713241041
25896,27.208565600049706
25897,29.43543364706743
25898,38.2454791207784
25899,30.88980799565074
25900,37.445919120700204
25901,43.28439307751317
25902,34.15482766253742
25903,41.03882216853395
25904,38.21160124095231
25905,63.00071511636936
25906,52.70986637201562
25907,47.41494312248415
25949,45.07801261519927
25950,38.5831356057629
25951,40.44587067965148
25952,35.62310351478053
25974,21.368544990660077
25975,23.654012844091657
25976,19.080773979892946
25977,31.886542446010047
26011,28.229197192813587
26012,32.3734782620181
26013,34.302306905975954
26014,52.566146078786616
26113,5.640796918137664
26114,8.308664077376086
26115,9.194360981131602
26116,9.194360981131602
26117,11.539479007864827
26118,19.412897874539045
26119,12.00570156856595
26120,17.360268928636213
26121,21.95217269969892
26122,18.515063251504664
26123,33.93127950577919
26124,37.58917054627368
26140,37.726983211137785
26141,52.928340901475515
26142,51.59079080752725
26143,55.5646562265195
26144,49.18670386685827
26145,62.13479612848708
26146,42.8694623110223
26147,67.57596314970071
26148,56.61857662257439
26149,53.76318327215855
26150,56.86937042902082
26241,47.947729348276624
26242,60.5470645286968
26243,37.477993635765756
26244,54.53310582694405
26245,55.826224841392026
26246,50.94353187183658
26247,65.0726542909951
26248,57.84871715683747
26249,52.2113534605474
26250,53.67568397223238
26251,50.65798384451496
26252,56.3980545843574
26289,14.959030292600103
26290,21.772529179300435
26291,15.42817763190831
26292,32.26926254840202
26293,31.525324346648773
26294,35.20726613609323
26295,34.964099061138285
26296,38.89114865707994
26297,46.28461134185018
26298,38.82720738664456
26299,37.94716043144502
26300,40.520111977601324
26315,33.96958827886277
26316,29.94904880482585
26317,35.061567884743596
26318,32.57473988047693
26319,43.02954239537312
26320,41.54322155802777
26321,43.73729585036975
26322,47.19191754650239
26323,44.73044586966989
26324,35.65020269186254
26325,49.62770390156908
26326,57.33580399000846
26455,29.524088270864432
26456,21.054726703233655
26457,32.363710793631974
26458,42.50366088526242
26459,22.271784073873278
26460,29.281688898994563
26461,29.979877515841793
26462,31.934506322605518
26463,38.81110174531722
26508,21.10441256993114
26509,23.0699408715639
26510,21.792003012528262
26511,24.76685195447688
26512,13.596320641855987
26513,31.197753098686526
26514,30.813962727783295
26515,24.949056460376745
26516,42.49010872914763
26517,32.14425343642171
26518,46.15572219454315
26519,34.0430827250794
26520,21.041502696432197
26521,38.87679613483237
26522,34.54454070114133
26523,31.68386291124245
26524,32.22903860385503
26525,35.197852169074345
26526,42.985971575479326
26527,33.07704549362272
26528,43.080803816476
26529,38.133612312553495
26530,50.45594103220689
26531,57.585520188975934
26564,21.7203158777039
26565,23.585042428119543
26566,34.14888409259378
26567,29.127117858871905
26568,33.095874992705916
26569,29.985402973086565
26570,36.421365915671366
26571,54.30059846284611
26572,34.27498005678722
26573,38.180053035016854
26574,45.16685921224261
26575,32.537997438130816
26576,5.467151452269901
26577,42.424428637733406
26578,40.759307151315944
26579,48.659477032263766
26580,38.92702584076137
26581,51.5481593710276
26582,60.59380558745099
26583,49.9011569215518
26584,20.547147436332086
26585,18.259376425564955
26586,20.547147436332086
26587,22.912635400140914
26629,21.329805655619925
26630,13.197145142826619
26631,15.844817665465927
26632,19.539043273127366
26633,25.1486944711882
26634,32.61895481785502
26635,33.416521151306995
26636,37.84026436098115
26641,36.78110607164014
26642,53.3372485865095
26643,44.42041167517988
26644,42.635562817057014
26645,55.572692555732665
26704,21.778574742068802
26705,8.814187305001541
26706,21.778574742068802
26707,45.07146152762985
26708,46.74815437621985
26739,55.45211511025015
26740,59.760940455450736
26741,49.1720292687306
26742,64.09241623751286
26779,13.339924926732488
26780,23.995023239826946
26781,29.119679854809394
26782,39.992350550467286
26783,32.36844152263801
26784,43.868473730226576
26785,44.54543196147107
26786,32.372834407301404
26787,33.11754458926951
26788,40.39178476334855
26789,46.600881565515316
26790,45.70614878781116
26819,38.92225742405353
26820,49.31444437458142
26821,63.510290372297135
26822,49.50092975344575
26839,39.931928008730374
26840,39.54683356999499
26841,38.58680592151621
26842,33.29139480900576
26851,24.09953962887394
26852,27.12065476757011
26853,32.240502951875065
26854,34.106591014976715
26855,39.288845547893324
26856,44.70278119604325
26857,34.971253220988814
26858,36.97028846752149
26859,58.90286240998869
26860,45.91717262876745
26861,54.252025434090065
26862,57.08410056898029
26863,30.00514646977213
26864,28.310342391933958
26865,31.99870288582191
26866,33.088670909719205
26909,5.7244532381671105
26910,13.797164389814183
26911,17.2596904676294
26912,10.741955748261118
26913,13.026851463387702
26914,19.623866911681485
26915,12.891442333906676
26916,30.345178845919193
26917,32.80244006145748
26918,34.27480410082253
26919,35.24410386039847
26920,49.07389105912679
27006,36.61995989453688
27007,35.40480584188554
27008,39.37489578853897
27009,38.99844760151647
27028,10.93902294280253
27029,22.46822563053872
27030,36.72500465607404
27031,34.2322059498841
27047,35.36373550943542
27048,38.82884105297584
27049,34.556526019108155
27050,40.07938152036383
27051,37.528612039345674
27052,38.278174551975034
27053,55.35686926224996
27054,42.5416397877355
27125,49.67600242368193
27126,60.08550310724717
27127,45.79656702411885
27128,37.75210459314792
27129,19.230656358699385
27130,17.39601368604675
27131,35.90045014449596
27132,31.09527773439013
27133,38.69570500785488
27134,33.848597650027244
27135,29.912188137410812
27136,43.610660774347664
27137,36.03924831260908
27138,51.27486636507298
27139,52.24921131432791
27140,50.2071883909917
27177,29.537241841102812
27178,40.55842304705163
27179,50.26214141149593
27180,48.99486592575858
27181,39.04676790936826
27182,38.14764742781558
27183,52.198786660650114
27184,50.26532406893767
27185,58.86001718241331
27186,48.975540790774936
27187,54.09897924141288
27188,56.130517499454875
27189,24.71944940155303
27190,35.28386506584452
27191,29.769031291285643
27192,30.388776581853318
27193,32.2553998781313
27253,23.60733866695616
27254,12.04954830060134
27255,22.079530587182266
27256,32.22777390414748
27257,34.20568510348661
27258,29.745249248736762
27259,32.929577232077115
27260,35.127869405466996
27261,19.093900485949504
27262,33.93670062734813
27263,45.354340748765196
27264,36.35339885350599
27285,50.257123093441734
27286,55.12064746321748
27287,48.14563830745635
27288,44.96219866490033
27289,50.86619799563291
27290,40.94784693119727
27291,43.19764510508862
27292,51.442018221944515
27293,55.036315459495555
27294,61.48372787431908
27295,48.003325017759174
27296,53.3377071850496
27349,25.160682440720482
27350,21.08277607342358
27351,29.370284672973433
27352,34.29874272167155
27353,44.518035518021236
27378,27.193710117168685
27379,32.43676614323055
27380,41.247678884756255
27381,51.20958684783005
27382,46.94211819124144
27383,51.80282479737637
27384,48.219706299315746
27385,54.99922575534286
27386,50.831746316300745
27387,52.028168077042146
27388,55.45968459750926
27393,44.40369329337201
27394,51.372552550008976
27395,38.95334284725728
27396,54.16693718960531
27397,46.57971347820669
27398,40.13491412402338
27399,55.623510318875766
27400,50.775089711683414
27401,43.37482061462051
27402,51.19288152187454
27403,52.15703139146115
27404,46.32391330008495
27425,31.736438149236715
27426,33.22640599862051
27427,39.3480510333569
27428,37.096158601757736
27429,31.811744270713454
27430,47.938657860662616
27431,46.988682676473054
27432,43.90526703163038
27433,18.559476950061864
27434,41.43704217652366
27435,34.781914229183826
27436,29.648430085240392
27437,34.057073634982345
27438,34.23989948878419
27439,34.91756968694944
27440,49.35067961738141
27441,36.40452741268016
27442,32.39672682336425
27443,50.90525199884461
27444,31.085637120571395
27445,49.8208774352425
27446,48.58350380582579
27447,34.142555906413044
27448,43.25719743993783
27449,38.93562271591454
27450,55.21184008684258
27451,54.42355372376584
27452,47.748583767583696
27453,56.43486732196021
27454,8.38400827125131
27455,14.17240635334485
27456,9.821834857835846
27457,12.04954830060134
27458,14.636298823170453
27459,13.023323259044664
27470,35.931740672451006
27471,32.89621772049769
27472,31.062929416350336
27473,32.55661807865901
27474,46.73145380658678
27475,35.68594456315133
27482,30.083931129282053
27483,43.58901252269175
27484,64.57968765526806
27485,51.75243903575228
27486,59.04244527769595
27487,68.9529628397061
27488,53.900517440930685
27489,49.11633494485375
27490,59.20026772895483
27491,56.50609498509192
27492,62.00153327095361
27493,53.29740971163682
27500,37.18709790904922
27501,38.545814930972746
27502,53.55192151193961
27503,52.58223636572201
27504,48.35427921858246
27578,19.3719079286522
27579,32.16488897171263
27580,46.01104711997817
27581,40.2346692438808
27582,39.54819097142926
27583,36.58295323342227
27584,46.032857662421996
27589,55.881120462217474
27590,54.669429420855685
27591,68.28106857402376
27592,56.46949216646855
27593,62.14518439201164
27594,51.654864643426535
27595,63.87790896683206
27596,59.19916739626335
27597,65.18319221146656
27598,67.6805441979156
27599,66.875494951942
27600,62.95733666556724
27719,16.328219894948575
27720,20.839349725790843
27721,32.64753719679426
27722,31.458792454859946
27723,32.917950089386125
27724,38.97901981223255
27725,41.93573507925437
27726,33.225093459766136
27727,48.97109678365535
27728,49.05737027290591
27729,44.812863620801075
27730,35.91244654784873
27795,45.277358700180834
27796,33.09503435069091
27797,50.48604357804746
27798,52.56394326193402
27799,52.03261600863766
27800,61.71482220666597
27801,55.50770345518389
27802,55.79275653815697
27803,56.4050884966233
27804,61.7540912702057
27805,57.13151599943675
27806,58.62332364280281
27807,21.15928927758966
27808,24.917256093087744
27809,34.28399865591233
27810,30.67223823229893
27811,31.587181283170775
27812,43.53364633316223
27813,42.43217934453793
27814,36.003105240456705
27815,57.675210411285335
27816,36.40340396837118
27817,40.413234910278504
27818,54.57244571658654
27848,14.418756276959366
27849,19.756678045721337
27850,19.167047917555237
27851,36.39071552554534
27852,45.65962453230987
27863,37.488247593850446
27864,40.142336821080626
27865,53.17832983248359
27866,49.913887695896356
27867,51.23421579403269
27868,40.558939372992164
27869,50.19745374112441
27870,57.478293785714385
27871,65.61312971288056
27872,55.357732476012465
27873,55.739401857512
27874,60.59681298910035
27898,21.705142561280443
27899,37.73775466735786
27900,31.495359085153254
27901,45.65707313616773
27902,30.05339302454281
27903,31.684102794933548
27904,35.81892965018655
27905,52.94008132053655
27906,45.018409346114154
27907,48.398860887137715
27908,38.644382598363734
27909,44.780374789262034
27933,8.869686791485544
27934,5.563688392878398
27935,17.2421704574901
27936,12.623405299607638
27937,17.2421704574901
27938,23.112012087588447
27939,12.664395245494486
27940,33.460944239942414
27941,40.24660501890979
27942,40.75013610997513
27943,36.999574702456
27944,38.43859839280737
27945,32.450586787277366
27946,50.75979491763859
27947,40.7758748302635
27948,49.11991105327643
27949,38.388188753273
27950,49.756825260229306
27951,47.2541895475375
27952,50.30291772939882
27977,62.23507411335694
27978,49.48438002968862
27979,53.98962794527307
27980,62.20882387712368
27981,50.81129401749746
27982,60.04609290915203
27983,66.37624274048274
27984,67.49310670363828
27985,68.03913348579539
28002,45.005482269435525
28003,26.84877833682479
28004,41.12348143675732
28005,34.66630338568059
28006,37.56704297999309
28007,50.60919810461337
28008,51.602054043046046
28009,57.26893805391147
28010,51.612603341626546
28011,63.935903409077405
28012,58.77413957690275
28013,61.75952523993003
28037,45.980950786472114
28038,33.089264209865824
28039,40.148332762229245
28040,40.86547382620317
28041,59.83101850141907
28076,19.80397164456321
28077,30.3735791154928
28078,57.014845227516055
28079,48.41912354301316
28080,43.30409552565729
28081,52.90803633764908
28082,48.848923219103774
28083,55.57448800544217
28084,53.58789696320118
28085,53.62230851668835
28086,61.621970444981244
28087,64.93016119891003
28124,46.613777210798496
28125,31.748890254803946
28126,41.418638261330074
28127,50.32793101807373
28128,43.81266902436869
28129,48.330234128395375
28130,54.652289590269746
28131,63.32737890610812
28132,59.71313605569242
28133,54.24058631706593
28134,68.90645013377171
28135,57.951128191818896
28169,33.93115146322217
28170,37.088549627807616
28171,36.3085161249628
28172,47.639995974958474
28173,39.52860233246352
28174,15.287264347436018
28175,22.427235684651873
28176,43.34450438062006
28177,33.84872384002356
28178,39.93619693830159
28179,38.836681641098906
28180,40.586449476496284
28329,21.041502696432197
28330,31.761575989224436
28331,34.048948621827115
28332,35.04357632065082
28371,49.615427371395235
28372,61.25575582593325
28373,61.051331046537165
28374,66.35236110074938
28375,62.2293427303433
28376,59.80122332018617
28377,62.381299395117104
28378,69.77852528558962
28379,66.946949782734
28380,72.64367362969134
28381,66.95763176758703
28382,68.68855343257387
28399,48.95827747505414
28400,43.310642835823934
28401,46.898679820379556
28402,50.430651310561466
28403,56.673657375615804
28404,44.94516526692197
28405,58.85562791306659
28488,47.993586377994944
28489,54.750313121597195
28490,58.37264788382882
28491,57.819225181712895
28594,27.816336047298044
28595,39.614349188138235
28596,32.201401958401476
28597,31.52776708579431
28598,36.75415736417188
28599,40.43937519524586
28600,46.11862709458895
28601,40.79655723658827
28602,44.52604340000295
28603,51.89830089564908
28604,49.40893520877042
28605,53.48208679915424
28618,33.715659945042496
28619,33.668024961255604
28620,32.68506332601343
28621,43.519534497897425
28622,36.25737312440455
28623,4.652841360389343
28624,6.266934438991953
28625,6.28650326808318
28626,11.939990358585952
28627,15.687775698157141
28628,14.332255568696294
28629,17.709243114284074
28630,17.764221105366495
28631,16.598838749101933
28632,17.851814061668417
28633,29.843772387732063
28682,19.141657577329294
28683,11.719215459187902
28684,17.41745604426113
28685,17.41745604426113
28686,15.428198599123144
28687,23.9218924520974
28688,30.07480529769606
28689,42.12314775651365
28690,38.184183654992886
28691,31.85306021013318
28692,44.49579161501784
28693,50.63618399837491
28711,5.890735658868038
28712,13.588675359155289
28713,11.739469099817182
28714,17.460345363009406
28737,19.861383154641384
28738,36.31737900404773
28739,34.08860306799125
28740,34.038501016974074
28741,5.033642168848015
28742,8.264373939303315
28743,12.436935236664464
28744,14.559793289407974
28745,38.8327942248951
28746,49.22746176133249
28747,40.71962911378012
28748,55.62070417886649
28749,40.270751200742886
28750,54.28209770133164
28751,53.682369560149
28752,49.63691061315278
28753,53.38705719385992
28754,59.399392239704675
28755,61.21994014565648
28756,56.85913385883143
28761,20.971568806029914
28762,39.28046892356122
28763,41.043810621289765
28764,29.709921236304588
28765,31.650121970778923
28766,43.224465621638345
28767,50.32721197889516
28768,47.03868631006917
28769,53.91351933575094
28770,44.426536440141454
28771,52.46948436767648
28772,58.856989467644965
28825,18.346651567271728
28826,20.798104927946298
28827,19.53864866899082
28828,34.474205711487286
28829,39.629676475019636
28834,29.37839035601681
28835,32.866104605136016
28836,41.24690881094328
28837,34.07162875443171
28838,53.43362379288352
28839,40.2210107294582
28840,46.17986858173145
28841,46.19819488529611
28842,51.15524387213879
28843,57.647312805351795
28844,22.180485366907575
28845,32.50555842890589
28846,36.94585676929768
28847,36.791736545095155
28848,51.328523113078155
28849,35.14979549557025
28850,35.43304608396575
28851,36.12284348749368
28852,40.97711150574276
28853,49.9179948138623
28854,47.847063824167364
28855,52.41049766796871
28901,33.2970579534786
28902,22.02436085899572
28903,23.36322071810155
28904,20.058216047136064
28905,37.070717010050565
28906,32.14621060502205
28907,35.720384183228
28908,43.52789016412161
28909,44.433234196490936
28910,48.560433146242325
28911,37.7715453171702
28912,40.23260956255818
28913,22.31767978273263
28914,25.401240250421875
28915,34.75728192061358
28916,32.83705379802122
28917,31.192997661534612
28918,40.89248438742375
28919,39.05452094878253
28961,38.82635478559252
28962,38.684298529372306
28963,45.0468997177932
28964,36.02776407319678
28965,37.259858092851545
28966,31.682202188619723
28967,43.22920509874714
29047,23.277893039198247
29048,32.93037606680966
29049,25.087772471118008
29050,20.13127139673464
29051,28.555430676883926
29052,31.33045689350513
29053,30.93947515049634
29054,51.79162071755933
29055,42.76896289034131
29068,21.168092824730945
29069,20.889143218818973
29070,17.245845730459887
29071,16.080463374195325
29072,32.83060092898778
29073,37.20125719718263
29074,37.88847822301257
29075,33.9126155241283
29076,30.670488515873494
29077,36.79833133772054
29078,36.23731093826857
29079,43.56806521486169
29221,11.873186954586048
29222,19.31519790181868
29223,16.445659514317118
29224,10.823486981626035
29225,19.332176554622084
29226,15.17405847713504
29227,29.94202676629241
29228,35.21484124974086
29229,41.70037973305059
29230,37.75857396522374
29231,42.97313743422474
29232,48.25830346690815
29341,13.931744217975172
29342,14.823371877610416
29343,25.55897704556481
29344,14.823371877610416
29345,22.427235684651873
29346,17.301345216943893
29347,12.74150377075375
29348,32.4675546778203
29349,35.085260256423894
29350,37.64618098431201
29351,42.067842889612436
29352,32.24014983204388
29384,52.50710598693748
29385,46.69931552365917
29386,50.61684882404214
29387,57.82323131104138
29388,56.86458421797944
29389,65.90867023721238
29390,64.1115322507633
29391,61.715658603492344
29392,68.05736752661994
29393,58.24201801814801
29394,62.17274263946082
29395,68.11938448794294
29417,54.922133457764176
29418,55.46434255997066
29419,40.308439766762106
29420,47.960670411202
29463,29.768199788565344
29464,37.2896263108071
29465,39.64762085341437
29466,37.625303380924976
29467,36.786845621658216
29468,49.46111836425091
29469,54.677005595019686
29470,50.14637623959917
29471,41.665528645345695
29472,45.5394749364206
29473,44.74416774685616
29474,45.527683036227515
29475,27.033359316031255
29476,27.033359316031255
29477,33.87484582158339
29478,31.361741026611284
29479,38.50737574600938
29480,41.06308011534611
29518,49.15585008642653
29519,49.82182443529276
29520,54.76061176354369
29521,54.440548835701456
29522,56.270401402781324
29523,48.80905617576736
29524,62.76198095130789
29525,59.10018796459771
29526,64.65619952864162
29527,67.40821554816536
29528,68.53957735013317
29529,70.27103486771693
29557,35.79288127881869
29558,39.55891372384492
29559,39.67373350643808
29560,39.69519801548975
29561,47.737666550289916
29574,19.964038811633973
29575,43.67499194425581
29576,41.389935464710064
29577,46.874721859074484
29619,50.97687176276202
29620,42.9671935167162
29621,52.11007425934178
29622,47.009991927505425
29623,41.441486966578395
29624,48.672102404497075
29625,36.93575662967446
29626,42.28151133018517
29627,47.528392798092774
29628,54.493292970949526
29629,53.80923523614157
29630,45.33362177460866
29635,23.973944807052447
29636,25.435788799925042
29637,19.73559961294684
29638,32.408461251346516
29639,25.819667529581952
29640,38.31183689379578
29641,34.952054776994764
29642,47.583927901465486
29643,47.58429561182515
29644,45.71195710628158
29645,46.98066714752039
29646,39.40044398317207
29687,50.533362066378345
29688,41.148331693288455
29689,49.13789345493762
29690,48.44847887270758
29691,57.203764499737225
29704,28.58232573574931
29705,30.67998146883604
29706,33.08605858209487
29707,29.32741387967603
29708,36.22384843855972
29709,37.436278486347
29710,35.94959262699221
29711,41.5744147390798
29724,9.249620962274792
29725,14.015281413375485
29726,11.680198475626229
29727,16.328219894948575
29728,21.926899830564032
29729,29.98937507714361
29730,32.66106773949992
29731,36.59680227650687
29732,35.60708022679424
29733,44.006452847312666
29734,45.35505104451626
29735,46.281279861478964
29736,17.829896558619243
29737,27.184817286396562
29738,30.09969096640899
29739,19.551031242659647
29740,32.864845219503565
29741,35.388038574918
29742,33.19328948224581
29743,30.6467487332283
29744,39.22849713110871
29745,36.41825370957314
29746,52.13023665917833
29747,44.16958095314935
29796,24.965242326232463
29797,41.421908511309425
29798,47.67303888285094
29799,52.923465491502334
29800,58.77867953379431
29801,50.12951066449815
29802,48.54151932547393
29803,60.989830090041465
29804,57.52441226361637
29805,57.10717681591998
29806,57.58270960679395
29807,67.63887365747097
29817,4.70703285050689
29818,4.70703285050689
29819,8.17605606563282
29820,10.34019237035814
29826,46.970425530808285
29827,40.8149241798826
29828,33.94209725466913
29829,49.99232888783217
29868,4.678680839384125
29869,4.867092171657239
29870,6.222493669176303
29871,9.221812290538686
29913,25.595576414409326
29914,18.264790532308087
29915,22.605220151885614
29916,20.578153339955765
29917,40.735786748302075
29918,32.3832553660923
29919,53.476271132765376
29920,41.325321727138856
29921,41.863740087028276
29922,44.878506106855696
29923,50.39447374076862
29924,45.89597395236632
29998,32.98231604585342
29999,32.66372474025269
30000,34.22659289470071
30001,33.88423738872208
30028,9.338758927734894
30029,13.513264891020565
30030,19.154165115957877
30031,9.235975501640988
30056,4.70703285050689
30057,8.814187305001541
30058,5.508188906394395
30059,13.799136206231905
30060,13.20798171841688
30061,9.061752969388335
30062,15.962364903049219
30063,24.172810596137964
30064,7.482664271339469
30065,30.192024650509275
30066,33.86617018886027
30145,28.45765278294523
30146,27.193710117168685
30147,40.85269789237077
30148,37.820374914411246
30149,32.723909140959336
30150,30.506077209571576
30151,41.65454097660642
30152,33.60522612211914
30153,70.60308020874814
30154,44.02610995767824
30240,23.44826403723241
30241,39.95443650251296
30242,27.184817286396562
30243,23.44826403723241
30244,30.733901044131102
30245,36.72307089776021
30246,33.803453401734856
30247,36.92256146810602
30248,39.9357897420943
30249,54.02928597090661
30250,51.20798268234854
30251,38.83605193559341
30252,19.709506217997912
30253,29.154497641421877
30254,33.90569299968714
30255,37.108728952712
30256,37.645030100836465
30292,14.07246368573657
30293,14.16499119813125
30294,22.44295276140383
30295,21.15928927758966
30415,19.773361258158456
30416,22.328988402945534
30417,27.12065476757011
30418,34.35804982584013
30435,10.739991610338539
30436,18.551578715023712
30437,17.59548848731819
30438,20.763040509606075
30439,25.45020401290831
30440,33.06709957707324
30441,32.902165055539626
30442,31.95301546340986
30443,41.788958317333936
30444,36.19240589183533
30445,47.77282715124524
30446,35.260564798342536
30452,52.62090608612232
30453,57.80326817531708
30454,64.3736181933823
30455,62.920249024303004
30456,68.0749800850327
30457,61.90067605033675
30458,66.5323462108979
30476,4.534752761918923
30477,5.078009872644167
30478,8.858403620965767
30479,8.220272381597045
30480,16.557850090479807
30481,8.806863964654092
30482,14.584759166858777
30483,18.62228833141545
30484,19.214516455022725
30485,8.16873272528537
30486,13.229239037397932
30487,27.966475577139324
30500,26.989377171908544
30501,46.480058748429855
30502,46.91834406199959
30503,36.69753883144577
30504,33.00839230761742
30505,34.89346602515526
30506,35.1322704972181
30507,51.17872361127124
30508,42.63708992358955
30509,49.6145715029241
30510,58.037772501174864
30511,52.68618186231503
30517,21.04989734306923
30518,29.61857049650293
30519,33.81145860830039
30520,52.15159101598075
30590,19.6949058708822
30591,44.17868795896359
30592,28.98574422611047
30593,48.11713998064622
30594,34.58230323925636
30595,36.8352956143449
30596,45.35694918242236
30597,43.734130777882854
30608,33.13492391351151
30609,44.69080735131718
30610,40.44434187153465
30611,49.369187012780415
30612,40.58998103701201
30613,48.9406677939715
30614,56.202182072808284
30615,64.97474903788307
30616,46.61315496447926
30617,57.686322345881386
30618,58.512347297825514
30619,61.05103361191908
30655,22.40204375254411
30656,29.597143620463008
30657,15.231560443470125
30658,48.86263517379361
30769,11.698723317136777
30770,16.274330466109607
30771,15.002729428927529
30772,9.484689401885369
30773,20.74673712385181
30774,28.231379696844435
30775,39.34409969607756
30776,40.74584715568272
30777,41.859838183721955
30778,45.092760762389
30779,35.64712340857784
30858,6.033272730466452
30859,8.67676190346662
30860,8.925058292196653
30861,5.643437879827764
30862,11.319560648449524
30863,13.16965444321719
30864,17.089419984114095
30865,14.545587262462925
30866,18.148918188837712
30867,24.432346855138903
30868,37.602745649519086
30881,29.19467439597517
30882,32.609709642696416
30883,38.354763645752186
30884,32.82341360203707
30885,47.59597616974629
30886,49.77261020459747
30887,53.89870996779679
30888,57.81657722001069
30889,54.69365849686354
30890,55.192976734615414
30891,57.17639652002407
30892,63.925820483037924
30893,25.572340536644962
30894,27.079745758710388
30895,36.45955389022283
30896,36.824674914843804
30897,44.97206061264823
30898,50.53038682643495
30899,58.96893991774411
30900,53.270457020946566
30901,56.45722734026237
30902,49.799384125176566
30903,53.88274843625045
30904,55.87289760876826
30993,33.24282623715762
30994,24.783819571833344
30995,35.610218793553464
30996,33.023174962306165
30997,27.922730773388672
30998,45.43293217625206
30999,34.78701895073864
31000,48.82400668716994
31001,42.2981550029024
31002,49.43212206380889
31003,53.38716324220956
31004,55.849297493161664
31005,24.99031144268632
31006,47.48915430737361
31007,33.68350621218252
31008,33.85140465251782
31009,11.222003973808306
31010,5.259908844213875
31011,13.056809757621142
31012,17.616651203811294
31013,17.497120684843217
31014,19.15652023449402
31015,28.633514308120397
31016,30.013914361168315
31042,31.88165334327939
31043,32.2462503272957
31044,41.36640180942233
31045,40.35187449993275
31046,32.37256532097426
31047,42.68924820142063
31048,47.850958870091695
31049,48.84082521531236
31050,44.51313703692766
31051,51.524745721376235
31068,14.296172466384716
31069,25.495901184604193
31070,40.62284209700751
31071,29.703792159332384
31072,39.179597346518335
31073,48.01395122871562
31098,13.340589730160147
31099,16.094972914792486
31100,21.95217269969892
31101,17.301345216943893
31102,24.243471192251928
31103,33.73980770539501
31104,35.53076836614243
31113,32.82515915912738
31114,48.91766950491889
31115,45.10711314770624
31116,48.05271193767462
31117,20.001493638665828
31118,10.367339845719378
31119,20.08581190186544
31120,28.42798156767882
31181,9.004865934709336
31182,10.311582549936269
31183,17.099137438891912
31184,17.001803948692853
31185,14.969789313379497
31186,20.9424219817091
31215,16.97279054012376
31216,39.67365467925641
31217,41.10739022686373
31218,41.67204278552667
31219,43.62456396473745
31220,42.931391253401245
31419,24.782359275051974
31420,29.426964147738058
31421,32.576543932622855
31422,46.7798128624209
31443,29.185886291394716
31444,48.84086086949376
31445,37.35716577085235
31446,32.837839196413654
31447,34.333217058451
31448,54.96284482178221
31449,56.55395621311925
31450,57.15718791110798
31451,56.52540141133749
31452,52.8686807759477
31453,54.89611238721573
31454,54.30708956910009
31483,50.71999826666461
31484,46.39000102868453
31485,45.505475121994834
31486,50.54940277428995
31487,49.56597142512937
31488,15.554315474340834
31489,28.184908375381582
31490,30.203973800718366
31491,39.218190552794525
31492,37.08544700123697
31493,51.13293260250188
31494,65.26045494242693
31495,48.532169970351966
31496,45.355712049724616
31497,53.390207648028365
31498,51.809299478644014
31499,37.77822852897251
31536,29.753059355630327
31537,42.84536813291311
31538,42.18059387496605
31539,50.848071483710214
31540,33.47122085688974
31541,56.78613696519072
31542,39.65880682097511
31543,50.13586477850845
31544,43.24182539207375
31545,52.570578071563084
31546,53.23584514190513
31547,58.73474709545053
31548,16.36621114706342
31549,30.65944055356518
31550,45.55803415552181
31551,33.93940723904859
31552,47.115346530247365
31565,35.254133469239946
31566,33.818291871186055
31567,43.707648381637625
31568,32.99620123485157
31569,38.87675194779867
31570,56.08499634540294
31599,18.536332269510584
31600,22.427706315890703
31601,31.122368390590765
31602,32.18347591390148
31603,40.586557998390596
31604,32.89920670076001
31605,37.03882450985726
31606,39.71607785533406
31607,41.7653143858684
31608,41.5262876188228
31609,42.96900227910451
31610,44.28516419011791
31627,20.857528367730897
31628,35.59772440132657
31629,33.22837796623353
31630,35.7264753853257
31631,41.822084065594666
31632,49.73706343626152
31633,54.44614543521794
31716,18.552919776216804
31717,35.62920996260166
31718,35.45630773195008
31719,27.288160716559695
31720,37.581474227879845
31733,6.661224950744535
31734,9.942845363113424
31735,14.886115920379922
31736,24.241048079402052
31786,11.696071552863721
31787,13.642197724130003
31788,14.238046547729828
31789,19.9482008586665
31832,48.96709215999164
31833,50.634657716394635
31834,54.22833846986217
31835,54.3494509362316
31836,53.25119828232647
31837,59.82976378642953
31838,60.225915782447956
31839,59.871514188692394
31840,61.76897564805139
31841,62.96784316904212
31888,28.53015303792705
31889,48.35239360771815
31890,46.96583392856798
31891,43.18813323602261
31892,34.57360228280734
31893,54.838062845280746
31894,48.78030781828989
31895,61.84021082855612
31993,34.542022699576435
31994,42.594923740185266
31995,50.16873714853467
31996,51.76020642680661
32014,24.737482323792246
32015,13.022728004002873
32016,22.343246469723084
32017,34.06803019337068
32018,32.47276795407966
32019,30.781862792360954
32020,36.04182706763773
32021,37.597919402131154
32022,33.13034544526061
32057,28.185988278129237
32058,19.843818612315857
32059,32.406763206625065
32060,30.359361466291276
32061,33.112079903577346
32062,29.19467439597517
32063,36.00935145573372
32064,31.88472025797518
32065,38.757769263639936
32066,56.61314437573689
32067,42.08671614006404
32068,39.644227441171665
32119,5.350195417857947
32120,5.411117417928139
32121,9.723637084904388
32122,13.258067142896811
32123,14.550488023926066
32124,19.175971659856685
32125,21.705504002283238
32126,21.79459679235449
32127,33.52835319291493
32213,33.107828818158055
32214,18.43379213386625
32215,33.821933499611276
32216,35.24506867056031
32217,32.68268348075123
32218,42.170346687435256
32231,13.611827962431082
32232,41.36835437784642
32233,37.46062161381291
32234,42.41541812686344
32235,49.306690836196445
32236,22.306918244708257
32237,31.016260018664337
32238,30.562969297173435
32239,37.00876745951046
32240,29.041001275232077
32241,48.5641293210898
32242,35.375577919827364
32243,31.73720696783937
32244,46.384732441624706
32245,48.332573953236334
32246,42.89683503256067
32247,57.23521274567544
32353,16.128885565263186
32354,13.965656868445866
32355,16.128885565263186
32356,14.014639940918212
32383,6.548855616145543
32384,7.463161016538542
32385,8.575183509222606
32386,9.484220397254736
32449,11.879725585700536
32450,12.995121540038925
32451,11.83408672303685
32452,11.675267147158008
32453,8.663740666798939
32454,14.06753235726835
32455,23.0145108889634
32456,15.4230524867292
32457,12.855336066463899
32470,25.778832407497937
32471,43.21922031896409
32472,39.69476244162373
32473,40.95448574442085
32474,49.54367941796563
32475,51.512037260458406
32476,55.83577889026323
32477,66.66305005538997
32478,62.39621854105257
32479,56.00250050329144
32480,70.39369830111444
32527,39.793083780810484
32528,32.779882385177174
32529,35.95879569214922
32530,33.23220727325407
32608,10.215664722016324
32609,10.215664722016324
32610,17.00321961097197
32611,12.44337816478182
32627,11.375718155752509
32628,17.007743103980097
32629,36.50774114167341
32630,31.559788424448488
32713,22.328988402945534
32714,38.59138921695436
32715,30.376253604780835
32716,32.56734670161107
32717,34.11610945916406
32718,36.073194777525764
32719,37.124677318373536
32720,46.93500034633045
32721,45.385308582911904
32722,43.876942030994044
32723,49.78606086549085
32724,56.356514118568334
32725,22.68637910903657
32726,40.33953094124835
32727,27.184817286396562
32728,34.79396818996421
32729,42.057907474079144
32730,46.20653672271103
32731,34.48811267334427
32732,54.446912381840114
32733,56.501652219827704
32734,59.85128692849216
32735,49.94731979181662
32736,58.191835401279825
32741,13.674608557890085
32742,20.945584868512256
32743,18.337874305946308
32744,15.83783725470741
32745,41.00407445086013
32746,39.31685672917402
32855,27.966858607966106
32856,21.08493873670331
32857,25.264505046111566
32858,20.86678343581396
32859,38.08108178241346
32860,32.3565479617395
32871,6.523016518885324
32872,6.002550980848339
32873,6.139577914628457
32874,8.392468889650562
32875,19.198212960506478
32876,12.447901657789952
32877,23.93993496325473
32878,13.679132050898222
32879,19.18481071099218
32880,34.55980888151795
32881,32.46615136375481
32882,35.65311754523929
32901,16.405841409208815
32902,17.571223765473377
32903,13.011382319283225
32904,15.183223444499085
32905,20.945584868512256
32906,33.51576874729284
32907,29.036365999239685
32908,39.59740594016958
32909,52.67775415491714
32929,42.38496469049943
32930,53.01803245046441
32931,48.40453477262435
32932,51.46672314731371
32933,39.6194879661843
32934,47.857901607703276
32935,54.841350037884666
32936,62.029513704277605
32937,45.612278107264785
32938,55.43491818263502
32977,5.617676940766385
32978,6.41883299665389
32979,5.617676940766385
32980,9.086700155892313
32981,6.41883299665389
33029,40.23445941356217
33030,30.64769574295628
33031,48.27963980058786
33032,42.32019131478035
33033,47.342150300321975
33034,45.18909591165398
33035,49.49361345801774
33036,51.60961209187806
33037,46.788251261707735
33038,43.401628776834535
33039,55.23715543756176
33040,48.03707636037785
33107,41.38422250139045
33108,45.11191365541413
33109,50.969951801253494
33110,51.49863471259233
33111,51.90046285639539
33112,52.78905345803587
33113,54.05609201379543
33114,51.85726161496854
33115,40.20448032272281
33116,58.25093006315271
33117,53.97721642278617
33118,59.33320054434338
33119,32.008952872964414
33120,37.01784090650063
33121,30.430950833177185
33122,40.910778978569134
33123,35.98451744739802
33124,34.565613233650865
33125,50.18429549573626
33126,46.499368544183945
33127,37.78610192551411
33128,50.88253395065763
33129,42.09756701255538
33130,46.14105694482663
33135,29.300249279806653
33136,33.29299922613431
33137,33.02268623438014
33138,34.50775696229625
33139,32.83138907929953
33140,30.364981128567003
33141,41.75804771601146
33142,39.92050803797512
33143,48.12571193057035
33144,46.902098782221195
33157,35.92328436978485
33158,47.31103031143907
33159,31.176177139595637
33160,37.55876493656685
33161,42.59571574078599
33192,15.42798381519742
33193,15.051924521981691
33194,15.520511327592097
33195,22.44295276140383
33196,21.15928927758966
33197,15.044261856571012
33198,20.734124764821992
33199,42.800280000129725
33200,31.739669408943424
33201,36.18273362201605
33202,38.50896894492559
33203,49.672094038328886
33204,24.71067214022761
33205,32.31784182249015
33206,34.138577833984925
33207,30.54098625325012
33208,43.23842630365181
33209,36.243720624655694
33210,34.508820173445635
33211,44.03087564768679
33212,36.882890119539034
33213,43.94147523565938
33214,44.633794075811764
33215,39.63168990336908
33228,15.875054555377188
33229,18.005545415678956
33230,17.04043691164175
33231,18.761571595682152
33232,14.652436590667456
33233,13.653959602827682
33254,19.321555597818403
33255,16.664889233275485
33256,34.90923550846641
33257,33.9935849845476
33258,5.127225663559895
33259,5.576343364948616
33260,5.704332773039908
33261,7.077111455751928
33262,17.319278982749367
33263,17.319278982749367
33264,17.319278982749367
33265,21.911182753812074
33266,16.094972914792486
33267,11.539479007864827
33268,20.94464270530298
33269,13.97273416386202
33270,33.4692841083962
33271,33.68394731378304
33272,32.85223782294524
33273,38.99690705065279
33274,17.667118567376853
33275,11.963220956988035
33276,25.624140238286827
33277,19.997460027827934
33278,37.27583194801083
33279,33.76656142977892
33280,30.269025288821876
33281,32.65197980694422
33336,39.03386371206921
33337,24.917256093087744
33338,36.137579148688395
33339,51.66856475961738
33483,8.817713906659556
33484,11.85034750228115
33485,11.85034750228115
33486,11.899330574753499
33487,15.171274775116837
33488,15.744188430224284
33489,26.9899513698598
33490,16.549668396195166
33491,33.2648963953949
33492,40.27536842242189
33493,33.65386233186609
33494,55.095970278135184
33495,33.549661676342566
33496,35.925666505335165
33497,53.74091171728902
33498,35.86711241751979
33499,56.34649417743232
33512,33.259197298525876
33513,31.03681403232929
33514,35.00459882618851
33515,34.99170612636701
33516,44.71142614136685
33517,42.21011109866293
33518,50.456601319218755
33519,47.12152072501756
33520,58.254998571516
33521,48.275758425054995
33522,58.10370151658836
33523,48.028611385756626
33528,28.306305718072853
33529,39.01321079362443
33530,55.52587984193107
33531,50.33478640404501
33639,10.34019237035814
33640,13.20798171841688
33641,11.40687099612156
33642,19.239299916908926
33659,45.496989632983414
33660,40.51710267004613
33661,54.33694536366375
33662,58.86485876134351
33716,29.27969433917345
33717,41.24516351705605
33718,40.333897490624395
33719,39.83362894720071
33720,45.967228622701754
33721,35.988318993609795
33722,58.75449705845753
33723,50.6947471653664
33724,45.61872213143922
33725,56.690151267187765
33726,56.15067569161419
33727,59.729414545551954
33958,17.2596904676294
33959,14.89282385601478
33960,23.995023239826946
33961,22.981662606309577
33962,9.239310308706115
33984,11.888818316563695
33985,19.075070594122913
33986,19.075070594122913
33987,21.362841604890043
34035,5.27714006825937
34036,5.338062068329562
34037,7.117632972044254
34038,7.117632972044254
34039,12.023976976296158
34040,13.825087698591478
34041,15.832952803788334
34042,14.809196753139014
34043,14.139864045184597
34044,17.303279571687014
34045,23.300163012647317
34046,30.202034693301634
34047,48.99072485451747
34048,51.999321586546365
34049,58.412252020771575
34050,59.38948815407848
34051,60.9554876006179
34052,53.67710963496626
34053,54.2785367959579
34054,60.15356038038305
34055,61.38594750466766
34056,62.55158011685237
34057,66.8275221006529
34058,69.55730975662198
34063,31.131991136518312
34064,35.9422350526291
34065,49.504852613233204
34066,49.21108837003289
34067,45.741819402645
34084,15.321176997906711
34085,11.573391658335524
34086,17.294267921527748
34087,17.294267921527748
34088,22.11971343404017
34089,18.360979032291535
34090,33.577868943940516
34091,31.341690287471373
34092,47.48455441019661
34093,32.68073226858428
34094,46.92848150002829
34095,50.566124442468144
34108,28.279417136531976
34109,25.481938066841582
34110,36.254361995197144
34111,39.01220527438614
34112,51.64835037747767
34176,19.843818612315857
34177,17.41694781605595
34178,11.696071552863721
34179,32.23515678336062
34180,32.56067243202981
34181,40.605229480512456
34182,46.095664674172355
34183,39.57296810676606
34184,42.683619182381406
34282,20.800711141924992
34283,10.70604736225749
34284,19.899833018634183
34285,24.227216599448724
34334,4.130906732866079
34335,20.95288097897546
34336,19.996432200076843
34337,18.002121479750063
34427,41.306131519419566
34428,46.89153455644295
34429,45.469523652859486
34430,44.13028206394783
34431,44.21215698776468
34432,49.73206373840613
34433,55.02391770725962
34434,20.63442257803886
34435,44.95270996951183
34436,43.06253619550116
34437,45.19958230750479
34486,24.125585721178005
34487,31.04500223416486
34488,38.8759516397822
34489,28.231379696844435
34490,35.272930897114655
34491,41.09585862904999
34492,45.15130731364035
34493,35.93989312761429
34494,38.79325176123628
34495,37.87728292517272
34496,45.923187569321925
34497,41.256119722323845
34538,4.2615316768457046
34539,4.2615316768457046
34540,6.71242166037605
34541,13.028021297853979
34594,39.649168686443026
34595,39.1709779648916
34596,41.855455729901806
34597,48.48904249667362
34598,14.019450039735185
34599,4.927346684010173
34600,13.428295551920163
34601,17.40698480450938
34602,17.40698480450938
34603,20.94424416451664
34604,21.71191458519502
34605,15.135110595478473
34606,32.848438556288215
34607,33.69073113450257
34608,42.102834165961596
34609,40.443673097676104
34610,26.86577873860743
34611,24.15585893111774
34612,37.110612692045684
34613,40.88327952654165
34614,35.627197553713714
34615,38.969230587558265
34616,35.27671709825588
34617,13.711825858559866
34618,18.8105546681545
34619,21.24298016510984
34620,19.49494389106259
34621,37.424358325731646
34660,15.794677708310962
34661,14.88041437055673
34662,5.9055974344742195
34663,14.051602987450439
34664,37.89274354750441
34665,36.110875412763086
34690,5.897268889713764
34691,11.573391658335524
34692,15.321176997906711
34693,12.7344264753376
34694,17.294267921527748
34695,13.42348545310319
34696,15.63031465445837
34697,21.861586485894087
34698,42.018504974882106
34699,40.67627378591038
34753,8.231555552116822
34754,8.869686791485544
34755,25.481868520305543
34756,29.250029336088264
34757,11.462370482605563
34758,32.51645092453908
34759,38.564736767550514
34760,38.50230005257674
34761,46.08429222883585
34762,35.51785662492423
34763,39.391465116595555
34764,42.128002434018455
34806,14.289259882741709
34807,18.936477032384545
34808,22.755503053250568
34809,31.854015451057997
34810,37.72674955460621
34864,9.994739745919523
34865,31.141579435805227
34866,34.63163090668795
34867,34.59380471963923
34874,22.371406216780105
34875,22.390975045871333
34876,33.71451572521391
34877,40.4819921892557
34906,31.179206572850937
34907,20.783335319472517
34908,35.58124917403124
34909,36.49392460480993
34910,38.58715777011091
34911,38.62306955140618
34912,30.912835701280596
34913,43.22716910514673
34938,41.27996227456436
34939,39.177806046930904
34940,44.65119453566952
34941,56.20772000193177
34942,35.72945834917858
34949,19.015402605568152
34950,17.294267921527748
34951,32.54691970552041
34952,32.94748040478383
34953,32.82331268086359
34998,39.57611333684445
34999,34.92994631401362
35000,42.69444944799867
35001,32.63036421878062
35002,51.0700568818811
35078,42.35620606309903
35079,21.48569537054342
35080,34.04838780463852
35081,47.156630055035535
35111,13.123649853732532
35112,13.123649853732532
35113,19.13409626960697
35114,38.31777932479813
35115,30.178663614347123
35116,32.119808349817895
35117,48.11436706598102
35118,38.60748113649502
35119,43.144478087081765
35120,40.878728230193325
35121,45.34077905952988
35122,57.02266796685396
35177,32.171477672143354
35178,37.451364537140186
35179,33.380693257319976
35180,34.452253546038534
35181,53.19222873531189
35207,23.20483768959967
35208,23.20483768959967
35209,36.26749936412673
35210,30.726115015340255
35211,31.67722707388631
35212,33.028034716871886
35213,42.68508043199628
35214,51.190247466668716
35215,41.75972493974395
35216,50.376515163681866
35217,37.10030877239888
35218,47.086330617711944
35277,42.395822379112474
35278,46.63098696703798
35279,38.78120611159973
35280,52.89425109236111
35281,43.581340689185126
35282,52.95332442649971
35283,55.38318930855078
35284,55.003604887055936
35285,65.16454804594437
35286,45.329533249475006
35287,40.85350082356864
35288,40.71905477820948
35289,42.45839585438238
35389,27.039121722766566
35390,28.42172308278621
35391,34.235368525132884
35392,42.99087676759762
35393,36.86944250985814
35394,31.33621868196953
35395,38.85745349391407
35396,40.018716257734226
35397,39.53456069901925
35398,49.7762942538968
35399,54.72332514807759
35400,47.20912745169991
35401,32.20268277472957
35402,33.54447682936474
35403,35.94561093383105
35404,35.223266026192185
35405,48.02654277369467
35406,44.628663151424995
35407,40.016254382227686
35408,53.867550700871
35409,57.81914036405589
35410,49.1056297936878
35411,52.24860788303727
35412,48.72615939380564
35438,17.571223765473377
35439,31.122368390590765
35440,51.84962562026236
35441,34.97721131095378
35442,40.522832563758605
35443,35.548349816023
35444,39.51533410017622
35445,44.29114460783758
35446,40.33223213728978
35447,54.220737596979326
35448,53.588436646988576
35545,62.47908448465013
35546,54.26794262796508
35547,55.55477216976625
35548,54.12285785330091
35549,55.16079856427436
35550,62.8123704072917
35551,60.53725930433041
35552,64.36878614280114
35553,63.62557653395938
35554,64.78797588899364
35555,58.661400960639696
35556,66.57127425295964
35557,21.88129648591951
35558,46.055750863664784
35559,33.40704308857528
35560,40.65180552969409
35614,34.88494054501526
35615,53.72304352676167
35616,34.48106037283021
35617,36.81532967087049
35618,40.394204030420184
35619,45.015212658282685
35620,36.076546185992854
35621,19.78204643747672
35622,13.77052638581003
35623,36.9792004029929
35624,26.76309730020316
35625,25.438659605621194
35626,35.04308646589015
35627,38.002308311472056
35628,33.732963415608744
35629,44.48590457073955
35630,30.263404507106955
35631,41.082914005583525
35632,41.902619236873626
35676,55.928538704862426
35677,48.06924703292154
35678,55.50985460586391
35679,52.618991255164666
35680,46.58570058218711
35681,50.25509392799781
35682,58.62274462298212
35683,57.8427204628136
35684,50.77368273392509
35685,56.28430714923621
35686,51.44558813758857
35687,63.513842676312066
35706,23.090873331141374
35707,22.44295276140383
35708,28.503256127589754
35709,26.91847170587326
35710,14.959030292600103
35711,17.39601368604675
35712,32.46577563919555
35713,31.246975783699238
35714,32.499190833141284
35715,29.626503641930924
35716,38.70438577397121
35717,42.74373098019257
35718,22.12889701897775
35719,33.40159411346063
35720,35.51620770111129
35721,37.62803389338142
35727,17.26377949626536
35728,27.021292630267705
35729,25.79865425400541
35730,32.54309487075755
35731,34.96884324122881
35732,42.14773552798955
35733,33.528266294270196
35734,39.608816143873746
35735,39.49637657431866
35736,44.69140973248669
35737,43.25083634477228
35738,40.32014338808006
35745,17.21291600949059
35746,15.373740110602885
35747,16.451268847546732
35748,13.056809757621142
35749,13.113992029982228
35824,19.531659044839046
35825,19.531659044839046
35826,10.061195157298592
35827,12.928984505357331
35902,6.434845179006699
35903,11.833424336424004
35904,15.581209675995195
35905,21.678639471925504
35922,19.82180370769987
35923,21.03316442961256
35924,29.093571497788616
35925,36.32304760118478
35926,30.900144213426206
35927,36.61446447643985
35928,37.574845774413134
35929,34.58349824722612
35930,45.00455189932343
35931,40.507756485909944
35932,36.4609198830561
35933,42.457579571017824
35974,14.119835962805052
35975,19.86147975696438
35976,21.82700805859714
35977,15.356077706777993
35978,38.960517927011104
35979,29.622330466995074
35980,44.41117236960293
35981,39.10927925630078
35982,53.842875249175805
35983,41.809792708548756
35984,37.285188696454945
35985,41.66807530864419
35986,6.086206460616731
35987,20.147149030096752
35988,30.501870381290672
35989,34.679806534372595
35990,39.82254607913826
36068,15.096294229708068
36069,29.605790473125783
36070,35.24334400180855
36071,36.2223416008228
36120,37.598096071914235
36121,38.4361826912953
36122,53.091635825609075
36123,33.34165928469487
36124,56.59548340870745
36137,21.71476055756357
36138,29.73171830207771
36139,17.54194400466521
36140,40.51890778227967
36141,44.25327614523908
36142,37.94788186083289
36143,41.22305882036661
36144,37.064634350058576
36145,50.55925303611415
36146,55.27321449116444
36147,35.213155037161876
36148,60.80816873637589
36192,43.44883373439916
36193,40.96995026224221
36194,41.237566211323376
36195,50.03440423981581
36196,49.59410210829706
36197,55.18247262366179
36198,52.71640764563018
36199,55.19609140171999
36200,68.47173270177561
36201,70.2687700847202
36202,69.96726036251916
36220,24.57118220455896
36221,30.736027272811434
36222,29.709444352932785
36223,39.14006394784313
36224,34.40707648675062
36225,31.07330371686714
36226,52.00286703048294
36227,35.81121929461176
36228,41.97350920572079
36229,56.16450904266467
36230,53.05268622139629
36231,47.13135561571098
36245,43.7317598999739
36246,42.66695326769629
36247,38.017217954878774
36248,43.14174387883689
36249,38.70872500267065
36250,47.88835678028848
36251,52.080508992253684
36252,42.529447882871175
36253,40.99807471374408
36254,39.006015630206186
36255,27.208565600049706
36256,33.905832265161116
36257,34.59214160128051
36258,36.92783752801939
36259,37.637548700024816
36260,31.997312508908745
36261,31.360347778392534
36262,37.48540222648842
36263,45.3617677574001
36264,42.25058356839977
36289,5.617676940766385
36290,5.617676940766385
36291,5.617676940766385
36292,6.41883299665389
36293,9.086700155892313
36294,10.688262632131114
36295,17.235957947369187
36296,10.448403058413556
36297,15.262867023748163
36298,15.39719160587133
36318,24.902009647574616
36319,25.51126678357995
36320,30.49844915328734
36321,38.22650901004748
36322,32.97893534027366
36323,34.556009552771506
36324,48.52784739554007
36325,47.303214800708865
36326,46.94643864660082
36327,48.76324510044994
36328,39.205551594614064
36329,53.74895810168224
36330,56.071802639635
36331,53.85922546026783
36332,62.433604304608
36333,53.069637526884215
36343,21.041502696432197
36344,24.658408249076608
36345,30.23466725588395
36346,32.14119817254213
36347,34.488017479979156
36348,29.152794074944172
36349,28.350594325141973
36350,39.290816596601196
36351,47.65946354371696
36352,44.9891985395963
36353,41.77204854020906
36354,35.919227826214474
36367,10.558989341774776
36368,28.242233748648744
36369,20.998400251071068
36370,18.39068968850512
36371,22.28965674167701
36372,36.60289668199325
36373,31.810746852884343
36374,47.030103964447335
36375,36.82282395475296
36441,21.032725435106777
36442,40.299410785735546
36443,45.376144497904704
36444,39.60543196575445
36445,40.86964989186504
36446,51.995963441002985
36447,47.34426055316457
36448,57.305961638352805
36449,55.58496348978898
36450,70.6219003242235
36451,57.75456537405194
36452,52.55666057422817
36453,13.527128617324122
36454,29.111221759729005
36455,34.37582641580725
36456,40.36365950999081
36457,32.68312427888914
36458,46.88341846371626
36459,42.62072730048925
36460,56.70481946975334
36461,50.65040525540161
36462,55.269831927483615
36463,59.14610032632697
36464,58.31689009993315
36523,6.570685467413576
36524,8.55622974176288
36525,10.472800382101408
36526,21.264582257101797
36601,21.082340741262136
36602,32.60092153811596
36603,11.82015287182548
36604,37.16341306894556
36605,41.616068851690926
36606,34.65730394008055
36607,40.24947248801009
36608,34.08684031321321
36609,39.923646925551395
36610,45.66504052849332
36611,35.97908284372686
36612,41.90689223227457
36618,35.24150672398217
36619,32.13549881331383
36620,36.35664470673213
36621,40.675197081405415
36637,37.38560874027502
36638,31.295997864605773
36639,51.115612742878994
36640,44.23372940253055
36641,33.57826657612502
36642,64.88131723547062
36643,39.134640998909816
36644,50.282036195906755
36645,50.70936570326331
36646,57.43785519588787
36647,10.648079956859947
36648,13.154176918360537
36649,12.044270725777816
36650,16.147758847060597
36651,18.584742240507232
36652,18.52599025605466
36653,21.170210122462503
36658,50.2860785797314
36659,44.5582468679995
36660,47.81517104736793
36661,48.75007967979626
36662,50.07638505623202
36680,36.84274957030797
36681,41.07091127593304
36682,37.5263124647488
36683,52.949123462563186
36714,19.861194434768333
36715,15.090563105847544
36716,26.827146327242158
36717,34.949010578577365
36734,38.743419654472476
36735,52.68613870793357
36736,50.41206370902883
36737,49.773981997190496
36738,53.90623345499376
36739,50.3195408320671
36740,55.02137734224379
36741,59.188337950487444
36742,53.64113843643138
36743,52.97225817898018
36744,64.34227984093373
36808,29.241619178912224
36809,37.401401556452235
36810,27.513058121090435
36811,37.64224777130289
36852,21.88599082170431
36853,32.24053402157817
36854,28.16129846367327
36855,40.39010936382126
36856,33.76010770562073
36878,12.565933996705914
36879,5.7244532381671105
36880,11.538814204437168
36881,21.703724747273938
36882,17.529510637216774
36883,30.915068244296315
36884,30.9309885974135
36885,25.370037387585032
36886,33.58199658550463
36887,32.302946746438565
36888,34.08831160326997
36889,33.264455204194356
36890,35.71706220980563
36891,55.42344166556111
36892,38.897987881570046
36893,48.871705390119
36894,50.37289369973254
36951,29.25305633516929
36952,30.358997670152768
36953,30.320522741113653
36954,36.041141967511884
36955,32.450707675014364
36956,51.70223134377663
36957,39.358764554083145
36958,34.9685254693938
36959,41.52817293514027
36960,36.87677180291554
36961,48.996822205590256
36962,39.39932144876096
36975,32.98928370192651
36976,52.83657374516591
36977,45.32585182800966
36978,53.921089449617234
37010,5.563688392878398
37011,10.395691856842143
37012,10.395691856842143
37013,5.563688392878398
37014,13.263481204900883
37015,19.294799403392933
37016,18.538773223389736
37017,14.746263352351152
37018,38.81890309069822
37019,32.92111492430655
37020,30.9249284883887
37021,42.74905083379796
37022,47.84887012973675
37023,52.19081987389251
37024,37.0827080113227
37025,39.716005062153926
37026,48.34941928892124
37027,49.304933014125375
37028,49.64347239558239
37029,63.52212582307294
37030,61.98212734379565
37031,55.4851864241688
37032,55.67221408199329
37033,61.31049262864972
37034,29.763227490175197
37035,21.34406890521927
37036,23.606901080531863
37037,15.061023396699245
37038,33.54856493941692
37039,33.95733190883546
37040,31.457340853448034
37041,24.78122157639217
37042,9.322676311873373
37043,18.585995480756438
37044,15.602823415705467
37045,33.93963281443867
37046,31.881862664378374
37047,35.59318454376114
37048,33.982254625668496
37049,37.9993230008601
37050,48.140899715314326
37051,43.782559735526334
37052,33.494975119334754
37053,40.23445941356217
37054,29.597143620463008
37055,46.13394441163113
37056,41.939478856631915
37057,57.10924097297628
37058,50.417263055961094
37059,59.762224058854024
37060,51.216657023986095
37061,62.63925332145582
37074,27.038851967195512
37075,37.53607416951988
37076,21.31767230609154
37077,22.60133578990571
37078,33.57816316798205
37079,32.80526537209386
37080,33.0146351754788
37153,20.91240507538942
37154,29.313317217300717
37155,23.17333046484224
37156,40.43206522056827
37157,41.78873798326993
37158,38.94280121070733
37159,38.35544014134774
37160,39.80158494127883
37161,40.33241371597385
37249,21.213102812886998
37250,29.243435458656712
37251,23.60733866695616
37252,30.925014005719223
37253,34.84947528575365
37254,48.022105836606336
37255,38.33259417687335
37256,35.04549053467022
37257,52.44426426940566
37258,36.89213505787135
37259,34.94805549715325
37260,41.71544079523945
37261,8.308664077376086
37262,17.319278982749367
37263,15.287264347436018
37264,16.094972914792486
37265,10.93902294280253
37266,13.97273416386202
37267,30.184349600232217
37268,34.20207332412389
37269,34.46331092340052
37270,36.12025957798326
37271,44.8200145170709
37272,39.25988707511307
37308,32.584654291973976
37309,41.29510270749938
37310,45.80276148467886
37311,37.77303232822985
37398,34.704652214653336
37399,34.10504654725049
37400,48.567207406283046
37401,42.60766103018917
37430,19.964136052259473
37431,26.973854755235557
37432,24.901539016335786
37433,39.04547152862343
37434,32.98302957214136
37435,40.791571084680065
37436,36.927471884323175
37437,34.96882367589865
37438,30.933386832477545
37439,55.36809956040927
37440,45.33211300966685
37489,29.19467439597517
37490,50.82937925719981
37491,44.56083286604243
37492,43.275340145675216
37493,43.81220131715635
37494,47.60957304181082
37495,50.6432369512697
37555,18.398282695296892
37556,17.420802259448894
37557,13.501036718551989
37558,21.761231879026422
37559,9.411634052286791
37560,23.03916973806206
37561,33.207495160085074
37562,39.11052914500066
37563,38.20000653135531
37564,54.23065647863808
37577,32.95075326555043
37578,29.81655087657058
37579,38.22551224321179
37580,37.66753439176668
37581,42.46946560317619
37653,13.374502380630844
37654,26.649188649305067
37655,31.893609483631334
37656,34.26449822562305
37657,33.44305857945903
37658,31.642424742978065
37659,59.25817277283597
37660,50.6297512419672
37699,41.28198101779241
37700,46.44943556167431
37701,40.04637861406767
37702,38.04449401499148
37703,53.079427707884165
37704,48.090520058701806
37705,43.858861252297295
37706,50.363052502649936
37707,53.85643713084325
37708,46.810948527593766
37709,51.20360624010058
37710,54.23030927312735
37756,42.50528869909454
37757,50.61069659868766
37758,38.477424858496065
37759,52.72829595552136
37760,46.95711075336396
37761,53.61255801536298
37762,48.42908479521198
37767,21.598626554236553
37768,27.99571902245599
37769,43.00234455216559
37770,48.5418293551661
37771,41.38286491803405
37772,43.49423600122392
37773,53.28432782822321
37774,39.52920798361583
37775,52.01686397189121
37776,56.95943552171849
37777,54.090702820240324
37778,65.07743175873078
37816,15.444365120640104
37817,18.382564548298337
37818,28.02768642776383
37819,27.263779089267434
37862,21.232344627188237
37863,25.778832407497937
37864,14.22635193314719
37865,17.396143410350234
37960,22.44295276140383
37961,24.315659351548728
37962,16.579470883223824
37963,36.4497873997973
37964,34.995094299043615
37965,31.062751460670274
37966,35.087557936719
37967,37.29881703262545
37968,53.735102570298075
37969,52.81837918838655
37970,56.83335838008009
37971,41.307525697048554
37994,33.12845050078096
37995,36.87367880146696
37996,40.37131565939777
37997,60.12234830991498
37998,56.47631716009298
38021,29.191528422331327
38022,33.03392897350931
38023,24.05253037157943
38024,37.93090958412034
38025,39.49329301415295
38026,45.09324251065216
38027,39.96833336598008
38028,44.789070811373186
38029,48.75649378128965
38030,51.88335687809727
38109,27.71116313866393
38110,20.205572818491056
38111,31.391213450279622
38112,37.80805625050718
38170,32.48633135127434
38171,30.562320856402657
38172,35.288747012523025
38173,31.115404031979477
38174,42.696539825811435
38175,43.74061509403101
38176,46.43005868049899
38177,31.59609507246895
38178,46.623591248484956
38179,44.37743117324017
38180,49.263695188389526
38181,53.10819345113185
38197,29.808907387838516
38198,32.712502457841666
38199,32.712502457841666
38200,46.66289060003182
38201,47.16197685346874
38202,42.82678030653265
38203,29.248510155136188
38204,59.095631824957074
38205,65.98671598218218
38206,35.66408066662468
38207,48.53354531548459
38208,52.261157569032335
38209,55.08218630381389
38210,54.71796951901625
38211,60.240995696184186
38212,57.08897978991183
38213,71.0599083184804
38214,62.61780357303787
38215,46.994291951223815
38216,43.267281723215774
38217,56.4880188995078
38218,61.87569703737127
38239,10.472800382101408
38240,15.287264347436018
38241,35.823618566504656
38242,33.38661655087035
38243,29.6385906851102
38244,33.23085989961409
38295,5.482759870236736
38296,30.940826078246094
38297,28.65410805109787
38298,32.71992621434692
38299,34.20473457389893
38300,31.731300681430362
38301,39.35913190705798
38302,32.52268785605676
38303,37.98528884730314
38304,38.13270856172814
38305,40.91458788116499
38306,36.6669014893717
38307,53.56939146519974
38308,70.12304671429756
38309,62.54410098162134
38310,60.899170831889954
38311,59.381595695041895
38312,19.7732691761513
38313,21.7203158777039
38314,13.761749124484615
38315,20.71278588330796
38316,24.011614370256908
38317,19.181041052544025
38318,36.20417515865834
38319,32.44339360016908
38320,30.643588077733643
38321,37.304643545687185
38322,33.36150010730052
38323,39.28404957543528
38324,26.926144493250696
38325,28.30874585327034
38326,43.394890273425915
38327,36.07053374348368
38328,40.72309573884314
38329,51.28264010331126
38330,40.194962357983826
38435,30.123439280062133
38436,29.574717181019558
38437,32.88819204680024
38438,31.8164739891635
38439,32.53829861782759
38440,36.84823750361798
38441,35.99810134147184
38442,39.65018814167918
38443,38.87157895928177
38444,43.229282728739456
38445,52.75818527124248
38446,40.39667018020164
38447,37.068287561109706
38448,27.012425186022057
38449,32.3155602393676
38450,35.09346544078334
38451,34.47684730228998
38615,16.09430811136484
38616,38.18698080089933
38617,35.95732453028845
38618,36.444474857231036
38619,30.989615251689756
38620,38.61118258134698
38621,42.28788998207035
38622,37.531684031891665
38623,42.1977180177795
38624,43.996019205408686
38625,54.238497740696225
38626,50.562511361521175
38627,18.517634466942663
38628,30.74590462817657
38629,34.04016891020285
38630,35.29007374606492
38631,19.34841921508595
38632,10.695839918705735
38633,32.40643189955078
38634,40.67588348696468
38786,33.06159290439268
38787,51.41022338337842
38788,52.98897860193928
38789,56.30390557340327
38790,55.3227962942228
38853,24.798597398844645
38854,42.308156035958156
38855,33.00300192110333
38856,45.25634895063368
38857,53.52915698206017
38858,43.82756565185626
38859,50.869133297575935
38860,55.176155615470144
38861,49.89872401520099
38862,54.13112019321724
38863,52.99153562238736
38864,59.51096788211069
38869,38.07135001536613
38870,40.93771964256756
38871,47.522745916704295
38872,43.513559573828076
38916,35.743273528188496
38917,30.99097204905577
38918,35.705297198216115
38919,33.11525124702355
38920,36.33684273515742
38921,39.28105177938264
38922,32.62587150394807
38923,43.241604407092794
38924,34.073457910692234
38925,47.53533304541206
38926,40.079173806351285
38927,34.20466183609162
38936,38.872249954799265
38937,42.250870566806874
38938,41.80156523597806
38939,51.88980210037805
38969,22.338390187047825
38970,17.323088060751658
38971,18.288196564788866
38972,33.129538102451036
38973,30.63255301032748
38974,29.803932578762147
38975,37.393464901944476
38976,31.91189726328648
38977,37.014898636457815
38990,8.91772536811481
38991,12.9359741295091
38992,17.048578406831663
38993,18.408423742110866
38994,26.768994744138595
39004,47.18596803610243
39005,36.78386409644274
39006,41.29924298721547
39007,40.97943065682423
39008,49.62283678562758
39009,43.17879503924332
39010,61.613413505970264
39011,53.18211151282107
39012,60.61891159983879
39013,56.73487044501321
39014,39.66571051091435
39015,57.66319119359857
39040,17.06214332266429
39041,22.91111317014502
39042,33.009251095306475
39043,37.42509672655163
39089,28.2679489277183
39090,42.61968881439019
39091,52.591271220600376
39092,48.15276019227017
39222,12.3429442718907
39223,22.441133086316768
39224,37.55970426550628
39225,39.60702201787533
39226,45.528632156048516
39227,37.53035702805091
39228,53.7622090280629
39229,32.674900265004325
39230,38.68314581870379
39231,46.57305613032223
39232,35.0208794629392
39233,57.05995663428667
39252,19.619589223078975
39253,38.440512323403865
39254,39.77863094256424
39255,16.996907310191663
39256,38.68432893330955
39257,55.12732426975259
39281,10.813046959937116
39282,19.868325793876753
39283,22.25262596076756
39284,25.336186428456806
39285,24.726929292451473
39313,19.3719079286522
39314,17.260355271057048
39315,13.340589730160147
39316,34.800612199669594
39338,32.522627754295584
39339,29.107592507574346
39340,8.40694678165317
39341,37.004320433163954
39342,31.88171957669877
39343,47.07656554539596
39344,44.19096621862177
39345,34.25765366850237
39346,43.104437183563725
39347,57.489668516610635
39348,49.68694453104417
39349,61.684612093771314
39408,19.325783536966963
39409,30.77575220474286
39410,30.98021727620477
39411,31.605386585034143
39412,39.164517477911666
39413,34.93711032504624
39414,48.429331969571415
39415,44.99823618025448
39416,45.37611882349836
39417,54.12610353225133
39418,50.319107818914084
39423,21.25817094988826
39424,25.233421528688925
39425,33.318933941940564
39426,32.676759813920874
39427,33.56235931128015
39428,38.81437428242765
39429,43.044018817362556
39430,35.341673771379924
39431,29.972409357757247
39436,31.045846729215036
39437,21.72909313902932
39438,26.74351602716594
39439,48.03571166530304
39440,39.54987465424218
39441,40.351865495060345
39442,45.596153608113596
39443,54.04882564889503
39444,38.42316683129281
39445,51.98951698132664
39474,8.996088673383921
39475,15.924977821301935
39476,24.71067214022761
39477,34.079873779157964
39478,16.4352194926282
39479,21.232344627188237
39480,20.807842501033413
39481,33.13180086266364
39482,32.85150034352226
39483,31.20793533156521
39484,44.61740406931852
39485,29.41898775973402
39486,50.327993164327346
39487,55.63310347601257
39488,39.866328892955785
39489,52.89979371086338
39522,44.86266343998659
39523,38.82084009389355
39524,41.912162207126585
39525,49.387924441037654
39537,16.323525559163773
39538,13.573836710316229
39539,34.003732509228506
39540,32.29624202290531
39541,38.213797059878296
39542,43.43847357368255
39543,41.286826965101994
39544,52.42131912544192
39557,31.43122048050205
39558,31.14584554141951
39559,32.18922035124906
39560,32.58917894420773
39561,38.74899249025384
39562,35.753162321686574
39563,38.905885518863656
39564,51.504063037803796
39565,49.098050824905805
39598,30.650601471697943
39599,31.721612661823464
39600,32.589011069016536
39601,44.79813783193151
39634,15.094610109881348
39635,16.350703826488328
39636,15.079102789306253
39637,15.01736765491665
39638,21.71476055756357
39639,18.37136401535771
39640,11.685379248128278
39641,51.43319593739801
39642,49.15579536220608
39643,31.612788349976853
39644,56.646280386947794
39645,38.0277163297326
39708,42.47327326814521
39709,47.17616203618992
39710,51.89943248238819
39711,53.325661807187295
39724,30.374673194880497
39725,30.73387791562336
39726,39.25518670404657
39727,40.27398478970024
39728,44.344759943562146
39729,35.91166669262055
39730,51.34904034694605
39731,57.77330450976268
39732,53.41828467078964
39773,38.830560221066996
39774,28.185988278129237
39775,30.713065176526207
39776,34.94939828354788
39777,50.85106165486346
39778,39.56601900224212
39779,29.410123912406135
39780,10.739991610338539
39781,11.874612224125958
39782,20.763040509606075
39783,31.943133325737893
39784,33.894124643610226
39785,45.51808229596506
39786,42.58307163269994
39787,35.190181515038866
39788,51.73021783074686
39789,50.2926149265478
39790,60.24741601352248
39803,24.22609655815519
39804,38.74673920395846
39805,66.26499496104415
39806,43.706095141914716
39807,43.04866814646987
39808,50.74843628699332
39809,53.661825620632335
39810,50.56592971891446
39811,59.12498648756796
39812,61.394506990525144
39813,56.03642651036383
39814,63.88475008119495
39815,67.55475864775163
39816,68.35892833325107
39817,74.65306424030078
39818,72.03791197413989
39819,72.5419861461639
39860,30.91695325133062
39861,38.74790265694797
39862,23.99753673834377
39863,33.75084616616651
39864,33.2951356901673
39865,43.033832526103076
39894,31.0757733676667
39895,28.262150830346275
39896,31.32499469613855
39897,29.106331497541003
39936,16.328219894948575
39937,15.090563105847544
39938,19.899833018634183
39939,11.874612224125958
39940,18.475269498838944
39941,20.763040509606075
39942,14.181549941719851
39943,21.082980061404893
39944,28.77895083274525
39945,31.51831437425559
39946,34.48940727218316
39947,44.25986758869775
39960,5.7859810080397365
39961,33.80271637050355
39962,39.10069556478225
39963,50.32523827399095
39964,29.79704541934692
40034,29.625159847866115
40035,42.16057334293418
40036,44.83590186692765
40037,43.278864893490336
40038,50.423764026224035
40095,32.64753719679426
40096,42.430552162226405
40097,38.9816700747157
40098,47.447433406936916
40099,37.88875796397563
40100,36.197169704741086
40101,42.87494154894516
40131,12.929066469238181
40132,12.933760805022985
40133,15.554455575673146
40134,18.560596991355396
40135,11.78928473160951
40136,14.181549941719851
40137,18.475269498838944
40138,38.04797854004182
40206,10.217295437720853
40207,13.085084785779593
40208,13.676239273594614
40209,5.0417158126698975
40210,10.217295437720853
40228,12.700513824866903
40229,15.287264347436018
40230,17.319278982749367
40231,17.260355271057048
40232,17.360268928636213
40233,32.04866880037126
40234,36.163448310431924
40235,38.92795705287773
40236,32.069400842381846
40237,40.0591581439977
40238,35.81853303250902
40239,41.62520568304241
40252,24.98956829646844
40253,13.963950553251182
40254,27.061884035368212
40255,45.99902088645547
40256,44.84839258700346
40257,48.39363521857792
40327,18.559171721815485
40328,31.162186495699068
40329,37.55839490731092
40330,42.13119964333106
40331,43.82097675613796
40332,49.34897796307454
40333,42.64034886653299
40334,38.6586010799968
40335,51.71727709934332
40336,55.209632631826274
40337,54.98607316364391
40338,65.1245146713656
40394,28.361277359701383
40395,32.79714474969731
40396,30.50329784719437
40397,35.670317456717136
40414,45.54408247842508
40415,46.989226300673145
40416,57.95940651235667
40417,52.29123368128256
40418,40.619075589985975
40419,58.697584402049316
40420,15.090563105847544
40421,15.554455575673146
40422,21.168307553921345
40423,18.475269498838944
40466,26.899773229057317
40467,31.100180617086746
40468,30.89835589330315
40469,28.344336187254363
40470,44.98063249412057
40471,32.40032679725254
40472,34.64779708222371
40473,48.788419359277036
40474,47.200064201829285
40475,32.54169674148553
40476,49.03486873965449
40481,40.0672834558892
40482,31.638608293921614
40483,32.073313095526125
40484,36.08305596887688
40485,41.85293168385226
40486,47.99349624516008
40487,45.59107576632727
40488,48.57297183650784
40489,57.74396721922475
40490,63.48698071355968
40491,58.95479597222461
40492,57.39607903473166
40493,26.46410997666239
40494,45.123686715615975
40495,33.414998915326805
40496,53.45027187738483
40497,52.50470879397874
40556,42.291639030835235
40557,40.90323887091473
40558,45.26444034978317
40559,41.450754717488934
40560,50.88023449243729
40561,51.749407591930755
40562,45.63568221987887
40563,44.12527892022606
40564,50.91685653976907
40565,63.34379282322375
40566,53.84437048218908
40567,57.35920130660434
40613,24.62353157363309
40614,35.12313067028509
40615,35.05139105563675
40616,39.04069155113136
40629,10.472800382101408
40630,15.287264347436018
40631,21.911182753812074
40632,24.202481246365082
40633,24.202481246365082
40634,19.412897874539045
40635,34.488909831991904
40636,37.38461344757087
40637,38.35559927234937
40638,37.26056791573155
40639,41.35789472624455
40740,13.910131017722339
40741,12.109020295427019
40742,19.551031242659647
40743,19.551031242659647
40744,13.971321505643324
40745,16.725704690275666
40746,33.92402529856232
40747,40.36766349923451
40748,38.24288954374493
40749,35.03788085087573
40766,49.4689279867804
40767,45.277358700180834
40768,42.544133012914095
40769,52.05570607130417
40770,44.14593469107211
40771,33.31545614856057
40772,38.667024208058855
40773,32.4666860714073
40774,55.474696249092204
40775,43.92183672211551
40776,61.748572871618755
40777,54.30035390079936
40778,54.923714127146596
40779,44.31698087089091
40780,55.858265848295176
40781,61.518692210682005
40837,16.328219894948575
40838,22.44295276140383
40839,30.035528447582536
40840,25.53553150542476
40841,32.109867024553395
40863,14.271990795810877
40864,11.83408672303685
40865,14.06753235726835
40866,18.36125191438744
40891,21.232344627188237
40892,10.88098894796112
40893,17.668543836916765
40894,19.227220465556453
40903,30.035528447582536
40904,37.236243988104825
40905,36.32474166578955
40906,30.132400098731868
40925,4.8396408622501585
40926,13.931744217975172
40927,14.823371877610416
40928,13.340589730160147
40963,23.8991755454436
40964,40.252129854020026
40965,31.952419943336746
40966,36.02045861029336
40967,29.114748087024736
40968,38.369879966260086
40969,42.881709135066785
40970,40.354259069348494
40971,47.18988354798999
40972,46.35600824175249
40973,46.66468389726738
40974,58.436421235477034
41003,20.547147436332086
41004,32.90739463558817
41005,32.85392118004714
41006,33.256346584736754
41079,38.873769135751346
41080,44.82355154937675
41081,35.0814121476643
41082,37.28289603504812
41083,43.044189425785
41084,52.148522481600395
41101,27.11190731679409
41102,33.263312878897146
41103,36.41274611768756
41104,36.66428451039063
41105,37.04165204631223
41106,31.665488650605436
41107,49.65700771088277
41108,38.52323709857774
41109,47.18621108784619
41110,40.98136264749519
41111,51.59247783613777
41112,43.011824794356436
41129,38.457952695699966
41130,20.78593331491369
41131,41.40096957646558
41132,52.611368455374524
41133,35.622314886598275
41134,37.966127044681464
41135,51.34723997730227
41136,39.45602914328094
41137,46.93517640008439
41138,49.805428900929336
41139,32.40643189955078
41140,34.5694252515655
41141,41.327896693595065
41142,35.2351512422537
41143,37.91162340792188
41144,39.82126520671754
41145,41.95134462884674
41146,52.893911876432725
41147,45.993868047733436
41207,16.469074087866662
41208,14.305845391049342
41209,17.634456444131224
41210,21.97488606370875
41211,31.918720448931097
41212,34.011277117071614
41236,20.92028661029347
41237,12.807194926591398
41238,21.62744588198182
41239,20.59728020946689
41268,28.24935645966258
41269,36.50976659500375
41270,35.598919167918076
41271,31.878694276741946
41272,54.126649766074316
41339,35.230478650319455
41340,44.17805982129306
41341,40.25975512360778
41342,34.6911583636907
41377,26.613117662436345
41378,19.571559742306704
41379,40.64469258762951
41380,35.774778134670214
41381,54.691684416493345
41382,36.813519831380255
41383,37.640088201275184
41384,46.45419878581379
41385,54.363623187026114
41386,45.03384193456115
41387,52.2848110312621
41388,46.6068216390593
41401,19.27609767026948
41402,31.615959109576544
41403,42.39630416934206
41404,42.01671472155298
41405,41.63820696431337
41406,38.698320999133465
41407,38.89421850148802
41446,53.86275871612058
41447,53.06093676197694
41448,50.4067712504897
41449,48.73352129484858
41450,51.37889669919967
41451,54.24898242113185
41452,55.07387728362599
41453,56.1776679494619
41454,54.0736343125092
41455,57.28509940501556
41456,61.94833499085936
41457,65.68674427123807
41484,26.914162896717134
41485,30.496332677670363
41486,48.219730892431016
41487,39.31615839269034
41488,49.50688041129639
41493,20.94424416451664
41494,17.40698480450938
41495,9.597074966991345
41496,17.40698480450938
41497,29.87916944316614
41498,29.630315267952408
41499,33.420085481600836
41500,29.096162081072208
41501,44.96289128456165
41506,32.63990362450301
41507,39.144759876546125
41508,41.688030333963056
41509,43.439817597226394
41510,5.064647598117383
41511,12.971475561380611
41512,13.611551466673856
41513,14.202705954488877
41514,18.8397290685032
41515,12.971475561380611
41516,12.971475561380611
41517,20.18798337211367
41518,33.52508569905803
41519,32.60084099618308
41520,33.242111841616406
41521,33.60773321299082
41530,5.217134086567601
41531,11.83408672303685
41532,8.822560242677776
41533,6.028199432954703
41534,12.836301964160084
41535,24.726929292451473
41536,14.978194119207409
41537,16.171616936250086
41538,40.549749384179165
41539,37.254355906062635
41540,41.407206815677796
41541,39.5293298686731
41559,38.06738519366875
41560,28.92989564956447
41561,38.61461979836043
41562,40.44216396240609
41563,31.251854616805804
41564,54.420075731264376
41565,53.78558643570175
41566,51.20633610809189
41567,63.69916820922298
41568,68.12595118079656
41569,71.090872385653
41570,49.874888538502724
41579,37.19293210287393
41580,38.8484857285373
41581,38.87809068660091
41582,50.815971830681214
41595,18.60938761910916
41596,32.81766859286485
41597,39.18239313677553
41598,34.35422920545419
41599,35.38979214227422
41600,44.820886419356725
41601,32.472537763550974
41602,32.08524564546877
41603,52.70570728682624
41604,50.802775835946356
41605,54.10103352594995
41606,52.69952450710974
41652,49.154767339938346
41653,52.46538491444431
41654,53.3233116022983
41655,48.81631202675907
41807,17.49505008402113
41808,22.086953855083838
41809,27.252563218023475
41810,19.547679029923962
41811,33.27788001917376
41812,29.82723521264167
41813,29.667211695399075
41814,41.42301499773133
41815,30.04349405869545
41816,37.11848725749965
41817,39.55221436453921
41818,42.38404080561412
41856,5.673176427250389
41857,5.673176427250389
41858,6.474332483137894
41859,12.971475561380611
41860,14.202705954488877
41861,5.105440153103174
41862,5.110134488887976
41863,9.433274995111606
41864,13.675722946421278
41865,16.430106131053627
41866,8.77775825125044
41867,17.510160994801737
41868,15.5370700711807
41869,18.475269498838944
41870,16.344778638537175
41871,24.141889106932272
41872,39.12723270626238
41901,20.72156314463338
41902,13.179371897995008
41903,16.942880237000534
41904,20.9424219817091
41905,14.288040150729408
41906,39.713349725937256
41907,32.8194211202481
41908,41.15773993598705
41909,39.55654730945287
41910,37.280099757329204
41911,40.27797942975704
41912,48.175330922610144
41929,40.173307951213786
41930,41.20827209243003
41931,33.938574662052496
41932,57.95810046223583
41933,39.593257611188285
41934,41.15424880307393
41935,37.54067991863292
41936,33.9381935757831
41937,36.46048436836499
41938,37.30790422711919
41939,41.96042034381206
41940,44.456507677399145
41941,47.925613917950585
41942,54.17256303937761
41943,44.208427725076774
41944,43.56523371493038
41972,32.26542922466377
41973,30.2352618452022
41974,31.43877445739138
41975,35.362970904287195
41976,33.056253964191214
41977,41.75991549286867
41978,45.55581172021111
42010,50.36008965227488
42011,37.16472233095386
42012,50.87078100374454
42013,51.94336464121383
42014,53.50459643450691
42015,57.21034366335207
42016,66.77328049086879
42017,59.26836910785968
42018,67.36648923038942
42019,15.375934512369199
42020,17.829896558619243
42021,16.66451420235468
42022,13.270055112429095
42023,38.47862854384975
42024,37.662832779928536
42025,40.041049567930756
42026,43.929155953209644
42027,43.10856181296721
42028,38.48556150069044
42029,34.78550351766634
42036,8.91772536811481
42037,14.552671301692696
42038,11.808634374024537
42039,17.58669290957786
42040,16.223935069830418
42121,12.96756495177172
42122,31.841513512755327
42123,31.892916070810458
42124,31.744495277497922
42125,31.039031711378428
42126,32.29102459345419
42127,43.217238741727286
42128,37.73779610461064
42129,51.011415002492775
42130,53.6715394545545
42131,37.69712645640411
42132,50.34564605421236
42133,20.79477456353935
42134,21.163697187810513
42135,32.915775778109584
42136,35.712833083577294
42137,39.829884954327554
42138,35.019508518788236
42139,47.86184021625535
42140,44.26323388477629
42141,41.9697207333757
42142,46.243088559678206
42143,49.47346242427751
42144,44.830101251758116
42181,12.836172239856593
42182,14.212418081935821
42183,15.108740077355868
42184,14.226369156235414
42404,40.925087332252815
42405,45.83378857587107
42406,54.331958947965646
42407,48.933966999137894
42408,40.9438435774581
42409,45.23125138176754
42410,46.945409728464234
42411,38.578089902180416
42412,63.04894078020688
42413,53.02334077490464
42438,19.3719079286522
42439,24.202481246365082
42440,21.22359231121495
42441,21.95217269969892
42442,33.10623458097661
42443,40.70207760512646
42444,32.81290994047916
42445,35.39802853089162
42446,44.64709828833075
42447,46.02548455860075
42448,48.29656855554977
42615,33.13775545660972
42616,20.857528367730897
42617,22.381111292966636
42618,37.43127350713888
42619,48.724429310605906
42620,40.59256633433539
42621,43.756503498833126
42622,35.79078710004076
42623,45.806696548010116
42624,50.54237288690082
42625,51.9654330604802
42626,63.676805147963506
42639,25.70577705789936
42640,21.935918106895716
42641,29.865282895107935
42642,37.17515864894859
42643,36.76352069989397
42711,11.772725988020909
42712,11.806670236101958
42713,16.362164143029624
42714,8.863085743766888
42715,20.763040509606075
42716,20.763040509606075
42717,16.344778638537175
42718,23.128528473414903
42719,8.328766334955597
42720,36.71011848274216
42721,47.795021953620186
42722,40.57898846888921
42749,19.843818612315857
42750,38.422878246561964
42751,37.03712637399706
42752,46.05207391838181
42778,24.798786118717697
42779,31.017175357775187
42780,33.531805086449026
42781,33.650341930345625
42782,32.074981980572446
42870,12.295898224215856
42871,8.895383190956759
42872,12.590666138511422
42873,17.588434348909093
42874,17.64561662127018
42875,18.21364625406916
42876,20.82135681663511
42877,35.67471929955962
42878,44.592473580242185
42879,30.64265240541003
42880,48.05671738835085
42881,46.76291768956211
42977,6.159602521898653
42978,11.60221179755943
42979,15.349997137130618
42980,18.288196564788866
42981,7.482161647933379
42982,18.34938705270985
42983,39.5750403709795
42984,27.482895384629447
42985,40.89977716333533
42986,48.22789394893521
42987,41.90341126612992
42988,31.419985548168828
42994,46.6626243715433
42995,57.31320321016703
42996,43.88583818714341
42997,48.44125244124905
42998,59.82888003453946
42999,50.69447152479515
43000,54.079143614025526
43001,58.72567530919198
43002,58.988755609249
43003,57.303103012135935
43004,59.861909655609885
43005,59.42521571596259
43018,15.071457506605554
43019,20.76132041485653
43020,37.46043154117481
43021,40.74784496573758
43038,19.365413799112357
43039,24.97506499717319
43040,21.98470873464948
43041,32.107916329354175
43042,31.263318621548564
43043,36.191107951692445
43044,34.65376891809897
43045,41.42128141678238
43046,32.15609269050683
43047,44.42204347309696
43048,52.50494969888143
43049,44.07176209037412
43050,36.51412272319224
43051,39.51431233482989
43052,29.701056196637797
43053,32.90027521549816
43058,17.14928388925881
43059,22.2363688085437
43060,19.7732691761513
43061,33.732096629333945
43062,32.046972480319596
43063,39.83159646215377
43064,36.49036118816618
43065,41.56812538114207
43066,45.38389973886975
43067,46.688911515304284
43068,47.33614398671775
43069,37.56592946603499
43120,17.634456444131224
43121,29.392810675202867
43122,13.71469090323432
43123,31.016716099902887
43124,36.64238003572518
43125,31.546774173844828
43126,46.1918599220437
43127,39.8892155759577
43128,46.828988388252
43129,41.06358656241935
43130,37.518636368598436
43131,38.428915356987915
43132,13.715659377187952
43133,21.36575337566105
43134,31.543584776192347
43135,33.272040557192966
43145,32.82966865946111
43146,22.49012605396656
43147,38.36548803349457
43148,45.87833852302452
43149,40.09271312099466
43150,48.8290276682608
43173,28.075201395700333
43174,34.35470049602078
43175,32.04345520298421
43176,34.15275312127543
43203,38.517136147430044
43204,47.268165231968425
43205,49.50509022759975
43206,44.2428211575257
43223,22.271784073873278
43224,22.981662606309577
43225,35.48521222704848
43226,29.331701356625274
43227,34.18192088373526
43228,38.421499382196075
43229,37.09351903869729
43230,38.11904042613982
43231,33.85856903100032
43232,39.41767391031496
43233,44.916229479303716
43234,43.837385965630794
43279,21.02941322361471
43280,34.67961011761129
43281,34.94256428797221
43282,32.59867315709551
43283,42.67526006257188
43335,28.516423584877625
43336,35.0993461071666
43337,32.6096392446935
43338,34.38713712217909
43339,40.57372216119326
43340,32.57700275112591
43341,49.45425608555983
43342,38.09172753947973
43343,45.46065597293058
43344,46.37159631875766
43397,45.146081104519276
43398,21.20727551073438
43399,21.20727551073438
43400,33.57024082153916
43401,33.94298705742744
43402,35.911981142427315
43403,50.55806000069818
43404,49.19179857972061
43405,40.354870280097806
43406,36.34207266194959
43419,33.2970579534786
43420,44.51597966094885
43421,24.37658135161892
43422,46.67613321458014
43423,32.701329009275874
43424,47.98793654272141
43425,47.35154762875596
43426,53.834217076606585
43427,40.88181710615944
43428,52.24230800654987
43429,47.974261433602784
43430,58.61625326207366
43457,18.369131430904705
43458,22.180485366907575
43459,26.978675999681737
43460,36.41515339637234
43461,38.56898163214195
43462,31.160048309775963
43463,32.78558960866777
43464,37.677754819101644
43465,29.56090284993444
43466,50.541474093061304
43467,38.003985920524464
43468,39.66732180038934
43506,59.13265991416472
43507,37.58955544144593
43508,51.47067691828276
43509,58.68175140512719
43510,49.57054028991647
43511,58.51241386382769
43512,48.157572570518845
43513,62.70152135455953
43514,50.971222436541154
43515,52.542766027407076
43516,57.502306198758056
43521,6.23745741231724
43522,9.519077824686129
43523,13.71469090323432
43524,11.913580180939
43532,25.574499462237796
43533,21.20727551073438
43534,34.27445442116063
43535,33.53802126411252
43536,30.42296118412737
43537,37.66470835198515
43538,36.35468257313241
43539,40.31411448839563
43540,38.33050751806517
43541,39.07539376927881
43542,39.882735700114964
43543,40.12613936544767
43616,30.10858379718111
43617,20.91240507538942
43618,33.11873332002175
43619,31.112415891392768
43620,31.156483777612127
43621,31.101441010179556
43622,33.17781124572304
43623,40.286860139151294
43624,44.72527455419463
43625,41.28796978762987
43626,39.91855984152805
43627,43.46919255170883
43776,19.093900485949504
43777,17.06214332266429
43778,20.945584868512256
43779,25.346484552279048
43857,33.378860753853196
43858,37.24511150866466
43859,32.56883663259246
43860,37.84360111896276
43879,6.015625611326995
43880,5.488085582279102
43881,6.370703309448717
43882,11.879725585700536
43883,13.040760402702611
43884,16.25414871082104
43885,14.97017574182817
43886,11.686282872082584
43958,49.09222936123559
43959,41.41653663206537
43960,42.48134326434298
43961,38.74674682962295
43962,35.15538292797217
43963,48.49587583911681
43964,44.72300385116221
43965,58.38512235449067
43966,56.66744923684176
43967,63.64343605574892
43968,59.84949599795817
43969,55.78179884879439
43970,15.422922762425705
43971,27.012425186022057
43972,10.758168581846864
43973,30.21749269377087
43974,44.94862642180908
43987,18.153536485540812
43988,38.23856985949699
43989,34.28517255108025
43990,51.75714320327418
43991,37.292525182121125
43992,35.937102830971405
43993,33.276183608149665
43994,43.04504371492545
43995,40.666448714957255
43996,51.02801272154284
43997,50.67541481259998
43998,41.91184637343837
43999,49.54245478270386
44000,53.62378621722915
44001,50.5101498351777
44002,55.60761136079737
44074,34.83733814350687
44075,39.610609757871075
44076,36.81764880418534
44077,43.69986629204672
44078,40.43275276581317
44079,40.68386786508235
44080,50.94327358222685
44081,42.57333440631298
44082,57.31193937485579
44083,56.684169422553005
44096,46.93624506540225
44097,46.36525718805932
44098,35.4825309902074
44099,52.474582494011564
44125,30.10858379718111
44126,13.040760402702611
44127,32.55034699391824
44128,39.69413472607636
44129,34.15303362639402
44130,35.396554951228865
44131,48.42500251620814
44132,38.062579575109055
44133,48.39207991250019
44134,44.78941421316086
44135,59.6327550996064
44136,57.79388935323848
44188,14.50128550553736
44189,13.910131017722339
44190,17.829896558619243
44191,15.392913165172605
44192,22.68637910903657
44193,15.917996122919195
44194,33.91216738792773
44195,20.692423591892243
44196,36.404689777958275
44197,37.6034181771941
44198,41.75430197752408
44199,43.94715358441691
44200,11.696071552863721
44201,12.787093680896264
44202,20.66799509209786
44203,14.913369421317876
44262,15.172711186309284
44263,14.28108352667404
44264,17.66861829144824
44265,15.172711186309284
44266,20.423324897733384
44267,27.433043600709468
44268,21.24004096757271
44269,30.130596747153213
44270,32.71775810179157
44271,32.433208709941596
44272,27.04861619257371
44273,34.59386268152873
44274,10.236940744312239
44275,19.65776350231023
44276,13.968518047663657
44277,15.610291567437427
44278,17.583382491058458
44279,20.923854962164718
44280,45.62713911219953
44281,37.11931973353456
44282,46.24831112008413
44283,40.362279145742484
44284,36.29588953295604
44285,54.69780317497777
44286,50.14515239081756
44287,43.909822393971474
44288,53.236810586023005
44289,41.4551012813777
44306,35.393713614008036
44307,42.815429223779695
44308,38.78680367899971
44309,54.07173679338029
44310,42.82628675637638
44311,31.97497966901343
44312,53.828910452371225
44313,58.85208927414583
44314,42.28406974129952
44315,57.16558260420545
44316,5.083585218030828
44317,5.083585218030828
44318,5.083585218030828
44319,5.532702919419549
44332,19.33608508237399
44333,31.166095023450975
44334,24.21564147255922
44335,30.733046155136165
44336,33.355648069880964
44337,33.387987132897074
44338,43.948574202918735
44339,47.18738795185427
44340,49.82285384568835
44424,45.3846789554998
44425,45.50088762530581
44426,51.71281312234549
44427,50.92932665950487
44428,55.955670904466906
44429,54.980255455313184
44443,41.95575017699581
44444,48.77795457772801
44445,39.82797984821344
44446,54.4248386421447
44458,6.654847704842134
44459,13.562142095733588
44460,15.349997137130618
44461,13.994477007669772
44474,48.99072485451747
44475,33.45191610345177
44476,33.281670550977175
44477,43.16651417252693
44478,34.35457438006205
44479,41.52384970193844
44504,49.81367869106218
44505,49.9295288471322
44506,53.699096318828985
44507,49.79198120893602
44508,53.05704338963187
44509,56.274928443949044
44510,62.42794006373695
44511,58.588445794510115
44516,35.61717449600139
44517,40.76852264090568
44518,50.80297935125396
44519,51.94796113771983
44582,5.372800159230289
44583,13.476248145149837
44584,19.230656358699385
44585,24.762885441824146
44586,23.14299455073075
44640,50.720934802182676
44641,46.54253395975714
44642,51.08752951257359
44643,42.786330903123556
44644,45.48715775338957
44645,43.336743882803354
44646,50.60120363650063
44647,57.01481719639403
44648,57.85250196215688
44649,56.5172508117354
44650,55.39952997550085
44651,55.99779703640219
44669,29.316003304331737
44670,41.52114629792
44671,41.058259718061414
44672,33.80209674096169
44692,45.04470589433413
44693,49.71605393783759
44694,50.34908108074264
44695,50.82388437673442
44696,55.87172582488182
44697,47.2487495743333
44698,62.27795936025149
44699,53.45966166253708
44700,52.81919462998851
44728,15.716553092094177
44729,16.98815412927625
44730,36.76690546226317
44731,32.90448900730174
44732,29.79318054956152
44733,34.475155896422244
44734,38.31827181046547
44837,21.146483785955684
44838,17.18324674579778
44839,37.66983455017024
44840,32.331956252367604
44841,35.006837617113646
44842,33.6358525814268
44843,40.00768965315476
44844,35.78796975927675
44845,41.10365815193333
44846,46.946545757101504
44847,55.343030511627155
44848,44.46665790686852
44849,54.56342965198651
44850,56.62132668884595
44851,60.14721056854232
44852,55.35945819107904
44853,28.276635067845735
44854,23.159449962620595
44855,35.128850022696454
44856,26.94418410500844
44857,29.808907387838516
44858,44.891734224086974
44859,34.699056787151584
44860,44.47926736730666
44861,40.10827861878941
44862,40.70788918102692
44863,47.4433178611486
44864,51.15417521403873
44885,33.81149605434993
44886,25.55897704556481
44887,13.931744217975172
44888,23.189120612847713
44897,58.3846164530143
44898,59.17961235328632
44899,54.62841881195849
44900,53.27360643046057
44901,71.10899756889931
44902,60.545013066275004
45041,23.068803172904097
45042,25.572340536644962
45043,29.619773423488052
45044,32.83019267884839
45045,37.25041181813074
45046,37.485552891548075
45047,37.275238288285195
45048,40.22158292177076
45049,43.8411912873586
45070,16.456735878192028
45071,13.04676946769135
45072,11.823999516299672
45073,17.544875779491896
45074,5.879075001264955
45075,44.82145702236596
45076,34.89047482264292
45077,30.313953147558927
45078,38.46190195831439
45079,60.05250205051225
45080,49.994698828974535
45081,57.6926552692288
45082,61.52286392094505
45083,42.49181242804461
45084,57.7532713531122
45085,50.83025912129703
45086,60.411942693674405
45087,48.21782994001356
45093,50.71919830678374
45094,44.38709524851221
45095,58.06081370048564
45096,47.3804639315203
45097,44.056631943957576
45098,47.94969398785227
45099,54.82218259246752
45100,62.54823246797003
45101,59.938685457938504
45102,55.65064610941081
45103,63.802193235584454
45104,59.55434202276367
45105,34.84835043350251
45106,29.801233613592224
45107,45.82591169299661
45108,34.24220145014815
45140,16.26168632384561
45141,32.570644066166984
45142,32.36081319775014
45143,36.00057288996961
45144,34.27901009098989
45145,40.532698055447206
45146,42.91253539493491
45147,37.38193946555009
45148,37.08616693649734
45149,36.033262532100395
45150,41.36056798397839
45151,35.415151306351525
45176,17.531317007570753
45177,33.06216231207495
45178,27.197702075089754
45179,31.869600615646736
45180,48.43254732912757
45181,29.50897006691012
45182,41.872529403391724
45183,53.35785958129065
45184,53.08274036428578
45185,39.63970637045096
45186,35.4472520142697
45187,37.39566988443307
45253,17.04775283666392
45254,21.808429856193985
45255,34.63580985293142
45256,33.85269666273921
45283,39.7537715785974
45284,41.54940455204286
45285,46.30874784751486
45286,45.876026246296895
45287,42.83221355372409
45288,48.67421098182142
45289,48.48467683820903
45290,53.522340336252604
45291,54.12640801289894
45292,59.27933474202034
45293,45.3588289175204
45294,55.16613359506056
45354,9.11826621954802
45355,18.49670200736519
45356,16.350703826488328
45357,15.079102789306253
45399,15.636603656134886
45400,30.263016681509693
45401,30.574781709185775
45402,30.223902198176933
45432,15.051924521981691
45433,22.44295276140383
45434,24.917256093087744
45435,29.862593775760335
45476,29.300249279806653
45477,32.392661167831584
45478,33.28752173390362
45479,45.368597752492605
45480,4.974997472449595
45481,5.28171376621847
45482,6.128188432487815
45483,8.797107893665467
45484,15.149709516131216
45500,15.627510925271727
45501,25.69702960712334
45502,25.757951607193533
45503,30.978236111707776
45504,33.020688251563534
45505,31.801883492361558
45506,31.650077698052847
45507,31.87935704139978
45508,38.315681882998064
45509,39.04547638255278
45510,31.031383758284136
45511,35.561407393938936
45512,46.21364052716695
45513,55.61847467422381
45514,44.379869440534186
45515,52.47836513806028
45556,18.989473228446627
45557,33.55747132809257
45558,22.841670744943965
45559,35.428888326877086
45560,32.36832610233034
45561,34.9418696198208
45562,34.401003718925296
45563,40.3842719037767
45564,33.281670550977175
45565,33.238115403840894
45566,32.120688689812056
45567,34.0813219906721
45568,43.1951855998791
45592,19.190473584860673
45593,27.506561719157666
45594,18.209025423638607
45595,31.928779625735345
45662,34.01619740219943
45663,42.65829765640581
45664,38.60277755296006
45665,35.4863353332525
45666,42.29020983508994
45667,59.08113364106708
45668,44.86616874429257
45669,45.45605881903637
45670,50.758778791105435
45671,54.344641602294715
45672,53.841167915511406
45673,51.676150124461394
45690,20.985780652169723
45691,20.985780652169723
45692,36.329583115098316
45693,46.72055215846238
45694,37.19878246753462
45695,48.25957647623875
45696,34.21546910618358
45697,39.35108243923505
45698,19.93424978436691
45699,18.62463406462229
45700,21.232344627188237
45701,32.72825214924007
45702,32.807598115018145
45703,30.138409240880716
45704,40.42054006962212
45705,48.03893091505525
45706,42.03766375285746
45707,37.612999730297346
45736,13.476248145149837
45737,22.28598411469906
45738,17.39601368604675
45739,17.604647182494833
45740,22.38110962253491
45741,38.482612302944354
45742,35.73911696005107
45743,37.384414859286736
45744,30.947078367104368
45745,35.62153469197721
45746,36.82365460052825
45747,41.97284137696122
45820,5.120755328135364
45821,9.012450495937085
45822,10.957298350532739
45823,7.117632972044254
45824,16.579470883223824
45825,16.579470883223824
45826,19.527178411449775
45827,18.137807806220902
45828,21.312509100885844
45829,48.93971972902208
45830,32.25010173527895
45831,31.670848764512147
45832,36.668127039088915
45833,38.82370990999902
45834,56.990498022992995
45835,43.93265861665823
45836,51.29486346127701
45837,58.92164364459617
45838,49.35900551932403
45839,54.046106480876816
45840,59.37862173136691
45841,59.27629536578124
45842,60.88923929386142
45843,63.237490135904444
45873,32.95317305973434
45874,41.9162160343203
45875,42.84008395561926
45876,47.57677729136393
45877,41.05020326489501
45878,65.32677899669616
45879,57.701665097485865
45880,61.729758186984384
45881,53.45023434016009
45882,65.58680267207075
45883,67.96381322794089
45884,57.7960101864245
45920,44.21959261179274
45921,33.06159290439268
45922,38.39083998308853
45923,62.03656647455945
45924,45.99403815782563
45925,40.01796740539462
45926,45.09384310776308
45927,56.20239044360642
45928,55.64180923870181
45929,51.55072793814749
45930,44.66937057713262
45931,55.77106634337933
45944,25.198239952765597
45945,46.46621672598976
45946,32.83200176875846
45947,38.272584106824375
45948,32.70898908157183
45978,33.96452030751704
45979,54.27395477678284
45980,45.60238697237819
45981,50.895546697456936
45982,45.75184815420927
45983,51.676002016498686
45984,51.474056438020966
45985,53.43788649308821
45986,51.133497037793816
45987,51.85130222809217
45988,55.587611974389105
45989,65.96166901203654
46068,31.859738074291787
46069,38.7453626241122
46070,46.34173598853851
46071,42.985171808490726
46072,47.96881617213967
46073,58.718582049766006
46074,51.8192109017903
46075,57.18499351795404
46088,47.441913607741306
46089,48.02976114712807
46090,55.7909861099623
46091,52.90227959980564
46092,38.43915031207707
46093,44.68659780492257
46094,58.081409269514715
46150,38.39443880743747
46151,21.22359231121495
46152,32.74217310806878
46153,28.999599135736357
46154,28.74844620227396
46155,31.651970983943336
46156,52.074804580776664
46157,39.21983294337853
46158,38.78137664129259
46181,36.93124554647697
46182,52.432459557492436
46183,43.4303238593646
46184,45.34128166139871
46216,50.62362814901013
46217,30.804013270736903
46218,39.69258895067828
46219,39.2263293801317
46220,44.971299324569266
46249,45.04957280557359
46250,32.6717948585685
46251,43.803517949498946
46252,30.46618959865652
46253,47.215104528788146
46254,53.52758622669847
46255,44.53554209602346
46256,63.450437486592186
46257,45.17161044018964
46258,48.548406736028696
46259,54.21276598163371
46260,50.595904378706344
46272,11.888818316563695
46273,13.689929038859015
46274,14.28108352667404
46275,22.370371599285985
46276,32.52216508511426
46277,37.2107803706216
46278,35.514262009425906
46279,45.37485946846284
46280,38.2127671883436
46281,40.52703333476392
46282,42.933210686599956
46283,39.64562143254565
46288,17.004850326676497
46289,12.445008880486348
46290,26.577267797489323
46291,33.259458666348
46312,10.417300895617405
46313,16.03947342830848
46314,15.231764860952016
46315,22.412726144054712
46316,55.0639190496358
46317,45.51946118014106
46318,54.37218041750828
46319,32.205953641451444
46320,56.71029465366941
46321,52.80801482553859
46322,56.42911147029598
46323,49.31854112659309
46324,46.817016042699834
46325,53.17313147287968
46326,55.26763894641668
46327,59.592861414461645
46340,33.107828818158055
46341,41.22228279552456
46342,45.7761589205788
46343,31.577597993899314
46425,6.703819119128305
46426,19.00642798500313
46427,22.180485366907575
46428,32.65485720126167
46429,43.79547376632578
46437,35.24245036446912
46438,36.11558013189437
46439,44.12634279070388
46440,38.66455307967813
46470,20.341822781017587
46471,21.02941322361471
46472,29.72153098172445
46473,30.462601346100506
46474,31.88193813531174
46475,28.85607221239721
46476,42.71016808814358
46477,48.8628448476728
46478,40.937414232816394
46479,45.55784472963186
46480,44.16969961474568
46481,53.95421193093925
46530,30.895080441175253
46531,31.481891275265674
46532,43.71057010360677
46533,33.87848017894896
46602,32.6947295858947
46603,28.098847711534717
46604,39.614431291204355
46605,37.99978823006781
46635,34.107628737299876
46636,34.348763204756985
46637,31.531988537093238
46638,37.25087984863143
46672,24.656233714146733
46673,33.02621867442936
46674,30.93039981001805
46675,33.629409528909584
46676,34.45485314341456
46677,38.96348400242696
46678,48.22406975817096
46679,40.443959813030084
46680,14.202982450246104
46681,19.829448990400568
46682,32.434194337902476
46683,45.539925385570214
46684,36.910808859656015
46685,44.39789515796902
46686,43.188904033168306
46687,50.673812712593296
46688,40.75291349832198
46736,49.967984479295716
46737,39.284793146879665
46738,43.8895227312135
46739,37.38097788948275
46780,21.726355552143968
46781,22.49396610511834
46782,16.18044556191978
46783,32.24567111983988
46784,37.070813891324136
46811,20.859490428685834
46812,50.76519947432062
46813,45.49845021097261
46814,46.82296170364956
46815,50.716535132928655
46816,54.862199162689976
46817,54.25467214091583
46818,56.684534019509755
46819,57.783802186149686
46820,63.04247755480462
46821,66.41860460998673
46822,61.086402936147955
46839,19.239299916908926
46840,18.48327373690573
46841,29.808907387838516
46842,20.77104474767286
46843,30.95477134077035
46844,30.103984217976077
46845,35.80240149648205
46846,40.68652637660915
46847,31.83363788377242
46848,51.90088261294064
46849,53.202195019695836
46850,47.70945629777611
46977,10.61351984986281
46978,8.756505171877032
46979,8.795143755742885
46980,11.806670236101958
46981,12.912384153274681
47007,15.17226579231225
47008,20.696194752877997
47009,19.756678045721337
47010,23.995023239826946
47011,36.16635018555406
47012,13.092231331400479
47013,13.683385819215504
47014,14.90223001982219
47015,32.38494559141307
47038,20.139907153531237
47039,30.31026337716225
47040,37.65198352555275
47041,36.66690388642234
47042,36.700863990658256
47043,40.380035087286196
47044,28.46555343968058
47045,57.83852045587912
47046,55.69806771067728
47047,43.967388183990344
47048,40.42321705259356
47049,51.54537853297334
47141,38.166157960073214
47142,48.71779597290196
47143,51.96281672165064
47144,52.39246994308468
47145,49.80960674720701
47146,50.02522489362812
47147,45.51980324597207
47148,63.06434979566045
47149,62.38522310969662
47150,62.69771691826119
47151,66.59154738339595
47152,72.7342272137137
47211,5.620398146046482
47212,6.3617898294081225
47213,6.3617898294081225
47214,8.112998611930669
47215,9.443799828598422
47216,10.693690361062007
47217,13.561479709120746
47218,14.152634196935768
47219,24.11297336214819
47220,19.202379934058058
47221,20.746484802294354
47222,18.562835363742185
47223,53.986750119800355
47224,50.81718846954063
47225,45.95483819617641
47226,44.174708625579186
47227,13.293803426082244
47228,23.472012350885553
47229,33.3557261998847
47230,36.44995927457029
47231,41.95656265823405
47276,6.350151130951211
47277,6.241299485228567
47278,10.579102583819946
47279,20.686053706064023
47280,5.040085096965371
47281,5.040085096965371
47282,5.489202798354092
47283,5.489202798354092
47284,5.711246115153809
47285,11.282343347779744
47286,6.468982705089612
47287,20.668244810190675
47288,8.769157950978146
47289,18.380473799423545
47290,27.26095074909157
47291,25.48432236764205
47292,27.50845721331813
47293,14.824925432458933
47294,35.310437820917926
47295,50.19897330820631
47296,9.301742181864165
47297,14.959030292600103
47298,12.893354512217678
47299,29.881892012819968
47300,35.19863847848951
47301,34.366923458682585
47326,61.21845852537487
47327,55.46895813676312
47328,62.78635145531148
47329,53.012869453164974
47330,61.22693805893724
47331,72.29637068284256
47332,69.40311386141471
47333,62.560560329492304
47334,57.9436530450502
47335,71.6164718191938
47336,67.76171517306223
47337,71.22733930157257
47377,21.20868422983145
47378,14.855578212886426
47379,20.888744678032634
47380,19.949227970875974
47381,17.292561606333056
47382,16.127179250068494
47383,30.50529757057951
47384,39.60637651179896
47385,34.80131462167724
47386,33.767012888771184
47387,41.027959844257836
47388,32.053206450838964
47438,37.67515270159045
47439,34.439234567076554
47440,33.976025299510965
47441,33.27930399127477
47442,36.1470518745043
47443,36.49266541861824
47444,33.346334785354784
47445,37.72750404897355
47446,43.12593651809839
47452,42.51986829106929
47453,53.90620420393924
47454,45.92317767156122
47455,54.19110582264704
47456,48.13241240797449
47457,49.1334925704014
47458,44.2855933345226
47459,17.475871527748268
47460,17.533053800109354
47461,14.145519035335152
47462,22.183363849183195
47463,33.73007923797386
47464,46.754659080573134
47465,35.519621635514966
47466,30.957204029643723
47467,50.752610240234006
47468,47.75731942802596
47469,36.337427235000405
47470,39.74264934428665
47490,8.500730255278878
47491,21.20908277061779
47492,31.842545762125592
47493,38.66299079060931
47494,36.50974522373957
47511,37.24279432298223
47512,41.60498102008231
47513,57.79641042570137
47514,50.88337749899225
47530,20.481502688288902
47531,44.945694254286515
47532,31.891905555770187
47533,36.48125812056482
47534,33.73643680637915
47535,36.896894924458465
47536,48.19387026115716
47537,39.28209291106001
47538,51.26666801887363
47539,50.5828779516629
47540,52.37602569182792
47541,61.81975664399773
47551,15.960393086631507
47552,13.206009901999158
47553,9.03150393871349
47554,12.590666138511422
47555,15.092527243770126
47556,19.167047917555237
47586,44.50814775108276
47587,43.48880433492671
47588,57.46915219782285
47589,62.39791769738442
47590,52.129626581913136
47591,59.726396902243934
47592,50.669211870184725
47593,58.541323978306096
47594,59.01871078363157
47595,63.8972349160279
47596,62.67037499883887
47597,65.79828185627407
47598,29.392810675202867
47599,32.74176881701666
47600,37.49450471031105
47601,34.60182586923795
47628,17.01199687229739
47629,11.13486340721378
47630,15.82427233887478
47631,21.016134304676815
47638,25.70577705789936
47639,16.51854888315363
47640,13.185011793298234
47641,10.957298350532739
47642,22.60133578990571
47643,13.185011793298234
47644,27.044994132633793
47645,37.11458766059817
47646,31.41491181444466
47647,34.603682744706575
47648,35.80960262208902
47649,38.64199943000344
47697,12.401551651535001
47698,20.53421216432831
47699,4.16361970935087
47700,13.632782044643267
47701,20.213509650469984
47702,21.737092575705724
47703,32.002311606327936
47704,36.697568217255046
47719,14.691798309654455
47720,16.723812944967804
47721,14.691798309654455
47722,22.118354283360883
47723,22.118354283360883
47724,30.84959153221548
47725,36.38887644284991
47726,34.611098602975154
47727,14.101660709198555
47728,15.067345988020712
47729,17.04043691164175
47730,20.613255978244904
47731,28.79879114271339
47732,22.627767352350013
47733,34.84699159537366
47734,30.728517180792416
47735,39.46458642064549
47736,38.605856166914045
47737,38.778145869818196
47738,30.329295512506533
47739,45.67215802009185
47740,36.182674236436696
47741,46.84489487157664
47742,46.195967805407385
47743,46.43444028451412
47744,40.353499810784605
47745,56.39922007624421
47746,40.90613490056459
47747,40.79468305472165
47748,51.0819357836445
47749,45.08762148504461
47800,41.071110896882985
47801,23.820970619653888
47802,32.8003997176251
47803,44.742052499809546
47804,37.69544503713111
47879,28.99584453688663
47880,40.727995504757786
47881,49.75718011564738
47882,33.78637169247954
47895,15.351484005953585
47896,17.788467399400222
47897,4.8687716966224555
47898,21.04134691420456
47899,19.558585155912972
47900,17.825501802490322
47901,37.49035620962619
47902,36.22564047466042
47903,43.241393301111735
47904,36.95394138424866
47905,37.50548286087707
47906,42.40975227521276
48043,12.105047787085343
48044,21.784655230210802
48045,20.58101185677388
48046,22.546540158406643
48047,41.108924406103675
48048,34.856193877862374
48049,34.860651997315365
48050,48.40133178712898
48051,45.0739955919459
48052,33.52634737739541
48053,34.00154289339619
48054,31.960818044619124
48055,53.748966187226856
48056,26.85353731529194
48057,35.920497930802284
48058,49.060048239534396
48059,49.5424932972793
48060,41.518294337449525
48061,33.24758315819164
48062,36.12633131790087
48063,32.02930377443346
48064,39.89097391374013
48065,47.47112119541807
48066,51.61445756795435
48067,46.05957826637373
48068,58.466555062168375
48069,46.5116925635987
48070,23.112012087588447
48071,24.125372721105816
48072,19.887027527000207
48073,29.527849365373047
48074,29.92606997917922
48075,38.6954327564244
48076,35.513794631944265
48077,40.07803835873185
48078,45.5305889551589
48079,40.73728774867867
48085,32.64753719679426
48086,41.479326380636486
48087,44.4538726656612
48088,38.34860877785368
48089,57.89131581712594
48090,57.413528491852816
48091,19.57477955631279
48092,30.52964804835833
48093,43.50850363692098
48094,40.003431332313326
48095,50.31599974611627
48096,55.89970505956072
48097,40.137121103789774
48098,47.324909450291095
48099,50.30440510225373
48100,59.08698156442575
48101,56.735377500862015
48102,60.410585887879094
48128,8.834254857260417
48129,8.868199105341466
48130,10.88098894796112
48131,17.583216344400313
48132,21.15603541100347
48133,16.41783398813575
48134,10.795661455444671
48135,37.38064116654982
48136,37.24336327446439
48137,38.40385144484647
48138,42.18636041407173
48139,40.186905021219914
48212,18.43379213386625
48213,32.951571616266676
48214,34.59303910407217
48215,29.04757471473885
48216,45.74269545113062
48217,32.97264299169496
48218,44.42720493857784
48219,38.105870171931656
48220,38.465318257082934
48221,45.887184163478246
48222,49.695419099191184
48228,11.347726515922625
48229,13.336475365226446
48230,15.368758971324583
48231,13.446891931878685
48244,32.47617160302614
48245,35.058321915975164
48246,37.71288173068142
48247,33.41040396799193
48248,44.49125711660873
48249,31.275969656050457
48250,52.71520657242651
48251,50.59330505726019
48252,53.30727983842075
48253,51.57039501141277
48254,62.09292484150872
48255,67.60332285368297
48256,62.27318246112233
48257,73.22861337044465
48258,61.76441269921292
48259,66.53046569548621
48272,18.378070089603774
48273,19.726324393214245
48274,28.173842252700492
48275,33.450993601612296
48276,34.11988213743426
48277,31.294686499984856
48278,35.53744462894433
48394,53.318933571387916
48395,40.57782267700846
48396,47.06802100718895
48397,45.847016799867
48398,56.64393804632712
48399,61.59807263440386
48400,52.95157624634958
48401,61.58535428805387
48402,63.27712172534638
48403,69.45008974265718
48404,58.08253771733658
48405,68.18835852585401
48406,44.96457888281165
48407,46.86641256338457
48408,41.65153974406221
48409,31.18419533700288
48410,39.41273953529786
48411,51.27464238261619
48412,44.49711270594248
48413,48.31281911489914
48414,50.3898783764546
48415,45.35386390903339
48416,53.16854612319861
48417,36.08579223775179
48418,42.39013951933038
48419,43.59878665646756
48420,36.488102688229155
48421,40.24617098000119
48422,56.15955668611428
48423,49.63737930559226
48424,49.09492677169555
48425,52.70244298916985
48426,53.53406485406664
48427,53.85270228772553
48428,13.17059463666959
48429,19.181041052544025
48430,17.09036017756649
48431,24.011614370256908
48432,8.996088673383921
48433,42.42099236336925
48434,34.732827248463906
48435,47.46026932917702
48436,39.08607841755507
48437,38.61078561570048
48438,39.326384460525524
48439,41.82803539551133
48475,7.1558279452858935
48476,10.12282064125409
48477,8.005125515975312
48478,15.520766685426437
48479,20.764713886669952
48480,16.3954350880734
48481,21.146909319098214
48482,32.38216932005343
48483,30.650000923492076
48484,35.062360312653205
48512,21.851287630407636
48513,17.604150929364454
48514,17.610446950298584
48515,8.834301413365779
48516,19.30894595622
48517,19.949550572333177
48518,34.045067138460674
48519,31.0586714605276
48520,39.715287958186394
48521,36.25926347400016
48522,41.03787238907448
48523,47.62080563130791
48528,21.144042832076533
48529,13.65145822457647
48530,29.506874110987848
48531,30.371554626277153
48532,34.67675475901039
48533,35.600585319061246
48534,31.70192612730679
48535,47.52899828664976
48536,36.7805887538572
48537,52.37202499673033
48538,48.4202158233343
48539,57.2372875930598
48610,20.76240118946332
48611,21.76993118385926
48612,41.08348848872695
48613,30.173062689237415
48614,30.245605191837036
48615,34.3062452054179
48653,16.094972914792486
48654,21.22359231121495
48655,16.094972914792486
48656,28.575480725117814
48662,17.083843506690595
48663,17.083843506690595
48664,12.46507834880813
48665,14.587936401551639
48666,28.496256159879128
48667,37.27828798100452
48668,50.37786665260343
48669,44.011086012553086
48704,19.68612860955678
48705,33.60440628814396
48706,30.976544916348193
48707,31.006805898085908
48736,19.697148619002245
48737,19.697148619002245
48738,16.91742416259353
48739,34.17102986824494
48740,30.985097775099693
48741,35.1525902909893
48742,37.39273034259704
48743,41.816942534821735
48744,37.13172133061548
48745,53.63131845233916
48746,28.526370880868836
48747,35.48476763363367
48748,49.66485343252637
48749,37.616172157260856
48750,35.589884272469725
48751,45.67303200663729
48752,52.382956478302404
48753,56.050135841938
48754,44.225112248628356
48755,43.85721201741096
48756,54.43381216417937
48768,61.693131751271466
48769,44.65502106296989
48770,57.25199029874348
48771,54.271687056536784
48772,61.33068454113348
48773,73.57109372608153
48774,65.37457539185436
48775,67.45795019283554
48776,63.16878567353016
48777,58.47185404652105
48778,55.64908774515889
48779,63.44626408456532
48828,28.177146590108478
48829,15.881337375772867
48830,31.992816573339198
48831,31.416774072378594
48832,13.05120042439153
48833,32.15648125324183
48834,31.87355590352915
48835,33.545376945701236
48836,44.71928832007275
48861,29.241619178912224
48862,28.35713492527967
48863,36.09168468524738
48864,32.85910301349305
48865,37.56523093498243
48871,36.98999377728933
48872,41.16742651461687
48873,46.335694805267806
48874,40.41051848971732
48875,52.366412231387976
48897,19.29235844951378
48898,15.134240372026735
48899,15.59813284185234
48900,16.405841409208815
48901,23.15855420618164
48902,14.279647115481593
48903,35.89052987120954
48904,37.33209577535438
48905,42.88488310371987
48906,36.49913264763477
48907,40.312222307439285
48908,55.53267614289432
48918,14.428375535934885
48919,16.591604232752207
48920,21.390727655690117
48921,33.28280473074741
49051,32.48734224724527
49052,33.938540007828024
49053,34.612706321308
49054,55.41951620599143
49055,24.76357158786968
49056,54.74146933836289
49057,30.450661681490654
49058,34.83788903020726
49059,32.74061142857426
49060,48.29938676374558
49061,43.09918458525408
49062,52.25650331263752
49063,53.93186845614018
49064,49.540470319794856
49065,53.35940131088345
49072,15.104911655288372
49073,8.856937091484767
49074,17.610446950298584
49075,20.840690786983934
49102,25.537229186692354
49103,32.81737650154513
49104,52.57787392617332
49105,33.00540818428405
49106,41.93140316477969
49107,55.22842343626708
49108,49.891620661765124
49109,50.815224924103546
49110,48.79642158732047
49111,50.82663999880703
49112,45.259830445123875
49113,56.439271787324444
49126,24.763800274419655
49127,21.484540616561933
49128,34.30485472501102
49129,32.52153837778043
49130,37.17325388408108
49131,40.96145927692864
49132,46.03972354247497
49133,40.295787688001354
49134,43.02149475496984
49135,52.09684580310238
49136,53.72663071892129
49190,33.270995797584526
49191,33.71843120352412
49192,39.5508380450989
49193,52.27780267496698
49194,53.05127825091267
49195,48.452873750553685
49196,55.313124558452266
49197,52.942334967851075
49198,55.8735100315212
49199,59.951981096065246
49200,58.869227060077634
49201,66.65489031828221
49212,34.04014001625189
49213,41.265770407698554
49214,38.47779696915178
49215,43.23831462985069
49216,65.76182487605473
49217,48.610864284526905
49218,62.621417822354225
49219,54.752421320306986
49220,52.297809265210205
49221,56.216182860529976
49230,21.321382098445724
49231,14.477527758197041
49232,34.443046048805265
49233,35.87553519938901
49234,41.042745459373776
49270,49.64326806058874
49271,53.84211482991889
49272,49.77093559500095
49273,62.40201033507077
49291,18.495745860726288
49292,19.792348626625923
49293,45.52924570671231
49294,34.3397424713842
49342,17.531593503327983
49343,26.806494120728054
49344,32.34175988796127
49345,30.325469457231453
49346,31.587881411649683
49398,10.636066845271065
49399,11.775903979256885
49400,22.273242682489187
49401,24.919059812249305
49402,12.60987051492526
49403,21.380152003130352
49404,32.231886485563955
49405,39.6312082306678
49406,39.38901236293279
49407,43.05775721206705
49408,37.19844255964411
49417,20.805405477709794
49418,27.12065476757011
49419,21.15928927758966
49420,28.333010575115154
49421,34.705340264271626
49422,26.246070406227833
49423,46.75761438859271
49424,33.06347092714436
49425,41.9239045540683
49426,42.692974985923414
49427,43.72915553362539
49428,57.28655319551937
49429,59.42160025417888
49430,58.485112791869604
49431,70.03379101829445
49432,54.483271526576445
49433,8.890769256258137
49434,19.365413799112357
49435,32.051494565583546
49436,32.09819283748733
49457,31.141349487032752
49458,31.37309144857826
49459,38.84214277182361
49460,41.03838284556846
49485,56.78337760142386
49486,31.651076889878706
49487,38.48174912970385
49488,44.709671090853845
49489,41.14910689224993
49490,56.60626624102834
49491,53.36419273881785
49492,50.63353220143545
49493,45.96358183485611
49494,65.52267123937035
49495,60.95233512048148
49496,65.67084483238766
49497,48.47878064729258
49498,34.77030793209538
49499,33.712631724005924
49500,50.318621168576705
49501,57.72637642666146
49502,39.137962863869575
49503,51.02151412882848
49504,54.050418630740396
49505,44.550392664110035
49506,68.65424856611111
49507,54.598591442447436
49508,59.30384824738734
49585,19.99729404706587
49586,24.37658135161892
49587,13.825087698591478
49588,18.709961743525593
49589,32.061398993422095
49590,32.352035689474654
49591,36.7797282877963
49592,45.8618723332722
49593,39.70288422532572
49594,36.851376017007034
49595,43.789171953093074
49596,58.630539410738166
49647,11.879725585700536
49648,11.845796268234794
49649,15.581209675995195
49650,21.127119666219386
49651,24.88508648171747
49712,41.64957193311108
49713,33.09503435069091
49714,34.91282510339934
49715,43.39177259389294
49716,46.68122779405332
49717,50.932722374706074
49718,49.1903119507903
49719,43.692997288902376
49720,60.29834515749853
49721,56.1254547201784
49722,62.18700449381925
49723,57.88387767796916
49770,48.74666600595977
49771,33.27726940372862
49772,46.591969747503086
49773,51.66895242064301
49774,59.52365737051669
49775,42.9999039683832
49815,15.636603656134886
49816,27.757036223557346
49817,21.68278115668886
49818,21.362841604890043
49897,21.7203158777039
49898,34.052524582287475
49899,29.086813114479188
49900,31.87208920810909
49901,52.14029587455875
49902,42.623978843557566
49903,50.345999214062324
49904,54.82651034401348
50004,8.868199105341466
50005,8.936141093365466
50006,11.86234008120809
50007,14.254605291318432
50032,21.99995518016261
50033,33.78833918112714
50034,39.86630029057268
50035,42.51918169102837
50036,29.954462235741325
50037,32.39414600381707
50038,33.74089117690495
50039,39.75461538382487
50040,41.96499391022812
50041,39.019024379760076
50042,47.946431976128295
50043,46.04939190717127
50044,45.640731062246516
50045,51.64709866438983
50046,40.49411141620973
50047,44.668264353268924
50096,48.79621458019806
50097,44.55481363519434
50098,47.13588804001206
50099,55.50190101132572
50100,60.984846795387945
50223,39.014391549273114
50224,48.872066160274365
50225,47.31691953446273
50226,51.75348135159962
50227,50.12451538119198
50288,26.926411233061476
50289,16.09430811136484
50290,21.703724747273938
50291,26.76639674869742
50292,29.659000421761515
50302,10.155325348044887
50303,11.516771888103872
50304,15.179667810364656
50305,21.793463309309633
50306,38.9594794249559
50307,34.33761028935629
50308,39.92843094701515
50309,38.36722307752139
50310,42.97949883462663
50311,43.21697466868567
50312,34.943979761134464
50359,33.89916486993266
50360,34.061596530185454
50361,34.3530144173133
50362,32.89508123875434
50363,20.71278588330796
50364,22.2363688085437
50365,33.752094188747
50366,35.981547205115426
50407,20.77104474767286
50408,29.808907387838516
50409,20.77104474767286
50410,21.778574742068802
50411,33.152239694109184
50412,32.02241879235203
50413,38.062693319078356
50414,28.24076668861706
50415,41.6461368674518
50416,42.80637773150302
50417,49.428619556523245
50418,41.81826785796785
50457,41.727020437865484
50458,49.29085575938539
50459,48.060297359047134
50460,65.22281048059214
50507,15.11726925394546
50508,18.425014872540828
50509,32.6717948585685
50510,31.842071571162585
50511,42.626544888468686
50512,25.446272558964832
50513,53.68792295581903
50514,32.11313049001884
50515,37.452331518170155
50516,52.523679710409205
50517,48.05636004854223
50518,58.67923347868171
50519,42.09523971466482
50520,60.041031496364894
50521,60.55693519149928
50522,45.63739548732652
50558,28.9120812161456
50559,39.04451818474763
50560,35.09608267630088
50561,38.290114377557124
50635,58.216832567206836
50636,64.78609776697569
50637,64.82590469938248
50638,64.93419140013354
50639,57.707305113004935
50640,56.482027207118925
50641,70.31909088202937
50642,67.97588233763457
50643,67.57794657457913
50644,74.32734258187136
50645,62.4444132866122
50646,61.02127410586477
50656,15.287264347436018
50657,32.450586787277366
50658,26.973854755235557
50659,28.306305718072853
50660,24.172810596137964
50661,26.94418410500844
50662,33.152239694109184
50663,25.52930639533769
50664,22.2946276729086
50665,28.094206886346853
50666,48.22682236168546
50667,45.7560820906932
50668,39.844328636272365
50669,51.50828794203281
50670,54.749452530515576
50671,51.828746244637955
50686,22.30951624014943
50687,28.462347118730033
50688,32.05758977877278
50689,35.895370066568326
50735,9.426516429289915
50736,15.104911655288372
50737,19.904240928855035
50738,11.88327466617223
50739,19.30894595622
50740,20.840690786983934
50741,15.614720348558562
50742,31.21644517789278
50743,32.715051153859974
50744,32.678196002698385
50745,44.861028006267844
50746,43.37320595498266
50752,36.15941742643658
50753,40.38966911617711
50754,32.728045584942535
50755,43.30839935032742
50756,43.83701457678844
50757,41.04939137405811
50758,40.59034108353889
50759,49.81513780214568
50760,43.87076349964141
50761,52.775067689564736
50762,53.42254340315105
50763,64.53133654583604
50768,7.562806359120593
50769,15.056874215600832
50770,15.520766685426437
50771,19.80722041669515
50772,15.056874215600832
50773,17.511834371865614
50774,19.87418025198564
50775,35.07053437660841
50776,32.19160499513732
50777,36.57892117782442
50778,35.045190074480374
50779,38.93473284368258
50792,45.03247964313569
50793,51.43541481263139
50794,45.06427939616016
50795,47.96973047425504
50796,48.160626343509804
50818,29.191528422331327
50819,32.59419173724179
50820,33.14825673328969
50821,41.61809032936805
50822,44.09559197917768
50823,50.23641088517932
50824,49.24775612376001
50825,49.83616495358664
50826,36.68753063757738
50827,44.004894338902496
50828,49.52730214290798
50829,35.37162519751817
50848,42.192122920401395
50849,42.406921711640386
50850,51.431265789404364
50851,47.16544432516292
50852,58.447068558023716
50853,64.89409421663076
50854,65.30374300182294
50855,63.29332929289398
50856,62.394487560137854
50857,58.65831486272468
50858,62.86764792889931
50859,60.36467478326205
50860,29.838578038065634
50861,35.15852067292357
50862,36.596660325030676
50863,31.961452386675443
50864,40.22679177070963
50865,43.98213957012772
50866,54.82750375484721
50867,42.394774075979065
50868,48.94028781880875
50869,54.19847715475184
50870,53.2522313780403
50871,50.67999965482579
50890,17.29657186298842
50891,21.103274871271335
50892,34.10839992023432
50893,34.76043100092956
50894,44.059681039439745
50895,31.303048008966208
50896,40.1376994036357
50897,40.89878630681118
50898,47.8621775767092
50899,48.51835749115811
50900,52.56076442778415
50901,34.94129198459521
51021,41.17085415572259
51022,42.05865220383866
51023,36.00588025489999
51024,38.6328383240765
51025,33.798479815513076
51026,47.45200242144157
51027,55.49520841219615
51028,48.543096593561444
51029,52.119664044620706
51030,55.59480734158904
51031,47.78903138851251
51032,59.83489863020525
51088,36.85099098844495
51089,39.42520660360308
51090,63.09142889315727
51091,49.76963653324688
51111,20.71278588330796
51112,33.025892056681634
51113,30.58082052872863
51114,47.26845312240877
51122,44.77907209370111
51123,40.78723631211455
51124,48.799688925141815
51125,43.836038535874444
51192,11.90640826785333
51193,17.60464885292656
51194,17.60464885292656
51195,51.369209475562705
51204,49.99117899638416
51205,54.769987790132454
51206,51.44555210082514
51207,59.607548804053444
51208,49.23317929980598
51209,50.59898023453008
51210,64.30239916251097
51211,59.84744769735913
51212,64.72307664931897
51213,63.342607570821926
51214,68.84041174925451
51215,55.73758389377902
51221,11.283974063484273
51222,19.687759325261304
51223,23.926104519366913
51224,14.567866933229858
51225,19.09553120165403
51226,8.2724475831252
51227,29.916556686809578
51228,30.498189466494818
51229,33.49051683203504
51230,44.75971545740865
51231,34.55168730639879
51232,43.52975076392176
51334,14.969789313379497
51335,11.355918998541636
51336,17.29657186298842
51337,14.288040150729408
51338,21.79086531386846
51339,24.082163806421466
51340,38.97091624677427
51341,41.52955737342908
51342,46.34254274754493
51343,32.88347966895355
51344,46.054199456493144
51345,53.77339945403903
51400,18.270545307823095
51401,13.607279559766882
51402,14.498907219402126
51403,26.749006941017534
51404,22.081899243825966
51405,27.146064706227563
51406,32.33401861448301
51479,19.98592521634849
51480,19.229899036345294
51481,18.264790532308087
51482,13.704949086117942
51541,16.235692382553896
51542,32.79294001008135
51543,22.328988402945534
51544,25.326348184980485
51545,19.899833018634183
51546,37.321374614198284
51547,34.65377761132265
51548,31.20475438435039
51549,39.22456896043715
51550,38.62274102848802
51551,43.25364822348368
51552,44.55322190821756
51577,26.989377171908544
51578,45.146081104519276
51579,49.96530680012083
51580,45.90921001528648
51581,55.41798015129182
51582,48.697447620979894
51583,57.94212381606616
51584,37.12195079733445
51585,53.00195659914063
51586,53.700494696476845
51587,52.311332383559304
51616,45.67872461639716
51617,33.237324089634804
51618,49.06701394149079
51619,54.54003616386813
51620,49.08651023025816
51621,65.94068716776744
51622,62.357291127991616
51623,64.57348516423872
51624,54.510134843378616
51625,61.42533175400123
51626,56.78942884736413
51627,71.98716701837913
51674,30.880985295891403
51675,33.80644800750662
51676,46.118111810703965
51677,38.866613883589814
51678,39.408224891067974
51679,36.343928001032175
51680,60.92253689729349
51681,58.32391205075245
51682,52.940747471860064
51683,49.45989293429887
51684,63.16227865280829
51685,49.3761958993005
51702,33.931701076375745
51703,28.841306795500017
51704,26.093978122991974
51705,47.78923479218417
51706,45.22380974127718
51707,61.17411654151534
51708,54.7131796062501
51709,70.76695247925866
51710,65.30219729854873
51711,61.73766402328891
51712,71.19856656004139
51713,62.028099125446445
51718,19.7732691761513
51719,21.7203158777039
51720,24.011614370256908
51721,45.572987436547805
51722,39.94143114288439
51723,34.25184155435028
51724,39.71535969902174
51725,32.43855281180265
51726,43.39570857761009
51727,51.81548845359284
51728,42.56949520240752
51729,35.92398751928739
51730,32.05399982953112
51731,43.15519277563734
51732,45.18474302209846
51733,41.34057790676995
51734,51.51154792219406
51735,54.84368068669007
51736,50.113212920458345
51737,70.03402769926267
51738,49.26957835741314
51739,56.98755849737631
51740,57.44578101262766
51741,57.28926202930511
51747,24.55699943683721
51748,20.3186542427316
51749,31.474662363622222
51750,37.357494631232115
51751,36.32759316485829
51752,39.10990457291907
51792,19.619589223078975
51793,24.963834466155888
51794,26.378712175826635
51795,34.56337809351464
51796,23.60733866695616
51797,31.528763055952503
51798,44.823707805487885
51799,47.56501865555644
51800,46.22636291385116
51801,47.097086763254744
51802,60.69902047774735
51803,60.443170570282305
51812,11.699646630096675
51813,17.440091722380117
51814,17.41745604426113
51815,15.444365120640104
51833,26.622368161090385
51834,31.653502793222117
51835,31.709117783483098
51836,33.08925854398139
51837,37.26749300664153
51838,30.465912215647236
51839,50.81858112904777
51840,26.914162896717134
51841,39.77630962522821
51842,42.662468981328644
51843,35.01185823666937
51844,33.13594769758625
51845,45.59921484755439
51846,47.272863328753786
51847,44.62132363177102
51848,37.325049205845126
51849,48.503651152134495
51850,49.15427673112591
51851,47.966828116474
51864,41.9656588658687
51865,37.346032876262036
51866,34.449523248783294
51867,52.033395021290985
51868,40.2443255736349
51869,32.09988278852765
51870,48.159583877353164
51871,47.2348849452797
51872,41.042466790980406
51873,54.44701834845628
51874,54.933436322873106
51875,62.517296673536414
51891,16.723812944967804
51892,14.202705954488877
51893,22.13503007366627
51894,21.447439631069148
51921,14.1989354462123
51922,32.64753719679426
51923,31.316878664910178
51924,20.848368002122527
51925,34.805434620404576
51926,37.71002307498722
51927,38.056346527783646
51928,40.72132551627803
51929,38.62700615352652
51930,42.47240715536272
51931,40.7763717944729
51932,43.18839077704063
51937,41.207115299627255
51938,50.346284634592045
51939,47.30199207437809
51940,49.97697307963168
51941,56.16541495874023
51942,43.68649652670607
52202,34.49753315603504
52203,36.234956406821205
52204,34.2739606748763
52205,51.59679540170199
52206,17.07092058398971
52207,17.01199687229739
52208,25.24149775090067
52209,35.31887836298518
52333,35.09924742502322
52334,34.44956152753153
52335,39.99809055203676
52336,36.997388602005564
52359,29.884744806123333
52360,35.20468744098127
52361,21.187769464936743
52362,35.26638353569595
52363,55.70104492025257
52364,37.70882281299523
52365,44.16353418996494
52366,51.584849218660096
52367,51.95166482568007
52368,50.266228151538975
52369,50.257505221205875
52370,47.67644848890835
52377,10.22444198334174
52378,11.291120609105159
52379,12.452155426107234
52380,13.527128617324122
52381,16.934244655135554
52382,18.408423742110866
52383,19.756678045721337
52384,31.17215294723781
52385,38.52581319081573
52386,36.82970680597034
52387,32.39326170446427
52388,45.50729106734534
52413,58.311196084306324
52414,50.4108191937687
52415,45.711318670108696
52416,49.27765254029509
52417,49.15364904326553
52418,50.595938664605875
52419,60.8104692104352
52420,61.085470766490175
52421,51.21635849771534
52422,23.144958282117415
52423,17.544875779491896
52424,15.107892386045258
52425,17.70707127963038
52499,22.595583518022064
52500,32.38486260619687
52501,32.28470764895817
52502,35.26861084013386
52515,30.106869169374207
52516,46.245337093635506
52517,46.0374600403356
52518,52.153206172516725
52524,12.3429442718907
52525,21.16319522728113
52526,20.126144122027913
52527,35.437550047102675
52587,25.584322133178524
52588,21.98470873464948
52589,31.34971820227926
52590,33.51137512045614
52591,31.193547923091668
52592,37.85511980893656
52593,37.496994624255635
52594,35.08412896789715
52595,46.411044711830534
52614,29.11842584307451
52615,33.755200726598
52616,34.02080509059947
52617,35.363314592023755
52657,6.23265787149723
52658,11.879725585700536
52659,17.583216344400313
52660,14.254605291318432
52661,41.07738427761427
52662,39.30981971561718
52663,53.250811310112745
52664,55.99440242860536
52719,40.14409082676033
52720,32.80784592192412
52721,32.960721109756896
52722,34.60193407725584
52723,35.86782938511079
52724,43.87029722192615
52725,49.65803342215445
52726,42.14807645632252
52727,45.8655386241954
52728,51.21490981515327
52729,51.316658593623906
52730,50.55228244638956
52753,15.030128687350931
52754,13.083454070075064
52755,15.83783725470741
52756,19.68612860955678
52757,10.215664722016324
52758,18.337874305946308
52759,22.91111317014502
52760,20.4782016758011
52761,17.816698508675216
52762,31.664147387892438
52763,36.96227433212813
52764,36.24105960242197
52802,47.302809212902055
52803,58.93410370250852
52804,56.03960822788723
52805,64.63154963016345
52806,65.76132050713274
52807,69.43377199601457
52808,66.95590201211513
52809,64.08825415567276
52810,53.919180255949506
52811,62.103594237793786
52812,67.32118524212011
52813,72.34210182027614
52861,13.011382319283225
52862,31.20336342489747
52863,31.2096594458316
52864,34.58277784877733
52865,50.877754095321066
52866,53.49433285026703
52867,45.106615090211044
52868,42.63077895710242
52869,54.81083856827619
52870,46.01285420710442
52871,54.8228314603023
52872,49.67318281023344
52913,19.332176554622084
52914,16.445659514317118
52915,17.61104187058168
52916,11.890165607389454
52917,15.637950946960645
52918,22.467524420999005
52919,17.61104187058168
52920,18.61517641423594
52921,37.441288840230236
52922,34.612358305619445
52923,8.308664077376086
52924,24.202481246365082
52925,19.964136052259473
52926,23.189120612847713
52927,28.93389037916003
52928,36.99815530131808
52929,32.86597413949415
52930,29.663876058532086
52931,43.75194759456878
52932,37.204593678028075
52933,45.52934621346912
52934,50.26500234788678
52955,21.032725435106777
52956,48.49153708846759
52957,13.17059463666959
52958,36.25272993933934
52959,59.38618041985623
52960,43.98362170778129
52961,43.25682916954249
52962,50.843446447048024
52963,45.41777656433523
52964,52.61921904615299
52965,51.62190702149914
52966,57.12703368339309
52998,40.12458478096269
52999,26.9521068963631
53000,35.435324633807895
53001,47.76719755323648
53002,29.751320341323332
53003,25.42990741388881
53004,40.99596125048679
53005,35.31561347884883
53006,43.348621125538536
53007,39.631952951551625
53008,43.06745585597546
53009,45.81790583152465
53010,49.027495904217005
53011,46.89029784971357
53012,48.464751170108585
53013,60.74430507770189
53014,22.17032617819677
53015,27.371003670009863
53016,33.18543228668334
53017,34.16117762712484
53018,33.62232866797234
53019,34.427101433018905
53020,49.45399699115785
53021,34.36444686043873
53022,34.67799312027621
53023,54.85331053876415
53024,51.98726641074407
53025,46.445048703645824
53141,28.03805254749976
53142,23.612453702488015
53143,44.59173084066648
53144,34.38271708543034
53145,33.41314646055036
53150,9.585704919487718
53151,15.879595706735909
53152,15.879595706735909
53153,16.916429254071105
53154,13.521970164145523
53155,13.97869807345979
53156,19.182567286201976
53157,33.67938946954311
53158,44.660900362989565
53159,33.2995924567232
53160,33.97185321121003
53161,39.563390928320295
53162,23.665135243677316
53163,21.688054886227892
53164,28.602174265407164
53165,40.47195498198984
53166,28.279417136531976
53167,32.38844535520209
53168,31.271408758218712
53169,29.677935678843024
53170,31.336586530918556
53171,24.24991912139723
53172,32.789610983100935
53173,18.560382262164996
53174,31.819880601424607
53175,31.746032211249027
53176,29.30561865173994
53177,16.439266496661997
53178,39.416543205043595
53179,42.783739679786905
53180,43.798988644811665
53181,50.924586986113916
53182,50.02301120130981
53183,35.82351503071339
53184,35.24312293429389
53185,44.17842281515944
53186,43.05154305770222
53187,44.360222797979965
53193,29.501728923400062
53194,39.46941208206748
53195,31.48462317854808
53196,37.51903999420049
53197,39.56918730493609
53198,48.46607291436321
53199,54.86932356917845
53200,53.15778226301682
53244,32.58767106710054
53245,40.986029460592924
53246,29.71525786933046
53247,39.06138264573581
53248,46.30497272749224
53281,23.648309458321624
53282,19.83109677412611
53283,25.245978808853934
53284,31.47675476374607
53285,30.57007253799191
53291,45.533936314906356
53292,42.29879534355327
53293,44.94261126116546
53294,41.002816626030906
53295,41.43656281198172
53296,54.43019318554976
53297,66.55857699456115
53298,45.52593402799529
53299,64.66319042565087
53300,54.46165005881894
53301,57.373071335751895
53302,61.57400228016985
53318,32.714310858931924
53319,25.351519039026673
53320,50.850831068329796
53321,41.869770801997674
53322,55.7213886804001
53323,54.94772535425161
53324,48.514676285508756
53430,26.80119550620573
53431,38.22177955840764
53432,41.62913022752906
53433,30.61446842855763
53434,44.41144073681072
53435,34.593453528930866
53436,48.750669268580076
53437,42.93772471625682
53438,44.02021560370177
53439,47.97573143686735
53440,42.47099823380963
53441,39.328091072804185
53442,23.048639240893603
53443,28.79879114271339
53444,42.7170392669391
53445,28.84768444301173
53446,43.08386411576373
53447,40.97463978365942
53448,37.62698496853371
53449,40.911581604102885
53450,46.07984257068179
53451,49.37701340748011
53452,36.12697786249488
53453,45.045366995128916
53483,12.700513824866903
53484,35.71697438453347
53485,32.21470535153731
53486,35.86205582930092
53487,41.32859772211268
53488,42.953996067405875
53489,47.8775247258613
53490,60.2566141429718
53491,57.80331599663125
53492,47.726724820882495
53493,46.99977779171726
53494,55.66027692588776
53527,41.27996227456436
53528,25.386317796534982
53529,45.87443301288747
53530,35.14347866339663
53531,45.930441298165405
53544,25.42195065473707
53545,43.39177259389294
53546,38.176948143091174
53547,43.9109044161065
53589,47.32082679388697
53590,49.24824811061482
53591,58.77090515242415
53592,49.91572870248192
53593,55.26722414228675
53594,59.14610012267285
53595,61.907959508975146
53596,62.849348526714046
53597,65.83047849607395
53598,66.32449942828441
53599,61.346730561007206
53600,64.75167432837483
53651,37.8880361317765
53652,60.05553947528565
53653,46.694898353266765
53654,55.555458132499496
53655,54.48591104313223
53656,49.892290538588725
53657,35.718854712179485
53658,56.87055679187316
53659,52.65945537968358
53660,57.78043422130189
53661,55.69883040142372
53662,58.535630628778364
53663,50.63745150706477
53664,57.52284937353429
53665,61.78002189124594
53666,50.378799033591335
53667,31.20291430645188
53668,33.189656987890196
53669,30.48167580663903
53670,34.90953273197474
53671,36.94169570520843
53672,39.333985547098045
53673,38.126604445773545
53674,40.90790397935956
53675,44.16702709934099
53676,56.750066408233636
53677,38.79321746561545
53678,53.936742210876076
53703,24.798597398844645
53704,37.04934653313697
53705,38.738647912882755
53706,47.72667061192259
53707,55.03368761747206
53720,5.535336381755633
53721,8.841334780362779
53722,4.9225916581412426
53723,17.40222977864045
53724,17.34330606694813
53725,14.9063226735015
53726,27.05680555112664
53727,13.464530471938081
53728,21.027593501194062
53729,38.06718179769818
53730,41.02322347122769
53731,39.30812108830527
53732,21.461904938442945
53733,32.74167638622917
53734,31.7407514978373
53735,34.590363466533425
53736,42.01801554352347
53737,34.583300526454906
53738,28.97424156543475
53739,41.841241706293
53740,35.98296534224571
53741,37.46044436293327
53742,47.92205889119079
53743,46.252410303090684
53794,15.554455575673146
53795,21.15928927758966
53796,15.622397563697149
53797,37.236243988104825
53798,15.5370700711807
53936,43.557994871366304
53937,44.314281093524066
53938,45.2667137200141
53939,46.52302903602452
53940,54.6628426932767
53941,50.53724180676821
53942,56.70132624314253
53943,52.78440421079181
53944,49.80542884325525
53945,59.29392071486166
53946,52.80989383900901
53947,66.36145927491306
53954,4.814888352859182
53955,4.814888352859182
53956,4.814888352859182
53957,9.680395924112837
53958,12.170210783348004
53971,33.04627706746547
53972,34.7137413805101
53973,34.78395923503068
53974,34.59050687848759
53975,34.937768663972975
54001,24.156356854679846
54002,21.865058362126838
54003,29.794423150339057
54004,40.819785030180995
54017,20.156428194944695
54018,32.8028744450836
54019,36.7087691929336
54020,29.04561154940339
54021,39.377842915417965
54022,34.82893531091403
54023,42.78874118855058
54024,45.280642545077846
54025,40.73650656610578
54089,37.211979266260016
54090,24.202951877603912
54091,38.43583671998396
54092,39.054869192178444
54093,47.62894787460799
54094,44.356236656896264
54095,59.535495794965605
54108,49.34747306205957
54109,45.578150491980736
54110,38.93242723402169
54111,40.90736994524506
54120,13.51562000955671
54121,10.478481079189995
54122,15.061660739798093
54123,15.136038845510289
54124,16.407639882692365
54125,20.979609004425427
54131,5.815391816557945
54132,13.476248145149837
54133,6.2572416670448385
54134,17.535597325448112
54135,14.964285162082705
54136,19.782811813384143
54137,10.589536323299818
54138,34.52495270194562
54139,40.6071264367459
54140,38.162485250742186
54162,22.249506665065553
54163,38.755679130346095
54164,35.02767815256127
54165,37.6405892599891
54178,5.411117417928139
54179,7.299262182380844
54180,9.085505845535666
54181,13.898143048190056
54182,18.844207581045154
54183,16.237772232198438
54184,18.132684935680082
54185,11.836755652673633
54186,18.541717277550152
54187,32.06788043694596
54188,32.06788043694596
54189,34.81710728190623
54202,59.04816601969042
54203,64.31748979992692
54204,62.23055683108142
54205,63.60754185877455
54206,65.76565384825841
54207,65.7312935871279
54208,66.94668492283286
54209,69.64501624728311
54210,73.5819593493022
54246,9.001123160131545
54247,11.374518401121893
54248,13.766783611232238
54249,5.47724702353198
54250,17.095394664314117
54296,54.13305896890382
54297,35.985413845860826
54298,37.794068891920816
54299,51.23230043472602
54300,42.06626994309255
54301,45.28238125967905
54302,58.411870039812705
54303,59.49704931049189
54304,40.60157647805909
54305,67.51799490324379
54306,67.47748768735326
54307,56.885037322033625
54323,21.926899830564032
54324,14.1989354462123
54325,15.4931711594575
54326,18.418998655304957
54327,19.181041052544025
54328,17.09036017756649
54329,30.421194755517487
54330,33.84511073757106
54388,21.15928927758966
54389,38.14874323791324
54390,33.627291070314094
54391,43.935618456370804
54392,39.10239217114919
54475,6.707712401193694
54476,13.340589730160147
54477,13.97273416386202
54478,15.328254293322866
54479,16.13596286067933
54480,20.00512599814632
54481,16.13596286067933
54482,21.378185583492645
54483,17.21846048560503
54484,17.10485762541789
54485,22.974699255516235
54486,12.191750362492794
54493,30.99674000975351
54494,28.183117472433086
54495,32.75775020316036
54496,32.95292931278303
54549,15.079102789306253
54550,13.596320641855987
54551,21.027170114966445
54552,30.16435004345255
54553,37.25228942009128
54554,31.93225591498597
54555,45.28760678082078
54556,37.5989243877964
54557,50.03675158179502
54558,40.443656231190964
54559,41.26668024177961
54564,5.104687790979108
54565,8.973550800803135
54566,13.739211251903829
54567,13.148056764088803
54659,13.684883312029662
54660,20.857528367730897
54661,24.140849534104753
54662,21.10022546456502
54674,21.24136290351992
54675,33.24406206941744
54676,35.58840748999282
54677,30.864466524915922
54714,20.070349396664447
54715,19.539043273127366
54716,22.674391139504287
54717,33.45917943308328
54718,43.16619643067671
54728,29.310231319431495
54729,40.92427480496005
54730,32.76781881580033
54731,44.33827607004265
54732,43.59669094913775
54785,23.090873331141374
54786,33.378860753853196
54787,35.35547108244047
54788,31.635534055450258
54789,32.562337521305345
54790,40.68514900094949
54791,19.84495631097566
54792,9.11826621954802
54793,20.768965697557228
54794,21.027170114966445
54795,29.925409156206854
54796,34.86974042992948
54797,34.89518006331606
54798,45.06848760197025
54799,40.206024089438515
54800,56.01199442599629
54801,41.7397235019135
54802,31.589220971577014
54851,24.46906200891536
54852,32.893426026977636
54853,34.272862740750696
54854,39.85475600664215
54935,33.09503435069091
54936,45.83386154271834
54937,51.545040116183145
54938,48.69840436025965
54953,53.105571414038266
54954,60.55879733543498
54955,51.97229778863726
54956,61.64496473057053
54957,56.11281243849693
54958,57.363960395048544
54959,57.59789831250286
54960,57.893395261179656
54961,65.42683214902823
54962,60.479500851464095
54963,61.42873860517694
54964,66.01798829217884
55017,42.31724153169958
55018,54.457095272144
55019,30.76222170008725
55020,52.354624955229525
55021,42.834016598337
55022,61.35092766930025
55023,51.82551418927283
55024,58.134036239560665
55025,63.641213383807454
55026,51.416140280573
55027,55.56800546410224
55028,63.775478266098915
55041,38.88857259330759
55042,41.82051272433394
55043,52.05105050549952
55044,55.178860929808
55045,48.022873535637295
55046,42.12295025223383
55047,42.67410667835812
55048,58.296844217699764
55049,41.16095959838269
55050,57.310020435282006
55051,52.636573533528576
55052,54.229528905296775
55060,42.457765947570124
55061,41.403055881072454
55062,52.065334466714106
55063,52.201032700548396
55095,38.11790799993875
55096,40.97167904329717
55097,40.51541645518648
55098,57.68151094231793
55127,35.10466070901045
55128,26.889413223231326
55129,20.867392120635593
55130,32.97614850385699
55131,29.166114473579746
55132,32.74549645875492
55133,33.38374953714945
55134,40.96552225520494
55135,54.2057418054418
55136,46.63113860684371
55137,52.84112887671262
55138,41.8455059293273
55179,22.02436085899572
55180,39.67592010385919
55181,36.02644983500018
55182,43.63881588051419
55183,41.55238173023506
55184,31.272869972252245
55185,51.88163899598977
55186,57.97267340853875
55187,38.09023011721826
55188,39.9414248264588
55189,45.567641126239145
55190,50.962893533700445
55191,57.68713520240956
55192,46.34563677486964
55193,55.79463852121866
55194,58.314680746633606
55220,14.276037799844683
55221,19.918011660574237
55222,17.589141532351466
55223,34.35714105156184
55224,38.456381556355424
55225,37.56127163142172
55226,38.388180467349784
55227,47.268517952527596
55228,41.625065805001064
55229,54.39370893584997
55230,35.1381985779011
55231,40.171808155016166
55261,10.686575199461391
55262,16.40127524454715
55263,16.41053198306194
55264,15.138930945879862
55265,14.493015989749933
55266,21.03945749423925
55279,45.23648212126158
55280,46.9177866686863
55281,41.71350833488042
55282,46.78100908700203
55283,53.7590891884619
55284,59.78445020666471
55285,56.92816165488933
55286,65.54969315765346
55287,61.95720451989738
55288,58.396565081371
55289,62.757448670290884
55290,58.959396194011035
55349,50.65147974486077
55350,46.165110565275334
55351,53.030111751019355
55352,51.04928878093087
55353,42.2029584837564
55354,52.404551259875596
55355,59.582528913502316
55356,54.66223328275227
55357,58.07580018111751
55358,65.3492191871632
55359,60.93672157393264
55360,59.118630673475614
55517,11.806670236101958
55518,21.15928927758966
55519,14.2668774342363
55520,14.104419378835587
55521,9.338758927734894
55522,17.433030431917473
55523,17.433030431917473
55524,17.433030431917473
55525,29.191384662989115
55548,26.845076651841865
55549,24.759206671776184
55550,16.34305854378763
55551,29.41166312985664
