Index,target
66,20.396568485426716
67,29.548868849874534
68,30.429451301388543
69,36.21505688807114
70,32.60647945171586
71,40.05592735552178
72,40.008681996428194
73,28.458439865714194
74,47.88838956493561
75,38.911181007340794
76,53.157473966045984
77,51.60355888118449
141,34.059710039493915
142,34.902709128616465
143,38.68906983436752
144,42.30431895263379
217,26.807832136979176
218,39.076799643819704
219,42.36028539786228
220,36.101230048437834
221,14.779747703951259
222,21.095455620261603
223,12.922658992454329
224,16.639141796927863
225,13.822361245241456
226,17.102616160792735
227,43.45321693202427
228,37.41423123695993
229,45.11888404799562
230,36.9169279053894
231,52.210970411806656
232,43.54961926910201
233,36.43123778600583
234,48.69711252787709
235,47.66008884122228
236,48.35520275349344
237,46.20627153206044
238,51.145902549886124
239,55.26160380931203
240,52.95660128885216
241,78.23889268995232
242,58.38465829164058
243,63.23316196285392
244,70.2760325016997
423,15.58357744964747
424,18.577110630883062
425,31.895719232551816
426,34.97903877071314
427,36.13277427718212
428,42.94859152572878
429,42.380266861078304
430,35.286192415449506
431,45.31453848167889
432,42.48950354175093
433,38.194431938303055
434,35.94750775314217
447,17.8508084568762
448,22.79289982882431
449,22.29687302294668
450,32.160183828881365
519,25.67197057531306
520,43.43913889242104
521,42.84224568490375
522,40.812381881969465
554,13.196171404288796
555,23.52509849556142
556,45.67386540716843
557,35.273258900174376
558,39.96071537065709
559,15.9599265251488
560,19.67797214287349
561,19.16596015571044
562,23.75271835413225
563,32.40580096416781
585,35.915999534968705
586,43.7295582367246
587,34.58859872332566
588,38.12376968946649
589,36.38917625570713
590,38.36307923856712
591,43.45726496997074
592,42.332788845100566
593,44.22382600786381
594,44.20774159880516
595,33.98992282723215
596,44.23206038704531
606,26.372761293376886
607,24.921531990004603
608,36.02845671064396
609,34.78421487544278
610,33.69313744566941
611,32.98937126869437
612,38.39577589114491
613,39.36223735946867
614,35.15709125669216
615,42.603993652764096
616,40.363396917791256
617,45.40972143185158
618,22.36762475405445
619,33.21575722541014
620,39.01059139655328
621,49.56912481538671
622,42.365107428274264
623,38.12053046547007
624,44.71241258204874
625,59.19215758573715
626,55.965102136466875
638,42.487068352369306
639,43.36046577695711
640,49.918309828329
641,52.5707109442886
713,50.68460802427969
714,37.64793023865148
715,58.96445917841074
716,56.406170206599604
717,58.99109381533392
718,50.16497658001136
719,61.28789639599669
720,65.48683995138926
721,56.433627481249275
722,57.60962770286363
723,54.90234849588294
724,62.77753580839121
731,32.18516150429177
732,23.61159570314458
733,29.580232488204338
734,32.03780741325118
735,29.025264308266205
736,32.52618498780791
737,36.13620173612193
738,34.59415671604555
739,40.69553688061526
740,37.22834972544264
741,49.40254610494986
742,49.66912813596187
759,34.51598725424789
760,47.52302605668072
761,38.39141833444734
762,35.83808364671654
763,43.09033434984252
770,32.90185651283759
771,36.9689003997448
772,32.451885844416346
773,33.78395297011921
774,38.86243554226955
775,15.215175741756534
776,29.304870359857784
777,31.432315530235233
778,32.97303657194972
779,40.79162399757678
780,37.29981754873057
781,36.42360656804213
782,30.614852981392104
783,47.831081676011976
784,56.493931575052684
785,57.8944508282711
786,45.28238149230566
787,40.056336918228936
788,48.923283079962076
789,42.23394887762575
790,51.007536974085696
791,51.82195565377985
792,56.75168393429121
822,40.783128323873996
823,45.08400865524088
824,52.35375074847009
825,46.336646594313436
826,55.07925529399134
839,22.125816563628728
840,22.78377132460422
841,36.472595940488695
842,39.221406640165846
843,36.72866378897864
844,44.618311311104684
845,43.34793517704835
846,42.9031574796959
847,41.037146380445975
848,42.38276259353351
849,43.46384345152936
850,45.96941241270798
911,20.635260716799966
912,17.52408187631119
913,31.877621096331925
914,21.915616895554408
915,22.422616151771802
916,38.2836216919184
917,38.380822692345106
918,52.812770307281454
919,44.11109653759174
920,46.456732301831025
921,43.32449612569101
922,48.14961321043467
944,22.863187158071444
945,37.12596184874953
946,34.42131099382331
947,33.22610309558897
948,36.17316119212497
949,50.165492239412934
959,47.02021777560959
960,55.09050290875632
961,54.223553921836256
962,52.18559998940055
963,55.37412491538833
964,47.782673996494324
965,59.851424155971316
966,60.66353974421496
967,66.68317499593626
968,62.923876584570316
969,66.43003968759193
970,65.8793457594454
1097,25.809738829407376
1098,30.64205766595954
1099,30.12731766187465
1100,31.639343780635837
1101,45.334804772791514
1102,44.90880684259074
1103,34.04414095309394
1133,33.53231610483228
1134,48.01622658061399
1135,45.63438719662737
1136,49.20785408812669
1137,59.17474735537488
1138,58.97194809516051
1139,30.100542008859627
1140,36.34042715714775
1141,30.800469147642286
1142,30.260841222650786
1143,46.166863601499976
1156,34.57240383668285
1157,24.970586174301296
1158,34.43755337018924
1159,37.37255608998239
1271,27.844523934357372
1272,32.026841422449955
1273,36.1485667111884
1274,35.37274912278612
1275,35.40758995553361
1276,35.46261850276254
1277,54.85978520994816
1278,44.77642642573332
1279,47.60160962155512
1280,50.73042613125957
1281,50.55273313578948
1282,56.919878559852734
1294,51.88952699563473
1295,60.923457849727946
1296,59.37165411410333
1297,59.77151693526852
1298,60.585942530839304
1299,57.87526533916789
1300,65.4308319902908
1301,64.72107920942665
1302,79.61260325157812
1303,65.99523291878499
1304,69.73385339767715
1305,79.22564929253127
1318,12.367317713523612
1319,20.62310070060694
1320,10.080023995558632
1321,22.279784084662836
1322,18.435965239506366
1323,30.358209530121684
1324,32.93939883641048
1325,37.52805521975333
1326,37.202154795948466
1327,47.9669744279829
1328,38.602120862382044
1329,62.84274879472962
1443,24.294801142430465
1444,37.319535720265876
1445,43.77113928047458
1446,38.35200537311982
1447,31.084295853545996
1448,34.15001994236772
1449,29.942745833421252
1450,36.74052301791149
1451,39.3834384711479
1452,50.13598949255881
1453,54.470848326561786
1491,23.147557520054438
1492,31.51549391738797
1493,34.06876354802726
1494,50.75894423981037
1495,39.829101956818135
1496,42.51563626802115
1497,32.58775039183524
1498,45.56105334519559
1499,36.01446420753782
1500,42.643103795120574
1501,37.55310672949331
1502,40.34146010291267
1540,44.46131962068796
1541,52.094397393215665
1542,42.109881390071514
1543,39.55545725683237
1544,52.69592320352465
1545,34.67338013125941
1546,51.073158137307644
1547,51.66210901085891
1548,66.6980599906344
1549,61.15954324148503
1550,62.77549357058683
1551,59.9708437391711
1682,33.089184066135715
1683,54.557574959935074
1684,49.84506391851123
1685,53.73671012014899
1686,45.878290913918335
1687,55.10690873666271
1688,54.96253070586438
1689,61.25261451992447
1690,59.227468205002
1691,64.4950615269949
1692,63.02662062204016
1693,65.40160963553643
1788,5.665823935177283
1789,5.617099466164102
1790,5.507474881624617
1791,6.096620011841824
1792,6.169214097210313
1793,10.617359504337369
1794,13.279922058387788
1795,22.131063619737397
1796,14.608935413339498
1797,16.544498749661248
1798,20.840646569989634
1799,21.93051199777636
1823,6.146418372561267
1824,35.03183134856129
1825,33.917509291098845
1826,37.77138667041052
1827,39.979472946605114
1828,38.73114820070394
1829,45.544566485027914
1830,41.09329431775204
1831,58.31030969651868
1832,56.48658966036397
1833,36.07971965792619
1834,53.99674522794594
1835,5.840274928997558
1836,22.263321069399435
1837,32.608871574251
1838,30.674625952986702
1839,40.505250299941835
1888,11.44434067238256
1889,18.27216126771584
1890,18.410257942256262
1891,18.50137593496493
1892,20.923247601037012
1893,26.928739025494124
1894,22.51334201520135
1895,32.1454861604776
1896,34.94573572209932
1897,41.79467652198373
1898,59.24921920585561
1899,55.57858075381244
1900,15.08265830836107
1901,35.382796230991524
1902,30.333283798498073
1903,32.93133671499575
1921,19.795816964666543
1922,27.044594425134427
1923,32.552256861988106
1924,32.0067974544991
1925,34.36380819701948
1926,36.98991406805942
1927,36.765325612922744
1928,36.70054039467738
1929,37.72096982726721
2057,20.487740128399224
2058,20.58375255086765
2059,22.93047615063763
2060,42.5254445710674
2061,31.51989402610786
2062,32.456155163443505
2063,30.02605522086002
2064,38.78363659912213
2065,43.31117305846351
2066,49.11666568331359
2067,46.54452403621438
2068,54.35112562791376
2139,49.13306186672517
2140,43.33087682128045
2141,46.70914067606747
2142,67.58743879963184
2218,20.940367215834584
2219,38.03339445942772
2220,29.175961397985635
2221,35.23200033025683
2222,37.47376794844949
2223,42.480392679045366
2224,40.91939718468452
2225,49.203068443612196
2226,44.329256637965635
2227,41.73531426901526
2255,38.2749393686151
2256,31.45652287623768
2257,34.904376883172965
2258,32.4728517599758
2259,33.2980422320152
2260,31.315077715198175
2261,42.202964676063
2262,50.776039041598985
2263,47.42033461177251
2264,42.59561495080927
2265,45.92764749601921
2266,56.45553036142842
2271,30.702774841132985
2272,30.08284525057902
2273,36.610492374636976
2274,35.272748393711325
2287,25.23659593405378
2288,18.606217382998423
2289,31.482040817852795
2290,42.03414923588016
2336,13.529866039865386
2337,32.410671288816644
2338,34.524081126273074
2339,38.09227618167745
2340,45.109106706240645
2341,45.267402610744284
2342,47.0338978031138
2343,49.06020906915947
2344,41.43916427584881
2345,40.62982868032738
2346,47.61306006438307
2347,46.5464647472971
2413,17.44168078180907
2414,28.15567276695457
2415,14.908050154388865
2416,25.208870370110795
2417,34.04560178037122
2418,30.236187529829333
2419,39.132092982786475
2420,36.26976488575874
2437,39.41428846842558
2438,31.33272365941159
2439,43.798170177547455
2440,59.702202140760235
2479,41.03174345379143
2480,45.42434965882821
2481,33.06005058873111
2482,41.50298396499853
2483,22.875926079532114
2484,18.778405284100312
2485,31.874662806021
2486,32.25086086382499
2487,28.957793266451464
2488,29.676516047128203
2489,47.80015329409436
2490,50.30789814932566
2491,46.68879631367301
2492,31.202297240460904
2493,37.39211800414164
2494,51.92194445932029
2535,43.15635983974944
2536,40.668280720511774
2537,51.61861947885482
2538,52.08888972414578
2539,55.13806402851908
2557,28.14613458886924
2558,18.017932072458432
2559,32.1302296140953
2560,41.07161594818224
2561,34.55546691057674
2562,30.821219687076667
2563,36.247385006882105
2564,60.35932304970812
2565,47.77931390524051
2566,41.06494348184315
2567,49.989239492797395
2568,55.04330949133878
2573,40.38903090737367
2574,44.93445933531258
2575,37.037665402368006
2576,61.92216753750352
2577,31.82822319184364
2578,48.643992646507066
2579,50.825691717596776
2580,38.05618280765276
2581,53.19713911090887
2582,53.98531076774479
2583,59.70406813853839
2584,61.066463533682665
2585,18.116619728284487
2586,14.084807055638304
2587,18.90594792416825
2588,9.724208009297673
2589,39.653916953197005
2590,42.3482558451303
2591,48.36328923736541
2592,48.13126231805797
2593,52.06501983403367
2594,34.67928573649903
2595,35.64186622352866
2596,32.25905487250329
2597,36.33501552415305
2598,57.455524124373156
2599,40.91553603611626
2600,46.319257570201984
2601,52.90809650482131
2602,36.86286873473375
2603,38.38530073507799
2604,53.41857022480203
2605,45.279204187733626
2606,12.926085117314953
2607,19.740042506506192
2608,13.787596381347873
2609,19.743704271465983
2610,17.693324758494835
2632,50.61875668919248
2633,41.51709686974602
2634,50.80683665708904
2635,41.57560662007565
2636,25.061397149896294
2637,30.297982736688027
2638,33.11295204973869
2639,35.702146273336616
2640,33.55324757417302
2641,47.97917907484194
2642,58.58325895814468
2643,45.9110620349788
2644,56.60801141397475
2645,63.07739436557561
2646,56.71900179082479
2647,51.13745368799709
2672,9.392231561673507
2673,10.62554181359352
2674,13.423322744587109
2675,16.665237514161596
2676,12.794218493666625
2677,26.97935248334201
2678,22.543442613385277
2679,37.231379350866234
2680,35.0719505599123
2830,31.61030206144909
2831,15.813147851465121
2832,29.484091146676633
2833,19.868034030421025
2834,40.70260066039183
2903,11.807370241023479
2904,8.481624233226386
2905,12.876851858482183
2906,11.899502928474506
2955,36.48089918431473
2956,44.469818528302106
2957,38.9198516663654
2958,37.797305081625886
2959,41.22443167309246
2960,46.745539151310176
2961,49.60950663739172
2962,56.46560282338444
2963,61.50193963634143
2964,34.22753203672907
2965,44.62726701829864
2966,50.13888243279649
2967,49.35923406572286
2968,45.33407722257198
2969,49.33270770152648
2970,61.42348538839763
2971,54.24502423093414
2972,52.65529510440588
2973,58.20664706913897
2974,57.1991464734546
2975,55.84034560831643
3006,57.568695336114814
3007,66.12826391485396
3008,58.72175617310202
3009,71.14090441257375
3010,60.36212982635178
3011,68.66476178289149
3012,67.56750166537778
3013,62.8962078072874
3014,72.12390965488981
3031,27.01603240244709
3032,20.57700836669822
3033,49.810698866046934
3034,52.19284927991746
3035,39.46656778146143
3036,54.65447909732259
3037,56.20276512508384
3038,49.41605919573268
3167,18.69813194579123
3168,21.001254527396426
3169,24.355413808220298
3170,12.771900873080334
3175,36.55887035711507
3176,36.385767454132534
3177,36.0120156098035
3178,34.501894128506
3179,46.194395556635655
3180,43.56658684183528
3181,51.67318870187667
3182,58.34729292492019
3183,54.89098150252774
3184,43.30044051948561
3185,62.9395281694742
3186,54.42034240642503
3192,26.245835609331564
3193,20.27562701246104
3194,33.5523334221104
3195,42.96752444293705
3196,36.7121022606033
3197,11.59355459809189
3198,5.197520557721915
3199,23.22455367931283
3200,15.247920932252496
3201,30.65737868435902
3202,44.404772284568075
3203,31.07252096100795
3204,50.27467546433795
3293,42.52786250773445
3294,44.07021841934195
3295,33.35745105502055
3296,38.000151016639066
3297,31.994412208893856
3298,41.684402789566484
3299,50.88257774856503
3300,38.76274654751515
3301,42.59946344692869
3302,52.01023828023248
3303,54.93789759076526
3304,45.57628315470921
3305,43.41329491829082
3306,59.63115632948576
3307,59.52235059046374
3308,47.748580917343546
3309,15.355145908264745
3310,20.3072558939447
3311,36.52537510265188
3312,34.854129611573526
3313,40.37673345330599
3334,17.820308779518328
3335,32.1319893400639
3336,36.659518180214526
3337,32.14137453317918
3338,31.2810439629455
3339,31.780714650961226
3340,31.63208620153677
3341,35.443275098822404
3342,33.89291841578224
3343,53.983144381571904
3344,41.69963067750328
3345,41.263892388069756
3346,54.8585473115799
3347,34.47252520754073
3348,42.76199415053167
3361,19.418338129863958
3362,19.70960927577283
3363,15.977993909143862
3364,41.378821079878215
3393,19.151823158663554
3394,19.420330683897955
3395,22.636632551714694
3396,28.785428530858393
3425,36.62124113021064
3426,36.76249964492474
3427,37.37206886797503
3428,61.31168365901906
3429,50.421964714807295
3430,55.350776414107344
3431,55.853096778436445
3432,54.978969306924235
3472,15.63818615248728
3473,22.383676895572112
3474,16.026305988619093
3475,17.612838983718568
3476,21.727955143952833
3477,40.373675984480975
3478,40.59499277885166
3479,40.04482532316451
3480,38.00319922175142
3481,46.59435500056844
3482,31.51173484089255
3483,41.04299650717751
3521,19.32217122311772
3522,8.614551866580019
3523,15.455151049437365
3524,24.012464561349912
3583,19.142121326620114
3584,14.068656957483553
3585,8.287128861927066
3586,36.843745549209196
3587,36.68272373992427
3588,35.204674918028125
3589,41.42950098225284
3590,50.99636402203261
3591,47.18663252583262
3592,52.717924579481846
3593,39.04968416989755
3594,14.880359930200862
3595,26.59110467282027
3596,28.648927782545176
3597,38.08241389780746
3598,33.70833714183406
3599,6.349146920188928
3600,5.677887731541925
3601,13.584017959339995
3602,9.603549388918616
3603,14.62872895905109
3604,18.218702065794364
3605,14.376576686975124
3606,30.071123230816593
3607,37.98859992455098
3608,32.83809219200653
3609,38.40084240055913
3610,33.28207587546229
3644,14.469189185209935
3645,15.61550003120705
3646,15.61550003120705
3647,7.823250608542804
3648,17.201345176192138
3649,20.36220486846523
3650,21.643130961708213
3651,35.36677691619098
3652,32.55087851531919
3653,37.0985714760901
3654,40.52296494426106
3655,39.709452387942335
3812,35.42912945090992
3813,34.756940679742655
3814,37.08616288202433
3815,39.681332462238665
3816,56.07756566265964
3817,56.66628911464841
3818,38.959145021741534
3819,35.457474315037004
3820,41.35867279582852
3821,36.68428712796812
3822,49.25018611565608
3823,42.0808175934931
3824,54.75664077870111
3825,54.3831455186639
3826,63.25041118841122
3827,47.01044710241883
3828,46.02662604533416
3829,62.342003853860284
3886,32.26242305703668
3887,32.143451791074355
3888,39.55026562169758
3889,32.122330453811955
4051,14.81822401384227
4052,21.685655416987995
4053,20.711217496534406
4054,23.153861334505248
4055,20.413587710438122
4056,12.341908040009903
4057,16.94282873046835
4058,24.190920282283813
4059,32.35687011977407
4060,32.76326132410578
4061,34.42222978710678
4062,34.26715581699799
4128,15.723466284836496
4129,17.827576067631966
4130,25.687786850686148
4131,20.218824455738158
4132,32.660131480356924
4133,30.466458319425442
4134,27.137941700590503
4135,38.914167389595455
4136,44.6187537359967
4137,42.65724660180456
4176,19.070283906037087
4177,27.871435635660355
4178,30.726939553590157
4179,30.45549398196851
4201,48.220425544205945
4202,52.383220917707234
4203,39.606612243263044
4204,34.51356969328074
4205,41.58581594687465
4206,59.6231418640375
4207,74.58444581906599
4228,52.86563420460709
4229,56.38657198643464
4230,50.39248093151072
4231,53.327550777088
4232,55.09835833605316
4239,23.720413131599212
4240,26.810393818903805
4241,37.358526491145405
4242,37.33174929629564
4249,26.55088296557721
4250,22.63042508778392
4251,25.18075185562522
4252,38.11000912029081
4253,37.448354374844634
4254,40.652849552253905
4255,42.05312978220025
4256,54.34362816541034
4257,34.348112795004326
4258,38.40175405084269
4259,37.771595416770026
4260,46.86804982020094
4270,47.937770472876146
4271,34.35464186202964
4272,49.41962487709637
4273,48.00944052747835
4274,43.90456227950453
4275,50.97680836150428
4276,34.184875223696935
4277,42.759104602299196
4278,40.231174636676755
4279,49.56130303773591
4280,51.773462162371075
4281,42.52741490379536
4282,52.62026790022338
4283,44.308232463143405
4284,49.67360760207833
4285,60.92828249772454
4323,11.94805566398656
4324,21.642043718343075
4325,32.89819417758164
4326,31.471878737703452
4327,39.144329267125535
4328,35.136714792146655
4329,35.32324498475147
4330,52.63061783293615
4331,42.092134008965424
4332,49.496821881975514
4333,36.716157795136226
4362,8.584146257704099
4363,17.133469455611984
4364,18.419729599904404
4365,4.161123829298516
4366,11.747274553661729
4367,44.55483470014037
4368,14.656108204784731
4369,36.307890021052586
4370,42.90924653287441
4371,33.8448721751423
4399,34.246686082040675
4400,40.166760860828546
4401,37.03433695109068
4402,61.01509472858943
4403,66.005387874911
4425,24.499952861140752
4426,35.32831084386616
4427,54.514023709882295
4428,40.45861990097159
4429,36.412443300361765
4430,35.6565741377695
4431,37.79131989772644
4432,47.19930556084757
4433,43.80277674398837
4434,50.16083592598264
4435,48.60269662286464
4484,14.811987418553997
4485,14.943295968416994
4486,24.855321400005522
4487,33.40418933880177
4545,19.603046223731205
4546,26.72204245612817
4547,29.121395259697202
4548,36.41835387374935
4549,35.49787529096499
4550,50.788995029128635
4551,45.023524154650964
4552,40.12278500301253
4553,47.31720162140537
4554,45.28613071975925
4555,43.835869113428664
4561,13.936086413260472
4562,19.54394509753149
4563,20.264193122287228
4564,13.936086413260472
4698,22.294685777068448
4699,24.80794694117416
4700,35.48004872819568
4701,36.203820052251785
4702,38.58197778467812
4703,38.09732611134647
4704,37.7801690126724
4705,45.75634528568693
4706,34.27439412421836
4707,46.87068951722478
4708,37.754971992792946
4785,15.170129644196903
4786,18.459480094044036
4787,40.32248555148853
4788,31.110254692561856
4828,27.467320462927624
4829,38.552584387337625
4830,28.509419731202453
4831,36.4424787393046
4832,45.60959412379042
4837,6.152563568261326
4838,9.00309684512334
4839,10.179361640040678
4840,41.50272300054993
4891,22.1047794152683
4892,19.412485018755117
4893,21.985215651319027
4894,30.31888431595761
4956,50.06913527618705
4957,61.10921271397528
4958,66.81055458541546
4959,56.37843594349998
4997,15.805756897877982
4998,23.481296335354497
4999,31.237229437214005
5000,30.675315198726253
5001,28.86888354037791
5002,33.67809143318257
5003,29.39475621617886
5004,33.875870148343814
5005,35.300489076140195
5006,33.03497581555117
5007,44.490747199145446
5008,52.699266024637275
5045,6.249605584664886
5046,9.538569206632435
5047,14.86196981062316
5048,16.359242944324716
5085,18.00931667311619
5086,12.295375165354097
5087,12.784418626207168
5088,22.91244438924562
5089,25.289460249595322
5090,36.7061093022308
5091,34.18193623483411
5092,36.74732003982897
5093,40.533698432752516
5094,44.9414617474763
5095,33.932643402132264
5096,43.21794330147354
5097,11.03520249444942
5098,26.0067570044994
5099,32.2913869252228
5100,32.989181138581195
5101,40.21045950458644
5102,39.61996772192062
5103,32.580639783004735
5104,61.31706749776369
5257,9.461468715316569
5258,11.439337591954256
5259,16.387008950885285
5260,9.477332144443661
5261,17.605855516356545
5262,17.607164953255534
5263,30.7319683012631
5264,37.6580996226338
5265,33.44542895611224
5266,32.55297296411184
5267,47.220580778552645
5268,44.036218890917816
5372,50.9282250105907
5373,40.78519507462211
5374,56.931052300120236
5375,53.684574118764715
5376,61.68156514632301
5377,61.15919650003777
5378,53.32081000446244
5379,60.229844210030606
5380,59.69909414238579
5381,67.59965946764765
5382,68.03151229877945
5383,69.63003918369604
5419,20.973068225557313
5420,15.749299592657932
5421,31.859659350383257
5422,31.631383332148317
5423,44.24607446433808
5424,33.03977094512403
5425,43.15183447876605
5426,42.70455139314529
5427,53.802127338721725
5428,53.78012174107079
5429,39.349475343240286
5438,43.55852182587814
5439,49.54663497635142
5440,52.084383039371254
5441,52.371291597885495
5454,46.07647481359214
5455,26.061399548414975
5456,34.900969609062194
5457,41.133461946280086
5458,54.23113384644811
5459,67.14164091038477
5460,53.35674702010101
5461,66.16382810465927
5494,17.033650860168006
5495,15.094761359392525
5496,33.43915328310077
5497,30.94794492612483
5498,31.83991212647217
5499,37.17787970476925
5500,34.563104453204396
5501,37.23992563922667
5629,5.5114635786049115
5630,13.79637497105591
5631,9.006582995448005
5632,15.797777978123523
5633,41.88610530419565
5634,36.207646111316954
5635,44.820748401932484
5636,53.34012876544555
5637,43.247635059438906
5638,48.23963653019251
5639,43.23272338435654
5640,46.49050386464495
5641,49.33303331544254
5642,42.14856872756651
5643,54.67368432120883
5644,53.028616214058594
5645,6.295042701138463
5646,16.314963069472245
5647,10.919162743235118
5648,20.83758736169161
5649,20.447211388737614
5650,29.386045549996634
5651,36.33670269779696
5652,34.892189675676015
5653,36.278710448134156
5666,39.746543690016665
5667,48.476866198107196
5668,38.233012487620535
5669,42.20688048712362
5670,37.18134188478154
5671,37.20797820309699
5672,53.27713053297665
5673,57.881102384559306
5674,62.839724936038344
5675,55.76279126093844
5676,60.885000501952874
5677,56.404446630275146
5732,15.22552119162072
5733,33.68498380688493
5734,22.573002966446808
5735,32.05732020676745
5736,38.99144276720065
5737,36.39158056146369
5738,38.974650400138735
5739,47.94905264192041
5740,47.54611758046468
5741,45.6356194515178
5742,44.83652377360683
5743,47.64190705761612
5863,54.80111046661025
5864,40.458556173448294
5865,60.241170874089526
5866,55.04543059483602
5867,63.95084832014334
5868,58.93249526850352
5869,66.80067171661163
5870,63.474034347353026
5871,62.733676701847834
5872,64.133892227648
5873,59.19202999106822
5874,66.0055508498402
5907,35.77011437805713
5908,37.315166219251964
5909,40.02844894538369
5910,56.646716367759616
5911,40.40309595646369
5912,40.505703870117316
5913,37.35497772924861
5914,43.448243785696285
5915,52.0898103670324
5916,66.21997619687623
5917,57.01753601210245
5918,56.009436767064976
5940,29.108199146767483
5941,35.02511847074635
5942,37.41629683460116
5943,32.57898162806713
5944,12.986628546761246
5945,18.065660722509676
5946,17.816557986271846
5947,26.32863874048882
5948,21.763744227021164
5949,36.335044975171826
5950,37.30984445820433
5951,32.87661735449906
5952,41.817530172866604
5953,38.58914021552727
5954,38.87403414897476
5955,58.43407297508075
5980,27.765430972128236
5981,36.613842065271406
5982,28.445478720181477
5983,45.627239186561155
5984,48.81369897149159
5985,36.50636221731035
5986,15.46816377180209
5987,36.4130492084791
5988,47.61876278162777
5989,48.73060219790563
5990,36.895029591999055
5991,41.50055952719174
5992,53.22961605921706
5993,42.378606358362006
5994,41.830143341764966
5995,51.10139497482557
5996,55.159957916974925
6001,35.421046523739136
6002,30.488836328802336
6003,30.29506539469259
6004,51.56924546568234
6005,53.52683279278699
6006,39.929239843575644
6007,63.094311150361484
6008,65.67415439093628
6021,33.039211584908216
6022,36.493294462094504
6023,52.363494864603446
6024,53.00905767812667
6025,64.99697991792569
6026,55.27950374839714
6027,52.81695683205759
6028,55.41870926815277
6029,59.80391434030189
6030,62.53804954277735
6031,59.11653604373554
6032,59.53423305034525
6122,35.67342171272771
6123,20.066503509383534
6124,46.06288938767935
6125,36.96764093828634
6261,24.59523480361625
6262,37.83639833729493
6263,50.81795768127656
6264,52.957264436106826
6265,45.94590924848588
6266,55.18837845726692
6267,56.58465353859323
6268,48.92951569191723
6269,54.79858712117031
6270,57.973358963521456
6271,58.525323870179776
6272,56.04446084881216
6313,43.92394989229151
6314,44.62473316115513
6315,48.30470232168434
6316,47.24630869800605
6317,58.65884070491262
6318,39.20884414350512
6319,53.2247964123741
6320,55.48290225335483
6321,5.858967497336424
6322,5.968280670664989
6323,14.994628606391876
6324,15.20631967686324
6325,14.83373283032419
6326,15.825978943450986
6327,16.021874130062773
6328,31.30356613956956
6329,29.895005251568648
6330,40.73506063093975
6331,39.27078785407007
6332,33.25032805527133
6348,10.356781556737388
6349,13.859573789789934
6350,10.090249944865867
6351,15.999946431856213
6352,13.859573789789934
6353,16.10560086550959
6354,10.33000953607019
6355,28.68474267528794
6356,25.24514922995315
6357,29.782537524781933
6388,28.62511527916089
6389,30.11962569165203
6390,16.975142653246518
6391,32.09012214316395
6392,39.595051425959625
6393,35.787256795779044
6394,31.07061593274486
6395,46.56058918784305
6396,34.67102972383513
6397,36.83211954539937
6398,50.89309588796229
6399,38.638245586876536
6462,10.933533110591483
6463,17.93232869072381
6464,26.141085191630538
6465,36.72206732580566
6486,5.3468765027818375
6487,20.886320954108992
6488,19.116809323724716
6489,14.837716812906365
6490,26.496284521781757
6491,32.62790692397546
6492,37.58110612006229
6493,36.8519691887408
6494,39.12978306895793
6495,47.82306177549222
6496,40.969303872822024
6497,46.08015802535035
6538,29.738367306323227
6539,33.64914213686601
6540,31.91419100030185
6541,33.93727251424132
6558,32.16088313949398
6559,41.457353433649885
6560,39.2974223552766
6561,47.02280724892935
6562,12.813440280703277
6563,18.993012306889156
6564,14.149637451907982
6565,29.81507700418503
6566,35.22786818242972
6567,38.34674375150995
6568,34.431596857758954
6569,31.325665043329803
6570,42.47123353584605
6571,39.13542425685183
6572,51.06932245205577
6573,49.51395545702393
6574,32.289749301268216
6575,34.4180509897476
6576,41.38727611413093
6577,35.38385508750831
6578,46.69276128957086
6579,36.01360060427133
6580,23.72541971841083
6581,32.026750277332894
6582,33.83934037591458
6603,29.132986502128187
6604,32.96142916696487
6605,31.779010541154303
6606,33.70684879496917
6607,35.52037743627538
6608,32.76460228650166
6609,55.19899147869868
6610,32.92862981938138
6611,36.00790826303549
6612,39.823994264320426
6613,41.13022340657239
6614,46.64104679703615
6643,11.548036359826266
6644,13.842592022533115
6645,10.570136471438234
6646,16.94827983053585
6647,21.978276024694203
6648,15.00307907820365
6649,14.64484775146874
6650,25.431029404260293
6651,14.123745653151829
6652,32.71115055246274
6653,34.07600265689118
6654,34.04328701753184
6663,32.112807982291045
6664,41.4608848863566
6665,31.28311872737115
6666,42.60864927047105
6667,33.62422330111871
6668,44.77027941803267
6669,43.77853924119098
6670,41.61847032832589
6671,39.06470192241671
6672,43.76272646768012
6673,45.27349050233973
6674,34.27395551879872
6675,25.246203532000628
6676,28.926943801807624
6677,30.539359870146118
6678,39.67498881274546
6753,46.593089190592636
6754,51.60849219544366
6755,56.811951291353395
6756,56.853481880336005
6757,37.408844934290684
6758,41.39514627136928
6759,49.2797250292896
6760,47.304835974315395
6768,35.65529004394492
6769,51.07032667556806
6770,62.61029595981507
6771,57.43831338776588
6772,67.1150823225097
6773,54.21367102828491
6774,68.06043364220942
6775,48.50257084275318
6776,45.16453339999107
6777,58.01046553477187
6778,56.30572130765265
6779,51.2272383685781
6788,13.62600960565375
6789,15.243373518041395
6790,17.055781674783304
6791,15.177789907524112
6792,16.0620733633756
6793,17.821043568706873
6794,20.99708891761677
6795,18.3069966259734
6796,24.93425267741194
6797,33.704387643006925
6798,35.98971534757098
6799,42.61771348401017
6842,37.889704601847995
6843,43.801169535279875
6844,49.88898259515961
6845,53.77810926833144
6846,48.794477468601706
6895,29.468365371981697
6896,39.367258187528265
6897,31.574328933180812
6898,42.93767022436517
6899,44.399986751349154
6900,43.645819162968245
6901,46.71454477920683
6902,46.51711660490867
6903,50.29290536967783
6904,54.03367305049475
6905,57.204869843045536
6906,52.29833562950079
6907,56.63387698438447
6908,46.488045684612786
6909,60.20527255653773
6910,47.546603547325866
6956,28.179398578721205
6957,36.31759426546943
6958,37.92825707335952
6959,48.92741030611259
6960,48.21028363279661
6961,53.72032216200791
6962,36.94125908851123
6963,51.32169427269532
6972,22.89122049982064
6973,30.15841670483969
6974,28.07125923619693
6975,40.11116463443339
6976,49.10946424755436
6977,40.267339683192375
6978,35.481247498336145
6979,33.269711547575156
6980,35.16964064233873
6981,53.65767108802902
6982,50.665187443823335
6983,49.720370252869905
7052,38.547518267655754
7053,32.13995519500365
7054,39.36927117998603
7055,40.00680443402696
7084,5.222345083037511
7085,5.223622459418094
7086,5.608536443418945
7087,5.223622459418094
7088,12.057827071031937
7089,11.348558079743695
7090,16.51915625174891
7091,22.73189389302555
7092,20.42386328721755
7093,16.974351750622453
7094,23.560447344949097
7095,12.755885128880733
7096,30.983227505983997
7097,41.62779363695243
7098,42.57395203803485
7099,45.89205152517966
7100,60.443063013088306
7101,41.7893365101979
7102,43.17032794660794
7103,41.91090370924393
7104,44.97292292953235
7121,13.416898028655723
7122,30.72274708935517
7123,29.890387203390663
7124,46.47595529420393
7134,52.969798517548114
7135,33.17426584093275
7136,46.63597236040429
7137,61.00168519622562
7199,20.91683185209099
7200,19.023869309644024
7201,42.43485408917813
7202,40.668673658372725
7203,35.53136064963443
7204,32.80483067018804
7205,38.424401879194654
7206,44.219880925505336
7207,37.77255138906379
7208,45.120013356718864
7209,41.491765095064544
7210,46.05441603353519
7279,20.534163191152068
7280,9.54770043273177
7281,26.989088654076532
7282,30.673961878188976
7287,24.898856229537294
7288,19.923823878231605
7289,22.592730823873882
7290,31.382737609291464
7291,37.772704177685945
7292,31.136070081268212
7293,44.60798624659086
7294,54.24846085476977
7295,33.51501247851987
7296,45.871124587131305
7297,46.09133996155668
7298,47.26521204683615
7371,8.710654493532104
7372,12.122880252220595
7373,10.987879344451015
7374,16.26029679620406
7375,17.504325271663983
7376,17.36987649600843
7377,23.349839167482394
7378,24.101381329309213
7379,30.002246518719723
7380,35.02917704795513
7381,36.9119711693604
7382,37.60438434495529
7510,42.109101299407484
7511,43.664553913025635
7512,50.83449041656256
7513,42.14640591624624
7514,50.05621336151593
7551,5.096505829709632
7552,5.096505829709632
7553,5.096505829709632
7554,5.3397251823809055
7590,23.963966724523193
7591,25.787970661261983
7592,33.43991613453581
7593,34.05117161097022
7594,42.855446493979
7595,16.31082102267207
7596,35.73715239425805
7597,40.45544732750061
7629,27.20802948984118
7630,25.227510637962197
7631,34.4138076439436
7632,32.36460505705236
7633,36.42823125362974
7634,48.83966946118223
7639,26.452733421799532
7640,33.44786579898174
7641,44.43224485574692
7642,43.59767461071791
7643,52.37457116879387
7644,48.47015460272438
7645,54.061363384436966
7646,57.266874654974536
7647,53.748183306729516
7648,14.774322385104622
7649,19.027546024575507
7650,6.734511703193674
7651,13.682312107787103
7652,16.93684296714405
7653,15.744801919702065
7654,14.077140012224547
7655,34.843480673958126
7656,31.296666768376937
7657,35.201768844795225
7658,39.24230997472383
7659,37.83750459177917
7690,13.829886798939434
7691,19.393855916097785
7692,13.815948727884093
7693,31.024270332637172
7694,29.201201284585878
7695,31.65806696184216
7696,27.725561062595784
7697,38.67666250098915
7698,29.556568353036123
7699,32.196762650934765
7700,40.99084444675362
7701,36.936164810389506
7734,6.453859739363747
7735,13.702067747888714
7736,19.39108054415688
7737,35.50493981234047
7738,38.22413164881009
7739,33.17500979594551
7740,33.91672970660678
7749,6.424586847812564
7750,14.258374370789308
7751,5.99867052035067
7752,17.04387271167935
7753,14.684290698251203
7754,14.746041092920706
7783,20.48771962847342
7784,24.017990013117316
7785,37.836208092487226
7786,31.882928546763306
7787,36.538559450107165
7788,7.118290589076394
7789,15.561915346331732
7790,15.561915346331732
7791,7.280905559667779
7810,37.86999923537622
7811,51.78015923720178
7812,37.563288585327165
7813,52.7607968704977
7814,53.84346247300181
7815,51.43617318854468
7816,50.06686561816031
7817,61.85831067188214
7818,52.281209005373995
7842,34.059072620705486
7843,47.4811953768792
7844,38.89046774452494
7845,46.888375363273695
7878,35.34986667377427
7879,36.011867601748925
7880,35.8919451309737
7881,35.48465089246256
7882,37.12825552498123
7883,32.439437765854194
7884,29.628188683097655
7885,48.45100451785072
7886,43.428063209012
7887,37.7929086970001
7888,41.42754677617364
7889,49.607559713330176
7895,27.785838127784128
7896,27.57241042987649
7897,30.364550031167617
7898,28.544911774458672
7899,36.53503612425597
7912,11.862283805540034
7913,18.389952619617205
7914,24.072612714568113
7915,22.948800803322055
7916,33.56495675793174
7917,35.392145668269755
7918,39.54999589160971
7919,41.75250936787072
7920,44.14246049739175
7921,46.5098524915284
7922,42.65392352652068
7923,45.11419798658009
7957,32.05831114439033
7958,39.808428182994426
7959,31.08511278068135
7960,35.45561119447061
7961,38.87556588441455
7962,50.82999051098019
7963,53.5136774517152
7964,41.20615829440856
7965,50.70478776841472
7966,48.61564032202742
7967,78.49723121649573
7968,44.282257845820475
7969,44.86697835810853
7970,57.680658896164644
7971,43.98352233556474
7972,44.6756994484101
7973,19.83842255393239
7974,34.14531812578943
7975,31.71264722725662
7976,36.08344370606239
7983,13.078221176830713
7984,5.954189229425151
7985,14.761399915817108
7986,10.38139191314633
8027,43.77420001869088
8028,54.94829173775694
8029,43.54533717238872
8030,50.23054724910602
8031,43.20180831405218
8032,38.06807753144141
8033,44.78628129782946
8034,51.06373882924905
8035,44.51012418559487
8036,44.844298269378804
8037,51.11821650091301
8038,57.00293053058365
8101,19.56786307344897
8102,42.77216130329511
8103,31.68780542320288
8104,31.151122730405742
8105,12.039411082246607
8106,12.69736908649146
8107,11.42517508017726
8108,14.151884087520195
8126,38.19488382440261
8127,42.41421856482038
8128,54.64546059802598
8129,52.77625546033751
8139,49.295551750844325
8140,41.79611394846102
8141,47.45860950098366
8142,31.274250377917078
8143,55.862790829902195
8144,46.677604601804525
8145,52.350413976358745
8146,19.590561506311687
8147,13.143204385097455
8148,21.28862472478502
8149,15.413777864577595
8150,13.491159091936147
8151,14.69990788714995
8152,13.168277702067344
8153,16.62531887694892
8154,14.354140615168875
8162,44.55519382327829
8163,50.00047250228846
8164,34.12669511192133
8165,41.80841619472234
8166,42.80535115792047
8167,45.24588881391314
8168,39.64687432004839
8169,49.155173913582374
8170,53.4061264912378
8171,53.22949644368718
8172,49.55274669710108
8173,54.94190098837913
8203,16.998752553755057
8204,17.303775942460046
8205,23.853026424483815
8206,44.61948357958364
8207,39.43883602833802
8208,34.35422355049468
8209,37.592912196946266
8210,39.23335407850205
8211,53.40335859323942
8212,52.93015612643183
8213,57.82288952261127
8214,47.02592041079407
8215,5.499838899761996
8216,5.311885596327052
8217,13.817332278684107
8218,17.48670586174064
8219,23.790387045745117
8220,20.948263924160504
8221,22.036312321531884
8222,19.880113071792696
8223,24.153393605569367
8224,29.35197675916824
8225,34.11846655293126
8226,24.66597612071948
8305,14.100425402297864
8306,22.009389373154647
8307,20.244766044099396
8308,31.991519577561046
8309,29.373411085523735
8310,38.12939178493836
8343,18.590661324587533
8344,15.309412972110923
8345,12.694183075487587
8346,8.361179601658609
8468,31.075779652978433
8469,36.91470851474451
8470,31.538591000090314
8471,36.25380926052869
8472,22.010779425091165
8473,35.07566679055564
8474,48.4623555294512
8475,38.07827963702287
8476,32.14929146867749
8477,54.07367616305596
8478,55.33245226777143
8479,43.693271604101895
8480,53.812731505343564
8481,42.11941527152969
8482,54.79603761792773
8483,56.35018389192684
8536,24.021127477636412
8537,36.71521783270627
8538,44.226901311766184
8539,37.90217769889859
8540,14.112381591791594
8541,17.80088751218926
8542,14.869210006938847
8543,8.633578265997372
8544,13.564177825677339
8545,34.18174540379639
8546,29.33440829021467
8547,34.661251829645
8548,31.26682750608236
8549,35.222304345697005
8550,40.943941042962656
8551,38.63161059277565
8564,21.52499353209184
8565,28.572507439206003
8566,25.61935380745243
8567,39.33113877493862
8568,52.701975191688234
8569,45.40324333481429
8570,55.6366260314003
8571,54.58516722051112
8572,61.738091157284
8573,48.75818522120453
8574,56.74102103522894
8575,60.10500837638728
8604,16.635026238115753
8605,21.826728413292233
8606,30.13468988936772
8607,30.16816954837697
8624,18.481754802096326
8625,18.33648607299049
8626,21.499679537248017
8627,15.886487136764227
8677,20.15268246573026
8678,34.26983257767449
8679,37.329990337761394
8680,32.972159560764155
8681,31.730935363499917
8682,33.96249022648184
8683,42.944981311090466
8684,39.63502600478378
8685,32.97794037850057
8686,33.386929328131814
8687,43.12296826408932
8688,40.57617868880734
8732,49.93336882989157
8733,54.40177186110096
8734,54.20809471760425
8735,66.0288305394938
8768,35.5780316633824
8769,34.35247678537215
8770,39.23053283928632
8771,37.69159365386
8772,43.908904909578304
8773,47.65546125813296
8774,52.55076192740003
8775,30.793424064569404
8776,19.654092923813337
8777,24.666006983838386
8778,30.429512157293978
8840,32.272422415251555
8841,33.784041518258235
8842,35.74279098644628
8843,40.63941411393284
8844,34.18745418517867
8845,45.45477452608723
8846,48.50143409158453
8847,44.179461540958336
8848,43.76162311489579
8849,41.29264883753173
8850,57.04321368283665
8851,49.07253974587537
8852,28.363133869951618
8853,36.86553591741388
8854,52.51163680190219
8855,67.24019426372473
8868,45.266405703283375
8869,48.41454041398567
8870,45.746079900339936
8871,46.25159405258085
8872,48.14405935776886
8873,47.21648735508751
8874,59.25884269877342
8875,63.8260233193471
8876,64.05859812679282
8877,55.043638288315876
8878,63.345309810812424
8879,53.148697589945094
8898,42.64357776285347
8899,17.563100937033937
8900,17.678389029270075
8901,38.948021548905935
8902,34.03361984295468
8903,32.809667144417425
8904,41.00372735678441
8905,38.29410025593378
8906,32.86042613086019
8907,51.40927199973334
8908,41.437727109899775
8965,32.136434207682484
8966,27.767868026761857
8967,34.62094308724497
8968,33.4890753120914
9070,32.28126454084274
9071,39.087444372034014
9072,30.691484818228894
9073,42.65518872179047
9074,30.693217959525935
9087,19.06277386970081
9088,40.38352127283658
9089,41.31263647973603
9090,26.994003783649717
9091,15.453944139605646
9092,22.15473083698729
9093,21.461727853133052
9094,28.46929879337277
9095,28.657273875937477
9096,32.17583814241011
9097,33.603827168221244
9155,25.2109379032129
9156,14.657260976153337
9157,33.85274255603512
9158,31.477683761384025
9159,46.62880820772714
9160,42.57496771266005
9161,34.157913235041065
9162,39.86490134372572
9163,48.01425903618482
9164,60.8416310315331
9165,40.41373702316865
9166,51.345938847666375
9167,35.14865929427045
9168,35.71518504717559
9169,41.69461896958134
9170,32.46035299382796
9171,50.53403898093505
9172,50.24566102913301
9173,49.448776423951394
9195,16.38830095639653
9196,12.002239203679615
9197,19.78519560278179
9198,17.097176483193884
9282,29.81455059270658
9283,17.42638021159868
9284,39.550414039838586
9285,42.371916809696984
9286,41.316607673171276
9287,45.12422545112679
9288,50.237284484618435
9313,16.429559309171484
9314,22.461965171978743
9315,22.114213680663372
9316,32.25262728866094
9359,30.755642607864665
9360,47.522948786621264
9361,48.52740504695267
9362,33.81545154331297
9363,23.043923478324906
9364,30.85660765847868
9365,44.78875354099303
9366,61.9418951376452
9367,62.40273390186485
9368,29.801484456128886
9369,30.10507176610669
9370,45.168424626725525
9371,30.92880880654042
9372,53.12174625176036
9373,39.650124206998
9374,47.295864688645835
9375,47.264289527236926
9376,30.495925007786596
9377,52.460358893241164
9378,58.19997790473421
9379,42.231880928803484
9380,24.11588128814571
9381,35.902340809451644
9382,34.25928697249773
9383,38.04750519429385
9384,36.605549970461254
9385,36.72698484111348
9386,34.64580048236522
9387,31.827045641797643
9388,41.379075559175384
9389,34.16314363801205
9390,43.22855114326313
9391,49.2964125193426
9392,29.1506099207893
9393,14.586393772168574
9394,28.1194411662926
9395,31.346988760969218
9396,34.387296536926996
9397,31.822625568472446
9398,34.079083200376274
9399,42.15163782758646
9400,45.7302961012387
9401,42.67857981819813
9402,36.81067946088936
9403,33.911917815336395
9502,28.38306303945878
9503,15.553574166786579
9504,31.693378356117325
9505,31.64689905478569
9506,31.54046901103663
9507,32.41494206398152
9508,38.99294514164017
9509,28.58771792144667
9510,31.53261929687986
9511,34.279721388257904
9512,40.80139992262559
9513,38.066924695459896
9514,37.93190133363695
9515,34.324711501404806
9516,32.16648968821643
9517,48.88022846212097
9518,52.32957623418958
9519,35.07310956140424
9520,39.683308025919956
9521,32.42436678155475
9522,39.03695497126647
9543,57.9805760501515
9544,53.29835364433777
9545,52.630651795169435
9546,62.81301779697431
9547,53.14964899391617
9548,59.8415257529525
9549,66.63151444015045
9550,54.439134982300004
9551,55.25761151933039
9552,59.3742500230709
9553,70.80026657435494
9554,54.65063157556363
9724,28.45696281077787
9725,21.351816184749886
9726,32.987834658601756
9727,34.713669164658654
9728,31.43335106947289
9729,32.093805090754394
9730,37.185109683360096
9731,25.118287105779018
9732,43.3042854747326
9733,44.28443771503733
9734,43.99362112986215
9735,47.415513180186686
9778,25.57807957025772
9779,34.15156893522082
9780,41.4431411521968
9781,34.65093737946599
9826,39.63837933209582
9827,40.44481894091061
9828,33.749301483948344
9829,35.47697088619722
9830,40.82437832113349
9831,41.911837041943215
9832,33.61493890816112
9833,52.102630691652514
9834,43.22479395856238
9835,42.62274868373671
9836,42.09209636309068
9837,41.26714930269955
9850,30.256973737583646
9851,33.12551817110036
9852,55.527633779265415
9853,51.67290503709007
9854,43.10643540033718
9855,37.98148723539425
9856,55.09335285948676
9857,53.768964817430586
9858,54.26571859211428
9859,32.08640273423899
9860,33.5207619285373
9861,32.58172574754392
9862,40.07185286673164
9863,31.985000794585787
9945,34.93334949715343
9946,57.90216326142978
9947,39.05796528671204
9948,56.41627590280336
9949,35.959224746008246
9950,43.27203712785267
9951,65.81973056822373
9952,55.63660934421094
9953,43.8098446241615
9954,48.859494211961376
9955,59.73144139964807
10058,8.034006063502686
10059,26.277533924126235
10060,21.67400676724255
10061,19.43354717219836
10062,36.88437282372497
10063,31.69200544352522
10064,31.387670614964907
10065,35.308110980641985
10066,44.19247927050776
10067,40.175161474175646
10068,46.428008218671394
10069,42.13942834641688
10070,50.89658743717001
10071,37.58795952406874
10072,39.258950961823864
10073,42.987600161481446
10074,55.31126789876695
10145,19.3295894136268
10146,29.50529358726472
10147,35.480186117200454
10148,33.43313879932057
10149,36.610048301125566
10186,43.28200985094924
10187,29.416933850895635
10188,50.47956818934069
10189,46.02177594948048
10190,37.630474098474956
10191,46.52530073041224
10192,48.950927924224544
10193,56.36640347019204
10194,49.562206196605594
10206,28.584773102717865
10207,31.454037383654875
10208,38.44055068738344
10209,34.55514610857681
10210,35.69935033842489
10211,42.111974244027024
10212,35.057118524394184
10213,43.673467607400504
10214,48.25740128656524
10215,44.25158358017574
10239,29.268681373153317
10240,32.917700909159315
10241,40.37533533930496
10242,38.712824530892476
10271,17.43182736506582
10272,9.605696811275548
10273,18.505676415445752
10274,21.948266233626242
10275,14.575168969846661
10276,36.062298375531896
10277,41.259620884257224
10278,33.86690492631561
10279,57.06247238677211
10280,47.93068107027608
10281,54.828764563106766
10282,52.34848137365567
10283,10.313518675088561
10284,15.234708680004063
10285,23.460757550024862
10286,29.683561374969663
10310,42.25478496300549
10311,35.8043459410082
10312,32.754336619113054
10313,30.802485657014422
10314,35.53680326778432
10315,47.038912091764125
10316,48.57102932074698
10317,38.384793219193675
10318,42.11329302382112
10319,53.03906865020915
10320,57.76722524966229
10321,46.75714360692622
10322,23.36316089783712
10323,36.92187696659382
10324,41.284052517034056
10325,39.61553553626965
10326,44.526355621027776
10327,32.2454185557821
10328,28.25030374010449
10329,47.055775144300426
10330,40.3759096991544
10331,41.93114706713379
10332,37.830881817435404
10333,40.093775268596765
10334,53.528768213397456
10335,40.19015556647046
10413,23.25002090310989
10414,40.84053651517465
10415,34.76119306638922
10416,53.67250817531561
10477,26.95028650324109
10478,26.5725976185469
10479,31.979128759663404
10480,35.64879694577546
10481,48.382377155097195
10545,15.886827146815783
10546,30.696926419716707
10547,33.57850962064754
10548,32.87832349881479
10549,32.86404000088993
10550,35.430773877769035
10551,37.6774415649019
10552,52.94416125196784
10553,44.55118967010457
10554,31.087921673659444
10555,39.190128655166085
10556,48.788607152947165
10634,41.64849462594283
10635,33.674575805655266
10636,51.52827165168944
10637,47.79137938040804
10638,39.65661196885815
10639,45.40491724833023
10640,49.81523956117055
10641,45.42056835624976
10677,22.412669947040893
10678,17.610970906246827
10679,28.766032205358666
10680,31.122118869305222
10681,33.251840253265385
10682,41.35889806992794
10683,29.493798547126413
10684,42.437455997029176
10685,35.719304024250434
10686,46.66782598332941
10687,32.12260057159746
10688,40.59272630117423
10689,38.406946013123545
10690,47.34611415125567
10691,57.1875423796736
10692,48.302190305092395
10699,19.332473318674744
10700,31.723495127857117
10701,53.6821315735431
10702,39.19628292743455
10703,36.42076019902367
10704,42.86315172452411
10705,42.140756068151575
10706,57.560736911264314
10707,50.73775090908695
10708,42.98122249294187
10709,50.48252238849836
10710,44.682188560982375
10772,24.5220661503642
10773,37.48390393339987
10774,44.43784849607295
10775,52.458961205917
10776,44.626161169880085
10777,42.50561645017041
10778,39.880154369429
10779,52.78218605903037
10780,53.652516714588515
10781,63.68519592994388
10782,46.627089940158434
10783,63.73259304359919
10793,10.945332331625103
10794,15.306547721237681
10795,23.35590469987148
10796,26.624226557334303
10797,30.011396737802276
10824,50.33048735429471
10825,37.77565870272047
10826,35.65757983347802
10827,36.89010723933814
10828,42.71136560470542
10829,54.719238307447554
10830,59.974750146053026
10883,9.366565903574022
10884,17.051602742749616
10885,14.74366383472868
10886,19.38161510516157
10934,28.80295058175373
10935,25.69201705532633
10936,19.138673474098226
10937,30.32741558163749
10938,34.27052374289692
10939,38.079722713970575
10940,39.39523648599236
10941,38.15240329689
10942,42.90697716065524
10943,37.816696002103555
10944,34.218389825944136
10945,47.417304753670095
11128,20.978325083082886
11129,30.41774189286281
11130,35.89946305896308
11131,37.00049536142046
11132,41.68942087819084
11133,39.39413675806876
11134,47.71876792643682
11135,54.499865311475396
11136,53.29763017292029
11137,53.50022255994041
11138,41.99205007707892
11139,48.139375289208544
11189,31.407720105216217
11190,45.491615206021
11191,34.334041915390735
11192,40.00410014968018
11193,40.89360089688045
11194,40.020858057671084
11195,42.06716463731537
11196,42.383655673130626
11197,45.70286521500077
11198,46.44894102975971
11199,40.54342521510861
11200,53.392872289687055
11236,12.303353536536758
11237,8.628450295903967
11238,19.201606808836363
11239,18.700524311755252
11240,18.192112515243245
11261,10.172482686148273
11262,5.694565182186183
11263,13.291198759301277
11264,29.404898339996578
11361,46.93854335390824
11362,45.91187925435976
11363,50.70725162594685
11364,43.33591866198877
11412,5.997133016449021
11413,18.978091016326612
11414,17.75196693033818
11415,15.711166497577281
11416,27.016271813485258
11417,29.76403635807758
11418,30.267000169039864
11419,31.504521842106673
11420,40.39572574514613
11421,44.45362920468543
11422,55.587233474918065
11423,53.663776433889126
11424,12.163485588701395
11425,14.47433765048001
11426,15.534877833334539
11427,21.959952900323376
11428,28.62317779206953
11429,39.59965605610442
11430,44.1051121683749
11431,44.238805841629045
11432,49.10497196472232
11466,14.951422593507573
11467,15.217937438343085
11468,22.427758336366995
11469,20.17795066627844
11470,34.74877919016327
11471,31.986077463300525
11472,35.039326920460056
11473,41.0338031182971
11474,34.542817836983794
11475,42.608041754579084
11476,44.490434272994236
11494,26.182056157295925
11495,38.839439077750974
11496,39.330203100906985
11497,33.135272666140835
11539,27.576666909286963
11540,30.330551275519
11541,41.99321789137456
11542,31.659420723116334
11543,35.14333898394556
11641,6.255373249921152
11642,9.567105986507634
11643,6.8969375726772935
11644,13.495986655542646
11645,14.485471669147644
11646,15.308438225711276
11647,14.25522310057607
11648,13.628222895811106
11649,15.92440693594509
11650,17.135391664081713
11651,28.195931353939017
11652,23.728079271903095
11757,40.37848451440788
11758,11.828873844236528
11759,40.532395616986115
11760,24.666333295413267
11761,38.78370403627014
11762,50.6863308763216
11763,50.27653395867215
11814,45.83208914951812
11815,36.872041765300814
11816,37.69120383820883
11817,47.203729802766034
11818,53.80593234052629
11819,38.05874091553456
11820,29.799729644215528
11821,35.08372313784538
11822,47.2429046399463
11823,47.471800901546835
11833,5.486717675901559
11834,5.352470604692467
11835,6.014632945826344
11836,7.17558698174117
11837,11.870456715279538
11838,9.245624436206583
11839,17.231516695643993
11840,17.34764053765571
11841,19.156087033224956
11842,19.178043515856945
11843,27.60660304301324
11844,45.87043699215768
11995,6.488761512471833
11996,6.985228153251792
11997,9.975442270979194
11998,9.690486011980292
12009,31.996736869570544
12010,22.02106273355592
12011,49.3817624287213
12012,48.09009383765243
12013,59.40319634238369
12014,51.35199610270479
12015,43.47240274131988
12016,38.09435542208321
12017,60.438806287566166
12018,42.399378072467314
12019,55.64691993919092
12020,55.855496675095786
12032,40.26986428685817
12033,45.277268683479136
12034,42.986252534768646
12035,46.0355354748445
12036,56.01125895393418
12047,25.44489088730548
12048,27.93547697586843
12049,30.58446669700676
12050,47.0931432046962
12051,48.82367249519585
12106,50.18162253407241
12107,50.66807693819216
12108,54.81414593501053
12109,54.508711575869995
12110,68.32197229304228
12111,59.22213625161956
12112,65.81910957675865
12113,67.79276516743101
12114,66.61510384679077
12115,64.82210326446443
12116,27.77566726313359
12117,38.213823945901574
12118,46.535344676389464
12119,38.01397941049739
12120,43.45928470047147
12121,48.2044052586868
12122,39.87129919021751
12123,38.7005579811065
12124,40.13487453008116
12125,49.29921028683325
12126,52.20552235019073
12127,47.611878455591736
12132,50.82103419937844
12133,45.96016702271913
12134,42.73658160563797
12135,58.02238772193506
12186,31.88431011969513
12187,29.185105848619102
12188,36.70632197068521
12189,31.564315698102842
12190,41.56573403662727
12191,45.27891775757476
12192,39.0642686250842
12193,39.475459644103225
12194,44.98710330657488
12195,38.43665465530027
12196,45.81365168235265
12197,43.31949624895943
12210,37.63641190718716
12211,21.903192187558385
12212,30.418296817193713
12213,34.53546311688683
12233,14.005474245876652
12234,15.202769943732148
12235,16.50599212878994
12236,23.313235940018725
12237,35.146740129841305
12238,38.717874378235386
12239,35.11072709527494
12240,38.51783611611447
12241,38.06401810305059
12242,37.39037991465061
12243,39.22327692701149
12244,43.23764825234867
12245,38.73487722687242
12246,59.79912278356988
12247,47.29776349757257
12248,42.87278877476653
12249,58.65686880055107
12250,57.68554764273917
12251,52.43332279215132
12252,56.53322391169075
12253,59.61188865701084
12254,55.4335080159735
12255,52.74217729798722
12256,60.07594532119579
12269,46.75085296897057
12270,45.55970012156323
12271,56.14046586878123
12272,58.981407648205064
12273,46.19629359979991
12274,49.29982745717504
12275,62.738192004688436
12276,53.67571809475739
12277,70.9775412217576
12278,58.113967508528276
12279,74.97294469632813
12280,67.79747744792712
12307,16.46304718583873
12308,15.63459446551263
12309,15.63459446551263
12310,32.332668100635274
12311,32.79720024113
12312,38.24206120854432
12313,33.132738487599
12314,47.887749952143416
12315,49.33429979097082
12316,47.598729518004355
12317,34.58375423171142
12318,41.40475959077302
12363,19.50456236574183
12364,15.847607385340027
12365,23.62320966704397
12366,28.391517476017814
12367,34.69490307476133
12391,35.44467498695629
12392,38.255255604349564
12393,42.72854071713029
12394,42.0132076075604
12395,45.76336951502304
12396,48.243101233956324
12397,40.66452584871664
12425,40.75277475909213
12426,46.731711599865044
12427,40.34600330172684
12428,53.78342198520713
12429,66.02318032747675
12430,59.6184828028558
12431,65.89933055807701
12432,58.94545948221798
12441,17.22684298769402
12442,28.57388762994168
12443,38.063296829499926
12444,32.56353718651536
12445,41.06888841198353
12446,31.44609166956122
12447,38.736639936183074
12448,38.49555201632026
12449,39.133357000967024
12450,44.75647005524373
12451,48.782113491338926
12452,70.09989365504246
12514,13.336722550909794
12515,14.916663037275104
12516,13.336722550909794
12517,17.415216645541758
12518,14.14850474212322
12519,50.25068756074225
12520,38.00357837184081
12521,38.151393999880625
12522,52.36653536860449
12523,54.95015185230757
12524,59.0737032508085
12525,53.49115341223161
12526,57.39806963769333
12527,50.72296325149911
12528,50.72296325149911
12667,26.815394730388363
12668,34.543415009664855
12669,45.070920364183166
12670,34.880011220312774
12671,54.42785644010489
12672,47.94682948120396
12673,45.74692062592766
12674,58.233774819010456
12675,51.33067725029788
12676,49.96548325619844
12677,59.79467092244967
12678,58.55068083916545
12711,33.89049372855077
12712,32.97938501927388
12713,35.19650194094449
12714,51.82115027405254
12715,49.346178002947035
12716,39.65213328505156
12717,29.142237828749387
12718,37.16369079947738
12719,37.50874134319158
12720,37.315226574124424
12721,35.634565712283965
12722,53.13992914588149
12723,48.06662739465491
12724,48.780236788665604
12725,57.19931479085876
12726,54.55375356880301
12727,45.195820963198095
12733,13.359033285210268
12734,15.041762175554158
12735,20.72540134898932
12736,18.371756373557886
12737,26.314076207591047
12738,21.357360761095364
12739,31.635375256475744
12740,42.29976675915866
12741,38.28284811424413
12754,30.667108686029927
12755,27.308847431194977
12756,32.126415329685116
12757,30.231248058455943
12777,5.279560844781383
12778,13.296766638592835
12779,14.346788944485283
12780,9.669909121871221
12781,21.232693517057463
12782,13.763705492174822
12783,21.517576060409436
12784,12.835191720427062
12785,35.968073009612375
12786,33.32619318231012
12800,33.300926524432
12801,35.099585809363596
12802,46.126740594039255
12803,53.78573000931569
12804,50.29385014717268
12805,38.45123634280981
12806,50.88793199720574
12807,52.8986387720822
12808,51.99177903701993
12809,53.6579747878641
12826,21.514893286487517
12827,9.986426360760422
12828,12.080172216492578
12829,22.07027678713843
12853,8.358842194307863
12854,15.528121086152545
12855,24.322325598735517
12856,24.584594870255152
12857,24.244980229790293
12858,42.4326123990659
12859,48.72994094892736
12860,48.519203008905954
12861,40.976472583632486
12862,55.25820115594848
12863,50.231260138664176
12864,44.34193141331435
12865,56.095523747412656
12866,52.235626129761
12867,50.93296499389788
12868,64.08057111030504
12875,19.291257499570992
12876,20.350212939038023
12877,31.499427122242675
12878,41.94286947190093
12879,46.34899912724163
12880,46.24646102029729
12881,43.29961739429134
12882,53.65163545776508
12883,47.86373942002328
12884,65.00756750505988
12916,29.90213220497723
12917,35.83606939497213
12918,33.49384514533446
12919,39.69705165592551
12920,44.4176591849178
12933,16.718999196488365
12934,14.414440630296546
12935,14.891141352677407
12936,22.098432134615965
12937,30.91793812232087
12938,32.40366782003542
12939,33.18577314964939
12940,33.96615934934902
12941,36.044939099220166
12942,37.71839669907699
12943,34.69149804890369
13020,31.13675288265386
13021,31.927442368326158
13022,36.29161452693502
13023,44.100505609996766
13024,44.58943045129055
13025,58.926741254331056
13026,42.29842789114595
13027,45.07252938978445
13028,47.15573246455156
13029,54.24223904495265
13030,47.022975241371505
13031,44.801199811184475
13032,62.64698336330816
13033,51.427520103393626
13034,52.26135564604578
13039,9.251675871902123
13040,19.407243549253984
13041,27.688346478660947
13042,25.652064272045962
13043,21.921226277781553
13044,21.958033327938818
13065,13.114208121862132
13066,20.443367013827046
13067,23.767856898246656
13068,15.767888388029764
13069,23.767856898246656
13070,21.797441366228583
13071,35.302148347922184
13072,37.38771416621926
13073,32.10425519156478
13074,40.784032753944075
13075,34.37622640488258
13076,44.484168082816474
13077,13.999686569885721
13078,12.669039757771088
13079,14.157893711688079
13080,28.478091539343495
13081,30.30495368922493
13134,9.332610407835595
13135,14.610360835303453
13136,24.289558793772493
13137,30.07425006043374
13162,23.057292900253238
13163,23.351012072339906
13164,17.6081713899578
13165,22.112453458070153
13166,32.70831001918801
13167,51.58023548613129
13168,32.14208792603962
13169,44.07722598587168
13170,41.33078489032882
13171,54.91315106072159
13172,54.6354471604006
13173,44.61927642823797
13195,41.74599502119405
13196,34.82811008068015
13197,34.16530432226199
13198,33.5930613149196
13199,35.89426236622876
13200,40.68344557032541
13201,42.159824053064625
13202,43.61461966879374
13203,42.07733092957548
13204,43.87594084611868
13205,43.63819957656386
13206,55.41745055565304
13219,22.763169910904296
13220,12.051164143237184
13221,22.155838662599077
13222,34.305925766387915
13223,37.489406331434104
13224,37.5052301369119
13225,57.643752515965005
13226,50.49548548752065
13227,45.43784302991849
13252,28.948817894898216
13253,10.20989239932198
13254,7.433783483311408
13255,23.726045440291784
13256,40.85924610741678
13257,31.740909135892007
13258,44.3423646993846
13259,53.29000081070222
13260,48.58813204463763
13261,52.92824504707152
13262,57.00054716822039
13263,57.286585857116044
13294,42.411823661881925
13295,34.14687608760743
13296,43.49549564016535
13297,45.78434282776494
13298,50.22187074895038
13299,54.37445984600362
13300,38.85507123660737
13301,41.89835453421699
13302,50.394823118909144
13303,59.31316239185171
13304,48.13578830024407
13305,58.81232360617108
13332,44.45895870710276
13333,40.798187656826634
13334,43.68441448016773
13335,54.15737442172729
13336,39.421092244919826
13337,46.080056128129115
13338,49.26615160326161
13339,48.07938327430728
13340,56.11267798244239
13341,54.60966849540136
13342,62.28641863719647
13343,50.29216938032485
13344,4.4627704157497545
13345,6.771605558845522
13346,7.277341447806821
13347,15.16947163133944
13348,18.483416009449314
13349,19.46664418414452
13507,8.968604569549797
13508,15.135038367430056
13509,27.882459696173168
13510,32.24523146094353
13564,53.518442794510804
13565,37.987828436348096
13566,42.806930983355386
13567,55.990481115767906
13568,36.779097984412104
13569,49.085997046873445
13570,44.90110861745777
13571,60.115958143890445
13572,69.25208633316531
13573,50.577051259856
13574,53.22614994728285
13575,58.54265204405993
13674,15.831009974272401
13675,10.208497431655855
13676,17.525220441657478
13677,16.468860613287113
13720,15.808533571773701
13721,10.145220538955495
13722,20.580112815296943
13723,13.648012772008041
13724,8.923037544406618
13725,19.31512190880819
13726,21.89147311902421
13727,46.822407994236315
13728,42.79978679118204
13729,26.99665235395729
13730,29.578301328282688
13731,43.42004395839279
13732,44.31019981789116
13750,29.886861200156748
13751,39.805015657045374
13752,32.212175251529466
13753,34.553000215089845
13754,49.509498484477724
13755,39.4334692098085
13756,36.741936381231305
13757,37.43748745271708
13758,55.12646996751394
13759,51.93512171385359
13760,43.89202994162056
13761,42.119461749938665
13867,23.11177452707309
13868,31.219163039869446
13869,33.04348842713729
13870,37.11354384720353
13871,40.68528218960035
13872,47.91128518608903
13873,53.854608347081566
13874,37.78647545089063
13875,50.94099489100523
13876,38.83641944136453
13877,58.96967355512054
13878,54.62760349459754
13896,35.385555866184085
13897,34.19034093149324
13898,46.77931286417679
13899,43.10068628054781
13918,19.44813896954677
13919,29.52488146058651
13920,51.12937958647382
13921,51.721739208769016
13922,43.90339314237837
13923,36.98508186357619
13924,39.27515648184441
13925,39.3786263018452
13926,40.53265316349257
13927,54.05118049188582
13928,57.12687992469327
13929,61.5624909663133
13946,12.54381833430336
13947,25.41764555211272
13948,16.913144395711818
13949,21.491426380660904
13950,21.761914624628574
13951,33.18498531145091
13952,35.84744472876568
14097,18.263390207102887
14098,14.002279876429448
14099,32.03924439453579
14100,32.04408032986756
14219,25.62346565274097
14220,22.649093811834774
14221,35.7523874270052
14222,35.18486067923978
14325,48.80600204608859
14326,49.63813166057291
14327,50.03093102264509
14328,50.170014455585175
14329,55.50330097301945
14330,47.65824573159344
14331,58.33657013022598
14332,56.18100770154345
14333,43.04327467751104
14384,13.887038318731891
14385,16.665679395072726
14386,17.908522894593183
14387,17.236490131229058
14388,25.022514460915275
14389,33.895067977073104
14390,35.29945186222586
14391,37.165527851971405
14392,36.72933349310494
14393,33.827352662403726
14394,54.04718941079608
14395,34.76256862619183
14396,28.118835442257556
14397,42.63925773906094
14398,51.02237424908848
14399,51.969428707669174
14400,10.052758467110174
14401,12.643124669220668
14402,15.170150621895703
14403,15.87966107989265
14404,19.082202233272778
14405,20.608282995964185
14406,14.523666973544035
14407,30.752539996539333
14408,47.10093259836546
14409,38.13515333926526
14410,36.55250522786671
14468,18.425249120502464
14469,32.73312913141026
14470,35.680111088369344
14471,37.64123472584806
14472,42.8531793126208
14473,34.5258277953317
14474,34.62343408291023
14475,53.89348135961702
14476,44.2509857900085
14477,50.772333590468854
14478,47.26393973916081
14479,41.252843236773955
14498,6.929483277712085
14499,6.730230253976863
14500,6.730230253976863
14501,6.737933767710895
14502,12.178019688284543
14503,6.938386066428995
14504,12.076291582494257
14505,13.50780196065959
14506,21.48573295316879
14507,7.038472116135423
14508,21.65483525053471
14509,14.650038294416806
14510,15.678516004693623
14511,15.991368140518597
14512,20.511456058259213
14513,16.240610032021483
14514,11.589491535636881
14515,25.175680765064584
14516,30.069796264221793
14517,38.952084172815354
14518,32.527002233531796
14519,31.119873715740724
14520,34.48491118293982
14521,33.61683241130367
14535,12.267304429531942
14536,11.86641454927257
14537,16.925999200704634
14538,23.91072997973019
14539,35.24889278492101
14540,33.46232034548335
14541,36.484501349050454
14542,47.71619058935571
14543,46.6806098144003
14544,31.116043991041085
14545,32.441599729604164
14546,41.13201304294919
14547,6.451283169561604
14548,41.46019471835957
14549,30.068483805255337
14550,37.18481959348074
14551,35.67893868855403
14552,42.930688918083106
14553,45.03882787451343
14554,56.17510321356092
14555,52.823255384424634
14556,62.03696587599736
14557,51.13380987596334
14558,62.737839222680904
14563,50.51785985289003
14564,56.718630259116736
14565,39.59788099274062
14566,54.126192443944525
14567,57.406921969991
14568,62.00993605837733
14591,6.904576743796056
14592,19.83696242577747
14593,36.42596373889202
14594,47.69203361914372
14602,39.451952534554884
14603,47.39067307291984
14604,47.76616168628042
14605,38.107235920026355
14639,15.633386234915289
14640,14.649279311123935
14641,8.974201370994777
14642,30.481564411634785
14663,5.743369071626496
14664,19.25779865280687
14665,26.60831865992776
14666,13.272861754358852
14667,30.143426524810387
14668,32.16151489513854
14669,45.94858487937002
14670,38.83121683627378
14671,42.892601666758026
14672,43.94494135478749
14673,39.17550159301146
14674,50.743979427476354
14675,56.48102569578645
14676,34.22716586968506
14677,39.9727811254286
14678,53.96334640104592
14679,46.755642265189394
14680,44.79935822902163
14681,53.189920994023524
14682,47.16532828048875
14694,44.397162112577625
14695,40.82582908706824
14696,41.559805283216534
14697,49.81798918613513
14794,29.309803925329636
14795,28.336064316454735
14796,42.19848361452246
14797,33.672457307037824
14831,6.350483883523031
14832,6.510303599039745
14833,12.264394204936966
14834,10.744324108359894
14835,12.255572394061186
14836,17.811160808954696
14837,21.40175385250579
14838,33.737290737935425
14839,33.91072622773892
14861,42.91545708544374
14862,31.389175973932353
14863,34.00984209737803
14864,32.24410373944787
14865,39.54279455080935
14866,35.1974980924414
14867,31.68328651606606
14868,40.14928823096553
14869,54.19519882513156
14870,37.43553584893418
14871,52.44902717335696
14872,51.76785279460104
14873,34.019773181307805
14874,47.42285281246898
14875,49.144095600955126
14876,43.827881234663316
14877,13.9014159374302
14878,13.849119894910839
14879,17.725248660615527
14880,17.225328467467065
14881,14.738959266321142
14882,23.13876252019482
14977,5.907598289878523
14978,11.319085394859858
14979,8.690388565421198
14980,8.965335287173902
14981,19.13705677321869
14982,13.413991420652996
14983,11.38906649269894
14984,18.42985274981267
14985,21.989469338627813
14986,23.698354586064273
14987,35.33195915863704
14988,33.492650306270704
15001,40.62630989728443
15002,37.854848324035395
15003,52.05530082479733
15004,49.55533540373403
15005,49.55533540373403
15006,52.99811085983543
15007,46.99938533492462
15008,59.15168407631068
15009,38.32901223869746
15010,58.78777271488423
15011,36.740727401384746
15012,17.72738114565386
15013,44.66434643918495
15014,34.69468459756117
15015,36.89796082431567
15016,51.925369996347854
15017,62.55537790017522
15018,39.282975604059715
15019,51.321466747533634
15020,54.49438263656757
15021,58.03476736621029
15022,48.84102421347071
15039,30.118087874072625
15040,35.2850694055979
15041,35.43092318099327
15042,32.34123658277498
15043,37.989195805183094
15044,40.50234470395617
15045,42.51791336623439
15120,56.7754454234253
15121,53.1358872800313
15122,60.22316869747485
15123,43.46317802455865
15136,25.27973916698757
15137,43.409037396089296
15138,34.92587419037707
15139,29.506875829788317
15140,35.25337873486592
15141,40.36033698996815
15186,13.40096833135461
15187,14.353944366003777
15188,10.547003709425574
15189,23.300330190592813
15190,21.858112963129738
15191,17.317829920557912
15192,34.285725356813764
15193,33.04847551053317
15194,42.09759815158119
15216,36.27031382342692
15217,37.21469447188279
15218,49.6016248504622
15219,52.86226802530939
15220,32.35420258962716
15221,40.118268959680826
15222,48.32970739050878
15223,36.751116232583584
15224,37.172475818100004
15225,40.849163138393
15226,41.93363335131467
15227,36.48395955831879
15228,43.829468951105284
15229,34.4213023963292
15230,49.99557595636718
15231,40.10530672476706
15232,13.40690032972344
15233,31.159935093842602
15234,45.37836195998321
15235,37.73800925718942
15236,41.999061588036625
15237,29.10054937473537
15238,44.43342749016894
15239,56.32336722308443
15240,58.3028367072013
15241,60.86453820642559
15242,50.716206473781014
15243,51.99859150322053
15260,24.782110250323168
15261,30.48883418599617
15262,36.948087122904795
15263,31.74560970475339
15264,47.426674570384634
15265,49.82956808760444
15266,37.37207627106033
15267,47.47749351320002
15268,36.79372866360385
15269,37.41650048362354
15270,52.454097181146686
15271,40.23216075967385
15281,12.812080124779174
15282,22.765058422754944
15283,19.954678960003296
15284,32.23120632820888
15285,31.347521789150377
15286,31.02273849290408
15287,36.84569382119862
15288,43.903428460032984
15289,35.652348667545155
15290,32.45986874348582
15291,44.13763453063162
15292,40.240967475304586
15574,31.794840565313386
15575,42.56045240140605
15576,22.10581350878575
15577,32.94785739683868
15578,38.414276548281215
15579,33.35855355366896
15580,44.131828975175445
15581,42.581874290053946
15582,46.86818641179583
15583,43.0511126454947
15584,45.743618939259996
15585,49.36384814693689
15606,16.933503824305323
15607,33.03580522125068
15608,34.771995699244705
15609,39.85603502259901
15654,14.617930799281476
15655,14.777439686760017
15656,19.28772957382067
15657,15.05201142849999
15711,48.69842156835838
15712,39.80865861878649
15713,36.93421192090453
15714,41.22121775269847
15715,49.156645871113405
15716,46.17329692786639
15717,35.53847448138349
15718,44.518607284365025
15719,41.94372295843121
15720,49.932389729901054
15721,11.920478964203882
15722,21.452360134799033
15723,19.364534717300383
15724,27.973106647162975
15725,46.0313150251197
15726,62.45144743188968
15727,61.64703423388283
15728,61.64703423388283
15729,65.74357345912725
15730,63.59599317046484
15731,68.58685812687777
15732,62.6327355967022
15733,62.6327355967022
15734,74.95275113571147
15735,76.80931922119659
15736,72.64992514860427
15737,70.82620061213066
15762,32.10167418472807
15763,45.69271528791534
15764,45.95686167719511
15765,36.17742764082357
15766,47.779187287135244
15767,56.71733643149398
15768,36.66276008358264
15769,43.12925803610269
15791,36.650338403629114
15792,46.15605833390398
15793,36.57863266663025
15794,36.86279977558703
15795,49.01129477248385
15796,43.45389259449326
15797,56.91723685648909
15798,43.33218340161342
15799,60.57165260180566
15800,49.92066603523211
15801,54.334359635286866
15802,60.51973820315821
15815,22.683337183325385
15816,19.996642081113254
15817,13.426319716986182
15818,31.81413346728362
15819,36.998088530113144
15820,36.99101527166986
15821,34.257425419426255
15822,36.550976105593826
15823,44.78469295750252
15824,36.92009185949995
15825,47.27324833761727
15826,43.465576423189326
15882,6.611697032939063
15883,7.73926252936203
15884,16.300321111616462
15885,17.846017321660838
15943,49.68122343676942
15944,38.61332814402076
15945,40.311663256822285
15946,37.00314472678113
15947,55.78882626602917
15948,5.714252367763069
15949,4.978674241662054
15950,7.921727593011248
15951,12.650470599344107
15952,14.94749292518952
15953,14.486163855601527
15954,16.769977075821433
15955,17.513796924899232
15956,15.992008809867881
15957,15.707871021067412
15958,20.689453743598595
15959,21.523005429128155
15960,35.7060042139816
15961,33.87381794966419
15962,31.553243528199122
15963,37.675752694480686
15964,40.40741669391096
15965,33.18838894026285
15966,39.028272068965656
15967,40.62140073911371
15968,38.77786324374536
15969,51.92543260882301
15970,50.82970145396676
15971,6.952525899920949
15972,6.260003324823488
15973,9.007058023979168
15974,13.114688086200797
15975,15.900772497182626
15976,13.459641247674947
15977,21.433594393449308
15978,22.645175630521997
15979,25.16090131792195
15980,23.904191933250942
15981,36.02416113813715
15982,31.905098275033108
16004,41.46195090548918
16005,30.84671923023424
16006,36.76192358660673
16007,46.42662256580222
16008,46.25948475512398
16009,34.36038771997323
16010,37.16738401407545
16011,45.980729345710046
16012,47.87085290007593
16013,50.11411960097668
16018,13.325676873163998
16019,18.07633027854252
16020,20.69651330038899
16021,37.20385416357693
16061,61.15402566035083
16062,58.69602188704403
16063,61.98446065217924
16064,58.40652049904579
16065,68.9609921231159
16066,67.98209954251115
16067,63.6975199417956
16068,70.39130737689877
16069,66.26765656261445
16070,66.26765656261445
16071,67.86265446207976
16072,72.3796996416899
16073,14.896205714484308
16074,10.620527444857402
16075,14.46490065514728
16076,10.620527444857402
16133,14.879831342472249
16134,12.786159914768325
16135,7.4651908462007786
16136,11.508449080351808
16137,20.3293593525909
16150,43.283166179272754
16151,45.645682031710635
16152,46.91777453268864
16153,42.02646093206491
16154,48.85084823930178
16155,42.34298575326355
16156,58.203775042929976
16157,49.86731493586423
16158,60.374952460276596
16159,61.88832229680281
16222,32.563383578256115
16223,42.03670489004933
16224,31.616598571772766
16225,39.098387984510346
16234,36.399081784977696
16235,39.903221819497055
16236,34.61098583947551
16237,40.23188158946016
16238,55.860720552030195
16239,45.28328306653911
16240,51.53306791421446
16246,23.960735532356978
16247,33.31906076537233
16248,30.387849642682802
16249,38.5235239809166
16250,42.71171283516901
16271,47.721735045203744
16272,41.34810797354117
16273,58.612741625773545
16274,51.295572585656394
16275,47.54894729375871
16276,52.96711589895028
16277,54.46318657210842
16278,56.51602847195858
16279,59.75102807707709
16280,52.06092284255474
16281,63.60821138121616
16282,69.30478472282996
16354,39.159275577523786
16355,43.82621908443251
16356,43.06127905547712
16357,44.50082107545843
16358,51.20131867277326
16359,50.0708645570091
16360,19.177004206964078
16361,18.907458662889884
16362,22.900764933483668
16363,20.033809457431424
16364,30.61796584953116
16365,35.56814986346947
16366,35.36039555109483
16383,17.60854372997366
16384,24.02618405039527
16385,32.102151736947626
16386,31.96613768756181
16387,33.10111384408011
16388,39.493225101608296
16389,41.723859894267456
16390,33.012616945281714
16391,31.11771252492954
16392,40.24022402914836
16393,38.96570771763644
16394,54.81931506982006
16395,56.683543130867946
16396,37.304149109070046
16397,57.10757571190078
16398,56.97361339300133
16399,50.700880062987956
16484,18.92393342427677
16485,19.281554677428126
16486,20.670357795154068
16487,14.63164371900128
16488,16.736739456077334
16489,31.84634637225407
16490,33.706266119851286
16503,6.940731486875652
16504,6.188152936105337
16505,6.35266914488764
16506,7.553759654455994
16521,19.041649697568396
16522,14.572563105206282
16523,20.17541755303982
16524,14.432311903249445
16525,14.910015894400038
16526,16.943822094368905
16527,34.34642399527198
16528,37.984631465059444
16529,35.93576046370567
16530,33.28645458582886
16531,34.65193645693849
16532,42.15383438662174
16538,23.61327411603073
16539,20.854555523455147
16540,34.39228889802648
16541,44.1320625376027
16542,37.434109994746734
16543,45.10688935927744
16584,6.154113840189239
16585,5.819557998364197
16586,6.376172566378568
16587,6.757837072836477
16588,9.236151977378547
16589,15.40186481376361
16590,14.292857924373711
16591,19.971479098136747
16592,23.95896925216387
16630,33.586870162539356
16631,25.261184036751125
16632,30.569493903449978
16633,30.120385944128124
16634,37.948728941942825
16635,36.79463367095822
16636,36.84928239736568
16637,40.505189346804165
16638,50.491426933056054
16639,51.69054485161519
16640,38.781691903804266
16641,45.27287689807271
16676,37.982594918570406
16677,30.993411094742118
16678,46.612112925048734
16679,51.84212795228603
16680,59.455926408452605
16681,55.91029525911178
16682,56.3949601591342
16683,46.79121656669198
16684,48.237347069547866
16685,51.46522833442254
16686,65.76676571416489
16687,73.14083511213862
16712,49.3109357926535
16713,46.96235725170966
16714,47.36770167646164
16715,57.28920746007025
16716,42.5303009526386
16717,45.5454801290334
16718,62.31780230646875
16719,56.183122038702194
16720,58.93508021076525
16721,58.37561436286134
16722,67.49381957107614
16723,61.940239455872614
16743,51.463016567041734
16744,40.86160906246154
16745,45.30156905720254
16746,41.05700997602852
16839,16.587698507727733
16840,16.52221259397641
16841,17.578572422346774
16842,14.328151793554191
16843,18.27836337181376
16844,34.831460776821544
16845,34.242671473078104
16846,38.508983339474504
16847,37.158343987747166
16848,44.4509878341592
16849,51.08276807935309
16850,46.29422067258306
16855,41.01490770859808
16856,29.786487273753686
16857,39.429870179173314
16858,37.968421287886535
16859,49.24802046973533
16860,37.74930948013322
16861,52.27533290472799
16862,55.34546069423063
16863,57.041652929554964
16864,48.530392628598776
16865,52.167044029626474
16880,45.80405387919764
16881,38.69187852835876
16882,46.61068088800695
16883,47.77521440117372
16884,44.28590824539953
16885,42.68321381982181
17000,18.611693972988654
17001,34.271878255601514
17002,29.485976755247822
17003,30.559094955113434
17004,27.696531248287354
17005,34.82678533357987
17006,48.0868050757645
17007,51.10147111748832
17008,37.01970877563735
17009,53.03754486504915
17010,61.515259101072346
17011,44.3251387647827
17072,36.48249601133397
17073,48.726874282221175
17074,59.19162516350193
17075,49.58421496218184
17076,41.178583055980006
17077,42.675214572810546
17078,40.729626433563666
17079,41.99035005903249
17162,11.06560773579225
17163,23.154844616264104
17164,17.9108405776013
17165,19.57452846311803
17166,31.581611812453787
17167,47.7832974271319
17168,40.48531485552783
17169,45.885815122812794
17236,15.860560544917863
17237,9.634548854673355
17238,12.579817521840534
17239,23.49595476111239
17240,12.776790573866554
17241,19.856866014727228
17242,24.94994716823274
17243,36.75296913313568
17244,26.032030674335733
17245,22.47089040194795
17246,33.12279161126707
17247,35.882513804699116
17248,31.589119763541976
17249,38.20630504654308
17250,37.60700951314242
17251,39.79134750109617
17252,47.0540186982999
17253,43.54578058192728
17258,40.37217386591674
17259,40.06966003171572
17260,47.37952791841521
17261,51.19238121168838
17262,58.30154399580203
17300,24.975158193599
17301,16.466632264289345
17302,36.23004751501036
17303,20.328465193349576
17304,31.584557530536106
17305,37.34656994513793
17306,33.939862105804735
17307,38.651973462698905
17308,43.85748186916147
17309,52.489487837144296
17310,52.59407750289466
17311,37.18465751144995
17324,18.17005259048582
17325,31.2582287494948
17326,32.538880385715906
17327,40.37752070573822
17328,38.604121061031265
17329,35.472362142649814
17330,38.305558440390705
17331,39.51655314492436
17332,53.0283082901887
17333,44.77530127085553
17334,41.935392802566085
17355,11.28961155090261
17356,13.035233679772436
17357,21.21358248637527
17358,15.742233102522256
17359,21.82193957598681
17360,30.076809253454297
17361,39.62869238789776
17362,37.82990782948648
17363,34.67459149313581
17364,38.39173036271824
17365,36.38946727217722
17366,32.24743248374861
17371,7.751228387252514
17372,20.47692995817043
17373,17.39404331873082
17374,22.531483333446687
17541,20.682891538273545
17542,14.613552111235064
17543,36.665581524415074
17544,37.05766984137583
17545,41.009607289717756
17546,38.917625537872446
17547,44.949669385046526
17548,30.470215773308098
17549,34.235093597928355
17550,48.0072919993456
17551,36.5871149441098
17552,33.76456723631643
17557,15.39151094718147
17558,32.57222771352984
17559,32.00266353714025
17560,35.889144827376164
17561,40.48100178289842
17562,36.97702212797311
17563,45.30473052969274
17564,42.32608156858044
17565,39.42430714752877
17566,39.003910338661626
17567,40.65192204778297
17568,37.55860153931559
17653,6.635621144758431
17654,12.395393506232562
17655,16.77244765813296
17656,19.47477201822712
17657,17.8239191851743
17658,21.253569826115378
17659,33.76895229532841
17660,32.06404417157762
17661,34.184871073879954
17662,33.80154769176691
17663,38.5470617455146
17664,50.40941303002393
17681,29.979695701390096
17682,35.213950615515536
17683,36.65639639994625
17684,34.00277824023222
17685,32.953198250726146
17722,10.973640083693784
17723,22.38543100248562
17724,19.829743693812762
17725,15.680618105934695
17726,35.09914602916416
17727,36.55923495825591
17728,40.026176104504344
17729,52.70006244587605
17730,34.94660780991618
17731,41.194844412489225
17732,34.34525849879033
17733,34.82921611334083
17765,6.4701031204508475
17766,15.151120301597004
17767,8.117771832078436
17768,14.913855116082965
17769,22.50271595318616
17770,18.015577511705597
17771,30.012461142493347
17772,35.641545492676656
17773,31.2473081124323
17774,50.00276069407701
17775,31.614328334526483
17776,38.74420971854933
17797,29.08993069100885
17798,36.059856366891864
17799,28.56320623256891
17800,36.449497118571436
17847,27.889217459877155
17848,20.458629142108734
17849,34.989533654471494
17850,36.948593215664516
17851,33.39571495808234
17852,41.391169444744165
17853,44.19319520080783
17854,59.549560546091215
17855,56.03313591647916
17882,27.715661854736343
17883,23.27655898544412
17884,31.33667688335573
17885,32.93691378091238
17886,45.697049432810516
17936,10.806132753489335
17937,14.964961688610165
17938,24.522747604426105
17939,19.07105369562084
17940,27.079960159330856
17951,32.58382477656488
17952,44.63593344994158
17953,41.040828385401454
17954,40.745349239128444
17955,40.10652395366468
17956,51.97284295841697
17957,50.766370831433726
17958,50.22540050098112
17959,40.94977081755526
17960,43.88653460243273
17961,50.31709766515448
17987,32.10913686918544
17988,37.04427270923514
17989,36.74460247790613
17990,38.34170230981492
17991,45.2584015794757
17997,35.31173336778805
17998,39.76061118941361
17999,38.88601638735385
18000,48.2288635206711
18001,36.46454043470521
18002,44.10569726344608
18003,42.88700899078681
18004,65.65912642182984
18005,51.33706592645471
18006,47.51928333522686
18007,56.58379265532041
18008,64.71091108827548
18096,21.198318596369756
18097,20.67576724745065
18098,32.20743762436919
18099,31.914298667640562
18100,32.95887455402916
18101,33.440497918389575
18102,7.6129043799375244
18103,7.17060479902411
18104,12.40737875121587
18105,7.400244182466212
18106,12.426117932336705
18107,11.388386015852324
18108,16.818596704851824
18109,16.947938965589415
18110,21.203887128164197
18111,15.68548212899264
18112,38.15281081165505
18113,35.30764842205935
18124,14.313451784038955
18125,22.983775575675505
18126,14.630899986027119
18127,31.132365463105213
18128,31.432160769116944
18129,39.65098561015015
18130,36.753510467254365
18131,34.01783784154206
18132,45.066515970222866
18133,54.37138660004723
18134,52.13164228531839
18135,46.188042806050966
18184,4.573012450499947
18185,12.37920678913402
18186,9.37435822835748
18187,4.915428835551963
18188,14.074652841840209
18189,6.45345856181339
18190,16.540496782424665
18191,30.486863730327165
18192,39.22351810576698
18193,34.248798499801126
18194,31.08702919005645
18195,49.49454794894689
18221,32.750868549739096
18222,35.470197925842626
18223,33.45382079908798
18224,48.27565889198968
18321,15.347263633118583
18322,14.252272268988353
18323,33.80623562463839
18324,24.608302276362558
18325,36.11843143835783
18326,30.96605732746396
18327,34.399205892014166
18328,38.06217514555309
18329,43.854241269755015
18330,34.66736161172229
18331,40.79060979353309
18332,31.602856395120764
18391,37.90422049800617
18392,37.27154491886495
18393,34.16502219754653
18394,29.01877198376621
18395,36.12616105937473
18396,41.92009113773178
18397,21.169524251220217
18398,32.91483117635738
18399,30.676442649408607
18400,30.62373111842367
18401,31.04204679510507
18402,43.00721677539887
18403,32.60345131080852
18404,48.62358919941227
18405,58.03329932544992
18406,36.39343587451327
18407,49.62534120734402
18408,58.34655926463474
18479,6.307425355100708
18480,5.921434238142141
18481,13.416814641702617
18482,10.635291086765388
18483,13.911062905289254
18484,10.97566363139544
18485,11.666771621998151
18486,23.76729524058295
18487,22.01533277226176
18488,24.44993263939594
18489,28.35843166933775
18490,28.364690657857302
18566,15.020978770676855
18567,20.085488082826355
18568,25.144457747766594
18569,28.939947989613252
18570,39.22864746329557
18571,39.617298314344126
18572,37.53243757167169
18573,37.45127700403615
18574,38.64958306857027
18575,36.02224959865156
18576,45.73569908085454
18577,41.71186582800716
18578,56.56040772708514
18579,50.515228685062446
18580,51.4092709144642
18581,56.38636849829102
18653,30.113882317504462
18654,38.07494550748049
18655,30.113882317504462
18656,50.5505468228906
18657,50.60562790346699
18658,62.66647474256331
18659,54.59154964923132
18660,57.73500166057667
18661,55.695013100557595
18662,56.02722873964667
18663,61.61101559852203
18664,58.51242408166116
18665,25.808735456989744
18666,31.648849592766393
18667,30.382852020436193
18668,32.345512187494684
18669,12.56931423707469
18670,13.945918146842311
18671,18.82800954809361
18672,15.101517928019636
18673,19.067016087069376
18674,18.803253134963327
18757,21.720521939544756
18758,27.779870240581392
18759,48.60441121780632
18760,35.2536464881952
18761,31.124387814778153
18780,19.756680609140943
18781,21.380423656069205
18782,29.897197912824712
18783,34.017325498509145
18816,10.139098160427121
18817,32.67649744493793
18818,17.20266127814554
18819,33.666620875048785
18841,45.024513824543654
18842,40.56265985775211
18843,39.69100095610754
18844,32.8453521107455
18845,48.377952812772946
18846,40.04105768490168
18873,30.956001413088643
18874,48.98062660237121
18875,45.01731164565357
18876,51.545845442856496
18947,30.343735217553274
18948,25.212341648817617
18949,35.35876433722689
18950,31.674092291872473
18951,32.91166504096562
18952,35.30015825090286
18953,31.20244104822412
18954,36.83058224905185
18955,37.42856179797702
18956,43.602833661703215
18957,43.263277560760535
18958,45.75496837627395
18979,36.05976563248801
18980,45.75910158812
18981,33.47006270927547
18982,31.187207817095345
18983,38.8928297807348
18984,38.622818070429
18985,38.56990540464554
18986,46.41357931217908
18987,53.81098881068779
18988,47.16001011596755
18989,46.943486352857626
18990,51.521445981743874
18991,13.36138614743055
18992,23.3831520247816
18993,25.35568372208155
18994,30.73962283476692
18995,31.67564244710986
18996,31.38247965831883
18997,22.045665355567547
18998,39.57045021652117
18999,47.72064311110256
19000,37.12355115609742
19001,36.78058156952718
19002,41.51123785204096
19003,46.106469654140575
19004,49.42901165441878
19005,49.01372233650182
19006,49.20917855518387
19007,49.64342698033222
19008,55.73437456057796
19105,8.75961722879254
19106,12.93943087788808
19107,8.606854769594941
19108,12.14801475355229
19109,17.661135200176385
19110,9.144692803811752
19111,22.730151155311894
19112,34.69021080651689
19113,34.10996391117347
19114,36.633612319927714
19115,43.62157387871365
19116,31.56239252406298
19259,50.55417317535297
19260,49.80724139104145
19261,41.75134013743497
19262,51.15125173960258
19263,57.57875315639826
19264,58.31203515004613
19265,55.94795622196705
19266,60.79282144683513
19278,35.76620086232095
19279,36.680624535694704
19280,31.530070431899354
19281,42.85396948056416
19312,23.270825399656204
19313,32.47547913374812
19314,35.841369012629606
19315,32.0004862806531
19350,48.71522226227518
19351,49.008503108572114
19352,44.24556051437872
19353,45.256585601966535
19368,33.18898273350449
19369,31.057221207465453
19370,32.59318537977868
19371,45.34805434980695
19372,40.90626042973516
19373,41.0530880532633
19374,42.76654584586227
19375,48.021287996818145
19376,46.2461990694591
19377,47.178444233363074
19378,45.18017876457972
19379,56.66504568601055
19397,21.78844059009611
19398,13.301333398010337
19399,15.36084850772414
19400,21.514893286487517
19430,22.8986023445806
19431,17.4939550183378
19432,21.775532194452797
19433,52.921852246397705
19434,47.48509938476738
19435,41.127105033626584
19436,30.292382205075874
19437,40.71281119068007
19438,31.32462208772216
19439,42.69078440709614
19440,36.303340185950944
19441,43.49983320002844
19454,19.248239512380998
19455,14.305674582882833
19456,31.132285826737224
19457,35.07602541891048
19458,39.755960606537975
19459,35.038653625349184
19460,46.444501507272
19461,34.97857165862014
19462,35.53755196868018
19463,47.61782747122312
19501,36.67944046056102
19502,36.322641102243196
19503,34.07530017939044
19504,51.802048087307064
19505,40.98331757682032
19506,38.28654849328977
19507,50.41950990545337
19508,38.88763007547517
19509,43.662849019077825
19510,63.20972108639335
19511,58.26093597245731
19512,50.69815259171398
19566,5.145696739671178
19567,7.726999889163921
19568,10.110061530245742
19569,11.277948317762265
19570,15.877212686283043
19571,17.377519474475854
19572,18.436493743444753
19573,19.199856658916467
19574,17.561416399285193
19575,32.83915950644859
19576,35.56573777734845
19577,34.24654177278117
19590,12.902640335692158
19591,11.833158718233454
19592,11.654680838441418
19593,14.488758632376655
19687,16.81148572651781
19688,14.187041852220903
19689,20.840845688416827
19690,30.072016192720753
19691,38.66976066807546
19692,28.430850267096442
19693,37.37425109893963
19694,38.960665548638254
19695,38.95800326859107
19696,42.745856077278646
19697,49.1022763110086
19698,49.742647978220866
19759,44.23310123705255
19760,34.29683763115954
19761,28.12172716281537
19762,39.147802734398034
19775,49.28116868512658
19776,53.50378175148041
19777,49.19444333281969
19778,43.588366250598085
19914,12.152696397566668
19915,4.0841315465728
19916,14.846367050102321
19917,20.016352475555816
19926,30.080445008632957
19927,33.966807991596944
19928,45.41462697793228
19929,41.427638261795614
19930,41.11519144974489
19931,40.981706803638
19932,53.18468798785639
19933,49.39541512815637
19934,56.145296519398364
19935,50.78697030583978
19936,47.55317838214143
19937,44.1290083249854
20000,12.337063077188011
20001,33.50795839952954
20002,34.81312295718153
20003,43.92756389959845
20004,37.467447359403835
20005,43.15968962060129
20006,36.82633807555033
20007,46.9932992530471
20008,39.24148583407029
20009,53.572743884781346
20010,49.848528776545855
20011,40.32993263428593
20012,7.928484586422648
20013,5.795099303596921
20014,17.138628121911903
20015,14.705158898340342
20016,17.105538452756694
20017,25.086495890568102
20018,18.58041992449689
20019,30.925486615841596
20020,34.814285318353
20021,39.568903672502955
20068,17.31446521606182
20069,35.35977285345751
20070,33.564257971041286
20071,40.166924102157
20072,42.14709395528008
20073,33.936157481367054
20095,16.93869187685557
20096,16.62664395473204
20097,33.2138574544108
20098,20.77708264382468
20147,43.812061954679365
20148,52.83522126591067
20149,41.846014683461455
20150,41.273952954375844
20151,49.379293010809725
20164,28.27506132197798
20165,17.69518891852659
20166,21.58289313559522
20167,35.27291701824754
20168,31.454817629760246
20169,32.485464631106495
20170,30.63631854663647
20171,43.00929234408869
20172,38.90056787836852
20173,44.23805469668381
20174,47.43467879680961
20175,41.995574681043614
20245,9.890884642862042
20246,13.63723047055769
20247,17.22789362783489
20248,19.529143028724583
20249,15.784034258409124
20250,16.749675713893886
20251,19.72934587668312
20252,18.674096232651554
20253,23.109220539394958
20254,24.71544241129709
20255,22.245368490219516
20256,16.838595136030666
20285,21.769855815133475
20286,22.416847732228284
20287,11.031093635175514
20288,39.17633758501462
20289,36.74643886001175
20310,13.880023856100632
20311,17.95511537930866
20312,19.610769184813893
20313,15.627034426484837
20343,10.564369547838066
20344,10.874988213098069
20345,9.486759878412414
20346,13.22218066497329
20437,6.253882895721028
20438,6.389681392220423
20439,6.31840755010887
20440,6.31840755010887
20441,9.394112047996373
20442,15.794611263090477
20447,6.904927762658354
20448,6.129777983068172
20449,6.229099456425322
20450,11.123953063335483
20507,14.93288235170923
20508,12.508243308226136
20509,14.391699804023359
20510,13.568733247459727
20557,35.47421631322615
20558,14.776521518123749
20559,18.068820486390866
20560,40.10454745122469
20561,37.66743423759454
20562,46.39070514730389
20563,47.858598972680944
20611,42.57692729003093
20612,39.73193473453167
20613,34.85266005450466
20614,38.11615665662819
20615,40.07006651415103
20616,35.02222803944705
20738,20.18315939098081
20739,27.104039601491888
20740,34.874979221677265
20741,27.09272731523929
20762,21.59002541762743
20763,29.751974509211035
20764,26.101811218851037
20765,16.826301020656587
20766,29.40168162548753
20767,31.806723808228277
20768,35.429778730066424
20769,44.926448233196126
20770,29.390881204056736
20771,30.91824313629865
20772,40.89846421300035
20773,45.47636008885299
20790,49.8183483219654
20791,49.89280293369792
20792,57.22737167592287
20793,57.070361064142524
20888,4.966752429841222
20889,19.340275646024736
20890,24.297627154909677
20891,14.565878113563642
20892,43.80471618632154
20893,46.060722153476824
20894,50.882620793448524
20895,48.51632780921125
20900,15.44921264590626
20901,12.84385114080318
20902,25.01091404799251
20903,35.898519656432626
20904,34.850005413396396
20905,35.52539497683893
20906,53.26978550725308
20907,34.901314579439024
20908,39.43286019694444
20909,41.67398353809779
20953,15.065065386072186
20954,11.793374285276503
20955,20.607812044766817
20956,24.735289308404845
20957,30.40178592336626
20982,27.62273685908101
20983,39.402071294167385
20984,38.175123617440995
20985,39.88225338619508
20990,18.61476186760271
20991,28.836696997064436
20992,31.39842677056986
20993,34.09436169841192
20999,48.61048564397872
21000,42.26583971834599
21001,37.34014787999572
21002,47.935872120499866
21007,20.17187205620351
21008,23.651815814040038
21009,33.192262528698066
21010,35.64999861969115
21047,35.78306264770434
21048,30.34553477358921
21049,34.59558705824839
21050,44.67723082485342
21051,38.557666667438696
21052,35.54598758142273
21053,45.34905048814713
21054,9.538918393340845
21055,11.815592461388182
21056,13.335662557965254
21057,15.438415011566125
21058,20.641335881234312
21059,19.165338019479268
21060,22.01300644067727
21061,22.49496159223174
21089,41.28212020679147
21090,49.10594870601847
21091,51.442353779125284
21092,58.02881370185419
21093,48.47831697111982
21094,67.04127431020697
21095,57.45288321603411
21122,11.626551803139462
21123,27.237582704955148
21124,21.239539276767374
21125,8.784458503764794
21126,9.497810131274909
21127,31.45620454542479
21128,32.38349707461496
21129,33.82615820256772
21130,35.66395235992401
21131,37.49305721016237
21132,44.2180847256818
21133,35.4776868257942
21189,24.785038865823232
21190,20.05883572205885
21191,20.41242236477835
21192,43.65239638761509
21193,36.185344975262375
21194,45.47819147872784
21195,52.78048513499263
21196,48.49613707423237
21197,41.49053684811286
21198,55.85707690011043
21199,54.374523282884255
21200,39.9982552661886
21234,18.871055636861485
21235,31.238436426939284
21236,33.03401837990754
21237,36.17458402554402
21238,38.880689505510695
21239,38.21731977019257
21240,36.13648912532902
21241,45.12123774045827
21242,47.64828220169491
21243,54.89539932187285
21244,49.17566609277855
21245,48.89977690685134
21246,29.909802878242974
21247,24.63508092797558
21248,18.15721647926847
21249,18.45878493611035
21250,33.418786714736804
21251,33.907075985580725
21252,33.669442578683835
21253,37.68062648892997
21254,34.29329118782005
21321,40.229038921260816
21322,33.643777037649365
21323,31.529910433849835
21324,52.58509676136812
21325,56.78946218027043
21326,57.21799903919131
21327,54.19822339889451
21328,60.07949458178051
21329,54.56303958503603
21330,55.12492577207065
21331,55.2610836357861
21332,51.85462032930673
21421,30.08894131940142
21422,27.025061466856254
21423,41.96067324996423
21424,33.85671127831641
21469,24.470815608752247
21470,20.93754561869513
21471,37.807326753694014
21472,32.80581600884632
21473,36.79631524439871
21474,48.14405516821008
21475,38.824778272467945
21476,49.46433713321392
21477,36.19318546267151
21478,49.88036277574844
21491,31.52794670108321
21492,35.613457639802064
21493,33.92972465639023
21494,33.395760235407906
21495,32.12955992112328
21496,41.20662476282981
21497,37.00944019492357
21498,46.844800360668984
21499,54.814275236724654
21500,51.832043420316346
21501,45.04224436431884
21502,62.342234303293786
21553,35.757418128560786
21554,33.87059248994915
21555,39.54656872000723
21556,41.84639099435196
21557,51.11730017198372
21558,51.60291214500039
21559,46.69063828800257
21560,59.41433205444589
21605,59.03705522439063
21606,58.49352975612347
21607,60.226199024767055
21608,54.982748104724344
21609,61.959970848008176
21610,63.68654809607254
21611,65.55731895082141
21686,18.154766198084843
21687,27.682569799504446
21688,30.67472138153888
21689,37.175927461926484
21690,20.46191944388873
21691,33.032355842982014
21692,38.543752447766074
21693,54.088873224872074
21694,46.57945962212036
21695,50.04078010801061
21696,52.182494233800504
21697,55.671003547766986
21698,40.820367967989974
21699,55.33119718772264
21700,49.171639072574855
21701,56.42341539024063
21735,16.275604466769654
21736,6.77628813661757
21737,24.64093858445522
21738,33.02284398607716
21739,32.14353001354323
21740,30.90867240873085
21741,33.88444416171243
21742,31.296134837105082
21743,39.05747488582769
21744,38.98227779824304
21745,37.66579812047626
21746,44.61636510805494
21840,27.418827554553907
21841,30.578328306384414
21842,34.273714053246486
21843,36.834037215084585
21844,39.59714155134535
21845,44.789364771017596
21875,14.791630239984391
21876,13.680060634203828
21877,11.333987057115339
21878,21.21261528904168
21879,14.74344057850407
21880,18.907126384436424
21891,13.766622067845876
21892,23.27211704044045
21893,32.97684580857026
21894,35.37077679140858
21934,33.53925560826674
21935,29.547319976315976
21936,12.961172363422241
21937,35.98013183521747
21938,46.41763552838314
21939,43.65679475367235
21940,32.12721247725577
21941,45.539486072866715
21942,47.81887518531712
21943,48.4787601691635
21944,34.62994449760887
21945,52.10468388832445
22029,55.41562016822828
22030,58.77148273396732
22031,69.37067258258328
22032,55.83044069127206
22033,56.582386949539504
22034,64.37607990114576
22208,40.3392162843676
22209,32.123421153606
22210,31.10077100533267
22211,37.37318561616835
22212,44.3536454519126
22213,43.776991665832846
22214,54.25689014963429
22215,54.49997372385055
22216,43.244856091308144
22217,61.94893494350367
22218,18.274245138393237
22219,15.224366510637301
22220,24.57706172490404
22221,33.05270880287977
22222,40.46614882514568
22223,35.261592015255694
22224,40.08640653709304
22225,47.56367272355758
22226,46.11694429865628
22227,34.283228273958784
22244,25.083175877087584
22245,50.395680305185714
22246,33.53368368844747
22247,44.858854119828095
22248,32.1388587273305
22249,48.11400653163884
22250,46.14547415558462
22251,40.770404103181505
22252,48.48667728511998
22253,32.722233086577646
22254,58.26691876343652
22255,44.6747117966669
22256,53.42517331176739
22257,58.21999383108726
22258,57.34530612067606
22259,49.53097446926372
22296,5.120284931018375
22297,5.289057839540747
22298,5.200253151059865
22299,11.541328133620805
22300,7.620369170069368
22301,12.442889891642
22302,14.56584121276565
22430,25.01923245852689
22431,49.44738670742324
22432,50.433795193895634
22433,46.126700737840196
22450,13.75287731723754
22451,15.37462022808517
22452,10.70878209483026
22453,16.857514718442577
22454,17.945299621204796
22455,34.646124495577816
22456,31.90219685743525
22457,40.2812228582539
22458,39.58535116885049
22459,41.162123801919435
22460,49.71153259489733
22484,44.00138236997486
22485,41.38163805726205
22486,37.107802158509095
22487,49.12868356039996
22488,46.832768867154286
22489,53.725025767092994
22494,23.517877490848335
22495,17.250734463419636
22496,10.12650913156464
22497,33.73531020119842
22498,35.24545688898083
22499,48.38695528541368
22500,44.482097725200305
22501,34.813228637836765
22502,36.212610279333525
22503,37.24022123723752
22504,40.7965842239683
22505,40.31028710737742
22518,7.746233119323074
22519,14.281138871518895
22520,18.309482249041846
22521,26.019485518764146
22522,30.896532270879
22523,36.637634843884236
22524,42.52230991693139
22525,34.25692983323591
22526,39.90678895177923
22527,48.542493151823194
22528,48.65887358635989
22529,41.89880136249573
22681,14.560933320622683
22682,11.305303863112629
22683,12.962037471857181
22684,22.151151115609892
22685,27.319732313359644
22686,6.5092870195755035
22687,8.851391138794666
22688,10.333692090265039
22689,11.680084599689234
22690,8.4169901088548
22691,17.353771336137875
22692,13.50672505546469
22693,19.831366155752153
22694,22.288608483773064
22695,25.15352329520654
22696,42.61079904284664
22723,36.670114359859596
22724,39.95587035439896
22725,34.061141955613444
22726,51.594800729010664
22727,52.23718744137583
22770,43.822738048294575
22771,43.63587644393684
22772,48.1699699180552
22773,43.79900818069476
22774,56.354061506167504
22775,64.87501079498092
22780,27.54020136612243
22781,31.854127254991486
22782,42.13228975773316
22783,37.11560523758447
22784,33.748803046763086
22785,45.34687283099329
22786,34.941183832139544
22787,42.15676537742942
22788,55.907471608455694
22789,58.04562150851152
22790,54.66215456195949
22791,44.00545929398613
22792,50.03555069974853
22793,40.07195723236233
22794,59.42831666778389
22795,36.0110927886781
22796,50.09823289985956
22797,63.065900760216586
22798,61.91498212466937
22799,49.92987384699355
22800,54.02559261784733
22801,68.91243152580635
22802,70.22380215286606
22803,65.28656365349765
22839,36.29159073673754
22840,39.64507554660199
22841,40.11521764609549
22842,32.898442749581214
22843,43.03773972103304
22844,43.4694316991959
22845,42.6805873490121
22846,50.89698865912697
22847,47.386402841547486
22848,49.190584601581655
22849,51.80013601633627
22857,18.86028837480989
22858,26.569770675961486
22859,33.22397671792376
22860,32.52259604965788
22874,8.355890289370715
22875,34.973937529203305
22876,36.3148000899425
22877,36.071611213909804
22878,49.18360714086627
22879,29.891561995993346
22888,37.89939637134341
22889,41.067044789305314
22890,57.99736481362941
22891,65.0771391391895
22892,59.49424900194801
22893,56.73869324382032
22894,57.190714110192935
22895,70.07065402588718
22896,58.519193247102095
22912,29.822077921390257
22913,45.39099214089128
22914,47.674723303090346
22915,53.31881183301298
22916,57.402227906274646
22917,57.793187764614004
22918,63.750899900037524
22919,60.15127646178727
22920,63.38647095170464
22921,63.72448438331548
22922,66.90385673573141
22923,75.44292546148841
22964,46.17249590127708
22965,42.50079146135888
22966,42.329282511516375
22967,41.802928718120064
22968,40.96701624460791
22985,40.7468879867487
22986,45.89082540877666
22987,45.65265097800646
22988,59.04041537353186
23022,14.282022684045753
23023,24.09061032441651
23024,19.160059709456778
23025,38.68736736841533
23026,39.35664166526905
23027,54.26874587236326
23028,40.001935345778854
23029,35.908794706089004
23030,35.80116328076269
23031,51.51564869949758
23032,55.1178336463272
23033,47.3341396393546
23034,41.084283034757036
23035,61.58653026649592
23036,58.79043855695175
23037,52.47771703473095
23038,57.92540591988626
23112,16.687159380085607
23113,9.288040518826282
23114,17.449617088933532
23115,21.526300911762924
23144,17.730374931665622
23145,37.0415795788943
23146,30.42140851303945
23147,32.88741119212469
23148,33.89468070021356
23149,43.45460698972375
23150,38.904105962118436
23151,51.78233773749376
23152,38.70989169998569
23153,68.67158366082725
23154,39.71969713279154
23155,48.01474567948905
23178,32.11463953837723
23179,37.10511562698817
23180,56.62555619471547
23181,35.963734056229306
23182,48.921861991475886
23183,14.041974605369441
23184,9.875242467359127
23185,12.747631131840851
23186,16.573606111128218
23187,15.182402462401882
23188,9.005605287226787
23189,9.772301817498922
23190,23.447641455846348
23191,10.122088398918503
23192,18.726904794904573
23193,19.864071883743165
23194,17.557099073695543
23195,39.283302235784376
23196,34.84745603074918
23197,37.751092621730486
23198,37.6839300801262
23199,37.26778918695165
23200,51.90840366114517
23224,18.428651222642458
23225,29.25616218954338
23226,21.59603816963477
23227,21.826526422854517
23261,23.553568727709095
23262,34.96559341259008
23263,44.826020623542995
23264,40.27390757688169
23265,45.64479197123605
23266,53.99842406815004
23267,50.83626757465035
23268,54.816686671187234
23269,53.13692476871921
23270,56.687039663676444
23271,55.44517875398236
23272,55.71161147234346
23301,7.432108440238895
23302,9.44764172118368
23303,13.464716284517484
23304,11.954039757694154
23305,19.22520301139625
23306,11.117523832642263
23307,17.81125917590512
23308,18.497801319060414
23309,19.734995106284348
23310,35.897008865727706
23311,29.635511488672226
23312,31.075018822996658
23313,36.55370644133955
23314,43.4667975606774
23315,36.9591024507283
23316,40.220565654402456
23317,40.232240590375106
23318,49.25598924539232
23319,54.34103036348379
23320,51.61940736179725
23321,43.908462899301384
23322,46.033705253832096
23323,43.94601972870269
23336,53.64428301156962
23337,56.130395559852694
23338,54.82291576914761
23339,58.330862390749516
23340,51.65604421800669
23341,59.62480981481205
23342,60.466217684926484
23343,66.2166153464619
23344,65.44519703470358
23345,68.44355284958758
23346,64.43037572449772
23347,65.38526880612424
23360,11.875209262470785
23361,14.923257217670445
23362,10.505318102289124
23363,17.47114037141782
23364,17.575650905292594
23365,16.926840709022958
23366,25.598717237882475
23367,23.29584980469501
23368,44.72765050165261
23369,39.85505106372819
23370,43.89033211977753
23381,15.09839319730575
23382,18.5090615184117
23383,36.89282484529955
23384,40.507404522722176
23385,32.318161685880845
23386,39.384733752091655
23387,37.567025241469665
23388,46.76732088545403
23389,35.05238494084478
23390,46.264171744711014
23391,51.60187870059839
23392,46.36956264579162
23442,46.56345394090415
23443,55.61541300221576
23444,51.409679188768976
23445,53.88759161797473
23506,24.529882436152
23507,13.743278614805261
23508,23.97350640464597
23509,29.630649416886758
23510,34.659592000599304
23511,31.05899198704932
23512,29.936125939518124
23513,44.467195891382566
23514,31.448160812025964
23515,41.89099252131145
23516,50.51385828055915
23517,57.33208463883588
23552,19.126166239771045
23553,17.058078775036133
23554,32.240551297631754
23555,33.99958384301228
23556,33.15931248673984
23557,38.988280341555665
23558,30.115031950884834
23559,38.495089733698755
23560,33.069763816734735
23561,49.414902746663884
23562,38.55954968840755
23563,53.69525949915595
23564,66.13840895428089
23565,46.804349433177336
23566,36.71332098340008
23567,42.016461184816826
23568,49.03496791726275
23569,54.32552828359247
23570,54.90674551127521
23571,55.733304407000496
23572,54.04957313236809
23573,56.04140150866265
23574,61.48596544470026
23575,67.42965217057211
23604,19.453059016636818
23605,18.130340625063738
23606,19.2617068277967
23607,21.512952395910045
23608,36.11884398116901
23609,32.164720656334474
23614,30.9265991112883
23615,40.3765856333443
23616,29.837223624609607
23617,37.27472127684131
23618,54.90071714865702
23619,39.556891378518216
23620,43.51222513958587
23621,48.30507044436078
23622,54.61221428021383
23623,55.728536447644274
23624,49.829039268965765
23625,47.10982056805522
23655,52.37837239400069
23656,43.45885330160911
23657,31.32395773822394
23658,25.92731139385254
23659,41.027112372332645
23660,40.859609309900804
23661,51.71343910222295
23662,49.9571969089015
23663,43.710209540186355
23664,40.84735492120064
23665,45.97741512179582
23666,49.17455729842039
23667,29.07922317480585
23668,15.585733150711595
23669,16.127956435590043
23670,35.063030579260825
23671,33.80923737099474
23672,39.48168323665295
23673,45.958839861900145
23686,42.14619943252893
23687,32.05476607867807
23688,43.94382559122563
23689,34.87975619027084
23690,39.671769436165064
23691,41.455346286728094
23692,33.4654089151297
23693,40.44403694623607
23694,41.790790349912434
23695,54.23043376658424
23696,42.16802116568178
23697,46.49206538987328
23711,43.8074889409748
23712,43.97993125874009
23713,44.84630627345691
23714,44.74798601094199
23715,43.4355608130388
23716,55.34607027105311
23717,59.89337778768501
23718,64.68270156571207
23719,53.998184735030215
23720,70.27492026737838
23721,66.27859828041201
23722,54.81229409192927
23809,26.589089113231676
23810,49.04796395821314
23811,30.36540233816154
23812,31.90728558235138
23813,56.91836968432097
23814,37.702708582315964
23815,37.43657585346965
23816,40.266490486359835
23817,48.12211109889919
23818,45.0733984479074
23845,31.469984564793776
23846,35.63680227938827
23847,34.11722992976941
23848,48.35573714354405
23849,49.95874303104762
23850,50.16645704922385
23851,47.92598796166893
23852,40.72638642841226
23853,61.40689376247383
23854,56.746579445074744
23855,50.85758239130093
23856,60.763688841558945
23890,21.4930534275897
23891,19.734856246190997
23892,20.981374401571042
23893,40.14955818244609
23894,30.285471319805023
23895,45.982929541165205
23896,60.8195137242222
23897,38.28144252381926
23898,50.72151796005189
23899,46.16074382335864
23900,52.02378074061643
23901,64.50780494598402
23946,46.03903949067805
23947,31.010156636563362
23948,29.516446318297415
23949,42.957177403303604
23950,46.91699870967564
23951,43.553737213343055
23952,40.57991569833289
23953,42.71700510999927
23954,47.55066292177435
23955,50.45875402865873
23956,48.23525256985528
23957,45.13760463371782
23958,16.90391261654808
23959,13.637694720026479
23960,24.923808509142372
23961,32.680190618888545
23962,32.69550594139262
23963,38.50156150824369
23964,40.43980051823725
23965,41.797164404258595
23978,10.820982445389454
23979,20.629766584982445
23980,34.45274037802285
23981,34.16791878121325
23982,35.861025061095816
23983,41.804799976554
23988,20.7284528816263
23989,35.28627820646232
23990,39.73673328135893
23991,47.60923487851506
23992,45.336237421756216
23993,35.647210703784204
23994,41.19561546509207
23995,43.425399198845284
23996,50.07565872663764
23997,43.84646177310413
23998,60.17514146710136
23999,34.14428141799233
24034,10.18058651717764
24035,24.710889353080837
24036,30.758307307771123
24037,29.895401273378727
24047,29.33761224931271
24048,25.026574599427157
24049,33.35014875390836
24050,40.53696890582559
24051,30.528489731360484
24052,47.02301675114033
24053,34.9410208809223
24054,34.46390633523912
24055,45.721892420357115
24056,44.40890840999278
24057,44.88924842514793
24058,50.63553858457843
24147,21.77950369773284
24148,30.06542214362983
24149,31.6050828897631
24150,35.34331919165836
24151,39.504962181957794
24152,38.05598128716455
24153,39.123332957047296
24154,37.099669709549566
24155,37.785724774079355
24172,26.32273983575415
24173,34.7825426915811
24174,37.905263471873816
24175,38.32178689965658
24176,31.36481660787435
24177,52.240777616113235
24178,37.207417742648644
24179,39.24460708920154
24180,46.0778808898366
24181,49.07098809763415
24182,46.06307734348308
24183,38.00999724494538
24184,22.035442735810847
24185,29.50600819684675
24186,49.4522306557139
24187,34.291227433584176
24188,43.4410601607393
24189,51.518586602991846
24190,36.0805493741635
24191,41.802247707859735
24192,49.2951223474849
24193,42.43410922322906
24194,62.92477000060736
24195,56.73592603807139
24201,13.016857966574287
24202,14.8115698862107
24203,11.546425980049678
24204,19.926516378106093
24224,34.98477622740141
24225,45.263008130798845
24226,35.305321697948344
24227,45.495611511701455
24228,46.60142128061912
24229,43.571789272515474
24230,51.783510561923464
24231,52.52257159354008
24232,49.862767978705584
24233,42.549229191889125
24248,6.818939543282524
24249,25.297940834502665
24250,12.400335125282393
24251,17.52408187631119
24252,33.00819609649342
24253,31.39768984686389
24254,47.756219853055335
24255,28.958443643107046
24256,31.97387514187651
24257,43.90969607683674
24258,35.23987086299597
24259,33.344193478355066
24260,58.93881424247726
24261,50.01165780330714
24262,51.20778532449348
24263,52.480651370840505
24264,38.97812113375921
24265,40.307247592183415
24266,56.985822558512766
24303,15.798688682265466
24304,10.81565346777726
24305,21.53852945422207
24306,15.735989541414382
24307,25.372145334011236
24308,16.31048790736249
24309,40.17348221168975
24310,35.80949937864991
24311,55.2042282215461
24312,39.271563869858795
24313,48.38418612827421
24314,48.776715027378586
24315,43.768570846857806
24316,46.059911086220794
24317,41.25692027924627
24318,54.5698788602429
24319,70.21765522354224
24320,41.57788885670683
24321,46.032001581239975
24322,15.030833614504523
24323,24.647330021615012
24324,27.112905690651072
24325,37.68249567136068
24326,35.73105827223944
24327,29.111926622060476
24328,44.933029598221076
24329,39.84888114111374
24330,30.502634475549193
24331,37.76445161668959
24332,38.91100238273497
24333,46.24620109242997
24334,40.42194249011872
24370,18.45525470387348
24371,19.59560043175732
24372,19.679090339373943
24373,31.61983326136848
24392,31.8131525137886
24393,41.29103040305015
24394,43.79377653437646
24395,44.43333251047632
24436,21.0463617195242
24437,42.02877518923521
24438,30.7155637700498
24439,42.28346714224224
24456,31.171175445880856
24457,36.94181554652829
24458,46.66485164681542
24459,35.520557831666196
24492,21.88025042585995
24493,37.27984184667176
24494,30.60772571317956
24495,32.590787130948925
24496,36.920456197143075
24657,46.19086877722509
24658,54.840872370937916
24659,39.48389706266426
24660,43.62288412976618
24750,18.225862352332786
24751,22.33588929010188
24752,11.781167897635278
24753,32.541267555519646
24754,11.850313980231034
24755,30.833316256016936
24756,30.256436275288202
24829,13.025609172289704
24830,19.83439774443894
24831,19.457467597147524
24832,30.964713369298202
24833,18.02263225985931
24834,26.35085073662826
24835,24.219886907804238
24836,30.68009793434569
24837,32.578357004108774
24838,32.67599781365041
24839,35.853705645312246
24840,37.34524145981259
24841,39.75177627510846
24939,41.31132949105999
24940,42.351173646186616
24941,38.64951068967973
24942,50.35330339840609
24943,39.448203124754215
24944,43.31416496128336
24945,43.54400190475671
24946,35.28260896057268
24947,54.8845485641338
24948,58.170070626100745
24949,56.84505432075533
24950,51.999288033973194
24989,17.647505824989384
24990,34.64775641131956
24991,36.88683034111246
24992,44.59748463452933
24993,41.480965621186066
24994,36.09612600427762
24995,36.47471294013518
24996,42.39755759961189
24997,41.79133829112526
24998,34.944894965655884
24999,45.45662355770844
25000,56.92599061391924
25076,54.41571565061906
25077,61.7975235138326
25078,64.40226084131363
25079,57.851710525607054
25080,57.147703002574275
25081,65.39937080934824
25082,64.76900008635708
25083,69.55930353075496
25084,66.70180444535981
25085,67.9673331215495
25086,63.229390416887405
25087,80.51452490639737
25144,46.99557978475106
25145,37.015721326290006
25146,57.90357312595912
25147,53.540515007591715
25148,62.445194842931016
25149,41.687821284503464
25150,51.80912291017773
25151,44.66558647252706
25152,59.62268674227884
25153,62.15006099915053
25154,62.303768186110695
25155,60.27886168300705
25182,30.37792054832774
25183,34.27270034603885
25184,39.72152324864498
25185,32.780570767480604
25186,33.73729597474949
25187,36.54657296624352
25200,31.887577167102066
25201,40.67137113272598
25202,50.48078498111624
25203,54.126267608941966
25204,48.38031017804341
25205,56.518477757783025
25206,19.940058426731046
25207,13.578387359959104
25208,21.36495036562478
25209,16.748592346975745
25210,14.102067758542827
25211,32.31388129423537
25212,33.235008286437626
25213,31.14021230266797
25214,44.42855278634211
25215,31.19738147255288
25216,41.49360668092465
25217,47.45251439202894
25218,16.90764655566477
25219,20.798002891549892
25220,12.903991097869158
25221,13.243918115164613
25222,24.840133413534996
25223,19.11373392244744
25224,30.797577783938518
25225,35.91102760895149
25226,34.38655047487527
25279,6.65197741284277
25280,6.5765321022529415
25281,9.043288797094448
25282,9.846411204807136
25283,15.378523355961557
25284,8.824598169924322
25285,20.77651742669136
25286,17.774968727435134
25403,29.173283502579647
25404,24.20917860385349
25405,29.04139625403272
25406,36.545016051088766
25407,30.296819241709965
25565,23.137288749209638
25566,43.07520820384842
25567,36.29173167351002
25568,30.551921699981595
25569,36.34363879017757
25570,38.329474695070424
25571,46.080949831843895
25707,15.258593651315287
25708,20.04966653523496
25709,21.5366893375149
25710,13.744724292452972
25827,18.620451394454392
25828,16.58065290189816
25829,21.884619537269018
25830,13.235687751957338
25831,19.873387624429036
25832,20.83752192352872
25892,30.60883577653246
25893,30.731900002425142
25894,34.73155544601333
25895,33.982651784848464
25896,26.91502594130418
25897,29.869718038938856
25898,37.41843607669293
25899,30.641594346940582
25900,36.475781783893915
25901,40.95269350719632
25902,34.03958505159585
25903,38.90452884466915
25904,34.509844316212785
25905,62.7432472013022
25906,49.61567617804409
25907,45.63927728714124
25949,48.35837206301771
25950,36.2352488089651
25951,38.06589419887462
25952,35.898131481513374
25974,18.52007357407487
25975,19.693877398952665
25976,21.255507314160702
25977,26.38228387603927
26011,28.129620361531963
26012,32.37766575038283
26013,32.60074061455785
26014,53.04185953790552
26113,5.804590459579716
26114,7.689031331265131
26115,9.120286246045616
26116,9.120286246045616
26117,11.62668428255609
26118,19.43343247400209
26119,11.62668428255609
26120,17.430527739403352
26121,22.47441227004866
26122,18.502314781578463
26123,33.04300119880856
26124,37.143832704415026
26140,36.54242803445165
26141,49.27165166045866
26142,47.95987548555471
26143,59.1752810689833
26144,45.5955243082906
26145,61.60590555427661
26146,43.35215630348706
26147,69.57410136887525
26148,57.22652720738783
26149,56.33886215617173
26150,56.40871498640238
26241,43.879025442120515
26242,53.51189531090834
26243,40.71492204798682
26244,51.40595808934031
26245,53.79208701725863
26246,52.7720937879784
26247,60.17631223485717
26248,58.327020283330725
26249,51.82432877279837
26250,59.1824144170602
26251,55.28882474598432
26252,51.56453731186274
26289,15.392799398065307
26290,24.091657314688135
26291,16.01685209610022
26292,33.934912296950245
26293,32.14680120208513
26294,36.336305880369174
26295,37.369723342825885
26296,39.15899799019442
26297,43.3823085067464
26298,38.64921973855211
26299,38.385945515079804
26300,40.230114372817866
26315,35.57010545840225
26316,28.901916267911112
26317,35.1472955077276
26318,32.79235710495072
26319,44.94851657993958
26320,42.59708764279421
26321,44.886466255260316
26322,49.060922767034086
26323,42.945349418507114
26324,34.9205917719987
26325,50.74746092724414
26326,58.42001765426694
26455,30.69056456591706
26456,22.15873355794536
26457,34.7828422007459
26458,45.47255000991103
26459,23.546480558346286
26460,28.443394728407362
26461,29.251528380009297
26462,30.253346920138053
26463,34.08342430711163
26508,21.528137964569964
26509,24.714083156867392
26510,22.611790284238367
26511,24.86742451300928
26512,13.924761823181989
26513,31.710773571110945
26514,33.423357018913514
26515,26.395891591431823
26516,45.6637831374167
26517,33.16323024404724
26518,45.15138811958316
26519,35.67211473103015
26520,20.45855070893177
26521,36.83236284149787
26522,34.04901710053185
26523,31.196185645558867
26524,31.58614613214785
26525,36.57422262743404
26526,42.19511905138734
26527,33.5031095234415
26528,43.98759038406214
26529,37.218359733369034
26530,49.43661729616666
26531,55.231975564750655
26564,20.2924943775875
26565,25.264438648910616
26566,35.78004700057032
26567,29.513655120203353
26568,33.74924484812934
26569,29.37577090092032
26570,37.33426885458685
26571,47.307711051228736
26572,36.46957646559081
26573,37.7706278709029
26574,39.5677667315542
26575,35.70735109273175
26576,3.6602586584137233
26577,42.132533928411576
26578,38.015984822152
26579,43.00191729698821
26580,37.42231664794599
26581,50.293148284996356
26582,56.657442405091594
26583,42.7078507757954
26584,21.339325294359575
26585,18.281620185373754
26586,21.348641035045446
26587,23.039749763360433
26629,21.47879155598745
26630,13.936683987512103
26631,15.489016868082551
26632,19.3065432850421
26633,24.980010226769647
26634,32.397698967812374
26635,34.1554026090642
26636,38.06984321920126
26641,33.976747125266726
26642,45.132622251061726
26643,39.713075184133956
26644,37.29145169110515
26645,47.94472955083911
26704,20.70984765966174
26705,8.442797969747437
26706,19.928245848513164
26707,42.16046697615575
26708,46.80212410746518
26739,56.3131900284479
26740,60.77741614108017
26741,51.07994768404411
26742,63.29328034142178
26779,13.39921315946305
26780,24.464385037440778
26781,29.893401288321268
26782,40.90794492445179
26783,32.48969227053851
26784,45.19309442470858
26785,47.69801468662845
26786,32.72566520395742
26787,34.69912382166954
26788,41.268953827532776
26789,47.51884886888884
26790,45.67432152456506
26819,40.072932976062106
26820,48.92284129799519
26821,60.971650694397965
26822,51.654217272161965
26839,39.50678829790714
26840,39.374520495178494
26841,38.18544711594459
26842,32.29098481805775
26851,24.85428989271812
26852,27.66325957842056
26853,33.0194063258782
26854,33.330561538390505
26855,37.80837784890872
26856,41.33284644593798
26857,35.429147727113374
26858,35.55782219501407
26859,57.26025224183665
26860,47.570800903718
26861,52.384171131529314
26862,52.60469482591597
26863,31.978385052963816
26864,28.64180332339378
26865,32.557325368381385
26866,34.18686008015262
26909,5.31206569814286
26910,13.918478154370481
26911,17.09497549616354
26912,10.3011352028682
26913,12.7864898767987
26914,18.949676515404175
26915,13.198694765158134
26916,30.048486071121395
26917,31.47367236977473
26918,34.919496223695894
26919,35.13250074817155
26920,48.18461685884842
27006,38.74171777932697
27007,36.3688241445695
27008,39.02123514575178
27009,40.42204756226534
27028,10.768043412739978
27029,22.76596094182597
27030,37.1053039400287
27031,35.354688205888515
27047,36.5199184693963
27048,38.19802795013767
27049,31.911223156751184
27050,38.12374389784868
27051,37.54166304690816
27052,36.92084729850751
27053,53.02090211741587
27054,41.67691150603563
27125,47.71419361401509
27126,57.480201585192184
27127,43.71840585742647
27128,39.89708316545717
27129,18.99025667550001
27130,17.285130348580022
27131,35.66531229362651
27132,30.072301301391764
27133,37.29952212685485
27134,32.913197896946436
27135,28.261023439773957
27136,39.967705545065314
27137,33.817754316648774
27138,48.52413708922092
27139,51.20169340013164
27140,46.622691033138416
27177,32.11712844507665
27178,39.52495214221727
27179,48.478256553375594
27180,47.52541397719017
27181,43.83328143978617
27182,41.53634071681574
27183,51.00042344817319
27184,48.96371316098067
27185,56.381937070563005
27186,44.272583417990724
27187,58.748648198175765
27188,54.213614052263914
27189,24.409417368439094
27190,35.4466184755022
27191,31.147522816169324
27192,31.167034771124932
27193,32.84855305607302
27253,24.447158696506595
27254,12.403879837238815
27255,18.690651015967056
27256,29.92609114246352
27257,33.43626442713606
27258,32.11160890576173
27259,34.56178303866242
27260,33.32255343407157
27261,19.353389804408522
27262,33.67010110735297
27263,45.5621753685817
27264,37.44587917992338
27285,49.47063260651287
27286,54.195667168644746
27287,46.91303216599761
27288,43.8574794973949
27289,51.62254394063085
27290,40.51109640681127
27291,43.356960497954795
27292,48.92794506402384
27293,55.40211735026969
27294,60.61380713443228
27295,49.68542636211051
27296,52.00940909017978
27349,24.801401746547086
27350,20.776591773194475
27351,29.00580648442209
27352,32.530621735618574
27353,44.623478686528905
27378,27.423318664503636
27379,31.31555622722476
27380,42.01466925381203
27381,53.77502451948163
27382,48.597400011471954
27383,50.69224981262353
27384,50.31163006275527
27385,55.15502579237734
27386,51.37356450118545
27387,54.51222188627117
27388,60.22692734619831
27393,44.07309739784525
27394,53.482940760348704
27395,39.18927218505081
27396,45.439020683154865
27397,46.84232959628693
27398,38.58956357837653
27399,46.3424513138756
27400,48.672227357248715
27401,42.59548998054295
27402,39.569335103724136
27403,44.58922370940511
27404,45.297845737283644
27425,32.872866333046176
27426,32.81652526522119
27427,39.74684110975394
27428,36.97256740887222
27429,31.50110093913983
27430,50.35058371846836
27431,46.09296838156898
27432,42.188332064171334
27433,20.36921551718669
27434,42.00707187241623
27435,34.61963404982948
27436,30.59567827101334
27437,34.278417853468376
27438,37.28232986789572
27439,38.53795927886154
27440,48.37735458245903
27441,38.511215619776344
27442,34.05774061884011
27443,54.21270312263425
27444,32.31562226066336
27445,50.88817967350165
27446,50.551898226754076
27447,36.930716006569455
27448,44.26115507384607
27449,40.710267896216045
27450,55.768458174183095
27451,57.53898209086486
27452,50.17581534286792
27453,56.38588917556256
27454,9.136625283168543
27455,14.691071274878677
27456,10.3653124852625
27457,12.712504937137721
27458,14.32222732594519
27459,13.81878746997396
27470,35.37681701706671
27471,32.01087770576908
27472,32.76103556872306
27473,33.84635709061753
27474,43.18518006084518
27475,34.45754415103257
27482,31.768333516250173
27483,46.2609431373467
27484,63.78302027122338
27485,50.379391293712665
27486,57.45015205898812
27487,72.61962898459568
27488,53.58478217900787
27489,51.930401014446915
27490,62.415727509082544
27491,53.943007181669415
27492,62.31895614005418
27493,56.80640842639395
27500,35.844309237796324
27501,36.93521577527318
27502,59.04267305691809
27503,54.7632983042639
27504,49.44520776224777
27578,21.063630643542826
27579,35.20674500912983
27580,47.70771862593332
27581,43.6838570643975
27582,39.89026293807894
27583,38.58228948824081
27584,49.54039974574005
27589,56.67070998995785
27590,55.203496042090705
27591,71.23269066585377
27592,56.90493948794818
27593,65.80381214388949
27594,54.647757873470496
27595,64.83516034502489
27596,60.202175737317205
27597,67.36254077692567
27598,70.2233090446592
27599,70.98493562925844
27600,62.987055870372174
27719,17.27338491236774
27720,22.136464397761483
27721,34.53829176902437
27722,32.332848657111526
27723,34.809174651747725
27724,41.98819152305539
27725,47.6264276374486
27726,34.70432884338001
27727,50.39239765482219
27728,49.109802891217754
27729,48.2883431533166
27730,37.575065015605055
27795,38.440749530623854
27796,35.67737719211016
27797,55.262762723747834
27798,55.301224311034886
27799,54.47958132313631
27800,62.98806721854685
27801,56.72884519851944
27802,56.62382062336745
27803,58.28311218333597
27804,65.51999698119467
27805,64.10892294323337
27806,62.41561793044648
27807,21.96963134758115
27808,25.927551520286976
27809,35.19994793310097
27810,32.05874866797734
27811,32.77626314645629
27812,44.24191624337941
27813,44.53847630229764
27814,37.84993443420889
27815,59.56361567078575
27816,38.43807710797505
27817,40.63722460074334
27818,57.93898410677413
27848,14.66427219681336
27849,19.46617326321642
27850,20.20791099944075
27851,34.999670641612056
27852,45.09128231199124
27863,36.657923527717955
27864,43.99258155623116
27865,53.502613831905954
27866,57.092802634380284
27867,51.66173000231876
27868,41.37043632807398
27869,50.71756027324779
27870,58.2275330989013
27871,66.00550476069367
27872,58.47378362301407
27873,59.35247454220633
27874,59.71060142442353
27898,21.40671268220362
27899,38.768154594861805
27900,29.87893118101103
27901,46.88274836041836
27902,29.940504225389382
27903,30.018685752115577
27904,35.20266845908614
27905,53.314773427452515
27906,43.32349882190259
27907,46.99469679487848
27908,40.51006150018854
27909,47.62006551749217
27933,9.240133659918422
27934,6.940443284950465
27935,17.720647229732826
27936,12.235023164747025
27937,16.549714811749453
27938,24.749436722726585
27939,13.448255187579147
27940,35.9411060025538
27941,46.18066318015738
27942,40.1614957081058
27943,40.095188910554995
27944,38.11239546231419
27945,35.06901794274122
27946,53.83782137224678
27947,40.42047722251401
27948,49.50509461586226
27949,39.42511014623302
27950,51.813384987102445
27951,48.57633552406697
27952,51.84297338710628
27977,61.65612588039997
27978,49.2237648216053
27979,56.224381917497475
27980,63.330771195088225
27981,51.074911283391316
27982,64.70963713536247
27983,67.99082750278662
27984,67.90908093886033
27985,69.2336590283607
28002,44.34322010267337
28003,27.020404303514223
28004,38.74238413645338
28005,32.788809618540455
28006,36.3424066474639
28007,47.493254921085764
28008,49.18503995521518
28009,55.46293687747946
28010,50.055227832921524
28011,63.76946164494565
28012,56.966350676501946
28013,57.77876553517139
28037,43.3019371174316
28038,33.466727333598946
28039,39.08873117588568
28040,37.74976972070511
28041,56.225628328677345
28076,19.302324184409443
28077,29.252623880612205
28078,55.726464033398386
28079,47.78368067740479
28080,41.74929724824809
28081,49.55461689342719
28082,50.628790255364855
28083,56.509536400478
28084,52.75196528087597
28085,50.715707187973564
28086,58.18640216075784
28087,61.936046620397065
28124,45.17040774256842
28125,32.040221385724614
28126,41.99664142041928
28127,45.73567998374797
28128,42.776483564906876
28129,51.32631843024929
28130,52.12819952115061
28131,61.066804621498704
28132,60.23277383479354
28133,57.70260942440432
28134,69.03286021385351
28135,55.74836249830768
28169,31.223482908555173
28170,38.17177694416374
28171,34.76346166838117
28172,43.55744642957952
28173,38.9744695477124
28174,15.462136571364812
28175,22.76091083774676
28176,47.60348650691923
28177,34.19094777435882
28178,41.24920254175633
28179,39.26014253313772
28180,41.5467884228266
28329,20.583831291032585
28330,30.95625356636883
28331,33.10817092608599
28332,34.196479307753975
28371,47.632898646840786
28372,56.56938066130217
28373,58.7028544198109
28374,62.26099008229552
28375,63.66046331416275
28376,62.14449175985043
28377,62.01312366334584
28378,66.88227580853749
28379,63.05568007039951
28380,71.00881095717395
28381,63.58547027404026
28382,63.505114830237844
28399,50.616950628236324
28400,44.67239462042517
28401,47.71425787901519
28402,49.69464783066819
28403,58.90170309406051
28404,51.1086901694181
28405,60.08739594217323
28488,46.12074860447858
28489,56.49577828494998
28490,60.61998949546238
28491,57.412100565304755
28594,27.54277160779554
28595,40.75288255675352
28596,33.36004258720352
28597,33.26844780508664
28598,37.617959765268886
28599,42.75152089144532
28600,47.34781101542829
28601,38.90008419234287
28602,45.554543305676525
28603,51.63339314689376
28604,50.95360102401873
28605,58.21623603903194
28618,35.47680597091265
28619,32.58601892655469
28620,34.62367164145036
28621,41.913948535605265
28622,35.62404589810252
28623,6.706963950065339
28624,6.7202207790443085
28625,7.43773246925169
28626,12.74137515780419
28627,16.19173700606142
28628,15.012336490909098
28629,18.115020940206566
28630,18.00016432811514
28631,17.20908446504565
28632,18.8876891317081
28633,32.324527163332704
28682,19.94747709661244
28683,12.134061757827487
28684,17.42321236475673
28685,17.392883669045386
28686,15.70181995066667
28687,24.76198320031563
28688,31.03189112267346
28689,42.4910128525823
28690,39.5871954701558
28691,32.18414817449829
28692,47.89384752670079
28693,51.076150967615206
28711,5.918278379956266
28712,13.527055565827384
28713,11.836371374609817
28714,17.41410896701497
28737,19.14077173847312
28738,33.96762270708492
28739,32.206858591973855
28740,31.94405665917315
28741,5.837389115593329
28742,8.363994400168313
28743,12.118526628291015
28744,14.665047152013607
28745,42.608854538456114
28746,54.02244094676794
28747,41.18360605752609
28748,58.00929833509046
28749,39.54949689123938
28750,54.47309967845233
28751,57.530888025403456
28752,52.92940572132726
28753,61.050911887983325
28754,67.40821591140134
28755,62.850807111360844
28756,64.18692274008157
28761,21.191198149835326
28762,40.645935001057644
28763,40.38368319326904
28764,31.038176700412208
28765,34.00486450023399
28766,43.2093279236632
28767,48.8417622765159
28768,49.024143918356465
28769,53.68369223726738
28770,44.9809484320532
28771,54.12389924324354
28772,59.801090217187244
28825,18.791548375803647
28826,21.28003852178361
28827,19.20083971893026
28828,35.013141942293366
28829,40.72977247144186
28834,30.591021485858448
28835,35.833956499705785
28836,40.38777823948125
28837,34.81525322374144
28838,55.05650113820383
28839,41.7854016774191
28840,51.659073333458245
28841,45.25570332514876
28842,50.37380941326443
28843,65.9111190125816
28844,23.6026337278745
28845,34.22586323944852
28846,37.93133681878318
28847,37.66592907567818
28848,51.14039054296566
28849,35.04870591393467
28850,36.15653679254238
28851,37.47803618850263
28852,40.60653331597499
28853,48.65840737746642
28854,50.90291097683728
28855,54.609365054639355
28901,32.099107753423404
28902,22.01109192002513
28903,22.922901738852115
28904,19.91781310980651
28905,36.39564920617096
28906,31.5958647109299
28907,34.28416076022582
28908,40.66515990284562
28909,42.92735724224709
28910,44.01971914533114
28911,38.050393557542556
28912,39.36114033922354
28913,22.073418492012483
28914,23.656294124879945
28915,35.73388152221052
28916,31.17561247362397
28917,31.41842870859161
28918,40.207464370422144
28919,38.39957084922086
28961,37.185484714707904
28962,44.06846917405583
28963,51.35145245611033
28964,37.3465089838294
28965,39.07458876423426
28966,29.86252490217331
28967,45.43876411401101
29047,23.915833582309705
29048,32.413441343826925
29049,24.05496957535913
29050,19.818653304462934
29051,27.970989057931195
29052,32.274018628958316
29053,31.280273134156577
29054,49.16681919145224
29055,42.09685038414074
29068,20.350171559752468
29069,21.228922687840736
29070,17.329919554225803
29071,16.27355972585544
29072,33.64971383823423
29073,39.160730917232996
29074,38.44271685638916
29075,33.65781528898779
29076,31.093270475650197
29077,33.50762894670424
29078,34.612119285584996
29079,44.08395622494882
29221,11.51298103195848
29222,18.569280631789756
29223,15.76080736789048
29224,9.984936853671035
29225,18.5737080711466
29226,14.565456426514984
29227,29.082821252787816
29228,33.553079908627964
29229,40.736371686941595
29230,36.88895587723512
29231,43.04799204348734
29232,47.17060256592991
29341,15.129293620772533
29342,15.952260177336164
29343,24.813404379694926
29344,15.42135980825613
29345,24.76714320670119
29346,17.679405625689284
29347,13.973693839595208
29348,32.09172009383606
29349,34.36790821524899
29350,36.17023857520096
29351,39.96264829152416
29352,34.12854804874783
29384,53.98614792965987
29385,49.023355594431756
29386,50.7963866574341
29387,58.14048101562377
29388,51.265572911913395
29389,60.73630301561284
29390,63.99732554535829
29391,62.05497232371898
29392,66.16569101491908
29393,54.244870040165175
29394,54.96672262560695
29395,65.34794738898736
29417,52.21486924960312
29418,61.36765929188054
29419,41.99110647628255
29420,45.65761484072102
29463,31.831617899541225
29464,38.69293768194255
29465,39.969224773582496
29466,38.375206861771666
29467,40.296907750015144
29468,49.71882625999386
29469,53.91538165373125
29470,48.40712820266727
29471,40.83709738420576
29472,44.82983434701793
29473,43.47257870285386
29474,41.51816198517397
29475,26.73697684861654
29476,28.208214861520325
29477,34.62749492539823
29478,30.883673422384884
29479,38.766056147852986
29480,41.1072531201495
29518,52.72225698038113
29519,50.985670553264434
29520,56.755195786999046
29521,56.569843187415074
29522,62.59885806296304
29523,52.30305331732846
29524,66.37931262113284
29525,60.75324957089871
29526,67.32198165578502
29527,69.04188122204498
29528,67.9832697311652
29529,73.19330256137884
29557,36.09419992924071
29558,40.633655133434665
29559,43.150901691490304
29560,40.10346616303288
29561,49.83490639823354
29574,20.960312263588243
29575,46.6932594170313
29576,41.56319914090068
29577,50.326928340898554
29619,50.30044224995294
29620,43.020338857288316
29621,50.68320553224664
29622,47.38835433455895
29623,43.12609736499092
29624,46.6186105770786
29625,35.06421544357863
29626,42.75938457745746
29627,44.25563763138486
29628,58.40482842141037
29629,53.05185117195566
29630,44.624019958483025
29635,22.000277868254656
29636,26.553057191973213
29637,20.13547562331547
29638,32.918328439536396
29639,27.280379430228454
29640,40.238206816582995
29641,35.63982492981225
29642,43.552239571201426
29643,42.038779880937696
29644,50.457274508964
29645,45.148484804552865
29646,42.97663150656092
29687,53.02195911817385
29688,40.21739810500934
29689,50.69772838748108
29690,53.273220255381375
29691,57.212530542784414
29704,28.927823458513533
29705,32.72854021358629
29706,35.99261936085782
29707,30.520585986666546
29708,35.836684000303286
29709,37.56190121827839
29710,38.55765332593483
29711,42.01472654595887
29724,9.350636953098915
29725,14.220278610300696
29726,11.940959156345777
29727,16.28786161749095
29728,22.113380725722593
29729,29.69452689473765
29730,33.35126709895619
29731,36.8247377586855
29732,36.12341399065582
29733,42.47381718597905
29734,46.427439136730996
29735,47.962712769900406
29736,17.736976353370608
29737,26.209013766823077
29738,30.54030507127878
29739,18.98451386473335
29740,31.227993314498782
29741,35.973132547117814
29742,33.20397452474458
29743,31.816454602976446
29744,40.75108915084587
29745,37.31240804024488
29746,50.72809240995861
29747,41.95329112199235
29796,25.20375502557038
29797,41.34795877342179
29798,45.61573630342739
29799,53.47791538527928
29800,62.179596985455355
29801,50.461712518316766
29802,48.04352680833948
29803,61.28854745018542
29804,58.97540535090779
29805,58.31433638889951
29806,58.71173589895429
29807,64.80885662207537
29817,4.639886907034631
29818,4.808032765548836
29819,7.404404880745618
29820,10.27599346503012
29826,44.74530287665122
29827,39.337669467787144
29828,34.41625253387988
29829,50.97023884474649
29868,6.706971769176782
29869,6.153356509635069
29870,6.695302192007775
29871,9.411782895411354
29913,25.926880011699303
29914,15.78119189799622
29915,22.873361471031807
29916,20.437491547402065
29917,42.355046459648136
29918,32.04476467858211
29919,45.94081867498165
29920,34.68771405786245
29921,42.56051318481991
29922,43.66084110317688
29923,47.833542766097814
29924,38.195593374542355
29998,33.17295346710556
29999,33.2684999310528
30000,35.01368639385885
30001,34.23400810786741
30028,9.794545672702412
30029,14.778550951447698
30030,20.81713412364922
30031,10.019335523754316
30056,6.444490252461326
30057,9.13703773797848
30058,6.391496908890514
30059,14.23380168652606
30060,13.528790384467104
30061,9.502322251379558
30062,16.36838496836599
30063,25.65410094846499
30064,6.850057736221869
30065,31.31729424818258
30066,31.308327995065696
30145,27.940071414129505
30146,27.073907956806387
30147,39.71373370719192
30148,38.34293856273214
30149,32.13757681203021
30150,31.577877949709517
30151,43.133319295263384
30152,30.198372264676497
30153,63.83817528365229
30154,38.00850200962521
30240,24.69489286674944
30241,39.29801384711349
30242,29.004685558057304
30243,23.17771386657907
30244,30.34609290887197
30245,38.297755770853314
30246,32.4556276069403
30247,36.24912706902361
30248,38.17562750924844
30249,58.13678865047835
30250,48.54013240004115
30251,34.94734094165945
30252,19.08799366823659
30253,28.744858796224257
30254,32.77021485900158
30255,35.821176779003736
30256,38.54091244916322
30292,13.89785087455788
30293,14.131158148361532
30294,22.61033761570183
30295,21.710814003819955
30415,20.522679849747032
30416,24.61578182270639
30417,29.85839570501875
30418,36.084431550544544
30435,10.947705122962248
30436,18.398964407484726
30437,17.534174344609607
30438,21.56624494816858
30439,25.28910726083311
30440,31.73037678727557
30441,32.97388505785102
30442,33.318505177663646
30443,41.540501662116455
30444,34.52733401267237
30445,49.24491930382609
30446,36.670019910937604
30452,52.45815899769824
30453,58.186724382632406
30454,61.17260924590907
30455,62.24723865397079
30456,68.69096966352882
30457,62.63123188510629
30458,66.47235720474694
30476,3.9321115713244548
30477,4.04142474465302
30478,7.981072078122784
30479,6.297429497933991
30480,16.14798503985403
30481,8.225562494497225
30482,14.667766818449705
30483,18.75667646657399
30484,18.95258868543182
30485,7.7999891569005015
30486,13.468336798808384
30487,25.394950795207563
30500,28.217216980029644
30501,47.99073868294358
30502,48.339266879966324
30503,38.77242891546923
30504,34.307294188471026
30505,35.72893614832244
30506,35.49316957495053
30507,52.27303052750998
30508,44.113572898271045
30509,50.24737055490328
30510,58.91964099517323
30511,55.52553659886773
30517,22.191006175970923
30518,30.330340970597007
30519,32.31153167818295
30520,51.69269976501703
30590,18.97862961155103
30591,44.10695030586613
30592,29.001376723634944
30593,48.851930575554874
30594,34.07342417618344
30595,34.282448612657475
30596,43.64758459927501
30597,41.407022718754895
30608,37.86740349089835
30609,42.05565998603332
30610,44.25507714993512
30611,44.95029019371282
30612,46.977269080789966
30613,54.06270150334328
30614,57.80227151798894
30615,57.5669974097342
30616,52.806151619063755
30617,54.17888323157795
30618,53.91168732349344
30619,60.774910363355055
30655,22.09421797000396
30656,28.78130860783849
30657,14.768630549227385
30658,50.81338747132051
30769,12.455760113034382
30770,15.253585719102965
30771,15.617229578519723
30772,8.084938791783475
30773,21.392806327681
30774,25.49892166597575
30775,35.5065913445414
30776,39.21126748516424
30777,40.95311412748941
30778,44.934441458154076
30779,34.698920121243646
30858,6.6572615024725215
30859,9.287808489827661
30860,10.104591231137153
30861,6.693153982239902
30862,11.356364938083983
30863,13.846100319742197
30864,17.733660191792943
30865,15.43578693785822
30866,18.06387767849091
30867,23.31428979311699
30868,35.49351240498362
30881,28.12288434750242
30882,33.07603780629778
30883,37.239467423071886
30884,34.29407571442264
30885,46.39547347054907
30886,48.54178657616931
30887,52.17036544738401
30888,56.036650193424144
30889,53.32395370396885
30890,54.84295766489265
30891,55.574187843359475
30892,61.940959998181995
30893,24.08903393823364
30894,27.69142231960364
30895,37.06616346951932
30896,35.79339356685758
30897,46.57108081809629
30898,48.39786419238802
30899,58.61244543778444
30900,54.837563527495746
30901,55.35472011132753
30902,47.77093380250295
30903,53.49665118271463
30904,56.73793182561838
30993,32.7718275627823
30994,26.464310286489763
30995,35.4755009595954
30996,32.939115710398596
30997,26.977935603942836
30998,46.93199704810959
30999,35.90670159881782
31000,46.400361673400475
31001,41.582612604070775
31002,51.607624004031756
31003,55.10228533069167
31004,54.41410563493456
31005,24.3112746543628
31006,44.61595684553176
31007,33.01753867098761
31008,31.650649643897992
31009,11.527905189528841
31010,6.965508086027106
31011,13.321821730992829
31012,17.73230989320912
31013,17.818892161815555
31014,18.91509347458466
31015,27.617432730587314
31016,30.462911388518155
31042,32.200718567224534
31043,34.39728438470443
31044,43.119571502907554
31045,41.215468273326984
31046,32.30359113340908
31047,46.57282081390613
31048,48.79903203986996
31049,49.93309080851956
31050,47.88023555444898
31051,51.0102736751675
31068,14.588949199886903
31069,24.81209506381194
31070,45.496226116826705
31071,29.193965111587836
31072,37.599976929133426
31073,44.54059705538643
31098,13.584111628723653
31099,15.856137790619112
31100,21.89646063023031
31101,17.644058336098098
31102,23.85534307137581
31103,35.75461614261502
31104,37.420901129361056
31113,34.03657220262701
31114,45.842198421393995
31115,45.49837585866746
31116,44.67737720803973
31117,19.809601494273856
31118,10.935781303123239
31119,20.240419349318394
31120,28.6308031669778
31181,8.721261970077368
31182,10.417937839726907
31183,17.16711373154362
31184,17.44422358171846
31185,15.339127844642409
31186,21.90926155222302
31215,16.612769849259454
31216,37.07106907681776
31217,39.882092687056286
31218,42.90000334022278
31219,43.840021648282544
31220,41.92409760508077
31419,23.77945132561885
31420,29.14311244626075
31421,32.076343639140916
31422,43.73881331851865
31443,30.686797582615732
31444,48.34195606991553
31445,37.23458287346261
31446,32.96285300690914
31447,33.84038601487321
31448,50.69498911234961
31449,52.02996001482724
31450,59.79090317273896
31451,51.699395574543054
31452,52.7953844446357
31453,51.52690042946489
31454,54.420738892049386
31483,52.88816764369818
31484,45.80377598665315
31485,44.21751956167528
31486,55.408526348036354
31487,53.31553363172831
31488,15.1358814205815
31489,27.00977774364123
31490,31.42109092958766
31491,41.60222257716224
31492,35.539185474946756
31493,51.78767296931903
31494,63.95666845813622
31495,48.57004711354963
31496,46.12447743776805
31497,51.77145419326922
31498,51.31594737109205
31499,40.00115399028245
31536,29.70634020377086
31537,45.73110643466148
31538,38.64116756092915
31539,52.618220701978125
31540,35.97857031982414
31541,60.978508400185824
31542,36.07031178985197
31543,45.86735845142993
31544,47.20419968399359
31545,58.159781855640205
31546,58.17933267162652
31547,59.69140058410406
31548,15.591548114836502
31549,28.291562300659777
31550,45.580380811261506
31551,33.349116426108615
31552,44.499220432143034
31565,35.03564738632265
31566,32.05620524846796
31567,45.09277544750313
31568,32.329615575092625
31569,38.226473858229326
31570,58.601553758204425
31599,18.807289437320104
31600,22.778918319406795
31601,31.304454360340948
31602,34.526435240047725
31603,40.93823625485892
31604,36.07048510095837
31605,38.45418055822193
31606,42.114561253599966
31607,43.39582051743302
31608,41.05135698745309
31609,46.39995551272439
31610,43.99199871379422
31627,21.460140825650544
31628,37.03865370296147
31629,35.88027038665193
31630,37.25193292174004
31631,43.331123878877044
31632,51.16694784959469
31633,57.62716044568401
31716,18.170934823383078
31717,33.480662105628845
31718,31.773790578182517
31719,28.78037658178541
31720,37.07866790036944
31733,7.148616382770577
31734,9.863189982184956
31735,15.241561394506478
31736,24.977490459589024
31786,11.923124177711843
31787,13.031117390365967
31788,14.422777318087844
31789,20.5219839379128
31832,51.28046593622842
31833,54.207282861660254
31834,57.168868676977034
31835,57.22573678523055
31836,55.21775042992417
31837,62.09221228528517
31838,64.45335715121604
31839,60.600642137853086
31840,66.28716966783846
31841,63.733223557729936
31888,27.73167829578042
31889,41.75562629676192
31890,48.59987210213584
31891,43.572452128359636
31892,33.5529951972862
31893,48.41145600731401
31894,44.72298051549963
31895,63.52216993481488
31993,33.86752089927863
31994,39.60350348476729
31995,49.47788550020511
31996,49.93768034161246
32014,22.67200011074369
32015,13.173705342540426
32016,20.39117964090338
32017,30.92888680212006
32018,31.515739705932
32019,31.169333637810613
32020,32.950222910769156
32021,40.563034773172944
32022,35.47865043145647
32057,27.487031577056133
32058,17.711295434768267
32059,31.831893306066984
32060,27.087571504768174
32061,31.89137835753756
32062,29.810091892804703
32063,36.12892129135938
32064,33.66435839858546
32065,35.95285219954086
32066,54.32335947089756
32067,43.248569917793006
32068,37.95984729403962
32119,6.807480454698016
32120,6.727984419880855
32121,8.01666885275451
32122,13.691627848472974
32123,14.894152979320033
32124,19.867986336663208
32125,22.609506439078913
32126,19.66492255530466
32127,33.589088990843265
32213,36.48817497690421
32214,19.169742597281594
32215,36.86370802909537
32216,34.71123725778615
32217,34.91024696274242
32218,46.24278830450459
32231,13.34371494808302
32232,38.821743750271324
32233,37.46295825187899
32234,39.687553362397765
32235,49.32498596500606
32236,21.657315849682274
32237,30.835726554770112
32238,30.34109406741005
32239,36.11575687055834
32240,28.940110439753123
32241,48.38976387974782
32242,34.50406262752469
32243,31.963027822018965
32244,42.99115352157764
32245,47.59460004031169
32246,40.7210764669819
32247,50.167614442089196
32353,15.830327257073879
32354,14.382170348656121
32355,16.65978455527993
32356,13.587670250620741
32383,6.511082451376943
32384,6.5607757874048716
32385,6.5607757874048716
32386,6.601842317636985
32449,12.507060976254817
32450,13.66944449948347
32451,12.599962882024766
32452,12.500492555734816
32453,9.331726264488008
32454,14.818999182353986
32455,24.181623198800743
32456,16.057673671471903
32457,14.083794190837722
32470,24.79540099536461
32471,44.6493675906534
32472,36.73368147563527
32473,38.484069134628605
32474,47.499748959288894
32475,47.78891521330189
32476,52.87051294322929
32477,64.14773517896658
32478,59.541990998421255
32479,50.09634671252428
32480,66.2452338583896
32527,40.644249873457625
32528,34.015443954039895
32529,38.17254550625014
32530,33.331571218300034
32608,10.72551714903551
32609,10.72551714903551
32610,17.22806078244905
32611,13.025256570574474
32627,11.799944334868098
32628,17.16499800443106
32629,36.39372241495956
32630,31.117279322452642
32713,22.405719853654304
32714,39.94106496276937
32715,31.104945728213554
32716,32.9576038100532
32717,35.21876269593338
32718,36.892348064280185
32719,38.366173486550636
32720,48.84423035284115
32721,45.625451927960626
32722,41.96254195653127
32723,49.44156324175545
32724,56.529434798596974
32725,24.09624040890005
32726,36.870648471362564
32727,25.22527487203497
32728,35.81440145874453
32729,40.50619647265494
32730,42.11678209751803
32731,35.831176624135104
32732,55.84326159268678
32733,61.45445882481496
32734,58.305150069630535
32735,53.93082329407997
32736,54.16770641258948
32741,14.619526175470009
32742,22.29580589536719
32743,18.962594059820322
32744,16.686633421480174
32745,40.28998459129028
32746,38.66936090173524
32855,27.664197283318543
32856,21.512084974474476
32857,25.02609278542563
32858,20.562335417971
32859,37.8119746131065
32860,32.617523584414634
32871,5.626247240093375
32872,5.626247240093375
32873,6.067597718516826
32874,8.279394065340316
32875,19.305216390909575
32876,12.863834783498309
32877,23.196414596502695
32878,14.037209524733
32879,19.73482825421208
32880,33.06333454431544
32881,32.07740980578547
32882,35.40004185005957
32901,15.972108338798241
32902,18.115377091399896
32903,13.680974478486771
32904,15.734148549715862
32905,21.1002987263559
32906,32.90298602764392
32907,28.87970887898519
32908,37.750299026842654
32909,52.27538143327858
32929,42.28450307842995
32930,50.00368435364476
32931,50.55348828004569
32932,48.54472878658286
32933,36.28040652992243
32934,45.804493163667985
32935,51.57584833023571
32936,59.90975403492406
32937,42.431107867670136
32938,53.974661645309276
32977,6.118788690914292
32978,6.887273120698007
32979,6.118788690914292
32980,8.899644779004369
32981,6.887273120698007
33029,40.412827322914836
33030,29.986510968272377
33031,48.44316423826328
33032,40.18527614811455
33033,44.83048958466635
33034,43.55155504353712
33035,47.88686994444655
33036,49.741517570955025
33037,42.802457729168175
33038,41.17343838095329
33039,52.86512760115913
33040,43.69803866721551
33107,45.07013121865281
33108,50.43937878149502
33109,51.4573371840456
33110,55.564944928276034
33111,52.06415037790499
33112,54.99317236132094
33113,53.355660133416755
33114,50.0623938580351
33115,41.20386876031484
33116,58.39120992600313
33117,55.07658894178108
33118,60.44682450429873
33119,33.26677072527098
33120,37.27787047589257
33121,31.12810436495697
33122,43.21038169247579
33123,35.50562059146317
33124,35.82891725546418
33125,50.3242448606372
33126,49.91174484895124
33127,37.86474704763873
33128,50.853462455280095
33129,43.29121444895162
33130,43.665598194444875
33135,29.00360514052445
33136,33.86866006060363
33137,35.14575455159818
33138,34.080938271719184
33139,33.331004317882105
33140,31.553774166695618
33141,43.64443164767623
33142,40.62744390412609
33143,46.814003275701836
33144,49.34929510521877
33157,37.683721696282404
33158,47.325297568054786
33159,32.902326516721345
33160,37.56996271055601
33161,41.26985058261518
33192,14.939380645654456
33193,15.892541961751373
33194,16.215886251184873
33195,20.80868855404022
33196,20.351387178796443
33197,16.143433487587153
33198,20.260798067883098
33199,38.62903042477595
33200,30.435067756314734
33201,36.00298021616738
33202,42.19027267818966
33203,46.42875276833484
33204,23.866593773182593
33205,30.995236212559288
33206,34.12910303558931
33207,28.206733704564705
33208,42.53274350061904
33209,37.79001138701104
33210,32.51673164992109
33211,40.47123080853248
33212,33.98893274231445
33213,42.4431215467123
33214,40.38896080197058
33215,36.32675800806781
33228,16.48548927812948
33229,19.428604708152633
33230,17.442144594189077
33231,19.1898301408713
33232,14.838945052548965
33233,14.077687255478768
33254,19.910793322554326
33255,16.265091655205175
33256,33.28789002292546
33257,35.24274037664908
33258,6.991145473570157
33259,6.991145473570157
33260,6.31424098699138
33261,6.507949354654481
33262,18.472760271679892
33263,18.472760271679892
33264,16.87874535045122
33265,21.654716460934946
33266,15.745630774592032
33267,11.394360634334594
33268,20.546012817416884
33269,15.129293620772533
33270,34.3651691858407
33271,36.91134174184283
33272,33.66973769247015
33273,41.346312629241915
33274,16.45699616638742
33275,12.7061084514886
33276,27.375748608657233
33277,20.679175177075265
33278,36.85042789057145
33279,35.62975330234627
33280,30.44103987273233
33281,34.44806147599274
33336,38.67201636624227
33337,24.969292856658015
33338,36.5135455289841
33339,51.50901605454549
33483,8.508626123671712
33484,12.796493351913966
33485,11.731061440400602
33486,13.15767761225182
33487,14.915425888581831
33488,15.238770178015315
33489,26.28870327100255
33490,16.991389693016323
33491,31.49270512130051
33492,42.07841412303482
33493,32.67825824445012
33494,53.22630177491685
33495,33.30174417574342
33496,34.69968232620916
33497,52.45436121301937
33498,38.004210931094384
33499,53.47816966733091
33512,34.37970816524367
33513,30.168111204368074
33514,35.667478598915096
33515,33.330903864979305
33516,43.90509732622556
33517,40.95152105611069
33518,49.26007435959382
33519,49.0338853971148
33520,58.29386796898467
33521,48.8773025919855
33522,57.45813018310734
33523,49.81144143668655
33528,26.583994369321157
33529,35.589912277168885
33530,56.30776871396406
33531,48.98595456156821
33639,10.485755758273053
33640,13.34141801226085
33641,11.346166387381325
33642,19.48576632442449
33659,46.873206795415776
33660,39.91768798383937
33661,56.66349478382762
33662,56.14056416002498
33716,27.03810328517808
33717,41.164357925775285
33718,39.70876188103287
33719,38.11883718429925
33720,43.272606885082986
33721,34.90179178808453
33722,54.74446876188369
33723,52.0906058924736
33724,48.697381019850134
33725,58.79243728751005
33726,54.74844101270505
33727,60.761438561022274
33958,16.86451072259068
33959,14.536158852325268
33960,20.07823072269538
33961,20.763712316112365
33962,9.256284602355107
33984,11.973419800785404
33985,18.492599549953866
33986,17.815524257959307
33987,20.07782647002762
34035,5.6034759895628365
34036,4.852231627493105
34037,4.861547368178977
34038,5.533295695431547
34039,10.672466371209502
34040,13.844129668572615
34041,15.858066787220071
34042,14.912174388964294
34043,14.207163086905338
34044,16.083922183999533
34045,22.3055842981808
34046,32.69821922483634
34047,53.789358162124856
34048,52.79058504995885
34049,63.909923985735404
34050,65.48604667783314
34051,60.626392085141205
34052,54.35321482956626
34053,56.95300171716763
34054,62.176234176872356
34055,65.21271324325231
34056,69.74735644268773
34057,69.93744865908683
34058,74.94873854294238
34063,28.84296716362495
34064,32.35520424339178
34065,46.49118926566997
34066,44.91108339717499
34067,43.05927215542483
34084,15.026334702097747
34085,12.280738960674325
34086,17.52750042617323
34087,17.576740453340047
34088,22.318258655984867
34089,17.731145593416173
34090,32.77193708332794
34091,31.35768068471106
34092,48.55282943081312
34093,33.40654093804382
34094,47.46692087916994
34095,44.994795569868465
34108,27.664291426140824
34109,27.575487236661285
34110,35.58059225526122
34111,39.764372415097014
34112,50.60638851792898
34176,20.440857176576348
34177,18.00488227997811
34178,12.39545554873892
34179,34.00922971380596
34180,32.64269369554348
34181,38.56357766248809
34182,40.2952730460839
34183,34.06458643507822
34184,37.32355362964299
34282,20.285272923313862
34283,10.113681376249643
34284,19.125392500969514
34285,20.584692208643286
34334,5.184360885840223
34335,19.395935252161426
34336,20.96591169201274
34337,18.709092258537236
34427,42.54944484947699
34428,46.69160812374346
34429,48.431694093827325
34430,48.85871269074275
34431,45.28068757884889
34432,48.552967418343215
34433,54.01975931510049
34434,20.893485314783995
34435,42.4421545080634
34436,42.490145420174045
34437,46.50887964282471
34486,26.777570102219343
34487,34.239418266748494
34488,43.165196159169824
34489,31.219521348758924
34490,37.742282213979124
34491,43.722682852733186
34492,52.232382631245386
34493,38.79286109250692
34494,40.930731938509226
34495,40.855196943611155
34496,49.294990669566495
34497,43.32630342850007
34538,4.487006243039584
34539,5.3472096873735
34540,5.36389698497049
34541,13.005188316424784
34594,36.511590847412656
34595,37.57441245862856
34596,42.81940436331702
34597,46.18943085187298
34598,13.744347332484478
34599,6.1982968652809
34600,13.71535707398201
34601,17.33030254623331
34602,17.894553572276035
34603,21.890808811706712
34604,22.92954138136672
34605,15.389706979856292
34606,33.01308719603057
34607,33.80285247475973
34608,39.33354384385845
34609,40.154467984677254
34610,26.719117329457287
34611,26.44578856288699
34612,37.23285827836989
34613,43.73130454130589
34614,38.49350697599006
34615,39.2742246450914
34616,36.55222585958443
34617,13.793922852702586
34618,18.804152745006327
34619,21.76333261280244
34620,19.30491292487364
34621,35.609225804807394
34660,15.797162937943039
34661,14.974196381379407
34662,6.732102682187652
34663,14.29392540169183
34664,38.63338787824554
34665,36.06675775400095
34690,7.261639347461062
34691,13.238657218843443
34692,14.310955507581827
34693,14.20843432399138
34694,15.805969207233675
34695,14.474157946978265
34696,16.38718885452779
34697,22.405990202229564
34698,36.08236277602693
34699,36.60904695178672
34753,7.488510062686574
34754,9.243906382845417
34755,22.65196488240493
34756,29.835908999314523
34757,11.5455974077575
34758,32.466723438122926
34759,41.18583700913527
34760,38.35634346717469
34761,50.27151604431666
34762,36.19199895574565
34763,41.890822109392595
34764,40.642576127424505
34806,13.580074530571446
34807,18.689443619652
34808,22.35524517701305
34809,28.73170060246201
34810,35.12389098746882
34864,9.889285606125645
34865,30.747505284281445
34866,34.58694469650729
34867,33.72120155155728
34874,22.737738121225455
34875,22.965969225269152
34876,33.21810987663057
34877,41.46564281815115
34906,29.673764280450644
34907,20.249186947389173
34908,36.26939288439273
34909,35.09578636417825
34910,38.54800977646379
34911,37.41603314623203
34912,29.978417507224353
34913,41.64412376743092
34938,40.87725451633309
34939,40.604438116058034
34940,41.47467597124673
34941,58.51153654004864
34942,33.56882921551832
34949,18.58323710430569
34950,15.639410816271857
34951,33.146375763736934
34952,32.36342458071609
34953,32.7870709115511
34998,41.57347711948029
34999,34.934044018911244
35000,42.86241547615671
35001,30.608317468723353
35002,47.75640805025923
35078,41.390333527023216
35079,21.910264648349802
35080,34.5872239661171
35081,47.322418990709764
35111,13.672408611258795
35112,13.672408611258795
35113,18.313859014404862
35114,36.44039537294145
35115,29.45271813981239
35116,28.896933137332564
35117,43.8477739748954
35118,35.78825010454462
35119,43.283922244900225
35120,36.513375915533764
35121,41.64692044829408
35122,58.02389576663401
35177,33.60332348131727
35178,36.62239707660997
35179,32.17539209580061
35180,36.686335452317664
35181,49.397648324196965
35207,25.2950675496765
35208,22.94754150665429
35209,38.048385965535935
35210,30.779833030739844
35211,32.65793515412393
35212,34.72515299954774
35213,40.921228696969656
35214,51.52844260336164
35215,39.481283889614886
35216,53.585471965764135
35217,38.876271774140505
35218,44.42043492319571
35277,43.62562029459013
35278,48.439741326739906
35279,42.1092821289812
35280,51.8792846264687
35281,45.23831132620166
35282,51.20684656428254
35283,55.97425147297769
35284,53.65531887482435
35285,65.16810776678822
35286,44.97324971193906
35287,39.093239238699574
35288,39.626299411553134
35289,41.554867897819435
35389,24.77345165169363
35390,26.96352552614954
35391,31.93701210085222
35392,44.96910023712722
35393,40.19736395545974
35394,30.700364121655614
35395,36.103309729440255
35396,37.287721519402034
35397,40.99016721218108
35398,42.82391100719324
35399,51.675184533931045
35400,45.002624295910174
35401,33.404282183522206
35402,33.10220537222856
35403,36.67097341308324
35404,34.196699675355234
35405,46.87428850761764
35406,43.09440584606415
35407,38.09003216649734
35408,51.69366833028739
35409,56.135715275783774
35410,46.935470833135675
35411,49.355826921508566
35412,50.43480039207918
35438,17.41758858709031
35439,30.326210768845062
35440,51.49954606413828
35441,34.69034795266249
35442,41.280623145376865
35443,37.155238611540135
35444,39.56066297443108
35445,43.63788536838995
35446,39.04632541032643
35447,56.6454184847464
35448,55.86483163121822
35545,64.07626207955802
35546,54.50023756774129
35547,55.26987488600139
35548,53.389974598789166
35549,56.677074879878
35550,61.946840612574185
35551,59.69015675851685
35552,60.96678389323205
35553,62.71065786702945
35554,66.64181457605619
35555,58.382869401826625
35556,68.43077028898243
35557,21.380427169811096
35558,49.39661793697729
35559,34.83190024911106
35560,42.64451742344726
35614,34.21135741383352
35615,52.14095661258797
35616,34.72926117588202
35617,42.32644622429164
35618,43.55712688197622
35619,43.53687267333673
35620,40.04999742446645
35621,18.822970378101548
35622,13.23613826107062
35623,29.77056312146133
35624,26.16772318662058
35625,20.29822456095011
35626,29.685686826427958
35627,32.94753173572738
35628,33.186419352852994
35629,44.685382053443085
35630,27.835994906793953
35631,39.876635657553905
35632,34.31326491511096
35676,54.93825887145734
35677,47.74135253526123
35678,61.96857206520133
35679,49.631324961152465
35680,50.10976997758946
35681,53.31453398600792
35682,63.25786994607639
35683,58.23176534284475
35684,56.370742387527294
35685,61.6278787922132
35686,54.69387814640786
35687,61.23120418841584
35706,23.75380010964899
35707,23.91021881737395
35708,29.155841189504496
35709,27.126555682813482
35710,14.470304282438788
35711,17.464546632935164
35712,32.44974356149544
35713,31.552019113064723
35714,32.80364411393714
35715,28.593124067363267
35716,38.3798631314971
35717,43.387737721457704
35718,19.7441061459788
35719,30.205719825549934
35720,32.9750751595453
35721,34.4317651998833
35727,17.999294239569263
35728,28.165988881145026
35729,26.66125649955415
35730,34.426417832987426
35731,37.08571390161019
35732,45.48518508914036
35733,34.64511165630671
35734,43.6237703582108
35735,43.1557965637447
35736,44.20064475225536
35737,45.462416753561946
35738,38.28963698581721
35745,17.701574330349256
35746,15.1830064309471
35747,16.056261668759415
35748,13.405150349702856
35749,13.405150349702856
35824,19.92388868694005
35825,19.92388868694005
35826,10.677666083662276
35827,13.62587617407603
35902,5.673889524526422
35903,11.7591972995084
35904,13.540086673399532
35905,22.311213978407764
35922,20.33501181540038
35923,21.448208742061922
35924,29.657948848886544
35925,37.13274308181621
35926,31.413278339002467
35927,36.5464994406206
35928,38.29939139702999
35929,35.024975749035924
35930,46.312401749902584
35931,40.489919495422505
35932,37.13261237672856
35933,42.55778730333657
35974,15.711298462193785
35975,20.574492069245537
35976,21.80208450072426
35977,18.768923950155546
35978,37.64026606173416
35979,31.288681159031203
35980,41.85796022302015
35981,40.6698470448901
35982,51.28144613425748
35983,43.2720572640342
35984,39.69055520853141
35985,42.08353279487881
35986,7.0614215998589405
35987,19.775816526844913
35988,30.426286497641673
35989,35.02606942597368
35990,40.41022803512282
36068,15.394410619029001
36069,32.659483900959444
36070,37.274835807155476
36071,38.37671226576913
36120,37.525559715844594
36121,39.03904709751138
36122,53.96579226195803
36123,34.26909091986449
36124,58.612036571653555
36137,20.63249350168705
36138,29.547477284152787
36139,17.72719907729953
36140,38.61578247995654
36141,42.10702016713969
36142,39.075509652515684
36143,39.84149284661754
36144,35.29624841164799
36145,49.4013204700375
36146,51.38050752325743
36147,35.62012397259245
36148,56.784992843176184
36192,43.952109938533596
36193,41.04171191049136
36194,40.48134241057729
36195,49.569082231982776
36196,52.015919063821215
36197,54.324363097817034
36198,56.136046091690595
36199,58.109890056032704
36200,68.09205918400097
36201,67.08658755884582
36202,67.78094462388788
36220,25.05316820845178
36221,30.62909907158695
36222,29.36553647967388
36223,40.439438647085076
36224,32.84243267779922
36225,31.492406071406673
36226,52.840429303799716
36227,36.46759010821414
36228,42.37199284510668
36229,56.511491017113336
36230,55.15040190229549
36231,48.96082774211889
36245,45.33468064325033
36246,39.47934716909444
36247,41.44321691868434
36248,40.94788131189428
36249,35.91580840779854
36250,49.34792455057148
36251,45.88940136413483
36252,40.42414410053441
36253,40.796161119014464
36254,37.91586279228824
36255,30.102643608050656
36256,37.042771184908716
36257,34.66214885298622
36258,36.56860899594225
36259,36.91858028572686
36260,34.15392146627042
36261,32.79179560973502
36262,37.70941477626173
36263,41.36421692711285
36264,44.98297141464831
36289,6.335746909270598
36290,6.335746909270598
36291,6.335746909270598
36292,6.041386590344549
36293,7.695749889296066
36294,10.649796648082072
36295,18.22333496501689
36296,11.958816011214045
36297,16.60791909026371
36298,15.322896825841037
36318,24.418298202762816
36319,25.691691930341324
36320,30.395058868933816
36321,37.48419006604247
36322,32.51667111453129
36323,32.57431715691163
36324,46.541586342006816
36325,46.11155003040623
36326,47.8091604605696
36327,49.032362198264245
36328,39.57362561585665
36329,53.713808048622944
36330,53.7561371608376
36331,53.53609022156526
36332,58.50599056274289
36333,52.91897486896237
36343,20.45889127967211
36344,25.61210823225642
36345,30.28095243950362
36346,33.64505491575441
36347,34.25852462165628
36348,27.878541403951935
36349,27.647229611786234
36350,41.74400799381835
36351,46.25997381679525
36352,46.20780857802807
36353,39.441589361466114
36354,37.41568633384127
36367,11.056036685247761
36368,28.43081858514179
36369,21.857575177575043
36370,18.422681086925028
36371,24.430856193413746
36372,34.821207686428046
36373,31.525836200750472
36374,47.58517467497846
36375,38.59412116812045
36441,20.859211817162485
36442,41.692494321614596
36443,45.21969808039511
36444,40.62853514794577
36445,44.37056307009801
36446,51.99511102910528
36447,47.825456923638555
36448,58.733519887978765
36449,59.41864200906927
36450,74.06399869478308
36451,57.99580083130755
36452,54.462387637948424
36453,14.28846030726088
36454,30.35293045826903
36455,35.539372986012076
36456,35.50974045047546
36457,32.963882864644866
36458,42.708383654278215
36459,43.165571545826865
36460,57.339662097183485
36461,49.1807310405149
36462,49.071731442336244
36463,56.62635599414388
36464,50.835972525008835
36523,6.660938120514814
36524,8.907068956201304
36525,10.793471537891945
36526,21.59057087937262
36601,22.991114880906228
36602,33.58372719273779
36603,12.579817521840534
36604,37.56712074078677
36605,41.943550782744396
36606,34.97559388074385
36607,41.59978734640745
36608,34.72251830793428
36609,39.99309929233617
36610,46.786080061753516
36611,37.53995468018144
36612,44.55067261425403
36618,37.53988003190714
36619,31.076308439696227
36620,37.37046497340107
36621,40.43022254058413
36637,36.79183225704187
36638,30.89183399673342
36639,49.94183038150601
36640,46.034352938969
36641,34.395889155566685
36642,63.092396722575124
36643,39.37124570038427
36644,50.265735945490405
36645,48.490240448704405
36646,54.45678996827986
36647,9.191103178507396
36648,13.047589375691066
36649,11.504669332058832
36650,16.3869658225022
36651,18.39967409932874
36652,19.745298336089828
36653,22.309661891472107
36658,52.30675447817806
36659,45.6288679456729
36660,49.9196116145557
36661,53.21746734609985
36662,54.80596275266966
36680,35.924106798774716
36681,37.14175047335328
36682,35.585977639562515
36683,50.21532993928996
36714,19.165836328544103
36715,14.92899964972123
36716,26.697601234130072
36717,32.92479052439104
36734,40.81495562338441
36735,48.01742468286591
36736,52.95454210586584
36737,52.95297930558864
36738,58.970693388708824
36739,53.871324410001606
36740,50.927482513378685
36741,61.29938508235147
36742,52.6963562402538
36743,52.549342234473194
36744,59.18415347538869
36808,28.131611689842938
36809,37.4385388054935
36810,27.826610473046525
36811,37.35238014274183
36852,21.045728896601165
36853,32.306715515270966
36854,26.747094991888545
36855,37.56147920733305
36856,30.245612068369994
36878,12.614778405188607
36879,6.127920831483323
36880,11.536130114497336
36881,21.48987071069111
36882,17.20820836269917
36883,30.11835022940676
36884,30.73714200739719
36885,26.491547405112936
36886,33.06075570387399
36887,32.225698982379456
36888,34.5244060518062
36889,33.01103437072372
36890,36.060398159886056
36891,55.55082279160176
36892,38.790910270404346
36893,46.606113312684066
36894,49.83600262890438
36951,29.583233328600578
36952,30.70617310669006
36953,30.57249634005631
36954,36.62605795333005
36955,31.8308573349951
36956,51.80696617780642
36957,40.52262169015329
36958,35.048623588545965
36959,41.1922327022535
36960,36.42946054016895
36961,50.9844260628229
36962,38.79251644764884
36975,30.162311495724552
36976,54.96002685871075
36977,45.26609921919668
36978,52.78666679699351
37010,6.372396362467319
37011,10.56539366037532
37012,10.56539366037532
37013,6.4375764335549395
37014,13.30123799421235
37015,19.09946216318746
37016,18.843704033221872
37017,14.891152449991496
37018,37.40398753646939
37019,34.8133763812885
37020,31.85136436588016
37021,41.938093576326516
37022,49.12458111295835
37023,52.38540040857522
37024,36.10179592650274
37025,38.45908382602383
37026,48.96454115886379
37027,47.753641577358145
37028,47.95422201899559
37029,58.501390055280176
37030,56.97503511918352
37031,53.7179402607162
37032,51.31727090458534
37033,59.846818445709346
37034,29.511719789120107
37035,21.341001045891744
37036,26.95369453697625
37037,16.61448646310246
37038,34.1529036402392
37039,36.835241106123426
37040,31.73736325161791
37041,25.0525792454226
37042,8.77430732804492
37043,17.93144628172731
37044,15.887671124354592
37045,35.016421371170594
37046,30.85506891495331
37047,35.0163113339274
37048,32.412024308534754
37049,37.47453876430116
37050,46.546186499639894
37051,42.87987987582854
37052,33.492283739702934
37053,34.552003875030266
37054,30.69056456591706
37055,50.76144640566657
37056,43.43424062358683
37057,55.96139716173835
37058,48.35834663208428
37059,58.07758121217398
37060,52.586290088271674
37061,63.85692405502491
37074,26.963832449488894
37075,42.068600148532724
37076,22.754533990329605
37077,24.090753900140335
37078,34.441676033208374
37079,34.12694258081439
37080,34.19205829745774
37153,20.21746948638997
37154,26.109402709010045
37155,22.70067690117189
37156,35.25752719172316
37157,39.35063833704241
37158,36.496720538036286
37159,38.978590592058374
37160,37.82806705813685
37161,40.95729011606235
37249,20.95355943906214
37250,29.293033574290078
37251,23.869713351196083
37252,30.607805222847926
37253,35.25605237623628
37254,49.034570086268936
37255,39.14875877342149
37256,36.09006789607967
37257,53.584326374554855
37258,37.803347039177936
37259,33.315532996427166
37260,39.64720159094652
37261,9.930657402677866
37262,18.123630079378376
37263,16.48963343305284
37264,17.63886175517775
37265,10.314116653307092
37266,14.796454703096966
37267,31.43864655252285
37268,35.61449718539472
37269,36.371970338140756
37270,38.32515753161768
37271,43.30178384261197
37272,37.74226738137241
37308,32.50594099786362
37309,40.60529615877815
37310,44.48175896321602
37311,37.509817105613045
37398,37.288332402765214
37399,34.264709110762155
37400,48.43453430379034
37401,40.43339421170864
37430,18.887037080951874
37431,25.635135955954887
37432,23.506566837282595
37433,37.59411475002552
37434,30.596864226283177
37435,37.7177151320291
37436,35.47358267534639
37437,33.83899184643752
37438,30.881771046158885
37439,54.04974562639138
37440,44.012412074793346
37489,28.322516151708125
37490,52.27677001098935
37491,46.356826691140014
37492,42.987723703118185
37493,40.005192730940976
37494,48.03815320594339
37495,49.24609568209862
37555,19.509289185646892
37556,18.93641489940842
37557,14.870850264264908
37558,24.112051900428103
37559,7.521924673313357
37560,25.198704084293503
37561,34.33081567322602
37562,37.50705007287389
37563,39.67397716973566
37564,58.15745157413147
37577,33.27541516589003
37578,31.605380977170995
37579,38.259919366486166
37580,37.52103302869948
37581,45.01250392548892
37653,14.161251033925451
37654,29.26317982695799
37655,32.75597032508948
37656,34.91117830734518
37657,32.98679094649556
37658,33.093230025413696
37659,59.96407658325757
37660,50.30425032606325
37699,42.9539075543087
37700,51.32569873528036
37701,44.52929685011247
37702,38.308597113490045
37703,56.70527504875721
37704,48.078343731675645
37705,44.48435853487823
37706,47.80464003567103
37707,53.995470822074296
37708,46.27117688872444
37709,52.56340421324349
37710,55.25564929172103
37756,42.665305945578105
37757,52.63422833333728
37758,38.14659752617813
37759,52.052547447606194
37760,48.48624185022442
37761,52.37489027209017
37762,47.46406918916569
37767,22.681116479892815
37768,28.35784621434777
37769,45.812698431014006
37770,52.30217927419715
37771,44.52886067261005
37772,43.85320938104788
37773,58.939789943180216
37774,40.3864896027818
37775,51.986314826116
37776,61.70972899857664
37777,52.88504577259897
37778,67.50271616373152
37816,14.277794728758938
37817,18.618585561139405
37818,26.572202261781097
37819,27.240708333907605
37862,21.56212427197307
37863,23.494291465567272
37864,12.818328582032304
37865,17.762351835764825
37960,25.362161545412125
37961,27.524347892187567
37962,17.065226898900665
37963,38.67509495669356
37964,39.65360920928047
37965,32.55574840316897
37966,35.150643948557786
37967,36.89779836959306
37968,60.24361580242151
37969,58.43685577844426
37970,56.23206024795163
37971,44.4653091025689
37994,33.7746130842862
37995,35.878975411310044
37996,38.78013317174174
37997,56.046456101188674
37998,56.37365878187068
38021,29.64401027770876
38022,34.171449469236855
38023,24.788837398765754
38024,37.318462061674886
38025,37.44631694142512
38026,41.94315535789104
38027,39.75334247103242
38028,41.407246982267445
38029,48.010571021787726
38030,50.61454724012241
38109,30.41514732077151
38110,20.604266138063494
38111,32.04025612181835
38112,39.166065905726725
38170,32.4554805500069
38171,30.830334406404372
38172,33.413837537141355
38173,31.632065646443532
38174,41.62690883952941
38175,43.920339988103606
38176,46.18047553142533
38177,31.579406452016148
38178,46.63090275966361
38179,48.004902037208176
38180,47.8852610484385
38181,53.46673539091834
38197,29.428296805378533
38198,31.966774759337582
38199,32.74897371117565
38200,46.78797775315026
38201,45.491162375442
38202,43.03273136317329
38203,30.091023523122402
38204,52.47346290472275
38205,63.76339013188051
38206,38.3124467402856
38207,51.25015221928383
38208,50.76527464506539
38209,56.87509273252359
38210,55.579993981609505
38211,60.93666665938849
38212,57.99104731960445
38213,69.73818289097737
38214,65.25362893351343
38215,42.664765572873456
38216,43.94358400511682
38217,60.65146818274482
38218,60.313032773580986
38239,8.803877109052902
38240,15.01368256180371
38241,39.74392926087156
38242,30.42680275326361
38243,30.802097629602265
38244,33.21835068369125
38295,6.5674065567360635
38296,32.86090433705116
38297,29.239506687390808
38298,32.148810077139885
38299,33.98866969818789
38300,35.20073242337446
38301,42.861492053326806
38302,29.51652297749949
38303,33.520938946867794
38304,40.44334308795108
38305,37.64419171349666
38306,35.00575100304375
38307,54.779654200035644
38308,64.10086978248944
38309,54.374952084790486
38310,57.664691318808806
38311,52.589766488675565
38312,19.235988725705273
38313,22.97837812947997
38314,15.133780580630377
38315,21.698053734643445
38316,25.53904062985954
38317,20.226989985024243
38318,36.49581248862802
38319,32.807133842616345
38320,31.419286263284807
38321,38.7903719676191
38322,34.402799738969414
38323,38.27218594114591
38324,26.790397345676535
38325,27.77276175343164
38326,44.07727914279163
38327,35.655069259941484
38328,41.42688128079606
38329,49.85091051703261
38330,39.893063535904936
38435,30.793988862881303
38436,28.35974425831941
38437,33.90572803221793
38438,33.94954794462307
38439,32.9066763472159
38440,38.42968693917247
38441,36.56538557814537
38442,40.75121951056169
38443,40.480173895003915
38444,43.99371006762078
38445,51.74786149594068
38446,41.535024047187385
38447,36.36969521330287
38448,29.579156139244777
38449,33.62004961005952
38450,36.911199394335185
38451,33.36272660103584
38615,16.657505122352195
38616,38.65251449837835
38617,35.574003617251705
38618,37.45325837235355
38619,31.130513036429626
38620,42.23779416717253
38621,43.989552333699585
38622,38.895504822924515
38623,43.07394205623594
38624,47.907640047436686
38625,52.753831358275384
38626,48.91674296387712
38627,18.693921729807894
38628,28.525943467490396
38629,31.399528356031183
38630,32.488177383847145
38631,19.42684480209499
38632,11.125252295269002
38633,34.53143258326401
38634,41.84362943441766
38786,33.23215317967322
38787,51.73889734459884
38788,54.02029919900136
38789,63.735894194202
38790,57.024671996862985
38853,25.363037259265194
38854,42.72751396717938
38855,32.87784129171166
38856,44.73761776405857
38857,54.31887038893688
38858,43.067384905703506
38859,51.14370203635564
38860,54.307950314369315
38861,48.9202148178563
38862,52.05666424747223
38863,50.13233375630098
38864,57.28305464284416
38869,32.38721743345138
38870,39.7756449796416
38871,48.450747406194644
38872,40.252791420688204
38916,34.22125826148961
38917,31.3944423269042
38918,35.092170642594404
38919,33.00136196322763
38920,35.70073441989603
38921,39.939871495078606
38922,32.58144501982799
38923,39.50336137549728
38924,33.73401956061422
38925,44.62916544212646
38926,36.52118765378506
38927,34.149684019929445
38936,41.71547822682513
38937,44.47308991376359
38938,45.22175573617855
38939,57.12442120940864
38969,24.272578848676307
38970,18.430179073646954
38971,18.287129556940126
38972,33.999137719447155
38973,33.08784651121477
38974,32.50732527569306
38975,41.16733771992036
38976,32.14605394314185
38977,37.77717435045169
38990,7.942090649985479
38991,12.825373959689701
38992,16.84606964415938
38993,17.36441985363824
38994,24.974716210802185
39004,41.681479909452015
39005,33.1737056989885
39006,37.59682942466755
39007,36.85274285755546
39008,45.34452706752012
39009,42.33739841875516
39010,54.953446460890945
39011,52.93740457421456
39012,56.04999056954247
39013,56.97076687235066
39014,36.07293488968294
39015,55.4518845848882
39040,17.62341877125661
39041,22.72368340622874
39042,34.743118671693644
39043,36.99706132606613
39089,27.514539819121197
39090,42.42205796252997
39091,53.08523834745488
39092,47.936225310455235
39222,12.542139003857555
39223,22.64742248548652
39224,38.80842636386367
39225,38.66107541537145
39226,47.17713452558921
39227,35.248401477721906
39228,57.685172271537304
39229,33.23256665913211
39230,43.72034656617246
39231,44.259561748687894
39232,40.50996282157424
39233,57.48014151477392
39252,20.537358796111125
39253,41.915066175444466
39254,40.49690102922954
39255,16.310250091000977
39256,40.89716354074467
39257,56.40416252469421
39281,11.329963239586613
39282,20.856583327019187
39283,19.338372961142632
39284,24.982503533397622
39285,24.642888892932763
39313,18.758375663255364
39314,16.949664149972456
39315,13.166266938752713
39316,33.31967744444832
39338,32.991150552837695
39339,29.3779226594565
39340,8.87499150136669
39341,37.01385207394304
39342,33.03542161641497
39343,45.86552594502343
39344,45.11989842843769
39345,35.144951540449455
39346,44.79405400143381
39347,55.85994403619993
39348,48.55325214382666
39349,61.215830446814174
39408,19.117920306954513
39409,32.96159410270753
39410,33.24428799875892
39411,33.246706762562525
39412,37.5857175825383
39413,36.58080280510721
39414,50.83716879836784
39415,47.681356012839174
39416,42.863959169805064
39417,52.47614199173814
39418,49.462170182839266
39423,21.234726685607146
39424,25.223855884617073
39425,35.721982478391666
39426,33.66614505078476
39427,33.44684397328453
39428,38.9377150517635
39429,42.3813602112939
39430,33.82463595939668
39431,33.79818339434691
39436,29.195501352490833
39437,20.985974904655848
39438,25.560097564697703
39439,46.75699845941921
39440,38.69924676634719
39441,39.899086445330944
39442,43.001248353693605
39443,50.3986908002839
39444,36.57487235214103
39445,51.74594026732815
39474,9.368887464538979
39475,16.320664224088784
39476,26.45215900052301
39477,35.389682029934846
39478,15.350746452303769
39479,20.298522863254902
39480,20.605900240179857
39481,32.94017424767499
39482,34.30675646158665
39483,29.988400903892195
39484,45.46165013039775
39485,31.296796359185635
39486,46.624025421824555
39487,53.28245819485813
39488,40.00479652825818
39489,51.66685707082424
39522,45.04762079761595
39523,41.18056583459912
39524,43.07791456495412
39525,49.23982277720314
39537,15.754026538056035
39538,14.123128389042735
39539,33.85811709528202
39540,31.317029528099614
39541,37.48562752525338
39542,41.442559201298785
39543,38.33957578434711
39544,52.05051442337214
39557,31.61053238572374
39558,31.211667033560133
39559,31.28959434914665
39560,31.34336292613248
39561,36.579038537518194
39562,31.578277415179787
39563,36.937343745195086
39564,44.445747229577606
39565,45.776853478307686
39598,30.42251359272057
39599,31.011257807765436
39600,33.57553921288725
39601,43.44180208598437
39634,15.719245275902233
39635,16.43549895602568
39636,15.128624444507876
39637,15.128624444507876
39638,21.594551617634878
39639,19.125756101080707
39640,12.463841230446853
39641,51.58706246713104
39642,46.39863107506368
39643,31.319739649800432
39644,59.427318189851825
39645,39.19819798499395
39708,47.25224998667984
39709,47.65085483781135
39710,55.87052381405635
39711,57.85949439090775
39724,32.96932891831575
39725,31.945186127010054
39726,41.93674060139983
39727,41.0523577391706
39728,45.574897282893346
39729,36.47316442427829
39730,54.11129792133152
39731,58.98177701328397
39732,52.061831778272264
39773,40.2152958163922
39774,28.818860793080457
39775,30.66879520588295
39776,32.58132692518309
39777,48.029596012543536
39778,39.56629674813495
39779,26.276932023899256
39780,9.724208009297673
39781,10.593247183396276
39782,20.874456078507198
39783,32.15611720654893
39784,31.471916450840187
39785,41.94036525005929
39786,38.51878474578987
39787,32.612522717754494
39788,45.91653793159678
39789,47.043980255484804
39790,60.249765736057746
39803,24.418152988262538
39804,38.97999153419153
39805,58.43396039010715
39806,43.91270699030062
39807,42.58187184417901
39808,54.586025190728016
39809,52.693492771845285
39810,58.2933486430399
39811,63.61218175237193
39812,63.50997579080608
39813,62.120479218782506
39814,64.62089443559002
39815,69.44230313560963
39816,70.83290521488037
39817,79.05182584432542
39818,71.59625230016343
39819,71.49256904253637
39860,32.772061318567054
39861,39.88828923097955
39862,24.217063020025666
39863,34.55921641808862
39864,32.34853204658233
39865,44.40507848642823
39894,31.339110068113637
39895,28.47602511744769
39896,31.689734808609384
39897,29.959957357957304
39936,16.224243858949475
39937,14.718740663514108
39938,21.00347501055737
39939,11.720582594027725
39940,18.288465501521966
39941,20.390402440502314
39942,14.948592897046764
39943,23.051582562702247
39944,29.400062056168046
39945,32.564505587553136
39946,33.44541400984991
39947,48.27417424698091
39960,6.67211663380892
39961,32.461176202020425
39962,37.45757799532067
39963,44.114360992765604
39964,26.740969763959807
40034,29.042799937269127
40035,46.870019843027464
40036,42.91137188827675
40037,45.74101844675808
40038,48.35303758391486
40095,30.990956026317345
40096,41.27595856032459
40097,38.56452780537461
40098,43.85731463610293
40099,40.754783327627734
40100,37.913713915501596
40101,45.34463574765754
40131,13.108783724410005
40132,13.108783724410005
40133,15.37585409485999
40134,17.135134304432906
40135,10.663150630523631
40136,14.267604525618461
40137,18.36325462313354
40138,37.56530114001881
40206,10.958823972482923
40207,13.728947291379358
40208,14.748992552298972
40209,6.817414954530675
40210,10.931166360385768
40228,13.397118389711965
40229,15.895303398296088
40230,17.76113396971972
40231,17.819430074307828
40232,17.76113396971972
40233,33.59707798071209
40234,34.97467930665376
40235,41.98095011270131
40236,34.37836678202093
40237,42.23106559019927
40238,39.124793502560166
40239,45.91955844408588
40252,24.65069498109058
40253,14.531658628457924
40254,26.961098845553906
40255,46.020098749047555
40256,51.932021711905804
40257,55.033681896404076
40327,18.80364653971269
40328,32.06587607440634
40329,38.814529904331444
40330,44.44385558228938
40331,46.13122642492234
40332,51.380607207180546
40333,44.72209437511098
40334,42.00338423936464
40335,55.211887366187284
40336,59.39104430822918
40337,55.67864948199211
40338,69.92791059369048
40394,27.56681726552364
40395,36.656898545869815
40396,31.462358531859905
40397,35.101319340024574
40414,47.94024535220613
40415,47.9681286470839
40416,60.76295381603791
40417,54.09596591366983
40418,42.469634498923426
40419,59.72070692736015
40420,15.686136003080138
40421,16.01499712061594
40422,22.191001762272535
40423,18.77971042778369
40466,26.039909335071044
40467,30.566780731455953
40468,30.469991164809354
40469,28.65818061711485
40470,43.687991729711705
40471,32.943748224134985
40472,35.232244367936474
40473,48.31337029809264
40474,48.8063802004904
40475,32.02975778127873
40476,51.186073312867386
40481,40.996936495851834
40482,30.781588970422515
40483,32.78264893652169
40484,39.165487325336244
40485,44.11853621244451
40486,50.537690128234175
40487,45.06956646646382
40488,48.73404386957154
40489,59.40206191151799
40490,60.24519687030069
40491,59.61722921372422
40492,60.4007405469641
40493,23.525756131569143
40494,40.88876629900078
40495,32.07545670087046
40496,55.11905064651185
40497,49.38753151987154
40556,41.3011229374803
40557,38.85862709991215
40558,48.051199649324495
40559,41.44080217382558
40560,53.257733483519715
40561,52.47515358024801
40562,46.7389421480189
40563,44.98461038063732
40564,51.0992194728611
40565,63.144812277720405
40566,51.723814484671564
40567,57.835245482662856
40613,24.06235742891356
40614,37.152605436978305
40615,35.210459085748184
40616,39.715784243973694
40629,10.712696807184248
40630,15.682491246374079
40631,21.58850004473557
40632,24.3340342897702
40633,25.90472116867034
40634,19.238276412455278
40635,35.59728518394529
40636,36.31417817418831
40637,37.058126497826585
40638,35.06009312630926
40639,39.243157028217446
40740,13.904270288837079
40741,12.318908199457743
40742,19.71366855455478
40743,20.39683383208455
40744,14.18502094374184
40745,17.18199150438424
40746,32.74211506514814
40747,37.60565161136158
40748,36.028589702014365
40749,34.240684655107174
40766,50.008883391076736
40767,44.91700498095767
40768,42.92170886020889
40769,57.39151853072242
40770,46.102638900588495
40771,34.410653591665266
40772,39.897876960701524
40773,34.87539259798485
40774,59.96713045276774
40775,44.16193317635151
40776,64.10404214237464
40777,51.13619310759194
40778,58.65859320597607
40779,43.74331709624222
40780,57.827147709788534
40781,62.53794380695326
40837,17.051602742749616
40838,23.863530195487247
40839,29.752221595318236
40840,24.35443972035229
40841,32.386086511170134
40863,14.80403926094067
40864,12.326605471110817
40865,14.546798568417818
40866,18.72201649357555
40891,20.857052649825327
40892,10.498672548541137
40893,17.07116716978562
40894,18.866727645419616
40903,29.90495508573052
40904,36.26305019460792
40905,34.39383771654147
40906,28.310761925755266
40925,4.7606188749018745
40926,14.365016642408424
40927,13.129635898669079
40928,11.601658040046491
40963,23.793283306620754
40964,37.367062098575325
40965,32.50854882849726
40966,36.38711268089305
40967,29.878231986710574
40968,36.545708024771166
40969,40.27493197019312
40970,37.7469108935082
40971,46.94958092454744
40972,43.65891337974456
40973,43.77258082993855
40974,58.226463176583756
41003,21.751068261920572
41004,32.97126499829434
41005,35.273095523876954
41006,32.45380711805671
41079,41.9584329269974
41080,48.67701096384666
41081,38.12520832317042
41082,40.02792694608878
41083,44.73896719509706
41084,51.32854968944576
41101,27.108927902820913
41102,32.53753905665061
41103,35.93620389131545
41104,36.73975573437592
41105,36.082738235748366
41106,30.512402146698168
41107,49.31375842006736
41108,38.629427954335895
41109,47.825765365675636
41110,40.65259467590946
41111,50.09777072664264
41112,41.3467731053114
41129,37.769234689580294
41130,20.518898480175217
41131,46.590747000848964
41132,53.90917528053396
41133,34.05329820073075
41134,42.07774712205489
41135,56.79470361969651
41136,41.913423294644566
41137,46.35884592633269
41138,47.06449145792068
41139,35.42895628426163
41140,33.30219944540557
41141,39.51515215056253
41142,35.55536374020254
41143,38.86705161719299
41144,37.36468621904797
41145,41.3490854829829
41146,53.762979561216966
41147,45.938961010436344
41207,16.903041772988896
41208,14.231412073417909
41209,15.996842465635035
41210,22.421922344506342
41211,32.120600728463174
41212,31.40463530030891
41236,20.147936922451994
41237,13.21592027150567
41238,22.444751258515605
41239,21.33146186165601
41268,27.79532379125576
41269,34.278925717364615
41270,36.26675695294883
41271,30.51344465964531
41272,53.17618883467905
41339,37.056160863995686
41340,46.76208743117647
41341,41.488389018112294
41342,35.38850251483482
41377,27.123172554053703
41378,19.570583348143217
41379,38.68544766269361
41380,40.289130190201675
41381,54.0425235701191
41382,37.2365425136699
41383,37.64132177552732
41384,47.78275182675185
41385,55.0054011528782
41386,50.017090141647145
41387,60.35721456696513
41388,47.1259015297447
41401,19.70496116174975
41402,32.17881567202815
41403,43.38301700534059
41404,42.74352771619762
41405,42.22278114609598
41406,38.78047480983424
41407,38.57844132561005
41446,55.59728158103887
41447,55.595091364255644
41448,51.33284223023718
41449,49.368642321370295
41450,43.73327133249609
41451,45.392030623820304
41452,45.29339486212022
41453,56.649327058988696
41454,55.71222247158115
41455,56.41678389935678
41456,61.8689160739262
41457,58.83998617199901
41484,28.72122680219924
41485,29.837066309508337
41486,50.66743232128213
41487,39.7002591011046
41488,48.996402660951624
41493,21.28722460368145
41494,17.13462351383027
41495,8.287452907277732
41496,17.13462351383027
41497,29.5392386743578
41498,30.7018312237509
41499,35.82381427675986
41500,30.52341749950394
41501,43.6015614528464
41506,31.965195944917195
41507,38.06349181359974
41508,41.64649760595988
41509,41.08950934261045
41510,5.810466398979271
41511,14.162510478473196
41512,14.080774730569189
41513,15.31811025965052
41514,19.742554817326564
41515,13.775526894398352
41516,13.775526894398352
41517,21.90249855487301
41518,35.59157295716202
41519,35.785931591738404
41520,34.37374337263966
41521,35.35811136799581
41530,5.231687777316889
41531,10.905190324092306
41532,7.595746875553552
41533,5.304454493912906
41534,13.425896664510097
41535,24.94770936017892
41536,15.301904333687325
41537,16.613521058963634
41538,40.41483571768883
41539,36.80298734012658
41540,37.81569226025852
41541,37.01749689026736
41559,39.21286892639919
41560,30.258796399708654
41561,38.86263522266564
41562,39.14669500726817
41563,33.30212246194586
41564,54.05445379371356
41565,55.16935888740125
41566,50.271166294348916
41567,62.58863617594703
41568,68.39173745072142
41569,69.49546636903908
41570,49.99950131978226
41579,39.598917572851306
41580,38.62206072548333
41581,38.132357286110995
41582,50.38555797000993
41595,19.085780113557174
41596,33.97087798097026
41597,40.35267539154503
41598,34.40701442141562
41599,36.16075897325203
41600,43.94253439687611
41601,32.30571493593048
41602,33.15803897272503
41603,54.97000805632027
41604,47.319162737957264
41605,56.560153391219394
41606,52.31326619782705
41652,49.1768560965483
41653,54.26612240798869
41654,57.12767795344721
41655,47.33907726834634
41807,17.05083717437513
41808,21.320196424359107
41809,26.32225839535322
41810,18.934883359131067
41811,32.781363143122505
41812,29.49831693244425
41813,30.685354094031016
41814,41.28167113300423
41815,29.544003500194698
41816,34.5716262781944
41817,38.07589906329765
41818,42.66878733395381
41856,6.023675136299154
41857,6.023675136299154
41858,6.245733862488484
41859,12.274466893543298
41860,14.426343542888478
41861,3.8454837467960927
41862,3.8454837467960927
41863,8.146948259787296
41864,13.887194912660032
41865,16.656810063577034
41866,6.643186349731392
41867,17.708281590618373
41868,14.503990502001946
41869,17.47139773810498
41870,16.5139369820935
41871,22.665461183133452
41872,39.716597338625434
41901,22.03392492305111
41902,13.327440337600551
41903,17.34892491346184
41904,22.70576000161661
41905,14.274799002229965
41906,43.81919089762523
41907,35.400799067850656
41908,45.85803450164561
41909,42.887342125934886
41910,38.88737992758459
41911,42.479840908599115
41912,48.95838998751425
41929,39.18348874684961
41930,41.57544888277461
41931,33.10815397908509
41932,59.88497574074983
41933,37.75003931049853
41934,38.119571703650585
41935,38.84230430419149
41936,34.0232852221637
41937,36.12441721990577
41938,37.50738891057666
41939,42.591089332910535
41940,43.25556632780415
41941,47.22542086802285
41942,53.84810922900375
41943,45.36132656931621
41944,41.97388648602848
41972,32.14493616939771
41973,31.621593369222396
41974,30.415744415883673
41975,36.181638340487574
41976,32.6998892224613
41977,40.78767143339034
41978,45.30965371008
42010,48.383595228101726
42011,43.08426406240931
42012,50.4934940685369
42013,52.768619408531976
42014,52.472826605869336
42015,55.08006162536529
42016,66.94189799559243
42017,60.39204259957051
42018,67.39783036281803
42019,14.869646563651338
42020,18.15721647926847
42021,16.07708473641047
42022,14.072499527774118
42023,40.443726074240466
42024,38.681916308701595
42025,41.19674682675824
42026,46.024441107524716
42027,42.32612401655489
42028,39.51465748907715
42029,37.218259112913366
42036,8.950982738527852
42037,14.667202455898808
42038,11.619154500699148
42039,16.327183440535393
42040,16.428010041564193
42121,14.279570612554812
42122,32.87841785371111
42123,31.848879485662735
42124,32.898507945126994
42125,32.07769859612995
42126,33.53068310947879
42127,44.17744870837661
42128,38.806707893365655
42129,51.39849061473528
42130,56.17864999956379
42131,38.930909252849126
42132,50.422182262316824
42133,20.570662984769065
42134,21.210246148204423
42135,31.735669175566727
42136,35.32557368418222
42137,38.105827550279855
42138,34.944013932139406
42139,45.216363205822006
42140,41.469969476143476
42141,43.928785071917346
42142,42.742232969229356
42143,47.59603293472422
42144,44.012035930441336
42181,11.69981425104786
42182,12.522892739236433
42183,13.832197754489231
42184,12.979337022871734
42404,37.48000947894321
42405,47.287254933118476
42406,50.910527225226076
42407,45.08060092645261
42408,40.048672050908046
42409,42.281804567218344
42410,46.68835491831003
42411,38.90589094395494
42412,59.580560595487036
42413,47.61412952370599
42438,19.6285599968409
42439,24.69508912898106
42440,21.380508670499275
42441,21.916485944720254
42442,34.67399253258578
42443,39.68361704535425
42444,32.7329454714234
42445,32.71922902810152
42446,43.050709543808175
42447,41.82261981313437
42448,45.25861741633228
42615,34.12917398083888
42616,21.274786971707215
42617,23.27073853165971
42618,43.087931055604756
42619,51.832734137237196
42620,40.16410118531751
42621,43.38818780087147
42622,36.64254998768525
42623,45.5791410230246
42624,49.695173593090544
42625,51.97920313905283
42626,65.24360793882805
42639,21.98083930822196
42640,21.516521255029076
42641,26.78768798300037
42642,36.863096760576624
42643,33.72150948010831
42711,11.741130191924146
42712,11.59413802528506
42713,16.575076428918436
42714,7.699434652078714
42715,20.203848469418244
42716,21.47014924482505
42717,16.43919238697664
42718,22.644044987000598
42719,5.129395687810167
42720,36.210451917520786
42721,43.56156479985281
42722,37.45130835091405
42749,20.833430058004726
42750,43.14671878889442
42751,35.382518306908494
42752,47.32423991974593
42778,26.3297806197369
42779,30.72447664037627
42780,30.63112009780072
42781,32.68197336653276
42782,32.627884034841216
42870,12.124459060943733
42871,9.106616846098436
42872,12.188983715331577
42873,17.44053258177256
42874,16.62448278989898
42875,17.709593725729334
42876,21.735430017230495
42877,34.56836888614178
42878,43.20749180713409
42879,32.44095075891773
42880,45.66431348409397
42881,40.787440485365245
42977,5.484721079904532
42978,11.86997773863568
42979,15.314820919779176
42980,18.616845968753562
42981,5.385377389969147
42982,18.121800783682044
42983,38.0855317364999
42984,27.709625088991288
42985,41.225655275376674
42986,43.762135786878254
42987,40.52543989900338
42988,32.92679896848097
42994,50.508324274598195
42995,49.20513231107346
42996,47.2845777209394
42997,46.93786896657545
42998,61.01227000868941
42999,47.45183855369259
43000,56.27381652565825
43001,60.48927463767334
43002,50.698132857843305
43003,54.959194124423085
43004,49.76774381575481
43005,54.6519740534828
43018,14.880757458180673
43019,20.726648258775132
43020,37.93162019752237
43021,38.61220627939752
43038,19.94505682858401
43039,24.67961781806203
43040,21.91950006588264
43041,32.10354362562394
43042,31.995257177953448
43043,37.39947383572536
43044,32.45106518226478
43045,42.17694420918838
43046,32.40102042811064
43047,45.85569980923412
43048,52.79046322532493
43049,45.01052842464386
43050,36.28831464139795
43051,40.045996621961415
43052,29.71260101056953
43053,33.16141237286681
43058,17.361884251561207
43059,24.829017112766866
43060,19.832988971839015
43061,32.92273303241436
43062,33.79606483076506
43063,43.61117459307792
43064,38.54656096078588
43065,37.46875948570357
43066,42.67780534699996
43067,50.49675571261112
43068,47.08727179442046
43069,43.27272216076721
43120,17.886848200624627
43121,28.75990663413948
43122,13.010943113464785
43123,30.776351054788055
43124,34.76967285814309
43125,31.456979400539595
43126,45.08559657377446
43127,38.065216284186505
43128,49.6751660565104
43129,42.13690784240866
43130,37.49987483916395
43131,39.269852236182956
43132,13.970908561328415
43133,21.977263151719537
43134,30.994360961419467
43135,30.941540153550203
43145,34.352068182937955
43146,23.131235419979202
43147,38.86663916518877
43148,50.04798870022384
43149,41.398156192329175
43150,47.82054447482759
43173,24.62423989093186
43174,29.788799713066812
43175,30.744680805816422
43176,32.8980236043756
43203,41.56863607377109
43204,47.72744249527847
43205,52.75864249953904
43206,42.54748671949073
43223,22.05254042457791
43224,22.76122058431037
43225,35.515305180765445
43226,28.854150371325304
43227,32.93064080497401
43228,36.58896157208712
43229,35.242618336967595
43230,38.351413644940735
43231,31.847590745766038
43232,39.135559123316696
43233,44.51686908386168
43234,43.79126298522645
43279,23.21761874134075
43280,36.064992703405046
43281,35.00807086534317
43282,34.382072200881986
43283,44.35790832113251
43335,29.09772680788122
43336,36.2035002284998
43337,31.14315862173474
43338,35.418335426228545
43339,41.170221798132566
43340,34.59274577787014
43341,50.91520339491793
43342,37.65007384997554
43343,46.271303794651665
43344,46.76298507393751
43397,42.152597729014744
43398,21.404608786040246
43399,20.867719072068283
43400,34.734727456036936
43401,34.202394526287286
43402,34.74940529324971
43403,51.65601947016107
43404,50.570315053604844
43405,40.53392693177955
43406,36.55738479247825
43419,33.04319454300336
43420,42.326778229732
43421,24.273471241317118
43422,46.682844553179045
43423,32.658202053036284
43424,47.79970714032291
43425,48.3265271096494
43426,53.81042271821727
43427,40.315394037179345
43428,51.055818247902565
43429,47.03183207633554
43430,57.673671516536395
43457,18.874982732391846
43458,23.282015962730625
43459,22.87059784394606
43460,32.467460965238466
43461,32.9720599265688
43462,33.475334260664795
43463,35.90015390755644
43464,40.88320434517404
43465,32.94826088736407
43466,43.695251696148176
43467,33.82522325763513
43468,32.97551250063685
43506,54.17661674236667
43507,35.35954888257246
43508,54.01589308578924
43509,59.31035340897458
43510,45.762693055953655
43511,55.39210010187205
43512,47.65125209162885
43513,59.976668064319476
43514,53.28343282399117
43515,51.514846112700226
43516,54.36705825561343
43521,6.095376779299504
43522,9.603751831668898
43523,13.669521603659357
43524,10.522090722486723
43532,26.266494652164162
43533,22.252495703312025
43534,36.98485226602499
43535,34.40428639247149
43536,29.898171699748456
43537,36.34198728436707
43538,35.38420327665669
43539,38.526844992123415
43540,36.07890875773074
43541,39.523583172615304
43542,38.81895897141885
43543,43.250998247529346
43616,32.410246048307165
43617,22.267936489778826
43618,35.485701230141345
43619,32.841739126830625
43620,31.34130424296431
43621,33.26073316476784
43622,35.88622833975346
43623,42.003669007261045
43624,46.7733807272846
43625,43.72041459742918
43626,40.30270423020974
43627,43.771423601630275
43776,19.173420889101624
43777,17.148787703794653
43778,20.89034813771054
43779,25.095778238293164
43857,30.67869803013212
43858,37.67610991388972
43859,33.618377847071336
43860,36.34436966716229
43879,5.488584021504816
43880,5.268523042701043
43881,5.252704602553204
43882,11.814707762175146
43883,12.906228301802642
43884,16.203400404361645
43885,15.247920932252496
43886,11.750944457854523
43958,48.87806670866505
43959,40.60720248168814
43960,42.14463081740196
43961,38.49050822740985
43962,34.66792534723089
43963,46.81574578139936
43964,42.121434812243905
43965,59.92676716527471
43966,55.917561479064695
43967,64.20287702443397
43968,60.782724086750584
43969,55.55134905575626
43970,15.043354460930418
43971,26.497979060622306
43972,10.58672429847078
43973,29.079102082286767
43974,41.79084211136104
43987,17.986542424257912
43988,37.931523973590934
43989,36.26930752934957
43990,55.41181679581795
43991,40.501944969908365
43992,34.787179479357306
43993,33.270743384338104
43994,45.852662921767596
43995,44.262519822196225
43996,49.96273432627793
43997,49.64757974688602
43998,41.029339888267536
43999,49.0237760224435
44000,52.17256103023421
44001,54.7266760131858
44002,53.3654609284555
44074,34.64036401479861
44075,40.17839364137965
44076,38.94239791497768
44077,42.42751251654497
44078,41.141270640839075
44079,38.49513043628732
44080,49.41908896675452
44081,40.95720964680057
44082,58.48285606723035
44083,57.25906842236503
44096,44.11779058765948
44097,45.50910170571766
44098,35.30899509451179
44099,52.31450139817049
44125,27.80863442358753
44126,13.832552664673374
44127,35.84131126894377
44128,40.87309276796208
44129,32.156109707804795
44130,35.84793463159654
44131,45.23355863802596
44132,36.681812482193
44133,46.86276946800676
44134,47.990187180326956
44135,65.75835514458248
44136,54.82764654207833
44188,14.025366198621771
44189,13.49665032679512
44190,17.81937216284391
44191,14.857648495871274
44192,22.06958215361422
44193,15.519903186128447
44194,35.16729966727898
44195,19.886446154417747
44196,33.42351066245133
44197,34.56957173972797
44198,42.79329602920746
44199,42.613548493589114
44200,11.135733153982283
44201,12.82529971982363
44202,20.345185150422292
44203,13.967326224743035
44262,14.124336644261177
44263,13.301370087697546
44264,17.39410864613993
44265,15.6212878366121
44266,19.724044847003846
44267,27.73295131071386
44268,22.179542216256326
44269,33.30261543712431
44270,34.345112140516754
44271,33.04476323696251
44272,27.73065233073755
44273,36.635712110849504
44274,10.78849505991628
44275,19.902707837735548
44276,13.880267759128737
44277,15.333132947751778
44278,17.0239804544573
44279,21.069419145932887
44280,45.21104802663635
44281,37.016486277648454
44282,45.39485290589567
44283,41.4826832213985
44284,39.74162209063328
44285,56.65854581189781
44286,46.00246170922939
44287,43.368023034917265
44288,52.538205480208696
44289,37.702683648504504
44306,34.49820419686738
44307,42.75363529042878
44308,37.04296707749974
44309,51.854600824621166
44310,40.912622574845216
44311,31.682892689988623
44312,51.49177084777801
44313,51.62016475081339
44314,43.95319107835192
44315,50.77662347605349
44316,6.53683828671961
44317,6.8391953497127185
44318,6.53683828671961
44319,6.942078473759393
44332,19.602554765733124
44333,31.81137708304693
44334,25.090052123923115
44335,31.297451317588084
44336,33.48345705653663
44337,35.515908513841026
44338,45.39574276440939
44339,48.56334425775689
44340,51.80433966742041
44424,43.65563952060986
44425,41.5823174111248
44426,50.78699458855583
44427,51.53276935767323
44428,58.89027262400995
44429,56.28826449971213
44443,40.7725568748117
44444,46.55816708458297
44445,39.14540927451054
44446,49.32003609193009
44458,4.482137367641799
44459,12.320065471322069
44460,15.429326956689536
44461,13.727311281623594
44474,54.48537352320039
44475,37.11895130753281
44476,37.21543956403652
44477,43.944599738188366
44478,36.990879384618
44479,45.18494211572787
44504,53.84746265008539
44505,48.911272806648235
44506,52.913286057176485
44507,50.908068845095116
44508,57.05551380935727
44509,57.6794125710682
44510,63.35692427867956
44511,57.75775006243234
44516,34.22036711050679
44517,37.27601095324473
44518,46.661154775433914
44519,47.105619833124535
44582,6.130957901310728
44583,13.751295368734326
44584,19.865676600920203
44585,23.659473416027343
44586,22.105712508825434
44640,50.72719117895562
44641,45.15405246986034
44642,51.74733880361868
44643,43.153160873022955
44644,44.547210333964074
44645,44.051735156509096
44646,56.43919547014796
44647,58.173896413578795
44648,58.97853079456563
44649,58.1474857414658
44650,62.05432018638555
44651,61.93626537182128
44669,29.34078246473697
44670,41.87507220334442
44671,36.314083391619015
44672,34.261100858379585
44692,42.92704296587629
44693,49.224620600727945
44694,52.8577852037452
44695,49.49718196084649
44696,57.71654141735287
44697,46.41824837051097
44698,61.153157513385985
44699,51.247144212266235
44700,51.45690827289137
44728,15.535795243782287
44729,17.238556323340593
44730,37.862522933506405
44731,33.952815902398406
44732,29.674676490443257
44733,35.4807500959782
44734,38.632351148163295
44837,21.90194383110221
44838,16.94342618709395
44839,37.586184981728074
44840,32.08869841278817
44841,33.845219920782064
44842,33.900530117955576
44843,37.564800894593795
44844,34.38553129631435
44845,39.969732794762194
44846,44.8625876784747
44847,54.532877358835215
44848,44.904499511072686
44849,54.05953492065395
44850,53.21070189263256
44851,59.38636083440393
44852,54.31976403796936
44853,27.78549585719297
44854,22.749982227223427
44855,34.52949405545208
44856,28.820698282636453
44857,28.950242524505786
44858,45.6612984529149
44859,37.32624744255443
44860,48.88511138666124
44861,40.15488700294864
44862,43.53671913404988
44863,46.65603174729499
44864,49.159811052312584
44885,31.48790503628521
44886,23.232279642238236
44887,14.796454703096966
44888,22.23855055911928
44897,55.581815589727846
44898,59.06881213680459
44899,52.77166898883888
44900,55.72339015442441
44901,69.80863603603716
44902,62.27652486792533
45041,22.925179849880998
45042,25.189374593888004
45043,30.276440244964597
45044,32.797234157068246
45045,38.33398790705254
45046,38.257063595517764
45047,36.81947437309969
45048,39.26214682618648
45049,42.725663334708365
45070,14.96254489316183
45071,12.841529097604036
45072,11.379800693053582
45073,17.081257959333747
45074,5.785302082784176
45075,42.407598726170164
45076,34.432576127018045
45077,32.47238589191037
45078,41.490347716184104
45079,55.577481480837825
45080,53.47377423294069
45081,54.477064703130225
45082,59.16680627592246
45083,42.68953675124239
45084,55.149853774910234
45085,50.905878782655314
45086,59.731286652516836
45087,47.81233253187863
45093,50.48484580584127
45094,43.52303993252502
45095,56.92550154781891
45096,47.173881531366284
45097,45.48495964592781
45098,46.14072770350673
45099,62.868845172848765
45100,61.85632374814629
45101,59.0497999308759
45102,55.34602524619629
45103,68.75074581230879
45104,65.42332089335197
45105,35.183285111042146
45106,29.597544672752115
45107,48.174547619552804
45108,33.866711484744556
45140,18.199144680409333
45141,36.96117166655995
45142,33.109848259101014
45143,36.53099707838466
45144,33.86655154548851
45145,41.633157292620346
45146,44.443446327841045
45147,41.92018547950646
45148,39.14274863095011
45149,39.97949149637233
45150,42.20391438969577
45151,40.204600978619595
45176,17.19222485488207
45177,31.927917070052093
45178,24.86958450149783
45179,33.317039987972954
45180,52.132386643607155
45181,29.864502265353934
45182,38.44564557581001
45183,49.55589115711338
45184,56.9823812130863
45185,39.9356529260973
45186,39.19682844086782
45187,37.9368589810694
45253,16.922462149222074
45254,21.384507320023264
45255,35.40488786832089
45256,32.69037283556095
45283,40.38581096268089
45284,42.43440669532063
45285,44.58531564696945
45286,47.3692918773186
45287,44.85072814467286
45288,48.45511469829657
45289,45.005208825550305
45290,54.26652808542606
45291,52.6189053722375
45292,59.602174702417116
45293,43.75511757549275
45294,55.21155151364243
45354,9.991221351982674
45355,17.864450294276576
45356,17.258763011116187
45357,16.04846719490978
45399,15.131898487610764
45400,31.00856164676812
45401,30.125225433841084
45402,28.417809114557674
45432,15.618647573573563
45433,24.683438134360195
45434,25.401194262289504
45435,31.928926027591746
45476,28.411907073734614
45477,31.426915264837472
45478,30.69157348803363
45479,47.468516196687276
45480,6.414807873338175
45481,6.055749454922113
45482,6.6843331309088265
45483,8.708405240405995
45484,14.529294315824613
45500,16.244421604944634
45501,26.6623424400291
45502,27.483723739647793
45503,31.782096532177363
45504,32.40220579426004
45505,31.61054954860789
45506,32.45961848894258
45507,32.05545505875162
45508,38.512213135583664
45509,41.32342403126453
45510,30.949442328804807
45511,35.53748421216286
45512,46.223965607987004
45513,56.87229731853593
45514,43.32314644914647
45515,50.781984453517545
45556,20.09478705466541
45557,37.768618029561424
45558,22.645036631882437
45559,36.87999269589436
45560,32.57718654276904
45561,35.79480863789284
45562,34.88683611778232
45563,41.26395286320226
45564,34.40487682954807
45565,34.70340050665967
45566,31.928479279359205
45567,36.02723843817815
45568,45.89910356614044
45592,19.130117018915396
45593,28.335421636928153
45594,18.149043894889395
45595,29.982508918477155
45662,33.225301894043916
45663,42.5560827345075
45664,37.698913120212396
45665,36.11557624376405
45666,40.505010089823905
45667,59.92621999944112
45668,45.66671278636241
45669,45.43183361178098
45670,51.013138064336516
45671,54.32110333633655
45672,55.63168164030593
45673,51.7653140965787
45690,20.916474870583347
45691,21.24255181388408
45692,35.337748483550804
45693,46.65846704177339
45694,37.77310417579045
45695,47.899246135614796
45696,34.747743157494625
45697,40.28334668579096
45698,19.42672774233524
45699,19.376677331487475
45700,21.494980853857257
45701,32.85288923050875
45702,32.97633963230679
45703,31.95926518416117
45704,42.864738145819324
45705,50.332367116601105
45706,42.87420240236531
45707,38.92250055261532
45736,13.353599680101754
45737,22.72706282509836
45738,17.714598953174942
45739,17.881382657965805
45740,22.848659936924037
45741,38.70565218102413
45742,35.287004954751666
45743,36.63383007903025
45744,30.721956288083856
45745,34.3430136922828
45746,36.1134148478849
45747,41.79876785992215
45820,5.310840595633003
45821,7.41105589138908
45822,10.806761874090695
45823,4.608987437647403
45824,16.443897529730425
45825,14.838438715908943
45826,19.58438274872833
45827,17.863290776433516
45828,20.923058750110563
45829,42.57258551037625
45830,32.05018002745378
45831,30.403894187858672
45832,35.61631480095718
45833,38.44474871529277
45834,55.10217053817562
45835,42.51266313863855
45836,50.07275593632979
45837,58.39513887034362
45838,43.991993050551066
45839,52.20876057353396
45840,54.806182214668524
45841,56.25898267085685
45842,58.515334857043335
45843,57.22667905929341
45873,32.057503214861214
45874,48.48251062140929
45875,50.44068169025371
45876,54.354108560758306
45877,47.44503460656291
45878,62.50156826275129
45879,60.56384387507186
45880,65.18940383652287
45881,56.65931049821696
45882,64.24089505882003
45883,67.3989778380425
45884,58.93184215127498
45920,43.3115117616626
45921,38.04944863109619
45922,36.907127127500026
45923,63.32838679508792
45924,44.79510152965351
45925,39.31995072192761
45926,46.52761369441689
45927,57.54601502666852
45928,62.37178875129148
45929,53.55842984668248
45930,50.838293147231745
45931,56.009607564713505
45944,25.530731647654214
45945,50.01716173292671
45946,33.77105505246795
45947,38.8498907353665
45948,34.21168486353504
45978,33.897417344634455
45979,53.78029633857521
45980,46.58912544250583
45981,51.31714351655884
45982,42.21900186869359
45983,49.64815607140476
45984,49.84241541044281
45985,54.459314218366664
45986,53.8670017498066
45987,53.71825959607782
45988,56.016592205979414
45989,65.43790859377582
46068,32.78429274582918
46069,40.53207583709524
46070,43.40144141208385
46071,45.092438830240965
46072,51.00462159585871
46073,57.626638360157415
46074,50.40175380939473
46075,52.07976511793243
46088,45.53332382809383
46089,47.59379948248829
46090,51.51697077401902
46091,48.89119953298718
46092,37.310800302854
46093,43.043620250425846
46094,54.110118443681365
46150,39.24342150614524
46151,22.006668879921687
46152,33.76186563611758
46153,29.709748142920766
46154,28.985715120746622
46155,33.272353645170355
46156,54.068168532441895
46157,38.712471271790896
46158,39.6988400759666
46181,35.81040458758334
46182,51.02099589255331
46183,45.34890938411771
46184,44.415373658968804
46216,51.75519760006236
46217,29.38563322073706
46218,38.59403996780202
46219,38.08469888883107
46220,50.226451827453324
46249,46.993678462444464
46250,36.127374839527604
46251,41.2610868286533
46252,33.07751012802217
46253,48.19103587646703
46254,52.62322456323229
46255,41.662947289048184
46256,61.02894274537509
46257,41.388192161516294
46258,47.95466216381556
46259,61.47361226629603
46260,46.79496867413777
46272,12.039831025477332
46273,13.559901122054404
46274,14.26491242411336
46275,22.59161397062873
46276,31.58463996123665
46277,35.28696270599638
46278,36.95593520030105
46279,43.69021467031692
46280,34.415887138720265
46281,38.164097503430014
46282,41.843708495453505
46283,39.030157671117415
46288,16.845963394276172
46289,13.34676181646848
46290,29.15584006673554
46291,30.70800792363949
46312,10.729913994258235
46313,16.28482408129099
46314,15.428925640122117
46315,22.630298328216146
46316,55.53546516352844
46317,47.60247325821727
46318,54.11387948707062
46319,34.01728177282972
46320,55.338239899641316
46321,52.468439680457365
46322,57.25988388313796
46323,48.80257507691306
46324,45.97710947066134
46325,55.28399658893778
46326,59.87690946371086
46327,57.60696973375031
46340,32.1319893400639
46341,40.67109465193228
46342,47.001645774109036
46343,32.21620291217493
46425,7.2326934181408475
46426,17.178792967779245
46427,21.496384455143094
46428,30.465840540503017
46429,45.34696909340039
46437,35.74891050965248
46438,39.48171711711733
46439,40.73797423367047
46440,39.597415694022196
46470,21.104306614765413
46471,21.50062658278902
46472,32.403753284904155
46473,31.068664483503134
46474,34.63640695958305
46475,29.450087257574296
46476,42.10995922292176
46477,51.94526641480723
46478,43.952950046531484
46479,46.74877200967116
46480,47.0096915273157
46481,53.74473957706053
46530,30.901395200661785
46531,33.85191440975623
46532,41.949785026819896
46533,34.57535232536543
46602,36.24678339714392
46603,30.3981002313858
46604,40.268258391689855
46605,41.098768963897385
46635,31.46107350124384
46636,35.50901413249202
46637,31.864912882802457
46638,36.68683024684847
46672,23.395163545363083
46673,33.273774786858304
46674,29.283522124394914
46675,33.62760231064029
46676,33.73998393241624
46677,38.252056522184795
46678,49.85084678147808
46679,39.28202030852176
46680,13.810998316654963
46681,19.163832436955914
46682,32.16763295217378
46683,46.77616288322906
46684,35.75800884576558
46685,45.857216494441836
46686,42.121176370436864
46687,47.610016934458955
46688,37.37645680635485
46736,50.13650226136904
46737,36.74762233522814
46738,41.83702289991202
46739,36.83279325214125
46780,21.406859195943962
46781,21.885295416712538
46782,15.472935256387059
46783,30.538435950785004
46784,34.87323022813229
46811,22.147197406658332
46812,53.18953932833454
46813,46.81055624234608
46814,48.4563783564508
46815,52.83083374478586
46816,59.85084237724074
46817,58.815391056505554
46818,57.154499823263436
46819,58.338014351055165
46820,65.08437056273472
46821,63.196638996616706
46822,62.87670399355676
46839,18.787286582901004
46840,18.100978599861612
46841,29.185579172103726
46842,20.384810974784184
46843,30.96158081185253
46844,30.464818629351313
46845,35.234998964799374
46846,39.10309022738196
46847,30.893992654201877
46848,50.03595795256882
46849,51.38851840360712
46850,45.72083375168142
46977,10.294006678123267
46978,8.58648607999258
46979,9.426077059129392
46980,12.64816262940611
46981,13.628597887686366
47007,15.487053177925759
47008,21.214581537684815
47009,19.856284408726417
47010,25.2794095922672
47011,37.49473306938235
47012,13.25592096575244
47013,13.972867814987957
47014,15.23250658196691
47015,32.135236628762115
47038,18.540279552042755
47039,29.14052514921926
47040,34.1591880878253
47041,36.653082085172876
47042,38.46304430140017
47043,38.707813390552275
47044,28.00968393004787
47045,53.76592153143033
47046,54.81569909918143
47047,42.016963038018844
47048,36.80368500004111
47049,50.63493870043143
47141,35.226201145750636
47142,52.23233692287772
47143,51.4859764158579
47144,53.97240654975169
47145,54.604160031936296
47146,51.888658190485685
47147,45.31900764810437
47148,58.84925066412312
47149,59.84629729650507
47150,63.93045311393838
47151,70.40603411605858
47152,67.48933650925056
47211,6.259777496611546
47212,5.680949775146645
47213,7.4206039660945
47214,7.142114851511907
47215,9.309614070226848
47216,9.935080922496223
47217,12.35201456104677
47218,14.7701949683424
47219,21.670891852830977
47220,17.894709722869788
47221,19.009601448785496
47222,17.660784929490294
47223,53.24246060099778
47224,53.04014348913672
47225,48.660371906691566
47226,46.26095081977726
47227,13.842690071340773
47228,24.8831930324619
47229,32.60860502612397
47230,34.275999468091435
47231,42.03110864483042
47276,5.892201936017211
47277,5.892201936017211
47278,10.609183280256193
47279,19.525406054817456
47280,5.827988045563455
47281,6.480438337045093
47282,5.827988045563455
47283,6.179493703261632
47284,6.687927450618684
47285,11.824138035267833
47286,6.2045920511232335
47287,19.645111894075583
47288,8.866146244891084
47289,18.08959414765569
47290,28.312223910317666
47291,26.41652728968637
47292,28.801739877452086
47293,14.155456694601396
47294,34.74692683089205
47295,49.52578050750262
47296,8.908851292958204
47297,14.80350966963071
47298,12.62289316898266
47299,30.74067922589681
47300,36.16220191979186
47301,33.60442188740065
47326,56.191244343385776
47327,54.11083390931299
47328,58.61333610484632
47329,48.31910472552647
47330,59.474891560718476
47331,66.1899755093791
47332,67.3259711197569
47333,58.82593837495268
47334,53.24846152377471
47335,65.67677898519818
47336,65.4381870698613
47337,66.96954713974937
47377,20.473356974411217
47378,14.634694970156715
47379,20.30045989066382
47380,20.294234211654302
47381,17.168941168247926
47382,16.11258133987756
47383,31.140201776554914
47384,37.62725813767236
47385,33.88682946287987
47386,34.63850595653414
47387,41.10474570401572
47388,30.848012993479248
47438,40.706306687993354
47439,35.140669995369414
47440,36.60427605525321
47441,34.46973955196343
47442,35.55538334484736
47443,34.34396845942594
47444,31.30022177330079
47445,34.74134520418261
47446,39.84342369655439
47452,46.61068254496366
47453,59.451811778592464
47454,45.25770005252743
47455,54.88171610152996
47456,48.52657777448997
47457,48.257173051122756
47458,46.55683770523402
47459,16.727027156465677
47460,16.727027156465677
47461,13.875191848245722
47462,22.274037403697584
47463,33.53569985691173
47464,48.3165347833296
47465,33.78058017688987
47466,30.27669695610852
47467,48.911480302399475
47468,42.70900180517839
47469,35.6487103868721
47470,40.401353006150345
47490,9.716070064794664
47491,20.693828350968474
47492,33.12008821494801
47493,35.63965371034054
47494,39.828078117073886
47511,38.32097294255961
47512,41.84233993362021
47513,55.73005531655853
47514,54.70309778966299
47530,21.022076432076002
47531,45.02116166484712
47532,32.74347457384654
47533,38.52787253379867
47534,36.09059956471599
47535,38.18033231730319
47536,48.50325270197056
47537,41.91748352114647
47538,51.69361532900921
47539,53.11030956667996
47540,52.82276382740018
47541,59.02862058695211
47551,15.455941601575107
47552,13.091554672764204
47553,8.928709141391908
47554,12.66457769725138
47555,14.62131735515732
47556,19.007676281008937
47586,45.719262658090464
47587,43.66000129268825
47588,55.58108000540006
47589,62.13645928139833
47590,54.02097240143273
47591,59.13957507636618
47592,50.80024725557578
47593,60.156357325344466
47594,61.01400597189068
47595,66.16825045961684
47596,61.34394975299694
47597,67.41963563642241
47598,29.022676438965103
47599,32.53880740541584
47600,37.01852369769907
47601,32.12495375343641
47628,17.653620184176805
47629,11.615906159171578
47630,16.4103215890605
47631,21.49333286611714
47638,24.91673093840501
47639,17.112040557117258
47640,14.902000884281481
47641,11.240492452988288
47642,23.392790386369015
47643,13.093312948350881
47644,26.63966413520667
47645,37.51747313944754
47646,34.40358372923151
47647,37.685581914443816
47648,35.689757570852
47649,41.27922057612569
47697,12.528030504097282
47698,20.794599906817265
47699,5.348482832356559
47700,13.586281814915857
47701,20.05001706384371
47702,21.83384612596875
47703,32.900530860897625
47704,34.28164122185615
47719,14.553762210497837
47720,17.25241311952952
47721,14.89307200283628
47722,22.796447323310353
47723,24.17833622802943
47724,33.0598018215488
47725,36.343379130470076
47726,36.41584889525852
47727,14.537736690796082
47728,15.215703571351986
47729,17.78815731958867
47730,21.870489428542218
47731,28.649305726372706
47732,22.782855531592812
47733,35.442308613514655
47734,31.43961368031678
47735,38.250169589948975
47736,39.3861662473512
47737,38.595153774715435
47738,30.71464809956872
47739,47.716220658774645
47740,35.47545134163953
47741,46.82704113743279
47742,46.6845807449351
47743,46.6845807449351
47744,42.365276527940075
47745,63.28549424467065
47746,42.17540889073123
47747,42.00225500623877
47748,50.96455563680732
47749,45.3882124124007
47800,41.12772102998237
47801,22.611851957525484
47802,30.211906661581597
47803,39.59661797890927
47804,37.317624934157145
47879,27.761770673149808
47880,39.7259403204496
47881,47.4316007171422
47882,29.667272531862334
47895,15.281791916596564
47896,17.62994282367866
47897,6.806718530196397
47898,21.2897996399831
47899,19.148049407174387
47900,17.855744589877233
47901,35.534828840150645
47902,33.90554914366775
47903,42.74746416222877
47904,35.330234749584264
47905,36.040792846498285
47906,41.59919303196593
48043,11.339712295432884
48044,22.53438317330691
48045,20.466432916359768
48046,23.347959532824678
48047,41.36765503744288
48048,33.59694068741688
48049,32.24431645842441
48050,45.65797231411236
48051,48.54537582087004
48052,33.69502537313934
48053,33.38706972305917
48054,32.35718791033869
48055,55.40463298342077
48056,27.741903372170697
48057,36.01399628276911
48058,48.17356927449083
48059,50.04488172655372
48060,39.027494731327
48061,31.135893759038694
48062,35.21313519669391
48063,30.922275382123498
48064,38.66298839590722
48065,40.42127295606789
48066,43.98559731550093
48067,37.50157987391583
48068,53.63098221254567
48069,39.5031972136442
48070,23.39833963121951
48071,24.52215154246557
48072,19.666267577777948
48073,29.78790525948505
48074,30.378088715393847
48075,39.81070266890444
48076,35.24129252740431
48077,39.669599824272055
48078,47.973694459262646
48079,42.53687042863895
48085,35.18876592852487
48086,45.62360022130102
48087,43.58099439772694
48088,41.281484464064185
48089,56.964536001783415
48090,50.96812235252584
48091,20.283056772068477
48092,31.095548730683273
48093,41.38475237210836
48094,40.106802825245424
48095,43.04219802190124
48096,55.80761372859917
48097,38.52573659555879
48098,46.4361568067215
48099,48.87308360952246
48100,58.72617550985894
48101,54.525522821401694
48102,51.657070465681876
48128,7.956031452929971
48129,7.9897018699325635
48130,10.638262841036175
48131,17.327109882970003
48132,21.588020118058022
48133,16.13276527444513
48134,10.752882162633721
48135,36.072026948057534
48136,37.41562982309751
48137,38.12906002996888
48138,39.793562169637255
48139,36.35386648051624
48212,19.335423674441046
48213,33.69403840229598
48214,37.40837494352218
48215,31.004671310768572
48216,48.20958539799566
48217,34.107230214118275
48218,46.00242334724981
48219,41.5800688622362
48220,39.199421858209035
48221,47.42215855120341
48222,49.07121093288904
48228,12.297257108945475
48229,13.670844890901693
48230,16.25620534189314
48231,14.345237950234031
48244,35.1503052681799
48245,35.490081869180884
48246,40.25730403496559
48247,33.504216631807985
48248,43.62828717112134
48249,29.860572761625225
48250,49.230253857291196
48251,49.45129025282654
48252,53.535822575870554
48253,49.99197107964694
48254,57.7706848924801
48255,71.7348715148393
48256,58.648231697191925
48257,69.45179728044643
48258,59.170611887136516
48259,67.78075657601869
48272,19.24505876127416
48273,20.946654490379593
48274,30.2195877553613
48275,32.424360235401224
48276,35.17566425542012
48277,30.061303250175882
48278,35.14328974870638
48394,57.6087784832017
48395,39.919791629375
48396,47.67756611584965
48397,50.29985629609476
48398,57.59119149616304
48399,66.22117827721961
48400,57.8266743827233
48401,63.685807986914725
48402,66.56049302083414
48403,73.29999130127855
48404,63.064703806371526
48405,67.09247386176853
48406,46.29571310422263
48407,45.70393209860129
48408,43.84335232430314
48409,32.03267406567214
48410,37.57859915959065
48411,50.40646778459663
48412,45.662221507798314
48413,46.88000362649756
48414,54.463221871013026
48415,49.260289108832495
48416,53.57523698684901
48417,35.67654001679869
48418,43.07700974414762
48419,41.206218014135594
48420,37.10329031326757
48421,41.3142518765479
48422,56.92634013880224
48423,49.177897445098765
48424,48.75256643291769
48425,53.44394995344579
48426,54.30280888888699
48427,55.541294438264956
48428,13.262700884114668
48429,19.147275044630316
48430,16.9436340935755
48431,24.11661562600472
48432,9.100713606693962
48433,40.88302052741084
48434,34.6993702572132
48435,41.76164473114344
48436,38.69913485729978
48437,37.270719169731215
48438,40.2758578039553
48439,40.020185284092335
48475,6.317313400400762
48476,10.109972006674363
48477,6.6608417614208735
48478,14.785265617740404
48479,20.199372374340765
48480,15.830778412151071
48481,20.875534305874677
48482,32.45928522688306
48483,29.415415136796856
48484,33.43326289675058
48512,21.728494546437314
48513,18.603613068106892
48514,18.42856603716958
48515,9.667135688627544
48516,20.024765979085775
48517,20.290739882876213
48518,36.820241302011596
48519,30.751495321098517
48520,39.534168512921205
48521,35.22023714732329
48522,39.00623924359481
48523,47.9223877428352
48528,20.952890882092376
48529,13.224929860020215
48530,30.571175140936276
48531,31.699600335181046
48532,29.121599396428948
48533,35.18566180105908
48534,30.875118413300193
48535,36.93458879853039
48536,36.05640783080478
48537,52.37296703951149
48538,48.21568342303387
48539,55.94252509043568
48610,21.894328599151656
48611,24.38292978581754
48612,36.73984716961354
48613,28.288051910696066
48614,33.076192759496195
48615,37.54888287715655
48653,16.387257199586422
48654,21.213483050369167
48655,16.055668987580447
48656,27.816681445973646
48662,17.44553440945019
48663,18.053558325668092
48664,13.84138275777749
48665,15.819949095518446
48666,29.499961175118326
48667,39.42822003106269
48668,53.10684346001443
48669,44.686780800073045
48704,20.3422013180889
48705,36.297086284776874
48706,31.967372919820026
48707,32.54797529438077
48736,19.12139973975301
48737,19.12139973975301
48738,17.896924276403787
48739,36.890676495771054
48740,30.589861805509447
48741,32.88410725424058
48742,33.720220086568304
48743,38.63953660619019
48744,34.249494990038414
48745,46.95436543022185
48746,28.930405607214393
48747,30.624809176795903
48748,39.25283841509109
48749,31.69963711004294
48750,29.765236592494947
48751,44.58191115441239
48752,48.60014048104631
48753,48.568874142698405
48754,43.49427056545136
48755,42.811092990033764
48756,51.51004863749647
48768,59.58862247710539
48769,45.98598490722737
48770,60.0519270673159
48771,56.53433702757776
48772,59.10201479380155
48773,70.57609131067237
48774,66.14258488850828
48775,68.71645484444669
48776,60.18877123295707
48777,57.647588777440184
48778,56.98393503690109
48779,64.10084415905278
48828,30.364443824458515
48829,16.108084828239893
48830,31.250080191828793
48831,32.25858140619875
48832,13.093312948350881
48833,33.05907707594499
48834,32.81612968541551
48835,35.31153197295252
48836,44.377521132858625
48861,29.13844944599009
48862,28.608142119636856
48863,37.12241912044784
48864,32.96207676258898
48865,35.969605833306254
48871,36.1004120725577
48872,40.08346129300834
48873,46.395785207946346
48874,40.40461493504851
48875,52.85878812080703
48897,17.90978978854993
48898,13.788052153307433
48899,14.117937625322638
48900,17.022261093203287
48901,24.4237739661063
48902,14.451612510413833
48903,33.59357222398693
48904,33.217693055664654
48905,43.93251988984601
48906,38.39186153961405
48907,40.175515926128895
48908,50.60111914005163
48918,14.319093023659496
48919,15.16838354056788
48920,21.02998560393767
48921,30.602543716212306
49051,30.630529376412927
49052,31.599557971810828
49053,31.572932918578555
49054,52.66256403370974
49055,25.828112043536617
49056,48.42830084548697
49057,31.8776870501922
49058,36.081055180937675
49059,32.47729534911799
49060,40.082435348806655
49061,43.813797326336406
49062,54.979243464888235
49063,58.26620074094693
49064,53.449039355232955
49065,53.7605275691493
49072,14.49053353076397
49073,10.500078764399996
49074,19.188874152062002
49075,20.027737310901983
49102,25.822702994946884
49103,32.55234271905427
49104,53.0544832933525
49105,32.993097101305956
49106,42.545723717597674
49107,57.23672842210648
49108,51.67292874845962
49109,52.09861501869118
49110,51.0471403912178
49111,51.55028812545027
49112,46.24918174358992
49113,58.83226233872485
49126,25.25892980322878
49127,22.616802484817484
49128,34.43319985042034
49129,35.346515020314186
49130,39.598397705973156
49131,40.51072887748293
49132,48.14892161671444
49133,39.48293141810376
49134,42.95419588642638
49135,51.5800826499827
49136,55.1665389028634
49190,34.566336750266856
49191,35.41209310547462
49192,39.750884179978435
49193,53.771320280297545
49194,53.702266616447176
49195,49.44156533327598
49196,52.96760820393893
49197,52.244437159568584
49198,55.95893098180087
49199,58.115910431724124
49200,55.58134096002041
49201,63.03166877888624
49212,34.513065997128386
49213,36.72207540739797
49214,35.335550191237196
49215,40.75144626336229
49216,59.0683135417009
49217,41.91877985589754
49218,55.25603698471539
49219,52.207265805599235
49220,50.00203660156081
49221,55.920947787258875
49230,21.85740203981209
49231,14.600038757514806
49232,33.05923151523611
49233,35.26301681631314
49234,40.62148489332504
49270,53.347473754737145
49271,58.62118075978124
49272,53.80585642868278
49273,58.99167287126873
49291,17.99344604832183
49292,18.58076651826672
49293,45.2395194562326
49294,31.513710656422425
49342,17.6942317519302
49343,27.461858266630838
49344,33.98263598832407
49345,31.559090875756713
49346,31.4933295157132
49398,11.222804294963922
49399,12.44265529698314
49400,21.88382026458663
49401,24.561463557493585
49402,11.661797291035057
49403,22.511035461858928
49404,30.10822684076542
49405,38.68260879258505
49406,37.263876981909355
49407,42.63396727147141
49408,36.68712549748894
49417,21.413545522242735
49418,28.480761467667545
49419,22.34733044037698
49420,29.431618030701408
49421,33.565360116707794
49422,27.497855521254785
49423,47.25038137682426
49424,32.50567916274936
49425,41.649409103471115
49426,44.63025312286201
49427,47.6391355418079
49428,54.596345390895266
49429,57.799756714656425
49430,61.08605358464383
49431,71.77401568921783
49432,56.820177101153426
49433,9.225176638192167
49434,19.471986745340274
49435,32.61337779801285
49436,30.961029855656157
49457,27.182046237233802
49458,31.504000450991775
49459,39.2647071674962
49460,37.47127649305079
49485,49.94666032553672
49486,32.23010924816945
49487,35.409980976906205
49488,47.51478182164946
49489,35.66840797721507
49490,51.22605385857134
49491,54.34405673235913
49492,53.321857929910806
49493,47.748091191318
49494,58.30499684494161
49495,56.33124197089653
49496,66.43108435690112
49497,44.87235892991623
49498,33.99620471340285
49499,32.638606374073014
49500,48.540261926556035
49501,56.39974395788285
49502,38.059916009809676
49503,52.41680959254449
49504,54.13559149849708
49505,41.95774622993174
49506,70.23431269044747
49507,55.02328766526741
49508,60.29808577298375
49585,19.885697004207252
49586,24.761525799087018
49587,13.841787266358862
49588,18.75902090050383
49589,33.34013343666109
49590,33.11209154119077
49591,36.98677911259484
49592,47.05173669640168
49593,40.33781625955929
49594,36.005033840111274
49595,44.77813368255503
49596,62.20623391513229
49647,11.131121710040276
49648,12.183920988530593
49649,15.414606253394878
49650,19.337366705655345
49651,21.649654235461814
49712,43.48556266343821
49713,34.648183614321866
49714,35.131670335706616
49715,45.083647606840934
49716,47.28219486459137
49717,52.254500601278856
49718,48.01421224618692
49719,45.187208298927835
49720,64.62901175559979
49721,58.30509420272624
49722,61.234672007229925
49723,62.56642486220614
49770,45.93542841561929
49771,35.06940898312587
49772,45.3173041531425
49773,50.39384412498793
49774,52.877110138113146
49775,42.50793522990415
49815,15.380187982444344
49816,27.902882402219504
49817,22.010542921394872
49818,21.27883674646514
49897,20.940367215834584
49898,33.81914406521266
49899,29.014001479204033
49900,30.924813542357665
49901,51.90149835937855
49902,45.18195427527961
49903,50.18665006306089
49904,52.801027516250066
50004,8.226603845856651
50005,8.250955425504616
50006,12.073871649696056
50007,14.264455486421028
50032,22.68460338368603
50033,33.1370109282642
50034,36.902094051325435
50035,39.94669930668589
50036,27.975244645790287
50037,31.35050268744723
50038,30.627388900957126
50039,35.227598384311456
50040,40.805991344646
50041,38.17186023177222
50042,42.32817661853591
50043,42.8848195512801
50044,40.131984637302686
50045,48.530841454159265
50046,38.89900294361558
50047,42.02621728439455
50096,50.693352835430055
50097,46.40174738605988
50098,46.93819172012173
50099,54.12024935969084
50100,62.09382518095223
50223,38.902883229484345
50224,48.16439382148525
50225,46.46166448976064
50226,51.291911078188235
50227,52.26400420455174
50288,24.905400686813127
50289,16.19431404646325
50290,21.708964119847614
50291,26.88691387309351
50292,29.547906869439743
50302,10.297141129872058
50303,11.536130114497336
50304,14.888238312894016
50305,21.55252222765377
50306,37.69383048654923
50307,32.1245640503576
50308,38.01014325026272
50309,36.83276562106901
50310,39.0575286185934
50311,40.12027219181054
50312,33.78462740162397
50359,34.2005747503025
50360,33.826926622410184
50361,35.67349831225207
50362,32.36700740681881
50363,19.916722217282715
50364,21.64829989424756
50365,33.166649640389814
50366,35.679204995361054
50407,20.477955397704296
50408,29.429657723124144
50409,22.324330348210204
50410,23.656073043156432
50411,34.705014017941146
50412,32.96044434663486
50413,37.10216830316677
50414,29.50776521566013
50415,42.03318820052054
50416,44.01606288081991
50417,48.9859130785783
50418,41.453020798479685
50457,37.61369425213078
50458,48.058574363591696
50459,51.51626428861046
50460,62.399631714068065
50507,14.929658738494613
50508,17.657462719201163
50509,30.38711049834319
50510,30.92992680464459
50511,43.69766781685506
50512,25.45249091454617
50513,53.591427627137925
50514,34.286782962212826
50515,38.004552016150576
50516,57.339869954316804
50517,46.85343452915325
50518,61.40701360580809
50519,42.27289099486226
50520,59.80252946593694
50521,68.07369892193925
50522,46.345267251252494
50558,28.162374987326967
50559,39.41038625321003
50560,35.859187683840716
50561,35.60348362231234
50635,53.94030434881373
50636,59.88506968140275
50637,67.22414686155652
50638,60.75928974586435
50639,58.577970825484314
50640,56.372638028691334
50641,59.57789608269719
50642,65.6980592253747
50643,63.47972441336489
50644,65.48540570988867
50645,59.210376097216844
50646,59.68868618156746
50656,15.411223270110476
50657,31.128386208675774
50658,27.044594425134427
50659,27.163722883232836
50660,22.566383396325364
50661,26.374285515728992
50662,33.10477061743903
50663,23.146890381665536
50664,21.87977228620688
50665,27.414909121734308
50666,49.69222832067036
50667,42.955939050066284
50668,36.613990360222346
50669,51.47264281237731
50670,54.84424903706152
50671,51.89263000872175
50686,22.246879480186564
50687,27.962545086050064
50688,29.52343013649032
50689,35.08463128326833
50735,9.65672180969437
50736,15.29231671747436
50737,19.675738494803916
50738,11.537958589071806
50739,20.458899995036063
50740,19.602697125830364
50741,15.362509419568692
50742,30.00955354385302
50743,31.231937227798635
50744,33.47898647724385
50745,42.36528382485551
50746,41.46343147671579
50752,36.411540850898284
50753,45.40915104997444
50754,34.8345556247223
50755,41.41862425539796
50756,41.501080859396865
50757,42.89341985660784
50758,40.33413816309366
50759,49.147562833166646
50760,47.56844719137512
50761,53.2486414446463
50762,56.2848635144241
50763,66.09024083683215
50768,7.548273426594994
50769,15.557169585884148
50770,15.880513875317632
50771,20.06821316378092
50772,15.557169585884148
50773,18.085978224378074
50774,20.38052080087935
50775,35.76898474269232
50776,32.61928317757415
50777,37.19717358848868
50778,33.58335175159449
50779,38.98932827979009
50792,43.20721323502055
50793,52.13414721173784
50794,44.55860510379476
50795,45.67798704213544
50796,47.13255891115266
50818,28.989959004041694
50819,34.05576405812244
50820,32.49630190302375
50821,38.639542986816856
50822,43.56078340033048
50823,49.92528334636002
50824,48.14852666708474
50825,49.67217991798928
50826,34.32538175495981
50827,42.95502356595967
50828,48.773278943675344
50829,34.94193070228196
50848,42.08919673791833
50849,43.35686694728459
50850,50.65179241318851
50851,50.659364041605315
50852,58.819754089875595
50853,61.36397205354027
50854,64.37548653465736
50855,66.03532156221983
50856,62.26208949801037
50857,61.54887558556049
50858,61.95270300216763
50859,62.47497425525261
50860,30.879986078827702
50861,36.4621874351706
50862,37.245320630237075
50863,31.691172497404995
50864,40.72731891000847
50865,44.69925539824483
50866,53.28644872526317
50867,41.516457926166645
50868,49.588827924519165
50869,48.73822455011742
50870,56.33793335845012
50871,54.04423417592198
50890,18.02184609004428
50891,22.38407183083351
50892,35.766958220267995
50893,36.6062382078695
50894,46.677965483129874
50895,33.9468814537537
50896,44.33048024918876
50897,44.673257773974356
50898,49.246585622695136
50899,50.18420647091022
50900,53.835638690452065
50901,38.125883067931206
51021,40.85326572071365
51022,42.86418408947794
51023,39.52916042233268
51024,38.8967048928128
51025,32.809230000262836
51026,46.7491765063384
51027,57.305760415101915
51028,49.503684506724646
51029,52.44281414015473
51030,57.22097025304467
51031,44.708731233649935
51032,65.48630421647154
51088,38.142620934207905
51089,44.44473847602927
51090,60.1743049927981
51091,47.55945952400378
51111,19.453415035479413
51112,31.902963814220506
51113,31.72271015262506
51114,47.012977584704764
51122,40.23438634447265
51123,40.024667531468765
51124,46.377782205927026
51125,42.3162162008469
51192,11.961459425602435
51193,16.340957388360373
51194,17.252248499303064
51195,49.30953072235814
51204,51.11832058284752
51205,55.8794974030726
51206,54.1180560875631
51207,59.24993780986928
51208,49.75106917812284
51209,51.46290797317091
51210,63.61107245994108
51211,58.92195575329698
51212,62.79124309872814
51213,63.22091227900936
51214,65.26044668583408
51215,54.319584819793334
51221,12.523911153662944
51222,19.814105975557002
51223,25.22578593111046
51224,15.571959108862604
51225,21.69100684631037
51226,8.689717864500878
51227,34.526783280242974
51228,32.459801756775086
51229,33.01783538169234
51230,42.980046895322396
51231,34.73973241008074
51232,45.23814040073738
51334,14.421100358288925
51335,11.879143062885978
51336,17.31018280287544
51337,14.193610515287064
51338,20.567627511271386
51339,25.16907075105711
51340,35.74091716433328
51341,40.81694015168099
51342,43.210204503528566
51343,32.95896912676602
51344,45.53467998476754
51345,52.6305446826217
51400,18.042596425812913
51401,13.158220566870158
51402,14.714364921437243
51403,26.012908608573042
51404,21.91820175203514
51405,27.486290540169804
51406,32.56690025404679
51479,20.504046225918994
51480,18.777946049277535
51481,17.635549769507495
51482,13.442622203927606
51541,16.291796803344216
51542,27.76163248469207
51543,22.431203809235928
51544,21.356629501523383
51545,20.225493449936238
51546,37.739749644447095
51547,34.08789135625812
51548,33.38560109916381
51549,38.95892844874862
51550,34.05753488961662
51551,43.62434918198158
51552,44.38626192393141
51577,26.42237030653045
51578,43.503594362248464
51579,51.28427331386161
51580,44.52891977993089
51581,54.23560345120004
51582,49.23163995216058
51583,56.23244397941856
51584,38.61442094428202
51585,52.591955786857476
51586,53.779094064333464
51587,51.94469594595168
51616,46.34872431789779
51617,35.300049148358674
51618,47.94085341176116
51619,55.06991161430624
51620,50.04974849143702
51621,61.340199609374324
51622,60.96382205500282
51623,64.36400046319278
51624,49.98472402560893
51625,62.35651261638665
51626,62.37152947374726
51627,68.02874178016936
51674,33.09057812057696
51675,33.39596216226712
51676,45.96556818034676
51677,35.78288337022267
51678,37.826826332554155
51679,36.259604446204364
51680,60.574151111373546
51681,61.72566959554111
51682,51.27870662190555
51683,43.52336067955466
51684,62.12705244274121
51685,57.66571893800861
51702,33.6985482980745
51703,28.224791659312658
51704,26.480008259652536
51705,46.1271662725004
51706,47.10832388193419
51707,60.13207252033847
51708,52.50637498362311
51709,66.8988793474419
51710,65.13928752171797
51711,62.6998849330721
51712,71.506853058477
51713,67.00994128153701
51718,18.61469448910484
51719,21.97847767801857
51720,24.49056829917103
51721,42.25391785857004
51722,41.020996079263455
51723,35.246627807543305
51724,40.376431970846944
51725,32.60376325043846
51726,45.10233921272101
51727,49.1867022112935
51728,43.85044581019229
51729,37.38060880497515
51730,32.4252212157995
51731,47.10624484959494
51732,44.776914226848845
51733,43.35823496517793
51734,48.9078098305379
51735,55.826764678354394
51736,55.1409072447342
51737,70.48927416714788
51738,49.2756200526256
51739,55.65169968397772
51740,60.32073547695286
51741,59.74646502247291
51747,23.819505144002473
51748,21.47540598374415
51749,34.36047883808373
51750,40.395950280685206
51751,39.23216685223323
51752,36.20733792187354
51792,20.875012749105974
51793,25.76722097850967
51794,26.72131184375549
51795,35.73066777352624
51796,24.114681951041458
51797,31.691563359225785
51798,45.51544349837796
51799,49.09792799803576
51800,47.36922303396224
51801,47.92924998596921
51802,64.08578608686622
51803,54.837266963361486
51812,11.58472418924701
51813,16.687373021551934
51814,16.90532574147407
51815,14.65113529755727
51833,26.63755631030816
51834,31.738149255071214
51835,33.17493367717981
51836,34.47388437360075
51837,40.71014111840256
51838,31.96519749690803
51839,50.4466889260799
51840,27.010490945146486
51841,40.79963107317958
51842,42.92816681276954
51843,34.827147842269405
51844,33.168326800849464
51845,45.011826876100294
51846,46.85691252331011
51847,45.75185763216588
51848,37.44225354890756
51849,49.3317075991645
51850,50.07574940836125
51851,48.58532213793504
51864,38.51264546622895
51865,39.24031025511134
51866,34.0405000237865
51867,48.7056990372514
51868,36.57216885637864
51869,33.43171415844626
51870,51.765916755185145
51871,43.882887773405045
51872,43.232453518257024
51873,50.863852672944056
51874,51.22854091508135
51875,54.978624031459596
51891,17.311667801401022
51892,14.563850135437121
51893,23.00276528295636
51894,21.83500282921991
51921,14.270494342299175
51922,30.302873610395004
51923,28.99124966499009
51924,19.74733629280651
51925,36.42744215547308
51926,36.033018546207565
51927,38.59950763864004
51928,39.82761087911943
51929,37.953980117267406
51930,41.1539057368036
51931,40.79515432980994
51932,42.900663821082055
51937,42.08181163157009
51938,53.07691640967922
51939,49.52381994576544
51940,49.867897614403816
51941,57.281452143669846
51942,42.282850147522254
52202,30.81991347687477
52203,33.03455048013092
52204,32.02368443364838
52205,48.16176186562694
52206,17.062200073268087
52207,17.192805048183768
52208,24.48309868156304
52209,36.12284754301576
52333,35.5581359361888
52334,35.10216999972919
52335,41.71859063394787
52336,39.49494095893124
52359,30.755513035281155
52360,35.4092466306523
52361,23.12000733313745
52362,36.10098616594863
52363,62.51286609025189
52364,40.77381097863886
52365,44.111863443676825
52366,53.531106919565076
52367,52.81787457318351
52368,52.15870840879655
52369,54.34812211131747
52370,49.97243534032773
52377,10.12418292994797
52378,11.901515241386946
52379,12.60953760387847
52380,14.126596640022974
52381,16.85779155841068
52382,18.411120130328147
52383,18.956178979758395
52384,30.118431133325107
52385,38.01216712997297
52386,37.08401979521527
52387,31.398717212805085
52388,44.20456533539218
52413,56.64576152719995
52414,55.42139910374625
52415,50.27590226680715
52416,47.75582709100559
52417,52.514483250176944
52418,51.21885819471826
52419,59.06668981917855
52420,61.05548566802866
52421,51.172950583286294
52422,23.143511999521888
52423,17.695458070434675
52424,15.249237011009187
52425,16.91183067861666
52499,22.17703802230407
52500,30.754172928333805
52501,31.489616158693188
52502,36.41846211954365
52515,27.96958464589242
52516,45.411186117664144
52517,38.561402048804794
52518,45.62850059226019
52524,12.62498784165742
52525,21.818957190653805
52526,21.263039249604827
52527,36.047869719694404
52587,28.573358594092586
52588,23.354583777899876
52589,32.333336917539505
52590,35.0027639736477
52591,33.233951016423035
52592,41.86851631810471
52593,38.83426060905999
52594,37.75427856108998
52595,48.271661305907216
52614,29.987671155161376
52615,33.15897364911477
52616,35.9012591648874
52617,36.15352033831852
52657,5.983626308235668
52658,12.114964404278238
52659,17.407179158050322
52660,14.32022502783135
52661,42.491921061732036
52662,39.571732355093715
52663,54.03560413250428
52664,59.1013602807828
52719,41.54595471016669
52720,34.85943284471733
52721,34.64359646282749
52722,35.96827307137296
52723,36.403034500699235
52724,44.52484889960862
52725,51.18894864779104
52726,41.92271882873191
52727,47.39040506645115
52728,53.11248439065215
52729,52.90842102116788
52730,50.448154730953775
52753,15.019455212171586
52754,13.168133064115514
52755,14.985708473242365
52756,18.15455895348661
52757,10.287087520741704
52758,18.31938844946719
52759,23.425445799674073
52760,19.725757871163133
52761,16.984237768747427
52762,32.644455662639906
52763,39.71802780974562
52764,35.02784721445101
52802,45.68805144932842
52803,54.409634951824714
52804,55.33608458683606
52805,61.568047943441165
52806,64.84977491354744
52807,70.66252562171906
52808,70.53489072698298
52809,62.655720016053166
52810,50.46092124401627
52811,58.35254145112303
52812,67.1848856300395
52813,68.93094353611342
52861,13.425001233273631
52862,31.448114902082388
52863,32.906226959236875
52864,36.17530456808069
52865,53.90930074709696
52866,52.34844467789288
52867,47.53094677193281
52868,41.511586305248485
52869,53.418646787476206
52870,45.131840236239505
52871,53.69599484520371
52872,45.5183061006258
52913,18.56439233046073
52914,16.024798640675083
52915,17.09047420973132
52916,11.438094687163083
52917,14.851830105715436
52918,22.286689341877345
52919,17.22784422753485
52920,18.191254566297403
52921,37.52666502817251
52922,33.120100720883904
52923,9.383789518719123
52924,25.724149698276584
52925,22.48633308501445
52926,23.901100140843443
52927,30.280636041789364
52928,43.739953311723184
52929,38.17934799223223
52930,34.43780736712909
52931,46.6828189150767
52932,41.570942401061295
52933,44.93129557133047
52934,49.754496866614105
52955,20.23008892402234
52956,43.24072574418124
52957,14.998314573279018
52958,38.739897372376205
52959,57.815292041107185
52960,52.33589424895385
52961,46.086652540287425
52962,49.895363524741676
52963,46.74512529436033
52964,55.443551483508486
52965,58.771015685147006
52966,58.78429597106389
52998,36.960053390734615
52999,26.708765526078942
53000,35.80711405031213
53001,48.00366785933734
53002,29.461716324807785
53003,24.62575720836878
53004,41.09683986421193
53005,35.43889862121196
53006,43.07305441719334
53007,37.340791448896226
53008,42.63528763001998
53009,45.08774178763546
53010,44.9739134769107
53011,44.098345118402165
53012,48.92236821317443
53013,61.30721684093907
53014,22.44104988996407
53015,27.188716145010037
53016,31.291592605303208
53017,32.73039530322664
53018,31.97123525439856
53019,32.60050029776502
53020,50.140513820053236
53021,34.34216711907161
53022,33.89442921230351
53023,52.13315614306185
53024,46.148386711436935
53025,45.889357516312636
53141,28.777354895991458
53142,24.351383474719444
53143,40.75476144129485
53144,33.34602770806367
53145,32.18625735470195
53150,9.179509526031204
53151,15.311047986525333
53152,16.079690688059852
53153,16.483245376211073
53154,14.010567727315491
53155,14.063534791919668
53156,18.470703380148233
53157,33.19237322392428
53158,48.621063845804144
53159,35.19527067954191
53160,34.00343734683485
53161,41.91131599312265
53162,23.367606530034188
53163,21.67305061888605
53164,28.672145623000542
53165,39.56288556334542
53166,27.18405865180168
53167,33.6745702920369
53168,32.99840071935377
53169,29.596609030854403
53170,31.4108006692652
53171,23.76603246759611
53172,33.57055020030498
53173,17.808646895531083
53174,31.789195481927752
53175,31.77225478548549
53176,31.38523207389491
53177,16.581532611154064
53178,39.04705227959445
53179,44.48300275145544
53180,46.38708879727253
53181,54.84016915334691
53182,52.93161429235493
53183,39.03224190838734
53184,35.90463073289698
53185,45.646553939444445
53186,44.45924771993218
53187,44.790803377881026
53193,29.216913379747027
53194,40.442835310301575
53195,31.70384821293777
53196,40.70178604659648
53197,39.14859708142615
53198,55.15288363815582
53199,53.7959864284202
53200,55.219056157578514
53244,30.765245794375957
53245,40.2761125118504
53246,29.721768956678435
53247,44.22666787268121
53248,46.72878946799792
53281,24.6472940334182
53282,20.539262164897384
53283,26.75781018016002
53284,32.55486251175226
53285,32.38784541156619
53291,40.822172578374115
53292,43.283794784471205
53293,41.42496090599163
53294,36.719458591963374
53295,46.70256402575936
53296,47.113998398322344
53297,60.96151465215172
53298,51.091542827948004
53299,58.65764251846793
53300,58.197137409962025
53301,53.55219704304037
53302,55.40434549830182
53318,36.03916850891655
53319,25.711538102087268
53320,55.20178811646746
53321,46.75529096389176
53322,57.802538399724675
53323,57.86055193370949
53324,50.60377815396742
53430,25.74569533042139
53431,32.568399771887826
53432,37.75560704932505
53433,30.92388086095526
53434,44.22443919299915
53435,34.228365508828006
53436,50.047604131365894
53437,41.38170781601793
53438,42.76086294139444
53439,45.587490426840716
53440,40.61015042761108
53441,38.483311015969406
53442,22.675933908023897
53443,31.242170037688496
53444,45.47762528040363
53445,33.64024444969099
53446,45.04723292839643
53447,44.39049730238145
53448,40.37329710017403
53449,44.89491744263468
53450,48.921312829977595
53451,53.22012711346824
53452,37.33735968281253
53453,42.48133761472739
53483,12.497982970672279
53484,31.01777543003828
53485,30.927164815532127
53486,33.96852273954785
53487,39.56195749569268
53488,37.55141770365893
53489,41.94657389446778
53490,54.96956309577023
53491,54.88480178876514
53492,45.14324302187452
53493,42.66948637665079
53494,51.7374421751765
53527,41.66703410931841
53528,25.117305840942283
53529,47.723068943946124
53530,35.49945567671245
53531,45.05963551172917
53544,25.699790604060684
53545,40.55845568410253
53546,37.967691087029976
53547,46.76124054423187
53589,47.88591770772553
53590,48.284426098553645
53591,59.1185457370324
53592,48.173690661638204
53593,52.79980628879303
53594,57.371391610472706
53595,59.743176047406976
53596,63.67472890526296
53597,63.65232918615531
53598,63.21579384090761
53599,61.963600275694944
53600,63.52938987399224
53651,40.49817145226505
53652,60.40551425601116
53653,47.80152555416458
53654,55.68480819735254
53655,53.11101601102581
53656,49.819695391783725
53657,34.532009891995344
53658,52.88405143071877
53659,52.84014636048191
53660,55.208310129317134
53661,51.4002527113113
53662,56.285392735233586
53663,45.15882744271363
53664,52.85576342863248
53665,65.37275551178128
53666,45.46280420843026
53667,30.788356489764332
53668,34.006542271155276
53669,30.061498261754217
53670,36.22600660835037
53671,38.78606245333361
53672,39.26244654001067
53673,38.47178201359234
53674,40.19378758877826
53675,46.29533888085525
53676,57.26928052448
53677,38.26864833468191
53678,52.110995098062695
53703,26.65514809224447
53704,38.245263464328815
53705,39.938909907392336
53706,48.685302524246
53707,59.911818110341194
53720,5.309593338415498
53721,8.958545495034752
53722,5.660436291399161
53723,17.101251228771137
53724,17.02449648128232
53725,14.672811202261599
53726,27.128504853430897
53727,13.439268859419238
53728,20.604316415839072
53729,37.495110082739394
53730,40.541633906418035
53731,38.59789803643039
53732,20.009961479016884
53733,33.89408235311332
53734,32.453777843119525
53735,34.49053081865781
53736,44.43354008274644
53737,35.94626833827514
53738,28.93198397246022
53739,43.102395557651306
53740,38.86123574019252
53741,39.55149865408905
53742,46.84247686184246
53743,45.156371332843776
53794,15.97649364754195
53795,21.138312020718413
53796,16.237776824527423
53797,35.6349050366646
53798,15.351032087928042
53936,40.936688263859935
53937,44.0665574984666
53938,49.0701113324711
53939,45.1363581092607
53940,56.059870369850536
53941,50.70248001400265
53942,58.29434175240571
53943,51.364600136472994
53944,49.89128181171119
53945,58.3761446357221
53946,50.90734867903167
53947,68.70841075849005
53954,5.537267924177441
53955,5.537267924177441
53956,5.599371724326979
53957,9.971744801483755
53958,10.296950461653132
53971,35.32060308250439
53972,34.43382097083188
53973,34.33923423268096
53974,33.75176697832037
53975,34.67748378048477
54001,24.677242029493527
54002,22.18383651942119
54003,30.057269186365698
54004,42.83256174216959
54017,21.683781877922584
54018,33.71326360364563
54019,38.71654377460101
54020,29.260389705537612
54021,39.77667010114352
54022,36.24620816913636
54023,46.0270554087363
54024,46.680050531340804
54025,44.09818501910026
54089,38.59161794967088
54090,25.0500458484066
54091,42.03434251914103
54092,44.180427200009305
54093,53.13143975563865
54094,47.14593429920256
54095,61.60469676765892
54108,53.766505431944225
54109,45.40999125407051
54110,39.64134324416969
54111,43.489080123814254
54120,13.515707096905711
54121,10.575613957125563
54122,13.240486295624297
54123,14.941326496925843
54124,16.713416411945207
54125,21.090290742768513
54131,6.6208999417865355
54132,11.68998748597582
54133,6.683551458749195
54134,15.3240277110669
54135,15.382125939844542
54136,17.165436973104296
54137,8.699902149641439
54138,33.03042848356036
54139,35.33209933962953
54140,33.51103257314526
54162,22.15249901469893
54163,38.538931095079604
54164,34.883587613068975
54165,38.070455065155855
54178,5.202097820697439
54179,6.4971587189126785
54180,8.399820844824518
54181,12.117744719330192
54182,18.124800256489905
54183,15.390606996001097
54184,17.857749025482384
54185,9.210180957720043
54186,18.25145448961515
54187,27.63738999878204
54188,30.820860158045107
54189,28.08342123956408
54202,57.486529441750044
54203,64.36800666118182
54204,60.77350392011393
54205,62.711549791096864
54206,67.40251745902557
54207,66.81788195461472
54208,68.21196723021117
54209,69.21458398985884
54210,74.61587609311823
54246,8.781375269143831
54247,11.425935527709584
54248,13.651016926345612
54249,5.747448131516351
54250,16.81847234056826
54296,47.03128454615613
54297,35.08237945930046
54298,36.65180510437751
54299,42.41960587654727
54300,41.47368496018312
54301,49.56663610188524
54302,49.44918871738677
54303,52.34005283572585
54304,39.79035319006377
54305,60.364277477185844
54306,60.131937582823625
54307,60.71182834204501
54323,20.984245520509315
54324,14.41163324500063
54325,16.15215668367291
54326,18.71012545673201
54327,19.344673887746666
54328,17.346408720221692
54329,30.797417445064468
54330,36.200213248849515
54388,21.626596006240632
54389,37.58476705097005
54390,32.857953335032896
54391,43.5108510787763
54392,39.75887980140718
54475,6.213394095292291
54476,13.24108278095467
54477,13.946094083013627
54478,15.092404929010742
54479,16.086466725079898
54480,20.584661215243713
54481,16.102330154206992
54482,21.768611718773258
54483,17.88371500644293
54484,18.056134210801492
54485,24.480749447671805
54486,12.341821633290353
54493,32.21605628156522
54494,30.084381438850816
54495,32.38641608152033
54496,34.97805540082878
54549,15.33241447384257
54550,13.709427669036582
54551,21.102157458427833
54552,30.109274932434708
54553,35.67732581474204
54554,32.70028079410646
54555,47.78229448684626
54556,35.50237493885821
54557,46.96663001365356
54558,39.83154424024223
54559,41.54748172281092
54564,6.809515984183495
54565,9.672998437365514
54566,13.225581549870602
54567,13.69946657045306
54659,13.750332567473686
54660,21.637486585687828
54661,26.45792483356664
54662,22.073977943340136
54674,20.779868521451775
54675,31.71327206964748
54676,35.72834241756589
54677,30.253433695637508
54714,20.174048728299773
54715,20.73464644052795
54716,24.267690547347282
54717,34.33530533477934
54718,43.725068760330295
54728,29.912387049580772
54729,39.16709116537526
54730,32.13979343674162
54731,43.30140842748583
54732,44.61870843185729
54785,21.643031529294287
54786,34.249803880811065
54787,36.063976009108025
54788,28.365479052229478
54789,31.066106837612555
54790,42.05476215917039
54791,16.96771516334433
54792,8.494763950938978
54793,20.066790300971704
54794,18.29256382042554
54795,30.128877739777348
54796,32.572969691981356
54797,35.738472216994765
54798,44.495023460435
54799,35.031460973558225
54800,47.98064017822887
54801,41.78425710125576
54802,31.27873504833343
54851,24.411764537979007
54852,31.414972981161473
54853,32.608459690805994
54854,36.614669379680564
54935,30.18753312724534
54936,41.78348012876728
54937,54.61964905793619
54938,49.43026502128105
54953,53.78032016690256
54954,62.996279944296475
54955,53.7902049327075
54956,62.371210265761185
54957,58.333355319135165
54958,59.90961013211476
54959,59.03332799991242
54960,60.19792554950493
54961,64.1509413070082
54962,60.16891258255714
54963,64.14659201486992
54964,65.47488042730072
55017,40.67016316905548
55018,56.367361064244356
55019,31.074571392905973
55020,49.4076170551341
55021,41.72502242738116
55022,61.46784542599041
55023,46.44993791553655
55024,53.62246240621989
55025,57.89219686234057
55026,47.440302266182506
55027,50.60421651768561
55028,63.09307218072799
55041,40.06216035677438
55042,41.52342020909462
55043,50.43540931119436
55044,55.85725951221758
55045,50.42638908656765
55046,41.28561036494481
55047,41.94022772283807
55048,55.91867074573942
55049,39.21336295292002
55050,55.16716195470824
55051,53.10244011472459
55052,50.77011607768405
55060,42.630039432680014
55061,41.50584529872556
55062,51.706601349610516
55063,52.6619558141194
55095,35.64218594988949
55096,39.36451839827139
55097,42.96990679472545
55098,59.581645569458864
55127,31.52492652094818
55128,26.795413096319574
55129,19.24414576252928
55130,33.035254426156875
55131,30.965948542019447
55132,34.08129507286263
55133,33.794847680945914
55134,37.843382104425295
55135,51.349891632261325
55136,43.10999007690731
55137,49.533765454100234
55138,43.606453945432285
55179,20.49329709488949
55180,37.639112464046725
55181,33.3627473855166
55182,40.3337664709611
55183,41.19229541075807
55184,30.98307594050791
55185,50.08806650607305
55186,52.46755153841183
55187,33.4780526188901
55188,39.6886075590918
55189,42.85802967588638
55190,42.331843092602014
55191,51.37564863280297
55192,44.288421160941574
55193,48.40497865910948
55194,52.628422982360796
55220,14.229395204837168
55221,20.191428862432925
55222,17.765904869900826
55223,33.60776350340546
55224,38.50341519838035
55225,36.87684345263544
55226,40.087339900405865
55227,45.67760371982431
55228,41.32671841820327
55229,53.45464966400148
55230,36.170341857971735
55231,37.43668974890797
55261,10.35736870126003
55262,16.28786161749095
55263,16.332075300882885
55264,15.809585266335324
55265,13.159901229651863
55266,20.844337377162145
55279,43.320603180746865
55280,46.9561637304506
55281,40.88681522978343
55282,46.261838215341676
55283,53.96296561132572
55284,59.692174474977975
55285,54.219365718449986
55286,63.56562630024869
55287,62.143748856788825
55288,58.8006461776422
55289,60.64119937359538
55290,57.55330050558895
55349,50.68573399150906
55350,45.212057956681726
55351,55.96997743657228
55352,53.52544303114568
55353,42.35959420378201
55354,54.12513098828023
55355,60.65621589765695
55356,54.692851713178364
55357,61.005686261924446
55358,68.48898465373115
55359,62.287982962867524
55360,60.93114622643025
55517,12.638088047880478
55518,23.091470232989227
55519,14.792690283106705
55520,14.787801981777678
55521,9.981714813143041
55522,17.508133922342815
55523,17.854675503942072
55524,17.854675503942072
55525,30.192943256718053
55548,26.399304445560606
55549,24.023407598480762
55550,17.207848231931514
55551,30.051875041940775
