Index,target
66,22.17209126282134
67,27.417483807075854
68,30.38513596550079
69,33.88687106217821
70,36.79417348864129
71,39.68005043197991
72,38.105058013146234
73,40.21951132728674
74,45.028943465373345
75,45.13195599766176
76,50.368763930599094
77,52.167598950498565
141,26.11288665885549
142,30.330158905802108
143,33.166125849224834
144,36.01466288279214
217,27.02959215444421
218,32.25318774600868
219,37.21746265366708
220,40.66924564430477
221,11.887641452467298
222,15.233143704002304
223,17.298232191660784
224,13.762069451512259
225,15.444901489150924
226,19.908630872247063
227,26.823736138216823
228,30.55957598308878
229,32.584080386613934
230,34.53614557552379
231,36.40696587464432
232,37.48683534013742
233,42.71593906351205
234,49.607688155149425
235,50.701244725798276
236,50.378133604064594
237,55.90899053880385
238,62.42674593856172
239,63.77376003521822
240,62.6220351857458
241,64.86529143863736
242,69.07711330035563
243,70.74851213113318
244,70.79229611360961
423,15.224659163898545
424,18.182944448885202
425,26.726978993411112
426,28.084273944330537
427,30.62851657225431
428,34.91511199666991
429,34.78996395349071
430,36.761983858203735
431,35.72225682366543
432,37.8718968419313
433,39.00935830799602
434,39.17687059922997
447,14.937527312634263
448,20.393417011868163
449,22.338353187703976
450,24.795976594723882
519,26.02321704550493
520,34.58386054220499
521,36.77110325883989
522,41.78482305256715
554,22.25517722958485
555,28.479017160159557
556,35.592991604263844
557,40.83490901797913
558,47.73010992386083
559,14.790617133806276
560,17.08430516329811
561,18.87229227559694
562,21.37598633581431
563,24.03959202741327
585,27.408083919354166
586,32.181303886998585
587,32.24960174764161
588,35.93340700536768
589,35.55454090378718
590,37.68238659559753
591,41.79064734976835
592,41.674392542155175
593,43.4134568249091
594,47.93402317282915
595,44.785328148837166
596,49.58292077072062
606,23.009129772257477
607,26.7141214549631
608,27.140879705512152
609,31.056828709737157
610,31.09247602134703
611,34.820590292623024
612,37.91720623866478
613,38.41517983732232
614,39.79814305327213
615,42.06384674658114
616,41.739965347703965
617,44.50318671808314
618,32.42399622936034
619,31.980928749546482
620,39.73789423108599
621,45.70343888070374
622,42.93371495316105
623,45.065765642443786
624,47.947923177913104
625,54.92719565267631
626,59.386862710113085
638,43.17650102971773
639,44.60859310711612
640,48.23312204207782
641,53.56752194126364
713,41.981202271726
714,47.204370938907296
715,50.80124404269159
716,55.80887117922919
717,53.82483054216634
718,59.37512840710437
719,59.52772122682128
720,62.135083309271565
721,62.98761590200612
722,63.36383065609561
723,62.838441451347265
724,66.56431646346476
731,27.24755397222795
732,30.378839694366615
733,25.63975017107686
734,29.902402771453378
735,33.10472327469864
736,33.8742087609636
737,36.41013185000446
738,39.754347654230415
739,40.546969181373385
740,43.503399860618885
741,45.13371357666934
742,47.4615710109861
759,29.748456789451726
760,35.620882184884
761,35.092284084954315
762,36.45824270284493
763,37.7935881282139
770,33.13750498230348
771,34.73810514057968
772,35.51260948979958
773,34.82202547833024
774,40.694906718463834
775,19.49590249302714
776,24.124743092562746
777,28.083458734988543
778,28.348586476111766
779,29.434493314602925
780,34.30292161891874
781,34.287080559551306
782,36.18051645207573
783,40.90279426206287
784,47.08013253529832
785,49.36964512308476
786,50.339758012007664
787,52.79834585461898
788,53.94872817546646
789,56.50387349822245
790,54.9568951731846
791,61.1902352746937
792,58.15247577959677
822,40.896496367248574
823,43.9325901383758
824,47.82816047698326
825,52.31344506566915
826,56.781818703939265
839,24.299000030288834
840,27.15003609710822
841,32.720810964067915
842,36.021438033577596
843,37.867013628006525
844,41.18791373008254
845,40.611687919111226
846,46.58596469759854
847,47.310239968819054
848,46.186239445320396
849,49.55305464670523
850,49.33228352550053
911,19.65888507010023
912,22.8873389629365
913,27.587749610719104
914,29.784351964555487
915,25.134881885909962
916,31.979225686012263
917,39.16089834828994
918,38.70849895491308
919,44.80489308269828
920,48.10982556030577
921,48.03993172823467
922,51.76907610206458
944,22.213913589377313
945,28.63664568119617
946,31.267712596062424
947,28.824733702264183
948,31.31507309318138
949,36.3381780929531
959,49.70975642217121
960,53.53174030636744
961,53.5775528639925
962,54.51809263715701
963,55.470191840554186
964,60.08448311943766
965,58.86594395677916
966,62.613734773214894
967,63.88742904382358
968,65.6460334810451
969,66.30880098754032
970,67.97161301952369
1097,27.834442575671677
1098,29.72777123952865
1099,33.99282597220225
1100,35.86788724901573
1101,39.375801962785744
1102,41.46421421344595
1103,47.156024053706744
1133,37.69546527474257
1134,43.01361915607559
1135,48.65483337166485
1136,51.63996246187416
1137,57.39723974330085
1138,58.94832728075555
1139,29.82411601442018
1140,33.59045970543783
1141,35.49161937065769
1142,35.71524694125104
1143,43.69470298123335
1156,33.5732976256305
1157,34.81370516442107
1158,32.496778392878085
1159,35.97724894500011
1271,25.510807776745114
1272,25.396810640732312
1273,30.634225086542777
1274,30.26398553112529
1275,34.05691943454576
1276,33.31710099834225
1277,38.79078077570411
1278,39.87606248820569
1279,41.40736833929583
1280,44.75851964302825
1281,44.11554953812051
1282,47.83366502000138
1294,56.232765006313755
1295,60.73655948622588
1296,61.53182978912468
1297,62.44989031536259
1298,64.80485932711096
1299,67.85842028535399
1300,67.74870570284112
1301,66.83547306714892
1302,70.42012188032102
1303,73.00616640076477
1304,72.23868766383697
1305,75.45248095702856
1318,12.771401993732791
1319,16.347767158640416
1320,17.663358725995167
1321,17.560003264139734
1322,19.87100206024979
1323,23.68339093358596
1324,28.650195281296263
1325,32.820791360348416
1326,38.77494530967346
1327,44.03565996794395
1328,47.47950590359374
1329,49.196272755539155
1443,27.6824294704114
1444,31.087734485728237
1445,36.67627397001488
1446,37.966433498323774
1447,36.65613817340374
1448,39.03004983676316
1449,40.71684032484128
1450,43.45519321139499
1451,45.71504343378608
1452,48.32861690296269
1453,55.644677361103376
1491,25.509526337604363
1492,31.407495724760086
1493,36.37367026300151
1494,40.91800373860382
1495,42.62401893536758
1496,44.157846986856505
1497,38.09836609489666
1498,43.1895969468162
1499,48.364427017116675
1500,45.756524557817464
1501,48.799809849353004
1502,48.776218412949305
1540,44.993654158921295
1541,50.12940190809822
1542,51.126413876155176
1543,50.65255371590682
1544,53.92815379992787
1545,54.535563507937574
1546,58.005326863781185
1547,61.19704751886715
1548,64.57780207565331
1549,64.76609946915514
1550,66.63809915488996
1551,67.00202575597109
1682,43.255383758207934
1683,49.909087273836356
1684,53.25685974667639
1685,54.64604544506187
1686,56.803933384051156
1687,58.88876261698716
1688,61.50124237236012
1689,64.8211178735722
1690,65.9242219254583
1691,63.80479614750986
1692,69.21838479895918
1693,68.89865156361739
1788,0.9812745168443625
1789,1.7862936064234327
1790,2.5489418888567776
1791,2.7885555233398587
1792,3.9273908632603325
1793,5.711611327177117
1794,10.89814616559715
1795,16.600116016591727
1796,16.95742917310855
1797,15.29708546129901
1798,18.90119490169737
1799,21.65459875391713
1823,18.46077903478893
1824,27.794514328118694
1825,33.62065685395592
1826,34.47552052038108
1827,38.94832788454516
1828,41.238827745252706
1829,43.83228248467899
1830,48.356037339879656
1831,49.14587385258584
1832,49.65582939407874
1833,50.593090282484106
1834,51.564663350279446
1835,15.143770651939017
1836,23.032798096137228
1837,27.346083298440792
1838,30.184810931578514
1839,34.10973586637843
1888,13.864172041453266
1889,16.02221119710886
1890,16.6026788606436
1891,18.043340947019534
1892,20.57395271391951
1893,23.39426106027244
1894,24.245027542373943
1895,27.225379406113863
1896,33.0957290510984
1897,34.85626870624915
1898,46.13522978807377
1899,47.68769991968995
1900,17.284529630138078
1901,27.971094941269897
1902,32.49259888565088
1903,31.870921383766536
1921,22.493004473379887
1922,25.326214897407013
1923,30.18091477479576
1924,31.150174890725587
1925,31.46614710924364
1926,34.5920224433239
1927,36.616801054337564
1928,38.84355918458829
1929,41.648062765599185
2057,19.74115943708609
2058,19.503170836411464
2059,25.950838488508637
2060,30.59416914668758
2061,34.99084870318345
2062,33.37649007161219
2063,32.70628023710817
2064,39.62798657235891
2065,41.183043699235235
2066,44.25157154666602
2067,45.330346983826935
2068,52.86201933531367
2139,53.591527846691434
2140,59.79490641287004
2141,53.73123350698993
2142,62.12566437205589
2218,27.97346332290667
2219,35.295911637934886
2220,39.36850703023765
2221,33.16653957535504
2222,38.29872524089919
2223,42.419241821912095
2224,41.76360097032569
2225,45.4152117258964
2226,47.69901002143704
2227,47.885723015795236
2255,35.006989853964704
2256,34.82776515704151
2257,31.361504483911094
2258,36.10485687003096
2259,38.36651771147176
2260,40.71826307529885
2261,43.49735747647196
2262,47.876210836609225
2263,46.164232744274365
2264,49.59560794793612
2265,52.49888329572146
2266,55.399805784631475
2271,29.63906896192723
2272,31.621499611174816
2273,33.6788625412484
2274,34.076772116309485
2287,23.68387018883893
2288,26.412432658263203
2289,27.70821831326852
2290,35.90946336360504
2336,17.497555744335514
2337,23.729684148555734
2338,30.29555535426519
2339,32.58325859343121
2340,38.839826734824
2341,42.42917013558469
2342,42.65067688896605
2343,47.57417930804074
2344,43.96079297636796
2345,46.84356696086325
2346,47.595839992405864
2347,51.703122578951046
2413,17.951544826168366
2414,21.77710741075481
2415,22.95929990380876
2416,21.879160382231444
2417,24.47753122871676
2418,28.377150174308273
2419,28.908898415940342
2420,31.526132931139937
2437,37.79390422182282
2438,39.41561467579618
2439,46.49994567761662
2440,54.875478528922436
2479,35.88634928416166
2480,38.391628324785664
2481,41.636842330239496
2482,42.08788762279976
2483,18.0719627470553
2484,20.724802076725748
2485,25.984955001824662
2486,29.4112386002938
2487,26.565409151891874
2488,28.888356930579956
2489,35.0148094270086
2490,35.98972952790644
2491,39.69386065558893
2492,39.13030787396012
2493,40.73774661878916
2494,42.55115714974955
2535,44.163732592170255
2536,48.50327302564259
2537,51.180903706924944
2538,55.24702576455533
2539,60.32698925183501
2557,25.910421406078353
2558,28.25753156589583
2559,29.648280875234484
2560,34.834616977866006
2561,37.284387750321784
2562,38.751045156808715
2563,41.08022732484205
2564,50.52771601420986
2565,48.804229311778734
2566,48.586632535504734
2567,51.766055647122435
2568,56.18420999641261
2573,38.14941812157818
2574,42.464043371118514
2575,43.29872992662874
2576,44.290834264396544
2577,45.16921727022811
2578,47.554707921497204
2579,51.1294592838124
2580,50.95123151631488
2581,52.98667694275074
2582,56.65781961768777
2583,57.93476077352265
2584,59.84662305652619
2585,14.308243351103915
2586,15.573163836376514
2587,13.716046862125285
2588,16.17343766618807
2589,38.70476180237762
2590,41.712818446082146
2591,46.471707872888125
2592,49.48997176677414
2593,56.570555923378684
2594,23.878411692601905
2595,27.581383665235645
2596,31.29444019139449
2597,33.06208514823879
2598,40.28735471440709
2599,39.219004607957864
2600,38.76826482061208
2601,39.80980031688598
2602,41.256501783167515
2603,41.812907590916424
2604,45.30120066063884
2605,48.903438204642306
2606,10.965883741256647
2607,13.377049277521936
2608,16.89928140887002
2609,15.943440495061717
2610,18.297004566792936
2632,51.30616454980349
2633,53.718138168869515
2634,55.09996118211814
2635,55.88520502373664
2636,27.23731600380667
2637,29.325176984552705
2638,32.762622200604504
2639,38.61140120587998
2640,43.39555049228198
2641,44.77393609636942
2642,51.719601014674275
2643,53.25197452412189
2644,52.47178362012804
2645,57.355386814575134
2646,56.71069835059784
2647,56.39619816339285
2672,3.931413330800659
2673,5.9109689128725655
2674,10.06172870115266
2675,12.42480491878799
2676,17.442953705616137
2677,19.46084631422939
2678,22.695705099095704
2679,24.940336900401128
2680,28.192847069453478
2830,28.88788654923191
2831,27.244252485601997
2832,25.77141565665253
2833,29.136560331129512
2834,30.293240833794336
2903,4.477716794115074
2904,6.469248692289518
2905,5.748465250372929
2906,11.485542714446114
2955,37.093698401935
2956,41.38248289921262
2957,41.8014849422229
2958,43.31099062129965
2959,47.17419469121064
2960,46.94564241791501
2961,50.24560389686227
2962,54.72421612189465
2963,58.05175812904983
2964,40.09839842409205
2965,44.897650199238306
2966,47.42772057730709
2967,50.51617410224809
2968,51.0216602081937
2969,50.43822902882221
2970,55.48698951583508
2971,56.254818186108864
2972,56.01409584082777
2973,56.35544348767986
2974,57.301314407103554
2975,59.20128758298058
3006,58.95121622990791
3007,62.732148265483204
3008,66.82286723925922
3009,65.29145508918535
3010,70.34624363166138
3011,69.56064924807949
3012,72.46579626644092
3013,71.4098205895788
3014,73.68208664842082
3031,31.174045858940644
3032,35.355062491090614
3033,43.06072329673252
3034,47.55479063604457
3035,47.92079807117234
3036,52.93252262189684
3037,52.38116291809917
3038,55.12968516402496
3167,15.779076920373068
3168,16.459403343357486
3169,19.664766694197507
3170,21.898894783448917
3175,28.083639951643303
3176,29.14348198055394
3177,30.690231293806015
3178,38.37078438217722
3179,39.83870064807991
3180,46.24779371415964
3181,45.68942780944359
3182,52.50648821128981
3183,52.00319761263338
3184,55.42551633454707
3185,53.960113043019525
3186,59.40220605852871
3192,25.261993665072062
3193,27.518667026060513
3194,30.529296856138433
3195,34.94012354193699
3196,36.2790219004671
3197,4.8895056221002084
3198,12.219425825389195
3199,18.033183431886066
3200,20.0371492197902
3201,32.3313841079748
3202,35.78125738606346
3203,39.03827382304618
3204,43.81748045338865
3293,37.62718024541537
3294,38.92790420573142
3295,43.14368154516347
3296,43.23893473861561
3297,42.10030960998932
3298,43.67832470969601
3299,46.711563071382386
3300,52.87875873166431
3301,49.45354195782068
3302,52.37000444559122
3303,52.38890163780616
3304,52.68375907462909
3305,56.55294055017231
3306,56.61909694474167
3307,55.71344079428211
3308,59.82704163308716
3309,16.193664344296852
3310,21.65785056262315
3311,28.092204046207133
3312,33.93451933618703
3313,32.88492991624158
3334,25.679558864655096
3335,28.899672812262523
3336,34.028673830993895
3337,34.256119934578706
3338,33.36723728132593
3339,36.41123052384594
3340,38.408001766041664
3341,40.91074607157006
3342,42.07490187676305
3343,49.69397919734734
3344,50.97924939587897
3345,44.90821710580951
3346,51.191272906795774
3347,55.81530204632899
3348,52.467665012176155
3361,17.7999991740659
3362,19.6531180103963
3363,21.017535815137315
3364,29.504485821602792
3393,15.65851166645223
3394,16.299822213996322
3395,21.864290401348775
3396,25.25904067955611
3425,38.2389868456221
3426,39.46325990355765
3427,44.40990336173274
3428,51.98685373657252
3429,53.7848784069365
3430,52.39869271922741
3431,55.67320566463107
3432,58.827859421149384
3472,16.11577319427913
3473,19.196739597182454
3474,21.714675830906124
3475,17.641411255026895
3476,22.745008788950063
3477,30.058372608313835
3478,32.66537429796891
3479,33.63211436715983
3480,32.877440038796756
3481,36.49566937748908
3482,36.07324510698949
3483,35.43103532777015
3521,15.786642268570722
3522,14.94574929557362
3523,14.940077961077938
3524,21.15055483080184
3583,15.35412600892949
3584,18.20404110948518
3585,19.036358353207127
3586,26.09074040306947
3587,31.433040605117057
3588,29.250717553670896
3589,31.16258213494069
3590,37.66548769078498
3591,43.68864897795196
3592,41.65928418326352
3593,44.152262667946125
3594,18.298239832003233
3595,24.35352070912655
3596,27.98840326345949
3597,34.187706906248
3598,35.62749968926555
3599,2.7321640703071255
3600,2.729735081576566
3601,6.25673882354089
3602,10.40984917820981
3603,11.040666646022741
3604,14.089960825878414
3605,16.84780433689413
3606,21.604519780689785
3607,26.113945427030927
3608,27.07481854835203
3609,26.880620201455404
3610,27.72771437388092
3644,11.266685959531914
3645,13.226526046585606
3646,14.299323989990503
3647,12.906447687291935
3648,16.773217360448605
3649,17.99606260670393
3650,21.920945879605586
3651,24.459701058199162
3652,28.596386716845775
3653,29.97102486107814
3654,34.56294070372
3655,35.13835370282584
3812,33.916568010151295
3813,35.22522325475956
3814,40.3727153593657
3815,41.6786472794254
3816,47.61226334618324
3817,55.900628543145466
3818,38.79690906025551
3819,42.432049889560155
3820,42.98529659649373
3821,47.31060724962118
3822,47.688594405474205
3823,50.07412707974546
3824,52.65832174274417
3825,54.01777939494328
3826,57.99082948400802
3827,59.068844109867044
3828,57.28154107016924
3829,60.28222805780548
3886,29.883754318079294
3887,31.245032971250513
3888,35.20684322663387
3889,40.24498522256112
4051,15.823387410623473
4052,19.23326512495688
4053,19.80774357552758
4054,21.86571883430141
4055,21.084255980659776
4056,18.764744891097543
4057,19.359686858095024
4058,23.408976901936267
4059,26.30557683327002
4060,29.311467727983825
4061,34.74646062477295
4062,36.53960335922763
4128,13.632755944888451
4129,17.827800015763266
4130,20.898732764598968
4131,25.403192710281115
4132,26.40490985489157
4133,28.388152692741563
4134,27.847749844808
4135,31.585290498624662
4136,35.716411833023756
4137,39.88269955853377
4176,19.875256322954787
4177,22.628968052676083
4178,26.640887911441823
4179,32.64225095693539
4201,50.74224509906585
4202,53.06317858664541
4203,52.84474273559977
4204,53.43412641056297
4205,55.22090858314159
4206,61.12763449563034
4207,68.15339965933403
4228,55.11520326340881
4229,57.36038891756907
4230,60.58157268904783
4231,61.99728618186446
4232,63.93301407339063
4239,24.42193087919506
4240,28.930076045117527
4241,33.245316939829664
4242,36.58800183221287
4249,23.70904117686737
4250,26.412983751477814
4251,26.652349925188386
4252,33.004080173140835
4253,36.66844545048224
4254,39.444658677628105
4255,40.4072902022128
4256,40.67581869733409
4257,42.185752964790595
4258,42.98231777573419
4259,43.824802446905004
4260,50.38950891510431
4270,41.71110147168973
4271,43.67802033300256
4272,46.75924437185796
4273,51.025032378340114
4274,43.28718340672482
4275,47.00904650381101
4276,53.91201747842215
4277,45.639915062128345
4278,48.04357183571277
4279,49.813872652741594
4280,53.98073454762115
4281,56.854468892107455
4282,58.79610037529129
4283,61.90598845304195
4284,62.95888831023504
4285,64.34751583851457
4323,21.82893964748835
4324,22.997368503042278
4325,27.261038305823675
4326,29.33788626083363
4327,39.12473675282381
4328,37.02770127879832
4329,41.21658383390614
4330,45.95130269143445
4331,48.320929410654436
4332,51.2360828053521
4333,52.99388757972033
4362,7.376858417283086
4363,13.128469913360155
4364,14.470871619140253
4365,12.191296531533105
4366,11.769248699198249
4367,39.72878483502349
4368,34.657428281897886
4369,31.896896118199614
4370,37.40029981104013
4371,42.91589890072601
4399,41.16493588758438
4400,42.56013089055086
4401,49.121390052591735
4402,58.24349124970458
4403,64.16508494063494
4425,28.28667286279011
4426,33.69516121834029
4427,43.290421040366205
4428,42.926903401296705
4429,37.33887819539304
4430,40.745929178588476
4431,42.65881489304341
4432,45.522206417070876
4433,44.46078804883919
4434,47.6535429709728
4435,50.615030966828336
4484,13.800509122049343
4485,18.537393619593193
4486,23.585449996227382
4487,28.331270661185513
4545,21.49831196704025
4546,24.696810216125243
4547,29.73564768809012
4548,33.21339699738067
4549,41.6983340804773
4550,42.513102899800636
4551,42.03574048651902
4552,47.236933921565445
4553,45.37875358127343
4554,51.74728001715052
4555,54.01201541624359
4561,12.305333866845771
4562,15.727769240755475
4563,18.134249368591345
4564,17.974781082502464
4698,23.193534938513206
4699,24.296703196051638
4700,29.782201653311795
4701,32.06795241893556
4702,34.46813139032238
4703,35.12968117604359
4704,39.25048480869176
4705,40.42323425836277
4706,40.06024232422639
4707,44.49107740534735
4708,44.84529575197175
4785,15.895657801672165
4786,23.160874019383623
4787,31.45753239930103
4788,33.77853932287139
4828,30.395754281957494
4829,37.976733894640184
4830,39.62772536504958
4831,37.4344473988887
4832,45.309372600194806
4837,5.082274402953417
4838,5.470927917149931
4839,13.688912000897798
4840,27.182639924973913
4891,18.702928926260903
4892,19.360169134941348
4893,21.79525200494762
4894,24.550690741639517
4956,54.26545281196283
4957,64.39314042968286
4958,64.72584748231463
4959,69.70295862408213
4997,18.513787959558858
4998,22.06795825972468
4999,25.446583027657027
5000,30.623010530429877
5001,27.814989186305414
5002,31.758555435583684
5003,33.88485535776115
5004,34.910805504237594
5005,38.42237056766696
5006,42.06391496698727
5007,44.80007244833161
5008,49.53149332801551
5045,2.0807134849736437
5046,6.703502517027756
5047,10.082035220109026
5048,14.346159540886182
5085,13.356799135170753
5086,14.746711053584518
5087,12.15077927850539
5088,19.846678039914163
5089,20.884756705165472
5090,25.622397386887773
5091,27.566070810055162
5092,29.804953188422186
5093,32.97686408104339
5094,35.36624503690574
5095,34.23082869212864
5096,37.846234782871036
5097,15.450231954835811
5098,22.41565180113989
5099,25.31711953575449
5100,29.48882715310978
5101,32.265421265987555
5102,33.41768359400901
5103,37.44975368593936
5104,41.21320273490755
5257,6.073183733115891
5258,8.286492064390668
5259,11.934012363350497
5260,13.682769626059422
5261,14.360790946615362
5262,19.06252292122901
5263,22.122373094425708
5264,25.003310932963732
5265,26.672735541658394
5266,26.660664590234745
5267,31.987922795840547
5268,33.23844442212373
5372,54.73979825080503
5373,56.40050448449268
5374,57.19556646935754
5375,61.95844532828712
5376,64.9440019801745
5377,61.84188187268481
5378,63.52882070265763
5379,68.24814069164927
5380,67.74832918636217
5381,69.85274872334436
5382,72.32494154156781
5383,71.44360726107324
5419,21.993488409099136
5420,23.283502347753675
5421,28.068356443262918
5422,35.404785574134245
5423,37.32261326006536
5424,39.94864038181467
5425,41.58373508599076
5426,41.86951775158041
5427,45.018037384658946
5428,48.52099656561274
5429,50.17398528342637
5438,46.462408640463266
5439,51.75759359786754
5440,55.03235213006724
5441,59.44589195986146
5454,45.03649688242414
5455,42.12978551821581
5456,41.49547157798173
5457,44.567128481032285
5458,55.00775263606906
5459,64.3050663971202
5460,64.84901293966706
5461,70.6347664437864
5494,13.059348154607562
5495,18.262874702869436
5496,23.429607963846806
5497,26.935996646249745
5498,27.80320079228995
5499,33.990689231849196
5500,36.658807691143465
5501,37.17950578911726
5629,3.849283679601255
5630,6.197504828878125
5631,8.982639566222984
5632,11.908891525449102
5633,31.907946573041883
5634,31.024671323784904
5635,38.58472340877887
5636,41.18216151686073
5637,42.60284749566213
5638,43.58990889000755
5639,46.1269506684013
5640,44.8182544472296
5641,50.181774105815045
5642,51.03105967502129
5643,50.97036614280602
5644,53.130893522189886
5645,7.386324557011337
5646,10.500727685100749
5647,13.715610342147693
5648,15.307611443058132
5649,18.368504372844484
5650,23.08935381610103
5651,28.38019438986937
5652,30.793500852320687
5653,30.952376228314034
5666,38.23123636106554
5667,40.51104269251917
5668,45.66452311430609
5669,42.53235880931266
5670,42.300940778398754
5671,46.2270273350484
5672,51.545386982025576
5673,49.948670470292754
5674,54.40656050378063
5675,55.7807315019097
5676,57.09946569682815
5677,57.501771170531924
5732,25.15631470840404
5733,30.535726516352785
5734,29.94654195330419
5735,31.402594334312173
5736,36.9317358120935
5737,36.409442119926126
5738,41.12537629379699
5739,42.07178871065809
5740,47.24509760945945
5741,47.60458697873428
5742,48.26348914737256
5743,50.35034967870226
5863,48.98446022783887
5864,51.54649118510584
5865,52.056833169827456
5866,58.305742428605164
5867,59.06991594771057
5868,60.09733256346948
5869,63.97004558181305
5870,66.05847530059806
5871,64.92275788825528
5872,67.03475831341768
5873,68.59443400833807
5874,69.7906976863137
5907,42.11982008089739
5908,45.45187746082577
5909,49.88570926350323
5910,53.902545962520534
5911,55.14718386251109
5912,58.92612082341389
5913,58.35247499164894
5914,60.23646178181667
5915,63.85481159451806
5916,62.08589334998502
5917,64.01582090791331
5918,66.4969887630389
5940,28.502362843132076
5941,30.783029382464253
5942,33.18591948675798
5943,34.921542117870075
5944,13.061250640878157
5945,13.766296534627061
5946,20.56588144419168
5947,22.979926345768
5948,25.801158004385464
5949,30.787095098673774
5950,33.89524121220874
5951,37.761746506349986
5952,42.195181932803585
5953,42.916050253434605
5954,46.21881602689557
5955,47.085676019094144
5980,26.953675353631848
5981,31.463333847737253
5982,37.88753768321878
5983,38.30038880807314
5984,43.96570926692029
5985,30.80042089483845
5986,31.7192497170951
5987,33.47411913288656
5988,39.913174547416205
5989,41.61090184421432
5990,41.17225832277565
5991,43.4105217055268
5992,45.31741617179454
5993,46.719937068371564
5994,48.46628891887431
5995,50.88673234935105
5996,55.55622164040638
6001,31.47874496152517
6002,32.045244813480274
6003,35.608525679067476
6004,44.04011147912523
6005,53.32691143656193
6006,54.87484532148057
6007,62.00218170869933
6008,67.78127394487788
6021,33.91643492356683
6022,37.355321339887205
6023,46.6918102422021
6024,51.22100657793544
6025,54.13122840629685
6026,54.32914141284561
6027,55.45073396976974
6028,56.69531454496084
6029,58.009009805320105
6030,59.923872710760534
6031,59.851563538096926
6032,59.61821540822188
6122,34.42567252717616
6123,36.42030445459694
6124,36.956100035757856
6125,39.94729196999228
6261,32.00280581687321
6262,40.760862354867136
6263,44.176583774887945
6264,50.49365409428257
6265,50.620088565560664
6266,52.29822328767165
6267,55.835730447607475
6268,53.27466344333254
6269,56.72783522373772
6270,57.40946050847906
6271,61.081174141707834
6272,63.088538528496514
6313,42.402170978186035
6314,45.24937391248452
6315,48.63478106701549
6316,49.33483510973658
6317,53.819533284247235
6318,53.67585497640928
6319,54.44152802218533
6320,58.547507030862356
6321,1.7968052588626302
6322,3.0064828957890226
6323,9.846762934194109
6324,11.654287195213488
6325,12.296028978424816
6326,14.117803917737701
6327,17.118199534433987
6328,21.11572527393378
6329,26.00068024725841
6330,27.94986934499774
6331,31.617486471483666
6332,33.28219778513605
6348,5.864560511172865
6349,7.241936615974519
6350,10.898724757248543
6351,11.168009666898238
6352,13.834886702542315
6353,14.367902376489063
6354,17.15878052845342
6355,22.41838486373893
6356,22.504178844918478
6357,25.583959821837166
6388,26.205597263107173
6389,28.59028352788186
6390,28.95363088138325
6391,29.97033653434569
6392,33.15213250462253
6393,35.85492036230663
6394,37.23023552928531
6395,41.332276724718895
6396,40.382199001169674
6397,42.061938315214064
6398,45.41852685579774
6399,44.109416562448935
6462,11.877152998290459
6463,18.419459439264187
6464,25.585502185848494
6465,29.84904603270894
6486,13.15504819554059
6487,16.520469788337817
6488,19.267518996153026
6489,20.783548564996174
6490,23.72266239645305
6491,29.081779012370298
6492,29.014065925621896
6493,32.25441640161661
6494,36.931464875456314
6495,40.292645763094754
6496,40.81333709516685
6497,41.847947396428616
6538,29.16643039350773
6539,29.534516259738727
6540,34.067870927390075
6541,36.47119690025948
6558,37.584324700098804
6559,40.737242229602465
6560,45.212247191452924
6561,47.84158364853216
6562,11.978989643887056
6563,15.290471247003337
6564,21.221721798205802
6565,24.534047823860455
6566,26.5527633869378
6567,29.6306377667844
6568,31.124912727069574
6569,31.6387627038785
6570,34.11596193433135
6571,41.101708481445705
6572,41.03828873679786
6573,43.2331370173016
6574,27.48411385249737
6575,33.92238193333713
6576,38.4130464963443
6577,37.44119948991241
6578,44.709596980169486
6579,36.54709480160928
6580,36.1797078978964
6581,33.37098536050583
6582,35.767894664379625
6603,28.097766856227622
6604,30.196191975412592
6605,31.39371572787213
6606,31.704340643947486
6607,33.64900482557544
6608,37.372065804536376
6609,42.226584231471705
6610,43.02360737467544
6611,43.9496405794848
6612,45.479081740999206
6613,49.0944816337212
6614,52.20723715214451
6643,4.363015069477697
6644,8.371270395989596
6645,10.709035686426887
6646,14.423650114422758
6647,17.564526573129854
6648,17.659262018089443
6649,17.333711006263083
6650,19.598148192450505
6651,20.730199998956888
6652,22.222098603653098
6653,26.54834199493846
6654,29.247904090057048
6663,28.793873608083274
6664,30.48215772209494
6665,32.12748298761604
6666,36.0438562198724
6667,37.34400523247076
6668,43.73003405721441
6669,43.279317235657764
6670,44.2469650855708
6671,44.38301563090074
6672,46.018875417100865
6673,44.88204449354993
6674,48.98647266483606
6675,25.019946101757053
6676,27.470961927195717
6677,31.810707245156426
6678,35.15273714637469
6753,51.43277066871224
6754,55.13740005784459
6755,59.67372228317741
6756,63.40897674360251
6757,40.366512000295664
6758,43.20890596849271
6759,50.01645027204878
6760,53.64897210393747
6768,39.75061294756056
6769,46.871234352852696
6770,53.104797912486
6771,53.615420106792044
6772,57.91316120246393
6773,59.11096796310134
6774,63.54675930151592
6775,63.06392321387964
6776,62.85818967265194
6777,66.7517734557318
6778,69.16288126796871
6779,69.218855385303
6788,10.619112798921302
6789,12.68469527603553
6790,14.038456976033357
6791,15.27032862023285
6792,14.543540654918543
6793,16.747625380493794
6794,16.30355654308115
6795,19.538283783310938
6796,23.32303078768086
6797,28.867573528877628
6798,36.375133047009435
6799,35.676531025938345
6842,35.016962182586724
6843,39.5426167028465
6844,49.7803455530491
6845,46.1858895965
6846,52.42713637904131
6895,31.211782638390574
6896,35.86290213957989
6897,40.09399863798289
6898,43.96221055109793
6899,42.3918664241128
6900,44.47164750937815
6901,47.08907194995851
6902,51.51317383659889
6903,54.10270215942872
6904,54.73427567120851
6905,56.27013358216482
6906,57.600319845478005
6907,59.71073632815143
6908,59.98294980229842
6909,62.37496719296841
6910,62.875205708365236
6956,35.984374038303486
6957,39.67857076351566
6958,43.980756273047035
6959,46.758542719574585
6960,48.87802245723923
6961,53.61547911975968
6962,50.32671892233366
6963,54.699206742985645
6972,22.40714708928109
6973,27.20059921622363
6974,32.00294992027555
6975,35.5892532492966
6976,39.928085825583054
6977,39.302829068878886
6978,38.563587007055546
6979,38.69940293723057
6980,43.38789971853985
6981,47.34234124540118
6982,51.09172685475739
6983,53.421451426618674
7052,35.97737672927563
7053,36.32783984017405
7054,36.630755978928754
7055,44.77780833119807
7084,1.5691491282634646
7085,1.4917357421047581
7086,2.8670239392697785
7087,2.043391973246641
7088,7.550181306951913
7089,10.38478607063645
7090,13.954678947283984
7091,18.396409284972446
7092,18.079738054817874
7093,16.99981921283084
7094,19.503395206307186
7095,21.566430273204993
7096,26.59865905270561
7097,36.62714464451413
7098,38.861465276206935
7099,47.58366714483841
7100,52.8003971438427
7101,38.61986510433179
7102,40.91536144548504
7103,42.459562837966985
7104,49.02600912288268
7121,20.389289130597835
7122,26.000665937714047
7123,37.40333903020654
7124,39.00572885771172
7134,47.58267144560655
7135,49.71064571417007
7136,47.13037516401809
7137,57.17327885487363
7199,20.914559412500257
7200,25.538186761147116
7201,33.599345595334796
7202,35.82343177176411
7203,34.33355157814489
7204,34.28517322113074
7205,39.53008047900109
7206,42.36665596443096
7207,42.24804051445026
7208,45.926475410117035
7209,45.1212134260802
7210,47.086488430265675
7279,18.82328210013934
7280,18.30246561164264
7281,24.813146664445835
7282,26.48596040417921
7287,20.663921562078144
7288,23.673915114065025
7289,21.100580498134264
7290,25.82379392418452
7291,29.448751345558104
7292,32.79632410195875
7293,37.71429294954353
7294,39.1661268447709
7295,40.30148718125725
7296,37.046760526574836
7297,43.291001823725544
7298,45.92840436533156
7371,5.359664739479917
7372,5.587728677557838
7373,10.123532932149622
7374,12.936612283576446
7375,13.810357582355733
7376,17.005530742410397
7377,19.911398036618305
7378,20.388976067099424
7379,24.27880759446941
7380,25.713603348348606
7381,26.06372084790281
7382,27.267017614848662
7510,40.45759332968986
7511,42.688970742303034
7512,46.22597933521717
7513,49.61790902640357
7514,49.06457282527538
7551,0.48544146454184256
7552,1.0949408072445728
7553,1.2836685627401294
7554,5.711461699110841
7590,24.96986709993767
7591,27.25691934639555
7592,30.43835915164631
7593,33.177728539420606
7594,40.16361430954963
7595,35.531477483274706
7596,32.292045634219676
7597,40.469252489089584
7629,25.277522583576438
7630,27.76572308650743
7631,27.42461531512772
7632,33.96925913539334
7633,32.32085326274915
7634,41.11992516506882
7639,33.477318167984954
7640,37.621181631962656
7641,42.701553577540345
7642,46.06863970405101
7643,54.29107169183196
7644,57.20111988897815
7645,57.05890138732583
7646,61.45874924011797
7647,62.23303042044878
7648,11.272368189729601
7649,13.250488804325503
7650,13.348152787904018
7651,10.3866473551377
7652,12.422048863862395
7653,15.197561035966139
7654,17.727292797077386
7655,24.446479186610087
7656,26.661151962064103
7657,26.86470576329828
7658,28.558099259831813
7659,29.374442491820215
7690,14.549595420530146
7691,15.983001652110612
7692,22.089363844452585
7693,24.235261074925084
7694,27.470997613987542
7695,26.409690044975203
7696,30.637772607460864
7697,30.686946473485495
7698,33.52150038865327
7699,32.63653109984924
7700,36.03982910628245
7701,37.78198577718073
7734,8.70174137050806
7735,12.11218041174318
7736,19.805866052236112
7737,24.950993388396242
7738,27.71212642036072
7739,28.582018829231757
7740,31.880121526811422
7749,3.9092883627646895
7750,6.219147743188053
7751,9.389697291250974
7752,10.99463106709829
7753,13.601514953474268
7754,15.105239477486132
7783,18.890118399896256
7784,25.469652905798718
7785,28.748628680027995
7786,31.850948327781758
7787,31.07841056100949
7788,3.5405034815492193
7789,8.371110759736117
7790,11.279865023420912
7791,13.069082577953745
7810,40.47166915718554
7811,46.339282305850965
7812,48.99066060763332
7813,52.491971120288305
7814,54.26180047315515
7815,54.9211382204629
7816,55.13750303657417
7817,58.33814402210646
7818,59.60464546633401
7842,30.40349455688397
7843,36.87612753878604
7844,40.11538735168964
7845,40.59603365049461
7878,26.30819883493803
7879,32.352714474264815
7880,30.91908754901641
7881,33.85018478454444
7882,31.944364796070275
7883,32.686666027993645
7884,38.359391643966966
7885,42.101454849375955
7886,43.684608613141265
7887,46.98374948857302
7888,45.832700453895825
7889,51.20617434353597
7895,27.317321924119195
7896,27.0825502655656
7897,32.08487951900907
7898,27.55503047359353
7899,36.255791339329164
7912,13.314868288321133
7913,17.189972220157962
7914,21.01697620713917
7915,23.743490947792587
7916,27.655478562224125
7917,29.53080741968515
7918,32.892520041599454
7919,34.27884915692191
7920,38.74858594886767
7921,39.23299993676631
7922,40.3973545063224
7923,40.737044888476234
7957,36.693392622908604
7958,42.47341429389862
7959,41.534208049778876
7960,42.423821274575076
7961,50.820539024757124
7962,54.27671616425089
7963,55.07263861587055
7964,61.74091608095851
7965,59.50926937373012
7966,61.09207045808355
7967,65.30062933218478
7968,42.22725511677247
7969,46.01861651478892
7970,51.31611271057084
7971,52.34779940195044
7972,50.72397249073144
7973,24.769714754091837
7974,32.85859094092198
7975,34.548352127254226
7976,35.03490391914465
7983,5.341693869114117
7984,6.528791388003682
7985,7.726770035590509
7986,12.930531201236386
8027,43.505682831114946
8028,50.38260064682681
8029,48.03837508467701
8030,46.555563402507765
8031,48.16488210881568
8032,50.84631393375833
8033,53.89819778933564
8034,52.46912599780373
8035,55.13110691984477
8036,55.07010886932563
8037,57.434984155079725
8038,61.108406963700205
8101,21.80952710420177
8102,30.056154543317106
8103,31.706694592091626
8104,33.97905164377508
8105,4.549589998793406
8106,6.9952781178419485
8107,7.875984318727269
8108,10.821481952195226
8126,40.459152077152524
8127,44.52649847557655
8128,53.174853214861216
8129,60.42897594708466
8139,33.74884870490301
8140,37.085580724930885
8141,36.73458886147258
8142,36.808755457375504
8143,42.694616731940116
8144,42.09165273359609
8145,41.47593271200711
8146,14.619796294425363
8147,15.973212915731711
8148,16.33827484893769
8149,18.718102023192458
8150,7.48723886833012
8151,9.727575238484423
8152,12.486095225264586
8153,12.811621164491442
8154,15.641807393813595
8162,43.27520950629358
8163,47.83898681041329
8164,46.03296718467833
8165,43.34037078208771
8166,47.14036064412914
8167,51.455229157187716
8168,53.07448745943583
8169,54.304395288183
8170,55.85776051092899
8171,58.070553780428206
8172,59.95924808999157
8173,60.46096800789262
8203,19.591524670857222
8204,21.201866587561973
8205,26.85514558614164
8206,34.55229522861915
8207,37.13282371064483
8208,39.860482352271745
8209,40.64246247721689
8210,43.978726625361375
8211,46.95215832480844
8212,49.06239534127581
8213,52.680487541551855
8214,56.25335833368498
8215,6.03567598035944
8216,7.357703833218698
8217,12.431745351330006
8218,15.267666010265053
8219,20.68221443171289
8220,22.236056118725045
8221,20.608730583258424
8222,24.139282423631894
8223,24.386042325452625
8224,27.555772580015407
8225,30.28834758903352
8226,34.61863330276138
8305,14.373730962899856
8306,18.005620956916445
8307,21.014191301745047
8308,23.46084815428287
8309,26.642510050718077
8310,28.970941830840975
8343,13.411364857725006
8344,13.553112911761877
8345,11.544484907095553
8346,13.824747496110872
8468,26.13440087237316
8469,30.621597417023853
8470,32.386706440552345
8471,35.5970502312004
8472,26.112558584532447
8473,31.722026659833972
8474,37.697898681661236
8475,41.15224981740652
8476,39.09647566156274
8477,45.65401078992405
8478,47.5579237291834
8479,53.56266459365291
8480,51.75816276539353
8481,54.947613119774324
8482,58.29540153616165
8483,58.37024701829675
8536,25.74961657778263
8537,31.176101763268512
8538,35.95283192854936
8539,40.41036900109895
8540,10.140580793246496
8541,12.561310285382195
8542,14.291520110439246
8543,11.547920589233653
8544,15.979316265419103
8545,24.78570865961782
8546,27.023274305628455
8547,25.084571999504202
8548,25.328507254269354
8549,28.2976548945799
8550,31.095408271939956
8551,30.37883039946565
8564,29.591258881916442
8565,31.249125379705657
8566,36.779888191726045
8567,42.06642085222226
8568,48.82839230609765
8569,52.09507101003958
8570,51.99729152339956
8571,55.74325941244683
8572,60.09260107315907
8573,57.11955826217908
8574,59.65754561738266
8575,60.38696679313327
8604,12.883245867537582
8605,21.149636327829636
8606,23.70136215222214
8607,26.534418152587342
8624,14.344563010998225
8625,16.12552901188197
8626,17.164148089786956
8627,21.112997984238895
8677,23.716154309633072
8678,28.6679848615896
8679,30.6693455911791
8680,29.847646869894394
8681,31.17082022257262
8682,33.41653528885985
8683,38.29427002716028
8684,38.274601800687236
8685,38.23006362584122
8686,41.49372205168557
8687,40.73825567440918
8688,44.028480126402734
8732,57.08977615934365
8733,60.765912211513964
8734,63.90025758511745
8735,68.21082196342668
8768,37.16895291304734
8769,37.743562745534724
8770,41.63355679981281
8771,43.692494949356174
8772,50.492112977253804
8773,50.69556274781249
8774,54.02800813675927
8775,27.816481986617717
8776,28.349219103298616
8777,24.10404031909295
8778,28.2586680022368
8840,27.258320107263344
8841,29.580872829146454
8842,31.335359879737663
8843,32.86900859422912
8844,37.04004381308295
8845,39.216394431196726
8846,45.63033012460069
8847,50.17991016114421
8848,48.044973624147765
8849,51.82580886009536
8850,52.29469031241476
8851,53.95481342515386
8852,36.64192202358512
8853,38.89352386617542
8854,48.80382685245771
8855,59.922033372492315
8868,44.63197239598571
8869,47.02621313356818
8870,49.575184474381544
8871,53.558034989500015
8872,55.12209103045835
8873,56.501714700611004
8874,58.436805130539085
8875,59.66071216467012
8876,61.15641392177338
8877,61.78891414540397
8878,62.95488548728478
8879,63.589858478641126
8898,36.789048174274626
8899,35.94292317048653
8900,29.482276525098293
8901,32.91146212976176
8902,37.810949357499645
8903,38.95349322285017
8904,39.97023632836689
8905,41.61247025174015
8906,43.25979280786303
8907,45.99792264677163
8908,47.79876412421779
8965,32.61505230084675
8966,34.668185420006566
8967,30.80897798957479
8968,33.07111632699475
9070,29.724237650812864
9071,34.64261053738349
9072,33.253240208861655
9073,38.72276748459835
9074,41.65019108529269
9087,24.137332619135886
9088,31.9977749706405
9089,36.7816164852877
9090,39.59262251089604
9091,14.992338472640684
9092,18.924410050953888
9093,19.261351068959726
9094,20.548163712254446
9095,24.67473949397454
9096,25.63553814946393
9097,27.242928890353625
9155,22.032179687849393
9156,22.23884850034301
9157,27.79076186891545
9158,31.49582030904497
9159,33.06084163160933
9160,38.06366825860559
9161,34.048583468626866
9162,42.056218681031524
9163,45.86670949072702
9164,48.76852185597213
9165,49.711335912664154
9166,51.36725492813348
9167,33.63009259786472
9168,35.21466338826476
9169,39.76122619191363
9170,43.35284158365398
9171,49.29269264171803
9172,49.91818899156819
9173,53.383792379793945
9195,10.696456576557116
9196,13.226892649235587
9197,13.896701443353539
9198,18.22857553073413
9282,25.88523984436121
9283,26.454020746623154
9284,31.146160052036073
9285,32.94641972048136
9286,32.917345403220914
9287,35.942422322358034
9288,37.80634103512479
9313,17.278831339683386
9314,20.4916307143283
9315,22.631332828031876
9316,24.320964217347047
9359,35.506955939227225
9360,44.48338595189162
9361,49.24147095755028
9362,49.99667096506229
9363,34.765775070945324
9364,39.43888049674157
9365,45.9650146241874
9366,56.48477363341337
9367,61.689000005977675
9368,32.610480902114304
9369,35.02991309151386
9370,38.9597710359551
9371,45.65217156973539
9372,47.00022780672653
9373,49.971023488001116
9374,51.071059335145186
9375,52.624755593179046
9376,52.352905133460176
9377,56.03517661885687
9378,56.69502695836856
9379,59.75051281714717
9380,23.879507988882278
9381,28.35373467941149
9382,31.329357366030354
9383,30.750450429283703
9384,31.575293379570784
9385,33.115009425350415
9386,35.756999561191826
9387,35.47594711135875
9388,39.39308063871173
9389,39.68297018137736
9390,41.747960867078646
9391,41.94411684108772
9392,24.94269397818778
9393,27.64435095184805
9394,25.276494157864022
9395,29.121413068439168
9396,29.9599862788706
9397,35.43260026831007
9398,36.40738355253112
9399,37.81029804858437
9400,43.44677705950691
9401,44.91769080035523
9402,46.85303928327949
9403,48.497822981499176
9502,22.466701666017844
9503,22.440683361365316
9504,24.22775401230233
9505,27.61329876680779
9506,27.385504268821517
9507,28.064449028045985
9508,31.1630629404755
9509,32.440357572547605
9510,30.486558654725673
9511,31.20806506598057
9512,34.63210519907684
9513,35.67726973367251
9514,33.649001582282885
9515,35.30813574040364
9516,38.00855005141531
9517,41.771810526522636
9518,43.39150517125157
9519,43.339265080085745
9520,41.38277562905406
9521,43.86942136753884
9522,47.689838577490534
9543,53.42343430144163
9544,55.12809031996122
9545,56.336029310728854
9546,58.636346070685995
9547,59.58240369524127
9548,60.79579433353483
9549,61.186939436824304
9550,62.8020103127609
9551,60.91822103557861
9552,62.22660561305875
9553,67.24447864735187
9554,66.83500207931989
9724,25.757458471716827
9725,27.208643050932373
9726,27.57195491659355
9727,29.484558364269034
9728,31.304392781379814
9729,31.10853610057189
9730,36.59471634488778
9731,25.822750178620684
9732,37.93029301105219
9733,41.56161263615827
9734,44.166629075671075
9735,48.84650895843751
9778,26.31963507537302
9779,28.31806358742882
9780,35.043581840331356
9781,37.168693329858925
9826,28.629325780798403
9827,29.801132460808933
9828,33.215146639632195
9829,32.306912601129746
9830,34.7170696413651
9831,38.80857098164255
9832,40.36996918911441
9833,44.717147435811555
9834,45.775092264931445
9835,46.03826813583446
9836,43.013226357970055
9837,47.747629456662175
9850,25.14254203559331
9851,30.86679766324769
9852,36.893967862741135
9853,38.665050663077416
9854,38.14379368623702
9855,41.2980749566535
9856,43.79316186045313
9857,44.935637314253114
9858,47.411750168724
9859,24.530557903232737
9860,30.751654520973716
9861,30.34574412685782
9862,35.45265026678662
9863,36.72488223531259
9945,35.52471327365286
9946,42.25015099692692
9947,49.83326088909513
9948,46.250747774108795
9949,46.0942240587382
9950,49.73296436252177
9951,53.18976922414691
9952,55.51918574805272
9953,58.349483187932826
9954,59.271356711730554
9955,61.231355238526724
10058,17.049741128437113
10059,20.744708974528724
10060,22.92728874667696
10061,23.035047676264984
10062,25.350935917358086
10063,28.58817379732892
10064,28.632353433921025
10065,33.4203955886144
10066,36.12028957889316
10067,38.25666394088405
10068,39.668134572162614
10069,40.6646909443211
10070,44.6178947295451
10071,43.60055591486372
10072,47.16465715444389
10073,46.757769705567185
10074,54.37259636404422
10145,19.37642673383177
10146,23.75709064743133
10147,30.08097498975966
10148,31.856126622969388
10149,30.886324282129692
10186,42.54832748220913
10187,45.115641297985725
10188,46.5211684242304
10189,49.68163485854717
10190,48.248500360357255
10191,49.250165625048446
10192,53.21827628940921
10193,56.126344202481974
10194,56.63841341319476
10206,28.451786948328124
10207,29.981266825636347
10208,33.31895447508742
10209,36.63155337472667
10210,42.0895214667072
10211,42.85493463495794
10212,42.67951736959937
10213,47.19622693832165
10214,47.517485416165215
10215,50.85384207584334
10239,32.73081767482571
10240,35.4233490508345
10241,40.5034944724595
10242,43.36756117995403
10271,12.015839846461034
10272,13.844281594508278
10273,16.099250344678808
10274,18.74150145617841
10275,21.16796740764569
10276,25.483842669035003
10277,31.077251163232052
10278,33.86077749364311
10279,35.06787801903247
10280,36.383624545809745
10281,39.07327223763301
10282,41.70182412682907
10283,8.616279458243406
10284,16.08800226579953
10285,21.235703954817343
10286,24.149004952749852
10310,36.57019918780269
10311,35.643370749426055
10312,32.57856089500559
10313,34.341665892796854
10314,38.602501180031744
10315,42.105490547313366
10316,45.17930495930555
10317,45.50554884292487
10318,47.1492677949014
10319,49.52684513754529
10320,51.86768986644749
10321,53.45611682674051
10322,22.1142216758693
10323,33.067479220736054
10324,37.248949574641465
10325,40.26197940495685
10326,44.085774182260124
10327,32.05470902802556
10328,34.86350899965643
10329,37.4290014826948
10330,42.46129598339547
10331,41.57121434269415
10332,44.88525467938263
10333,46.13255700602272
10334,55.521902972205105
10335,57.8926315800316
10413,31.08245346651947
10414,38.248343624762434
10415,43.78255107997102
10416,48.06717684113918
10477,26.179661249515856
10478,26.936007409167278
10479,29.90925323791987
10480,34.77453248719729
10481,41.06816588643364
10545,18.46439171863082
10546,22.988016001675355
10547,27.137796208474796
10548,31.416468899353013
10549,29.731708185307234
10550,32.505960148207635
10551,39.20965702297149
10552,42.65561355001615
10553,45.89463504659142
10554,43.41484656346734
10555,48.11826436798303
10556,50.89368439745286
10634,35.95546117249457
10635,39.02074306490645
10636,45.116126832672784
10637,49.909946701709586
10638,43.52584378004191
10639,46.251346356506964
10640,51.732564031904005
10641,57.461579286416026
10677,19.929672779905626
10678,22.230973103027253
10679,23.877233979087762
10680,27.028852570925217
10681,30.810742428939164
10682,35.584457836624324
10683,34.87096497657647
10684,35.26172253809525
10685,40.133769047855324
10686,37.674394989129546
10687,39.57012454689447
10688,38.64784383042757
10689,48.22354049389934
10690,58.93539781663224
10691,62.1639434128925
10692,68.22821335308574
10699,21.983542831220515
10700,27.14640185703455
10701,38.16730859600741
10702,36.11391829122827
10703,36.206087985260694
10704,36.42387894728381
10705,44.20152173403002
10706,45.23868699702133
10707,49.49469811128152
10708,50.57633395721644
10709,50.17261020471484
10710,52.47264704858154
10772,29.799572723034988
10773,35.37766978745315
10774,40.86104758755491
10775,48.344948936328855
10776,46.582728319805334
10777,48.82677991139549
10778,51.603300912532056
10779,52.84973329370603
10780,53.80477095609976
10781,58.031347475301814
10782,58.67239980883712
10783,59.11070156029631
10793,11.067727243246981
10794,15.869326674527757
10795,20.889529792069744
10796,23.944265524843765
10797,25.117058629473465
10824,46.7188346577588
10825,49.47737696669536
10826,47.08374257454896
10827,48.11826517459091
10828,52.35098899016629
10829,58.51833839568015
10830,59.52733881956394
10883,6.67986657258055
10884,11.633416613566434
10885,14.084672823743436
10886,17.696134129444427
10934,25.37989503015435
10935,25.82631383705948
10936,23.66520313681609
10937,25.45011508348447
10938,29.74497407102483
10939,32.07063924294068
10940,33.326770208245996
10941,36.403903348665935
10942,36.75903476502129
10943,35.32262834901848
10944,37.86998133238444
10945,40.381289339155224
11128,20.925509163159102
11129,25.789760949975545
11130,30.11175473818346
11131,35.58286501452336
11132,37.16884352799633
11133,37.30146146095704
11134,42.54052458252591
11135,48.67641067545509
11136,51.540019314399196
11137,50.35146660028601
11138,49.88593042535617
11139,52.20520547983345
11189,28.53523276275603
11190,36.768265580280946
11191,35.573435843024285
11192,35.62442242226308
11193,41.045591910744264
11194,41.61621178033133
11195,43.60849653966749
11196,47.236867655385325
11197,47.98129171148847
11198,48.19035799129055
11199,50.16072173499582
11200,52.24968152370264
11236,4.66712613389078
11237,10.413989935733753
11238,14.090476775078608
11239,15.75195336532876
11240,18.112579146605697
11261,4.65132385150342
11262,3.4484424629030443
11263,10.265685107674049
11264,19.176506214379838
11361,46.1033742460209
11362,52.22059477056894
11363,50.76774063914062
11364,58.648151371523376
11412,9.069373904149973
11413,14.520578290380518
11414,15.897127190767113
11415,18.264158054192173
11416,21.65171943014555
11417,23.229502974658065
11418,27.320692061316056
11419,28.607146936973482
11420,28.819893751660633
11421,44.104846420637124
11422,44.340053240141486
11423,46.977920253411206
11424,7.881870222518652
11425,10.377263461389814
11426,16.13838072770768
11427,20.089501675178493
11428,22.51136529678475
11429,36.88097960214522
11430,40.921717381037006
11431,42.801607756597605
11432,49.497390431090615
11466,13.9216644773574
11467,13.555364737191482
11468,18.86455100776786
11469,21.887993946414568
11470,24.562204286219494
11471,28.195853250129495
11472,30.43631930687609
11473,32.1776525435154
11474,34.41582801963561
11475,38.16824778994011
11476,39.21390812424814
11494,25.025728255495167
11495,30.350182367409165
11496,34.323394663969786
11497,37.12273624833893
11539,27.752497373059608
11540,31.26476708410076
11541,35.39967311524327
11542,35.48201149889928
11543,38.63963573207252
11641,1.6416778280002822
11642,2.949479599264651
11643,4.104134562906807
11644,6.961922542751243
11645,9.827769072878906
11646,11.093522251818424
11647,12.838969851502108
11648,12.000364297872066
11649,12.73488731006348
11650,18.14838492027596
11651,24.313771918747605
11652,26.151036869964326
11757,39.54137874747016
11758,41.77733600308132
11759,38.94461956738404
11760,42.71446212406864
11761,41.77278688391157
11762,47.57647154919159
11763,56.194820355192014
11814,35.48420201336839
11815,40.43710850154353
11816,39.389511070522175
11817,44.45932236721788
11818,46.67870536266438
11819,47.835225264374124
11820,23.42418494048156
11821,31.73492367428744
11822,39.50067123395578
11823,41.583825189655165
11833,5.066409643925342
11834,4.773318065534843
11835,5.46435130986678
11836,5.9822655004218666
11837,8.31652435889104
11838,12.944006919906252
11839,14.028754369547714
11840,15.980049253541035
11841,17.51123483178332
11842,20.228311136238503
11843,26.001488600465624
11844,34.70045262747201
11995,1.4741294973741113
11996,1.628787285277726
11997,3.022962487854639
11998,6.802723316762982
12009,34.367513692862495
12010,34.66622274575577
12011,41.07647114707506
12012,47.43600875294888
12013,50.73056755717369
12014,51.987623529238185
12015,49.403240907275936
12016,55.215204270435144
12017,56.0171028358766
12018,59.82051276911964
12019,57.03105566096299
12020,63.04179349435518
12032,40.88616000510786
12033,44.55259764110142
12034,47.73799474217944
12035,46.02129255682946
12036,51.92309966052482
12047,24.724263667366788
12048,25.199320997532013
12049,30.613249184591584
12050,38.16160604546381
12051,39.859105196208326
12106,56.11104315169718
12107,58.12417760513415
12108,61.59682670494657
12109,64.75165279428548
12110,65.356121849416
12111,66.2701319076353
12112,66.9919887754737
12113,70.16194433431134
12114,72.37994316481912
12115,72.30619893487444
12116,33.16894532802686
12117,40.21217863481864
12118,40.694781506441856
12119,43.8897081340559
12120,46.4824141082258
12121,46.35647143590982
12122,50.90694182889167
12123,50.911943601400075
12124,50.99207645278395
12125,51.829594915963206
12126,53.74138257070923
12127,59.928954067375
12132,54.43598684924157
12133,56.327859762706815
12134,58.5080512760407
12135,61.082359677596564
12186,24.269822825952275
12187,31.477221341703107
12188,29.944899781959716
12189,31.740308757201078
12190,34.28795158382039
12191,36.67993058140939
12192,37.23439204646136
12193,37.581090517535976
12194,38.55165697034695
12195,38.22900571201859
12196,39.70191079595334
12197,41.03110409259685
12210,32.5943315833451
12211,30.1543280287757
12212,28.037164567570265
12213,31.945212158569717
12233,10.625325965163972
12234,11.772074880051141
12235,16.00339051452942
12236,18.924325266589715
12237,25.40876172929804
12238,26.644555635760653
12239,29.1859523142117
12240,29.90154834133284
12241,31.119785449976423
12242,31.33847100254907
12243,32.97174129720562
12244,35.794582802580685
12245,40.178407518452616
12246,47.642102085968865
12247,48.76800755358976
12248,49.52807208146638
12249,51.84324739969262
12250,56.98109528682343
12251,55.11425242616976
12252,56.58823732428797
12253,58.72201909395539
12254,59.770958807033864
12255,62.669497849585156
12256,57.80540253713992
12269,40.67419294208219
12270,45.10847035049335
12271,48.31504768697989
12272,53.507375375101766
12273,54.38546180464969
12274,55.28643417709466
12275,58.88659599081998
12276,58.952637772816054
12277,62.416698605381484
12278,60.556590493993475
12279,63.085675641464874
12280,65.71905362641999
12307,14.363784021660404
12308,15.948552752890544
12309,21.290379122268753
12310,26.87750426975234
12311,32.96491969085613
12312,33.292017897600836
12313,35.87678624193831
12314,41.93081149826646
12315,45.3518950439338
12316,44.508443542963875
12317,43.91192952816231
12318,46.62236235348779
12363,15.46493461350574
12364,16.732896205170768
12365,19.144657813581947
12366,24.31352503226445
12367,27.299390402493827
12391,34.58186551063842
12392,38.30465979343674
12393,41.62933276540672
12394,43.82777254142441
12395,45.093578028343636
12396,44.43594777423424
12397,49.03712664237799
12425,41.68491407578371
12426,44.54818203454733
12427,47.535977194838566
12428,52.21850670764241
12429,55.294351933856234
12430,57.24763128482961
12431,58.84366803106381
12432,61.35345991685185
12441,20.752122847011915
12442,23.76866233797104
12443,29.13067118829756
12444,32.10308768745522
12445,33.10099093436244
12446,36.486103315938145
12447,36.12423294927909
12448,38.86170924029977
12449,44.65021297365965
12450,44.03875264923378
12451,49.03535193386947
12452,53.330168027156596
12514,7.542476112840544
12515,11.822626185985568
12516,11.80335791393582
12517,13.133039337028404
12518,16.33994122759904
12519,47.87453728148781
12520,51.012279747265126
12521,49.270347257669926
12522,52.46040187020964
12523,54.61168684873972
12524,57.51989373113151
12525,60.467207900857346
12526,63.77638998167956
12527,61.604079175990584
12528,65.5211568279856
12667,29.203778673349724
12668,34.50801493108872
12669,39.90830289594549
12670,45.47139024023405
12671,45.92020653010529
12672,48.6850243633218
12673,50.20604247655497
12674,58.01161077078529
12675,56.950742486466034
12676,59.01260850651448
12677,61.14620897196802
12678,63.82364650299671
12711,33.45424410718305
12712,36.20160681056588
12713,35.694919501993596
12714,44.71153609661647
12715,46.39909200861516
12716,37.38100987229851
12717,39.11716399223172
12718,40.06610808418356
12719,41.171465488491975
12720,45.12080719625959
12721,47.06861760808404
12722,49.579864042142695
12723,52.390793912903405
12724,51.92254414894256
12725,55.358230104765774
12726,56.27740308607417
12727,58.3459848429686
12733,12.720896949929433
12734,14.687131773620294
12735,17.77267800292091
12736,20.590418498853886
12737,22.866726491657595
12738,25.650083074993244
12739,25.273706492979574
12740,29.117121299328723
12741,32.73155576376292
12754,27.025936086364805
12755,28.383114346703838
12756,26.89599870887792
12757,31.375159285739517
12777,0.9550188923096232
12778,6.4030817405850895
12779,7.8938482784824195
12780,10.583765071537227
12781,14.803156971270441
12782,15.582321770595781
12783,14.70945103118431
12784,17.85931844164238
12785,24.718446431592753
12786,29.365197317212537
12800,37.17431325041652
12801,38.98874904189357
12802,45.80884208960661
12803,51.161289033083314
12804,50.542833175589045
12805,53.81570674161384
12806,53.87987606411757
12807,51.998049308803544
12808,57.82207694741306
12809,59.70866357800889
12826,16.581459162471845
12827,14.21404690404076
12828,13.656345513909168
12829,19.942238259614683
12853,8.379031360454066
12854,17.18117499491731
12855,21.980969445250132
12856,25.197264760968437
12857,26.30349026367155
12858,43.98651299842303
12859,50.22052976540418
12860,48.671221351812974
12861,51.599567106887356
12862,53.48922243360292
12863,55.64113084052935
12864,56.36874166405806
12865,58.975211359765495
12866,60.00389462052587
12867,59.67954665051127
12868,65.20460658485476
12875,23.64424843398467
12876,25.25664079196936
12877,29.448181706522476
12878,36.13960204293961
12879,40.18746953218743
12880,42.02787744587447
12881,43.42142760728956
12882,45.26833707773814
12883,48.822693929169574
12884,56.89749564088525
12916,24.808483486490196
12917,28.729994041523323
12918,29.343838776442514
12919,31.95089450019821
12920,34.82982574653805
12933,15.721730579018242
12934,14.887583419521953
12935,16.713944003883622
12936,24.109273406513022
12937,26.437572145940056
12938,28.978536259844503
12939,31.238114122824967
12940,30.40434569841416
12941,32.93045489501667
12942,35.689503239764086
12943,38.53333233111911
13020,29.047347252076346
13021,33.273601025502984
13022,36.89749826053601
13023,40.40691153523113
13024,48.75655726548761
13025,49.90038152982684
13026,50.03301270587314
13027,50.165246655635606
13028,52.782146771450286
13029,53.42729073144394
13030,57.400476910670996
13031,53.805498188885544
13032,56.48713174640524
13033,56.99831718551687
13034,65.16020959935734
13039,13.136453455820845
13040,18.163914609966785
13041,23.06999058424312
13042,24.303713001531715
13043,22.200196499545374
13044,23.11108568623062
13065,11.003576046907783
13066,17.21243401364496
13067,19.91294589316872
13068,22.0181092077446
13069,20.424532183122366
13070,23.646639139900227
13071,28.972620656569948
13072,32.51951688085654
13073,32.573196048643865
13074,34.123141005710416
13075,36.361173751577496
13076,35.27722202639412
13077,10.31791855113197
13078,12.100971465297453
13079,17.18132727569856
13080,23.54987006434091
13081,25.907845257355678
13134,7.259318716144421
13135,14.632180463054986
13136,21.176837167206816
13137,25.16459507456932
13162,25.141787875692625
13163,23.11958694216789
13164,26.905855163834993
13165,29.899852381226754
13166,34.50170125275229
13167,37.303862782043254
13168,43.77468235663084
13169,44.89903690330207
13170,50.15016693606251
13171,50.72775521408451
13172,52.86634222368089
13173,57.07876398745003
13195,34.42783610565723
13196,37.052667134792145
13197,34.7185947030615
13198,37.211302738466784
13199,41.97028349032244
13200,46.643770155455
13201,47.8843879037925
13202,47.97915674593975
13203,49.33849483160241
13204,51.645882729220006
13205,51.26921015753744
13206,55.76724729210462
13219,19.84191934765662
13220,21.21019335216942
13221,22.10091138021403
13222,26.736316357335422
13223,31.215589378177082
13224,36.18812755634858
13225,42.02752418058945
13226,45.88111241386084
13227,51.64954522793692
13252,26.297538643863085
13253,22.738161816787354
13254,18.446309917959
13255,27.119475233707615
13256,31.851072929649636
13257,37.064902757492845
13258,39.39449845387574
13259,51.31421937290175
13260,55.71614206457633
13261,55.928226566596415
13262,61.21459543743999
13263,59.35805452308232
13294,33.46794079586394
13295,36.14849273967428
13296,37.6811913455638
13297,43.626733998470826
13298,44.027473589179074
13299,45.01212595404834
13300,45.41712192203936
13301,46.23175409583187
13302,47.66468825658799
13303,50.14366611592199
13304,50.6372417346999
13305,51.094642697300294
13332,43.48801401845344
13333,45.25590694801904
13334,43.03003852412004
13335,47.716697445581154
13336,51.7716963995631
13337,52.90118724605995
13338,52.857941441232185
13339,53.83318807552359
13340,57.05403519555673
13341,58.48150520504279
13342,61.12658068006033
13343,59.98133746505075
13344,1.5150513572969742
13345,3.3058047073221277
13346,5.757659529023169
13347,12.558999014359825
13348,15.886544349398585
13349,18.255316218370286
13507,7.786038509744951
13508,12.834726943695337
13509,24.575619199118343
13510,28.05848640796445
13564,51.82312102986285
13565,51.973526381126135
13566,46.346259482957386
13567,53.19488952141998
13568,54.51551721186509
13569,53.809623761186515
13570,56.12574576570839
13571,63.1368009308931
13572,63.70834049071991
13573,63.364252608315795
13574,64.33105015180934
13575,67.66543489224172
13674,8.673785532876213
13675,11.393006297334944
13676,12.430462596875952
13677,16.330596069664484
13720,10.673807481110135
13721,13.801912487060228
13722,15.386848106638382
13723,18.001960786711273
13724,21.185691089094185
13725,20.469785482403665
13726,31.71261407610224
13727,38.04903709795397
13728,43.89039508763241
13729,36.23687056691251
13730,35.401595418002294
13731,45.87670888104516
13732,47.56472605917714
13750,35.1840182315481
13751,36.944577871738
13752,39.71309875107741
13753,44.58572468573492
13754,51.29191256390446
13755,51.36760828303761
13756,51.92644637194609
13757,51.29953469644291
13758,56.29530885174516
13759,57.81807692095104
13760,55.75370759308741
13761,57.29212428528772
13867,26.732296506178482
13868,26.446614915106434
13869,31.978792225047332
13870,37.27895570830844
13871,40.15726599411061
13872,45.77767461642043
13873,50.39677417302112
13874,49.19178112115242
13875,48.61885889439973
13876,51.7120634184136
13877,52.6766070761034
13878,58.705339787061966
13896,36.93151684398683
13897,39.049434256050404
13898,44.56092454081044
13899,46.50107898803622
13918,30.278794306709024
13919,35.85029398378238
13920,45.84803789769028
13921,48.283233546933225
13922,44.97222361909132
13923,49.0451624166142
13924,47.21731684165004
13925,49.357653006886224
13926,50.841279311057555
13927,54.72664381504086
13928,61.685494180698875
13929,62.81350301064033
13946,16.129311857068767
13947,20.77327765662511
13948,22.376899292654397
13949,18.72957397808256
13950,20.40393997282973
13951,24.795071725955644
13952,29.010715375271158
14097,16.059182834349567
14098,20.275931748905496
14099,26.91186853210014
14100,31.451570461611777
14219,24.654569343087925
14220,25.980523137231295
14221,27.890489376369246
14222,33.953109563122645
14325,46.8611738082298
14326,46.93575599818057
14327,54.007204780977375
14328,51.2580544244749
14329,54.936102961464805
14330,55.33335292933961
14331,60.01107504742766
14332,59.848324233380396
14333,60.52521669514722
14384,12.115869468354242
14385,12.191116309164418
14386,15.900307997657782
14387,18.502976755340708
14388,22.39861960128439
14389,25.162016497920604
14390,27.63837387849509
14391,30.168847581227414
14392,31.364902826961355
14393,31.328944709130816
14394,39.08949307762038
14395,37.09524628518212
14396,34.9452622886535
14397,41.685815095879704
14398,48.55769975404778
14399,53.6841502841359
14400,6.291563026731412
14401,8.825131932974735
14402,11.4563586088341
14403,15.723350018796406
14404,15.45983398577332
14405,18.201904650760866
14406,21.9046850103296
14407,23.61049745284159
14408,28.95106212068679
14409,32.79607883037545
14410,31.09822630551096
14468,20.443149294757465
14469,25.107346423609812
14470,30.89045716847788
14471,32.806601694029
14472,33.742156832072816
14473,33.849561436200524
14474,36.6470619604667
14475,42.780688422932485
14476,42.92629499286562
14477,43.00532033219356
14478,46.28697515044689
14479,48.17479733119247
14498,1.1971012255301083
14499,1.1659296438070648
14500,2.0082638612012396
14501,2.749346740263262
14502,5.049804647200967
14503,7.381544048660996
14504,6.616478705139802
14505,12.260747190928027
14506,15.730784933615462
14507,16.734112610058148
14508,17.250674088552806
14509,19.594855225883766
14510,11.130860496720745
14511,13.96009168300925
14512,16.006406887703868
14513,16.78269929100718
14514,17.407083668015026
14515,20.491976163425754
14516,24.377187678438407
14517,28.249519329896888
14518,29.012351116651026
14519,27.21914808333324
14520,28.44956112391766
14521,28.705111491962228
14535,6.3414401265550175
14536,10.949357347283334
14537,15.68166765540342
14538,20.055586099628584
14539,26.65413460210037
14540,28.316996817879968
14541,33.365581699635314
14542,40.30221013196665
14543,41.38549455003366
14544,41.18049080556725
14545,39.075482734494
14546,40.487339348956276
14547,26.22941958056079
14548,32.34119199084393
14549,34.53881018137917
14550,33.814583752643635
14551,40.04674825456683
14552,41.881395546755385
14553,47.42163593177232
14554,52.065408300117845
14555,56.193787428510134
14556,56.04555745778293
14557,59.0599122819831
14558,59.74386514558818
14563,54.58587934438211
14564,53.14726953204729
14565,53.815191751829936
14566,57.497685866868366
14567,60.09253277855254
14568,63.465427708126015
14591,18.540324861876535
14592,25.213509401765748
14593,34.368196787308825
14594,43.75658110332697
14602,40.229071211505165
14603,44.852774036963346
14604,46.18949279897853
14605,50.73598875831581
14639,12.117984771231852
14640,14.893247353398477
14641,16.811000003349573
14642,23.21596396614404
14663,13.290293554454793
14664,17.422333590079095
14665,21.409888705776183
14666,20.68346717589456
14667,25.516658518013383
14668,26.53546983462603
14669,34.27054688290048
14670,33.138347995329745
14671,37.88401569471764
14672,40.253650536220626
14673,39.9947138262466
14674,42.97018070325813
14675,55.896471310855155
14676,55.28530213393883
14677,48.9838181326202
14678,55.78931029977751
14679,57.734986753669574
14680,58.75396945210058
14681,60.42175768878865
14682,60.726770117618365
14694,42.970897167451284
14695,43.70280241948158
14696,42.520658230692355
14697,47.53531792191144
14794,19.90681137287623
14795,25.9844299625524
14796,33.23601323599671
14797,33.41883382287617
14831,3.986883762819333
14832,4.571033945436119
14833,6.293844679935975
14834,7.847431898983763
14835,14.906811085365545
14836,17.64131995011105
14837,19.97326619865242
14838,24.18416329640832
14839,27.953276438949988
14861,41.72980238282904
14862,40.36364763681033
14863,33.72273678909757
14864,34.04875360463949
14865,37.61815373644049
14866,43.20255237930486
14867,41.73804663086932
14868,46.43270632837329
14869,48.96806404441045
14870,46.34891951254904
14871,51.32482932076522
14872,51.924115674104165
14873,39.076697526511055
14874,44.74021254375692
14875,48.20778996837224
14876,48.72235299813629
14877,8.221543757186861
14878,11.484662639748986
14879,13.503787164821503
14880,14.593355777741728
14881,15.858032771548274
14882,20.083974414370097
14977,3.9977891399003456
14978,4.814551107802075
14979,6.795285398352028
14980,9.922046206057905
14981,14.925614421120502
14982,16.97104946221388
14983,12.676387338521268
14984,16.198611785757127
14985,20.544992640234636
14986,21.72997715473297
14987,26.749563793193765
14988,26.864837059255827
15001,41.215234792785935
15002,41.433328058116054
15003,50.09717045758444
15004,56.0540628842328
15005,55.810627999585684
15006,56.129503449465865
15007,57.34234693434961
15008,58.832416105988145
15009,57.22639189771471
15010,62.4736637911989
15011,34.70023475859349
15012,39.151923174964736
15013,38.43993459467985
15014,47.763905711305746
15015,50.85344005727898
15016,49.50618369575809
15017,54.91043043467749
15018,57.98011074840251
15019,55.398768557864365
15020,56.020299856890475
15021,58.86438187605188
15022,60.230434779978545
15039,25.996296000356406
15040,30.134598661967203
15041,32.416384672448174
15042,35.93297645293828
15043,33.87029814113004
15044,40.38586990670562
15045,43.61165588999925
15120,52.78427474257668
15121,57.14968039390986
15122,59.47703667474713
15123,60.91202527436213
15136,28.911160571178133
15137,36.01204159015184
15138,38.422586587297324
15139,36.51509658580665
15140,35.84381147032665
15141,42.393954153595516
15186,7.967559414693395
15187,9.511694845129725
15188,14.336376588528717
15189,17.132614182496877
15190,19.26129619409531
15191,20.646942216161086
15192,22.935553490790586
15193,25.59737801472898
15194,27.94540182694711
15216,31.706791958524082
15217,39.92936514673854
15218,44.92499572021357
15219,50.94853414659444
15220,26.140872024718718
15221,33.85735760616463
15222,37.15937529921405
15223,39.94408089094353
15224,37.91225819361424
15225,38.28989372193522
15226,41.91716432303803
15227,44.32587875727201
15228,44.06274339101342
15229,46.55813513088973
15230,46.94275769589038
15231,50.36243988832343
15232,18.83518473890893
15233,27.221809497431007
15234,33.59322244770294
15235,34.771530223682156
15236,33.58570125229726
15237,36.37342956749216
15238,41.064830661400045
15239,45.342826782697585
15240,48.56140484501607
15241,49.815461733248014
15242,51.02582062875752
15243,52.6680704505555
15260,28.692587836255665
15261,31.67975156565955
15262,34.953701358344766
15263,39.69995993006843
15264,44.71336368597306
15265,46.61999147117708
15266,47.412817574167825
15267,47.38747341013309
15268,50.482772469252346
15269,52.33022637706578
15270,54.44345950387212
15271,56.7620331735313
15281,16.8369064648373
15282,19.686548309986428
15283,23.147677453997243
15284,26.124966778151837
15285,26.53682390343805
15286,28.32885980044374
15287,33.16191948561847
15288,34.46869141346868
15289,36.23836032920217
15290,37.102950497332436
15291,36.26523619417005
15292,39.22610665026839
15574,33.125133776035064
15575,37.18609356082479
15576,41.336086734205615
15577,33.654937287209215
15578,38.24256403081843
15579,42.33880359490223
15580,44.06590963783064
15581,44.2942800764269
15582,46.22834708708889
15583,46.137212489350986
15584,48.59502067481727
15585,51.83364239349121
15606,21.152585635845377
15607,24.894143752799167
15608,30.85861703093264
15609,35.45443153194256
15654,9.062662151308475
15655,13.434650046131484
15656,14.858753345793177
15657,17.738706106442567
15711,46.17729052761892
15712,45.39255443398587
15713,45.61139040760399
15714,48.49416577210311
15715,50.01970187653775
15716,50.38704163649818
15717,50.813017124794364
15718,51.316316284469124
15719,53.49889142774011
15720,57.32487654379423
15721,16.17854162645479
15722,19.783181577325934
15723,21.17573825666372
15724,25.290923396019394
15725,34.58488914113599
15726,69.78291678318797
15727,73.84214769123459
15728,72.63361762066559
15729,75.98426424761675
15730,80.81758360727234
15731,83.72154870962564
15732,82.74178494047104
15733,82.74858825835717
15734,85.29970976078366
15735,87.10711770894771
15736,86.50021228770233
15737,87.10577547236606
15762,27.26447971294358
15763,36.33897703297022
15764,39.90970410462661
15765,37.72562641889683
15766,40.3714253011608
15767,44.63355147361825
15768,42.47652964959603
15769,42.74491755068467
15791,38.57287889374546
15792,37.966792867644074
15793,44.232998683380785
15794,46.13933488339306
15795,51.6955407063448
15796,54.20559963925136
15797,55.98586688631312
15798,55.08017534022036
15799,55.90111716132771
15800,55.8370632813072
15801,57.40475378370603
15802,59.50832529028049
15815,18.080172688690514
15816,18.6272652150903
15817,20.249485968546516
15818,25.98301451271617
15819,29.63106740202533
15820,30.04650336175536
15821,31.455175114145135
15822,33.292017219162204
15823,35.42791336120822
15824,38.61756082488318
15825,38.166580234847714
15826,40.945627353671235
15882,2.5155013013158847
15883,5.317748948269237
15884,11.860071022391384
15885,15.721593117415873
15943,40.8573503873366
15944,41.59425465825174
15945,38.0098175248902
15946,43.16950587254821
15947,48.809528190510115
15948,2.3055886048745964
15949,1.6730396805808168
15950,4.741815401281043
15951,7.481873312147592
15952,10.554883142922865
15953,14.132516075111676
15954,14.052200827398638
15955,15.897521658034288
15956,15.426095995581019
15957,15.390080561039218
15958,20.087324350167133
15959,22.046558184487086
15960,32.8452068715762
15961,34.45863052643289
15962,34.18035613116789
15963,38.32596759996747
15964,39.94369441780986
15965,40.131113880239255
15966,40.93228673205771
15967,50.92108339958682
15968,49.337017522184844
15969,51.192409640153805
15970,56.21877693347845
15971,3.0836128296371257
15972,2.237340830643827
15973,4.504743176399101
15974,8.554619996447068
15975,11.15799239721486
15976,15.967065053684863
15977,17.26014245631926
15978,18.91719751856125
15979,20.63226142412737
15980,20.78854577399026
15981,24.189028436557862
15982,27.30713715888913
16004,26.86318274231138
16005,30.10951806196423
16006,28.77275154123775
16007,33.00015585344202
16008,33.64342668969096
16009,33.7064206754516
16010,38.42653356367087
16011,44.527914340696654
16012,47.52241763964723
16013,52.05995663144369
16018,10.1466760617627
16019,14.065072424983757
16020,20.125003410516936
16021,26.069076683745884
16061,60.29395050433002
16062,63.577675402965085
16063,66.72990933344299
16064,70.3177268398993
16065,73.22452170744509
16066,73.20417248049269
16067,72.04207557993976
16068,73.3060580556561
16069,74.08005840928878
16070,74.49164718653029
16071,74.26855744126964
16072,75.06126047207917
16073,8.280189121757116
16074,10.377389436945373
16075,6.734947921327093
16076,12.042959115140329
16133,6.746348492333507
16134,7.85990440852948
16135,6.510071739882663
16136,8.729326204799895
16137,16.220179942291253
16150,41.36912025513132
16151,45.499901359758276
16152,45.748760995622376
16153,49.55863251108159
16154,51.13790246109165
16155,51.790700147845925
16156,55.55463436973083
16157,58.09003201406417
16158,58.508376453835005
16159,63.64471763936077
16222,29.83908613139945
16223,35.14443299184563
16224,35.61771091975261
16225,40.13730791973118
16234,34.22909347678462
16235,39.355659805879284
16236,42.13166932185163
16237,44.0865629242096
16238,49.50836685730122
16239,48.4024400451643
16240,52.61243246965283
16246,25.819641451751796
16247,29.036565799029606
16248,32.17437425801915
16249,34.50128920687593
16250,40.64367889808217
16271,52.57297061293466
16272,52.75228458764718
16273,57.079430362293074
16274,57.35712073403008
16275,59.072962585762184
16276,60.12526618395436
16277,64.41577969556889
16278,65.66412496391837
16279,67.6452025608225
16280,64.26117003282162
16281,68.45023256747437
16282,68.71046119307442
16354,32.59436338193301
16355,39.06156091071789
16356,40.368615728180764
16357,46.01815215863448
16358,47.27503515979236
16359,52.175265104153176
16360,16.081458212188814
16361,17.346626829619016
16362,21.567512167489195
16363,20.79828173347107
16364,22.38354329542722
16365,27.440980411356588
16366,31.161985548284424
16383,20.158481426205725
16384,25.01432495539368
16385,27.686841252320896
16386,31.407250600156075
16387,31.03362714459869
16388,31.858502018020463
16389,33.17331037401704
16390,37.47465921622578
16391,37.2447836395949
16392,39.762292947159025
16393,43.92739218681849
16394,49.75645433186528
16395,52.76239811393627
16396,54.58663489966824
16397,53.84007679881645
16398,55.80317248272368
16399,59.70963894606606
16484,16.31713156901138
16485,17.502010090313714
16486,17.38223063459758
16487,18.719817535159116
16488,21.060750710141004
16489,24.416362766148357
16490,28.57652782873524
16503,1.6431306129591343
16504,1.6087516543373825
16505,2.048996927141908
16506,6.364002384481539
16521,15.637521100497107
16522,16.635240924355617
16523,16.322933854743578
16524,17.631572412115087
16525,15.9128985087996
16526,20.60592417275864
16527,24.333548586839864
16528,29.4831902141256
16529,32.79838789715508
16530,31.334318869014893
16531,34.319427234428396
16532,38.00349508984265
16538,24.09862021640481
16539,26.059978546618442
16540,32.894630768106495
16541,36.14509708961431
16542,41.16754233773117
16543,42.02415262496273
16584,1.5838124470047297
16585,1.6679234261818046
16586,2.574878804720257
16587,3.3142779075640934
16588,6.736549432949536
16589,11.024865258778693
16590,13.712110348288302
16591,16.3581947224334
16592,19.79680089608269
16630,31.475939706850223
16631,33.647187359677844
16632,33.08431879817516
16633,36.847375565037645
16634,36.921027946877686
16635,42.2671188247004
16636,41.47762160997938
16637,45.45081498945802
16638,47.80703162463197
16639,49.0392988862439
16640,48.569548966997914
16641,51.70638204944616
16676,34.20536300216432
16677,38.55563415135885
16678,41.626024111014566
16679,47.93985365694545
16680,54.25998727790524
16681,55.69844465526311
16682,57.159150142485046
16683,56.427757153373875
16684,59.467993988361684
16685,59.01703281455706
16686,61.80973285187728
16687,65.61287923290274
16712,45.73461281402588
16713,45.74316809503793
16714,48.8462203317028
16715,50.53904455614395
16716,51.45715290286332
16717,55.05745976649463
16718,56.58212048407751
16719,58.93683606723441
16720,57.762933838574334
16721,60.42652067965286
16722,63.464094355331376
16723,64.64544325810643
16743,49.555093609463704
16744,50.04401801987643
16745,47.282700608871735
16746,54.50065302348631
16839,13.638401039850581
16840,14.380740396627067
16841,16.86004178039953
16842,16.94300857770245
16843,21.77406434579933
16844,25.311110975321586
16845,28.795209505704022
16846,31.535273368492287
16847,31.780122374558125
16848,36.21153537454847
16849,38.98848314753017
16850,40.88625153946277
16855,39.14487118381768
16856,42.47358112773174
16857,42.84589880320163
16858,45.68668123320498
16859,52.29408435875746
16860,54.01578937138307
16861,55.22001861913321
16862,56.29636918916697
16863,59.55081158941333
16864,60.496938994217466
16865,62.24202427062102
16880,40.32507033589542
16881,42.40937479579662
16882,42.46459726193365
16883,47.89886514867683
16884,46.892111197872545
16885,52.64620275158355
17000,18.948329202028823
17001,25.106171580634754
17002,27.969618377491138
17003,27.294574387275453
17004,28.84134053866924
17005,30.947137645842677
17006,39.469611398381865
17007,41.65378134684048
17008,41.617906156472934
17009,47.481094268836465
17010,52.3361133309569
17011,51.22787729636409
17072,46.44795048969577
17073,51.51588533746022
17074,59.19067636961353
17075,65.09553198987304
17076,42.6969879702814
17077,44.93200232371493
17078,43.61429376531004
17079,46.65936961551115
17162,15.48731988928362
17163,20.582747609419176
17164,24.153724166439073
17165,24.86796942745945
17166,29.009151867756216
17167,35.68843707867392
17168,39.21411692109834
17169,42.97196836380221
17236,9.109579561055979
17237,10.638824568898372
17238,11.769971614867693
17239,16.70128889328096
17240,18.610362576816087
17241,19.249852149034208
17242,22.362909765103964
17243,25.104172490188308
17244,22.227396903302992
17245,24.36019108081809
17246,25.364709863502615
17247,31.363022872714687
17248,33.47351265718071
17249,33.44095792712095
17250,36.31854852959989
17251,39.525407671274465
17252,41.02250759942984
17253,41.25270342853317
17258,41.7213214557875
17259,44.11879903294566
17260,52.75191516157537
17261,56.70150130408247
17262,62.14953031236332
17300,23.20530832149465
17301,25.606261734013145
17302,29.21747326642501
17303,32.21712641813924
17304,28.134567826636097
17305,34.68705668236164
17306,39.32022399112724
17307,39.61019121307406
17308,43.72021461409133
17309,47.83940607238493
17310,48.986537078479806
17311,49.40022036411589
17324,22.22499406104175
17325,26.37741603527401
17326,27.974965400509767
17327,31.271256169550462
17328,32.89544159716813
17329,34.30132912024519
17330,35.64351455013149
17331,35.78847572250741
17332,39.60673194781921
17333,44.7288408324481
17334,48.203613367055326
17355,5.805334626548191
17356,11.9750827457635
17357,15.835437163095383
17358,17.71558341971945
17359,19.091196629886113
17360,24.717759373016374
17361,25.715694477415255
17362,28.565638943550777
17363,28.348806580246897
17364,30.12571199857943
17365,27.740963494074254
17366,29.212898233411412
17371,9.397493276926305
17372,15.956650804572872
17373,19.292356577087936
17374,22.20220359491789
17541,19.464764031811374
17542,22.075897772325202
17543,28.333479299385598
17544,31.508986793439888
17545,33.8252476356706
17546,37.72379110440107
17547,36.58601618939114
17548,38.220791441742804
17549,35.74571712126326
17550,42.606881474122304
17551,46.00800323616688
17552,49.17608551098001
17557,22.250802972548048
17558,25.878513417925433
17559,29.874987484500846
17560,32.60882606865583
17561,34.57554892503685
17562,38.567315146084745
17563,40.84411356600275
17564,40.83629189443897
17565,42.64133947657314
17566,44.17278667877529
17567,43.138515337400904
17568,45.41125401813078
17653,7.331267191904102
17654,10.526373528010707
17655,15.098813996420224
17656,15.0934615779095
17657,17.505426691287834
17658,20.18087561816334
17659,23.53181504250634
17660,27.4195228316123
17661,27.244701919692922
17662,29.42918535781606
17663,34.611559994221516
17664,40.77577818903654
17681,29.872446649200015
17682,31.912436887729456
17683,36.12073016062934
17684,37.7269652129594
17685,39.86691450433315
17722,10.76829732149861
17723,17.11014568944154
17724,18.682585387727837
17725,21.037783432963636
17726,24.468224283510633
17727,27.94649336643984
17728,32.14833890939306
17729,35.19081707430091
17730,35.23604886668952
17731,36.76553372056143
17732,37.64755855470307
17733,38.31242925421425
17765,5.916218069978459
17766,7.106737391019448
17767,10.955511393938135
17768,13.920779682040772
17769,18.66783451942326
17770,19.590897811834477
17771,22.691183377750274
17772,25.232376970355006
17773,31.868179210123678
17774,31.284538353460967
17775,29.5735677101612
17776,30.964265695102515
17797,30.83558711679028
17798,31.691749520532227
17799,37.99702627750832
17800,37.58942135667545
17847,29.37053603958528
17848,32.94410970138253
17849,35.79876037567068
17850,37.61248973424845
17851,42.47746134274791
17852,45.82104361361996
17853,48.136038498512846
17854,51.71897776314663
17855,56.28089478029543
17882,26.232877713514608
17883,28.392466732903618
17884,29.761383640242656
17885,33.10180976870268
17886,40.70667169069038
17936,9.332905802128883
17937,16.468604283616386
17938,20.59371864706216
17939,24.434427904478937
17940,25.883216961408614
17951,29.830864280155104
17952,36.041272835464184
17953,37.11379287330045
17954,39.210045743165374
17955,44.38979492096242
17956,47.48014669853614
17957,49.567329271777496
17958,48.69284727494584
17959,50.957291709160515
17960,51.653093584243315
17961,53.33133347143246
17987,32.271681780109
17988,35.56020960682466
17989,41.69670537800809
17990,39.4791103409149
17991,46.18731119434691
17997,35.600048835202344
17998,38.58396312361301
17999,42.02724109905408
18000,45.68806118882096
18001,47.152311833754396
18002,51.616409007713806
18003,52.6100110879112
18004,55.68185601242811
18005,55.115399742568684
18006,57.085744347428296
18007,55.858027207806046
18008,61.15072320823282
18096,19.92338281210546
18097,23.71649567934432
18098,27.00017327524963
18099,29.830776593149647
18100,31.39110575432304
18101,31.418367046165486
18102,3.841804408544059
18103,4.01069869625362
18104,6.881700790192842
18105,8.182625574326437
18106,7.88340274844586
18107,12.668820330775493
18108,13.681413065933388
18109,16.17413781755501
18110,17.730269641165975
18111,19.773862767240615
18112,26.233778283931674
18113,31.06067562400867
18124,15.016105337634324
18125,20.209094737209178
18126,23.017416347811256
18127,25.790707118990806
18128,27.95498593502867
18129,32.52037475806818
18130,36.037750165598744
18131,37.553819501085236
18132,43.74032610632206
18133,46.26088265839551
18134,48.472646627790304
18135,51.20760663139354
18184,2.186446299892929
18185,4.6017268014603
18186,7.468202324876413
18187,4.4116444985492596
18188,7.1174398355753254
18189,12.387455281746135
18190,15.901887422426395
18191,23.177277756813872
18192,28.10538569114954
18193,29.461431465411977
18194,28.4476957705761
18195,32.12041695096963
18221,35.38915342054924
18222,38.34002395166693
18223,41.28265456827416
18224,49.71377970614728
18321,11.750224715437968
18322,18.5694281135679
18323,25.69476850762681
18324,28.54988650449444
18325,25.244711908970395
18326,28.222988388859683
18327,27.349940803357956
18328,31.262598161999303
18329,34.59800350357275
18330,33.51795492955669
18331,30.713526597696355
18332,36.56443481735862
18391,33.26390600513617
18392,33.59515328298727
18393,32.63130593018009
18394,34.21713139869149
18395,35.23931801949918
18396,38.217096672456684
18397,20.57128164438624
18398,25.64872110151318
18399,29.914955737777365
18400,29.902918671968166
18401,30.516122612447116
18402,33.93742424066635
18403,39.13096368451235
18404,47.077992564825955
18405,49.10649227248993
18406,45.88522320155494
18407,48.63783392202028
18408,53.429753688083004
18479,2.181938642234123
18480,2.394630814762868
18481,6.828424771450566
18482,8.829942391042302
18483,8.012803271334912
18484,11.428569970343222
18485,12.168280690546547
18486,17.5664204247395
18487,18.49708881449713
18488,19.71003546744477
18489,23.42073788312599
18490,26.50687340249923
18566,13.06918535243211
18567,17.92154947068103
18568,20.368410279891208
18569,22.764694158954388
18570,35.50665299001616
18571,37.52878684409035
18572,35.104636551444564
18573,38.55205004623028
18574,40.08621691334655
18575,44.09878378294952
18576,43.12261557249628
18577,49.8960908898945
18578,48.83951084691171
18579,51.419823298743395
18580,55.51273246985991
18581,58.54557111712115
18653,38.533466186958556
18654,40.613358416671346
18655,43.63057035415602
18656,51.22585099797507
18657,53.958314243175934
18658,58.77274607694825
18659,58.58595892576674
18660,64.0253077378611
18661,64.7420433394402
18662,64.42960964922185
18663,65.15012595401835
18664,66.79874200486653
18665,27.360702599195253
18666,29.821499872278498
18667,32.86113641903421
18668,33.47318219204791
18669,7.516314240006464
18670,12.666086861489944
18671,14.01846125926291
18672,17.931508341139427
18673,15.75532179788626
18674,18.256968851899636
18757,22.78924731568608
18758,28.797907184941398
18759,31.5244039643675
18760,35.81701581927796
18761,38.53335133883328
18780,17.15371426018575
18781,21.693827395429714
18782,25.105675192516845
18783,31.254416627251782
18816,15.245244522554747
18817,24.19102246581235
18818,25.896866629952694
18819,24.931736540778694
18841,37.03418112544414
18842,40.685662846722806
18843,39.31872224669745
18844,37.59502149900194
18845,40.95207334767982
18846,44.05272434969777
18873,35.522261969007694
18874,43.159095617327836
18875,48.16500781742357
18876,50.573552473812136
18947,26.80190446235852
18948,29.450131366894976
18949,26.47676131924745
18950,30.558965982051422
18951,28.5407835242658
18952,30.40790026205267
18953,31.6839914435144
18954,33.75357101233784
18955,37.764108507358024
18956,39.18525837344582
18957,39.64999484116822
18958,41.08477163061458
18979,34.57127786268188
18980,39.11332339466265
18981,40.47339415632435
18982,37.510724138879425
18983,39.59741968659038
18984,44.46600210861828
18985,44.34637623942454
18986,44.68719123315837
18987,50.17366542676065
18988,49.89736602778486
18989,52.392518216807815
18990,55.012077555346906
18991,16.947198494504356
18992,21.888767772394957
18993,25.142272360684256
18994,26.570709846196472
18995,30.401813305784856
18996,30.047430064063185
18997,32.65805457347718
18998,37.54039583165659
18999,43.58508611381538
19000,42.972313603488395
19001,42.73766836634731
19002,47.14606708705515
19003,54.66640275104349
19004,51.62111441014755
19005,52.410995885014245
19006,57.29783748770817
19007,56.9700459822088
19008,59.22643936000284
19105,4.498006239842511
19106,5.515133139412149
19107,6.793174538228951
19108,9.284505370448244
19109,12.598037913917032
19110,17.015442213421146
19111,18.400396477259005
19112,23.55865684212354
19113,26.80530062110007
19114,27.562881978347267
19115,33.08005774574578
19116,30.351182989917753
19259,50.82213294562725
19260,51.286405590534855
19261,49.009447367738325
19262,52.523397799304064
19263,56.38765245919457
19264,58.14205636439156
19265,58.596175563654256
19266,59.442805196159746
19278,34.16519316000409
19279,35.100534728193736
19280,35.94753402845076
19281,40.747182191093486
19312,22.138633814768756
19313,25.55749049561125
19314,26.000635915320714
19315,30.117454072351933
19350,48.8831373177389
19351,52.034495337359274
19352,51.5315340341111
19353,54.03535760486456
19368,23.98256326592783
19369,28.126986998919996
19370,31.217477761348892
19371,34.55680175484441
19372,37.58082911150788
19373,37.30948490965045
19374,42.07263831265636
19375,44.95568990836199
19376,43.58962089644015
19377,46.49547354810846
19378,44.17344713620814
19379,46.0419990314487
19397,16.758879629100587
19398,16.38679478391834
19399,14.296025554355584
19400,19.423903863930665
19430,17.614352707505972
19431,18.44731632056963
19432,22.647828900134023
19433,31.700805477758188
19434,32.890303078603274
19435,32.91974614652796
19436,31.166045374388144
19437,31.811838149902517
19438,36.570790708673854
19439,29.685947825445382
19440,35.545695010725126
19441,36.309140915405834
19454,14.648031218100108
19455,17.091985089834413
19456,23.497772237823906
19457,27.51301090499545
19458,29.459056325735165
19459,33.36867787570772
19460,34.62474414665694
19461,33.76223785387046
19462,33.207696775280375
19463,36.77432844964856
19501,29.91856626330397
19502,30.112207156777398
19503,39.07893995620942
19504,42.65118925441908
19505,41.50179481251435
19506,45.074455063702096
19507,46.90689529509454
19508,48.62291726920777
19509,49.19690247413452
19510,53.30198408284843
19511,53.14877288967341
19512,54.131733511543125
19566,2.884939519973997
19567,3.3744008536416774
19568,6.17820748317794
19569,8.4339187827885
19570,13.031945689113371
19571,15.478422897391372
19572,15.956109868878816
19573,16.778765478709847
19574,19.31758093757087
19575,22.939024439358057
19576,26.773257358934007
19577,26.66344168311765
19590,5.0859121765085575
19591,6.966377262648534
19592,8.552572279621028
19593,11.843765874450385
19687,15.277659796458261
19688,15.645767457275396
19689,21.352329269103297
19690,24.998630582781374
19691,30.092314339090315
19692,30.35519973596732
19693,31.11814895420847
19694,36.51367631579856
19695,39.131238659515944
19696,42.727967581103286
19697,46.043858730116376
19698,46.404212942858514
19759,43.72575374159943
19760,41.46915326629278
19761,35.21898994974918
19762,43.877729407875805
19775,42.38520490807916
19776,46.88920265041652
19777,50.208283888695014
19778,48.26080684633527
19914,5.150079959156144
19915,7.384840577837247
19916,12.301896086312246
19917,18.925249877531527
19926,28.06444776211302
19927,34.00836271774462
19928,39.2198328874881
19929,42.90068443186352
19930,40.830728891454456
19931,46.65961509445666
19932,48.23846108897292
19933,48.50504885343351
19934,53.161649121227626
19935,52.95130517397229
19936,52.7193820143663
19937,53.00381148375727
20000,26.47030302771663
20001,26.741791411412223
20002,33.187114790404
20003,34.34998963978257
20004,38.23878849512213
20005,39.34124772608295
20006,42.251641917486914
20007,44.97771640347818
20008,46.880369877861824
20009,49.37903600093698
20010,49.49515235835897
20011,50.42515002368273
20012,2.7792910056609434
20013,4.525183511993492
20014,12.004294732030978
20015,14.748846729569872
20016,16.941228016072273
20017,18.87197428451746
20018,19.712102105666474
20019,23.07321688262118
20020,27.569383045312694
20021,29.02186675146786
20068,24.730847760227707
20069,28.850928673635728
20070,34.98211132467298
20071,35.44455456601468
20072,36.62793894505776
20073,40.81075694134673
20095,12.251134665194433
20096,18.356005311322498
20097,24.947406560616205
20098,26.075726180755947
20147,43.19929782923923
20148,47.916071345909536
20149,49.31034755262227
20150,48.85358885841105
20151,51.97417722463581
20164,23.268141802533105
20165,22.68954249187321
20166,22.53825914325213
20167,26.181798258655913
20168,29.222920112602033
20169,27.994716126621164
20170,29.41880655064585
20171,31.178998117078528
20172,33.94629150479536
20173,36.75590028607198
20174,38.05341193579371
20175,39.69139138782713
20245,5.209942989739644
20246,8.05122725235576
20247,13.71014687674228
20248,15.239293884250607
20249,16.446103165340027
20250,15.027635086393373
20251,15.358545880750361
20252,16.770757065771626
20253,18.9414835646983
20254,21.001835630621414
20255,22.30810284567233
20256,23.750810060312105
20285,20.08520033822304
20286,21.06097853540829
20287,23.80580253093809
20288,27.802362925214403
20289,33.07479553625607
20310,9.855159103257225
20311,12.86169862427858
20312,15.67152444560008
20313,16.7161642240754
20343,4.307019688189293
20344,4.42336627389214
20345,5.479861678718475
20346,7.990624236759483
20437,1.0879935980972
20438,1.2172687705655978
20439,1.6471946029746907
20440,1.1619533001473317
20441,6.030964305170965
20442,9.732447454553629
20447,0.886308091361125
20448,0.9452857549131826
20449,2.233258262437909
20450,6.389511058937943
20507,8.974956065164603
20508,11.289203164644551
20509,10.099222858352688
20510,14.2276785745649
20557,32.6996022820673
20558,26.14055776439803
20559,28.12093616581373
20560,31.465068445982684
20561,42.59327011029722
20562,42.272103098341404
20563,50.41470393451551
20611,41.40353113864312
20612,38.78032443248082
20613,41.31310603845461
20614,37.52084626010644
20615,41.678669498576134
20616,42.24951731826673
20738,20.94020504702864
20739,24.56087429627916
20740,26.628622462508652
20741,27.60151803935951
20762,22.018479383424165
20763,25.831662477045782
20764,26.772222284288876
20765,27.21849401525942
20766,26.9407948825378
20767,29.768385080197884
20768,33.673643698508364
20769,36.55319606934453
20770,37.66951520768462
20771,38.34646974606945
20772,43.31547545736715
20773,48.44951318657521
20790,49.849094756160035
20791,54.132051780512406
20792,59.68854386796921
20793,62.69644857973832
20888,8.406030374986168
20889,16.398865899852478
20890,18.93034868478208
20891,20.30404272257046
20892,41.66605541209245
20893,49.68779484702994
20894,54.58818172626902
20895,56.41706472135228
20900,11.579616332791847
20901,17.375317592935236
20902,23.992418216788053
20903,26.41194163507427
20904,29.092091714336057
20905,32.70954718568013
20906,36.809023339831676
20907,36.65041536900907
20908,38.227810868116094
20909,43.906555592842004
20953,9.143563565311615
20954,12.811353162838182
20955,18.199043378989987
20956,22.935205927282638
20957,25.688469433624014
20982,30.929371044395253
20983,38.577413437385026
20984,40.93443615277387
20985,40.58241477456468
20990,21.238136086579864
20991,24.841306004490953
20992,26.203505044429757
20993,29.496140153431742
20999,47.626969699187114
21000,49.37539546031175
21001,48.4787038344709
21002,53.768709113081826
21007,19.578382116337107
21008,23.22076024401572
21009,25.522111267890256
21010,29.918419254313722
21047,31.64566763057775
21048,33.16390894418269
21049,34.13115940472731
21050,38.135225798179924
21051,38.1894159557552
21052,37.507510837805846
21053,41.14888331893597
21054,5.6924882873547595
21055,6.724007707088142
21056,10.221574378934779
21057,13.26928942166082
21058,16.579898807547075
21059,18.829651334328787
21060,19.69199086564025
21061,21.422352166855593
21089,43.17724153518146
21090,48.44142619153219
21091,51.21459363570963
21092,54.98151493001854
21093,56.322747143659186
21094,58.36741681995417
21095,61.33962702154603
21122,13.82062224646054
21123,18.834676799666063
21124,20.680940197040194
21125,16.008439452765987
21126,12.275074845585172
21127,23.213408972812815
21128,25.134214078265494
21129,25.412287673729487
21130,25.404401112138785
21131,28.06909333543808
21132,28.329948247202775
21133,29.11553256838757
21189,21.417482985517747
21190,22.900729838299785
21191,26.200147896966854
21192,34.417807488377434
21193,41.53306996300525
21194,44.28940615348985
21195,45.5694857428829
21196,46.41703535831339
21197,49.137475317920405
21198,49.06877598225855
21199,49.61328266566475
21200,54.201446707924234
21234,25.714944865107082
21235,26.77262425578146
21236,32.154924595571835
21237,33.38036119318818
21238,38.76901025666987
21239,39.5331813498964
21240,40.21511816708412
21241,46.85283203193373
21242,46.221270189888436
21243,50.49043933202483
21244,52.59865550335185
21245,52.245036861505376
21246,24.945558647427255
21247,23.845872144697243
21248,21.692345092338712
21249,20.790406653362645
21250,24.998245449461077
21251,27.938272240493767
21252,28.213273819685472
21253,29.361516510637788
21254,32.08834575798023
21321,36.24671566633371
21322,36.36195552369042
21323,36.09655285327298
21324,40.745390904411344
21325,48.87786159726978
21326,50.35939119674481
21327,49.96705692274302
21328,52.85035337528077
21329,52.21380541583919
21330,53.80006482779266
21331,54.611401731629236
21332,56.133648812130836
21421,26.8306914773421
21422,25.94013352407779
21423,30.544791365926102
21424,33.2957518977964
21469,22.63741181766753
21470,25.363951535634484
21471,27.321235265287644
21472,32.62264158468741
21473,36.479608229754625
21474,37.831339137614926
21475,44.13916640287708
21476,43.7000238339582
21477,44.93790574674726
21478,45.47531203862442
21491,27.97988875152171
21492,29.17035815638521
21493,32.52939280756661
21494,35.54137309947807
21495,37.72794204147838
21496,42.0799108248628
21497,44.76090402319643
21498,46.63689806804156
21499,53.57629524565136
21500,52.40616119511143
21501,55.132353184752574
21502,55.0844697928053
21553,42.463072658466736
21554,36.98645097513695
21555,43.125463518379064
21556,50.99025021503599
21557,49.34826222728708
21558,56.43459756114026
21559,53.3276239812873
21560,62.216959852822
21605,57.90415111192506
21606,62.04937205912855
21607,64.34054671319565
21608,61.44792069306077
21609,64.84902521181797
21610,70.41915040565911
21611,69.57839786405181
21686,23.06259892053965
21687,27.428928939329307
21688,28.753624503397806
21689,34.403456709068465
21690,27.500971853207524
21691,32.56737116042134
21692,39.15061939287211
21693,46.95890609905157
21694,49.224325150990936
21695,49.80081994672529
21696,50.947484976285935
21697,54.51751798593442
21698,51.13444878635914
21699,56.631160109866606
21700,57.69453973957377
21701,58.80317360902488
21735,12.894626792654556
21736,16.88875828695796
21737,22.697302717210043
21738,23.91733191250384
21739,26.703699858747676
21740,27.815527149085764
21741,28.282152649872273
21742,29.832322778551777
21743,30.381429559296812
21744,35.78416553594498
21745,36.21066763481252
21746,37.3031330538613
21840,26.88601413737272
21841,28.529520565570635
21842,32.414173887564566
21843,36.16251932200889
21844,38.177646124115356
21845,43.2389663049411
21875,8.95658476919192
21876,11.460376024871158
21877,12.921209959176775
21878,16.57054126705183
21879,17.285649851531474
21880,18.176740196462315
21891,13.915966289889495
21892,22.041782142892735
21893,25.426843460537352
21894,31.224049317480265
21934,30.502737607091618
21935,33.446127471299135
21936,31.111238053042868
21937,36.12511967097462
21938,42.1980687301789
21939,41.15143565596316
21940,43.195209018644505
21941,42.94030477361436
21942,50.041163424842
21943,49.18041191824498
21944,51.11362657115392
21945,56.05922428083437
22029,58.04309909804925
22030,63.45981790692798
22031,66.1634922158303
22032,73.72874142007925
22033,73.23250385779707
22034,77.21247890337433
22208,37.22500379265771
22209,36.72769759560989
22210,32.57377198913773
22211,37.60549373369093
22212,42.62264059597464
22213,43.940343990038315
22214,47.165650297861944
22215,50.99866370157223
22216,49.51470493166871
22217,57.654060869018736
22218,16.023945984561895
22219,18.462975611741424
22220,23.508502868789225
22221,28.203564281887804
22222,32.38829542580152
22223,36.161517037951064
22224,35.940407832293964
22225,41.96742286231093
22226,42.05111890626587
22227,43.2870349680522
22244,30.926487076873656
22245,37.38767463706628
22246,42.15418365557087
22247,43.20656851421641
22248,39.69670891149572
22249,43.01586547259214
22250,45.78084167259213
22251,43.44201879440803
22252,46.10258845105254
22253,48.25208639795705
22254,54.2062359916342
22255,52.82049309254331
22256,55.00888078793067
22257,57.671970274758905
22258,59.71516837730368
22259,58.54119183802796
22296,1.1599309607789634
22297,1.0788575456763279
22298,2.6525266535322145
22299,4.171908509421367
22300,6.710581121304054
22301,7.600344602532911
22302,10.665420285930535
22430,35.13704219999542
22431,45.09904086799846
22432,48.99431077670369
22433,50.65558566661415
22450,9.826787748276432
22451,10.870572689965952
22452,12.851709159242155
22453,13.336060931757032
22454,18.85814404472643
22455,24.844705346676413
22456,26.023489325103554
22457,30.026367228157962
22458,29.277350206931843
22459,30.149008993287897
22460,32.49553334130914
22484,44.142424447648295
22485,42.633714956868054
22486,43.94795024812575
22487,48.75375748929789
22488,49.189945486026105
22489,55.04226361066829
22494,20.332900592653985
22495,21.013622660632134
22496,22.15803439937242
22497,28.912850912873445
22498,35.10422068553586
22499,37.36583499048905
22500,37.062439346225005
22501,40.13892197873895
22502,40.31131836922567
22503,42.641879217348134
22504,47.24791841018444
22505,48.873391497035236
22518,9.484353436612677
22519,10.799303615153544
22520,18.221489535826226
22521,22.586031318094253
22522,26.013392373512826
22523,27.08874449770172
22524,30.665625005686454
22525,34.49445976825262
22526,31.62178436592102
22527,38.12693934431772
22528,38.386575383563034
22529,38.04373784829728
22681,8.312551767417638
22682,11.0125891131303
22683,15.14940932180744
22684,19.883942205511186
22685,24.22622476003798
22686,2.474819747679229
22687,3.5481000423362197
22688,5.626597941553822
22689,5.495030815330332
22690,9.647692167280434
22691,12.737243845837291
22692,14.87925634260783
22693,15.650036807101868
22694,18.40323471180216
22695,21.63052544823148
22696,26.84854901715684
22723,33.926464262461
22724,38.298214437452046
22725,42.30196983352065
22726,47.40103314858352
22727,57.92225636623569
22770,41.97964866416867
22771,46.3591407857332
22772,47.0169595850899
22773,49.059321400920304
22774,50.91448147029726
22775,58.873113041658414
22780,25.446602379229923
22781,31.92442600150766
22782,33.363203918228265
22783,40.44878398377231
22784,40.38854647074388
22785,40.87457496474523
22786,43.992056992387795
22787,43.80458399554281
22788,50.903928621746225
22789,53.39054893488335
22790,52.817860403742394
22791,55.39421271120482
22792,49.962383649117
22793,54.467335218485175
22794,51.68082440836762
22795,59.22323748199826
22796,55.70318532631554
22797,59.311000662218454
22798,61.24781911845624
22799,61.76871783293098
22800,65.5126714967625
22801,69.14615058943623
22802,71.1031012361743
22803,72.73396498451947
22839,29.61699729408264
22840,33.049104585526464
22841,32.8989379841326
22842,33.909465559514274
22843,35.93694453999908
22844,40.684908700801195
22845,44.580524509114
22846,45.22506880848673
22847,47.61447534301944
22848,50.848662614881135
22849,50.2692953924801
22857,22.184242409045236
22858,27.2349905163231
22859,29.87051531236804
22860,32.88180820153205
22874,17.979318912839897
22875,29.227775057773638
22876,31.454996089214013
22877,34.43206967529625
22878,37.0620314360017
22879,40.93317631579868
22888,47.56398532722328
22889,51.35967413254648
22890,59.74868107613356
22891,61.880872313789816
22892,62.66895461938838
22893,65.32274865511958
22894,66.2766502090093
22895,66.5692911889954
22896,71.83267145049867
22912,44.68047759047603
22913,51.39915649028225
22914,54.38362558894503
22915,59.250696850602466
22916,60.20217496825062
22917,63.60590395691515
22918,65.7294544715325
22919,65.90504606120581
22920,71.69381148824002
22921,71.13295423703043
22922,73.19587275663724
22923,72.54808354937583
22964,35.323302817359384
22965,36.394983159982964
22966,41.049857539710025
22967,39.49420116179377
22968,43.54825893807936
22985,34.62881641789742
22986,37.88309433454202
22987,42.36482208897553
22988,48.32151216275822
23022,19.032955664065213
23023,22.607056310971615
23024,26.324124910111287
23025,30.40918715712572
23026,38.41206842200501
23027,39.642509758400315
23028,40.76754374284902
23029,36.482062789595524
23030,39.60032258031745
23031,43.87370358427907
23032,49.3600922882933
23033,52.96783733648657
23034,53.76202576752461
23035,55.61850477266081
23036,59.88043283450548
23037,56.238700886246185
23038,61.26891690715722
23112,11.007760386312146
23113,13.092634537356295
23114,13.199825272392545
23115,18.926091432088008
23144,25.200262650828744
23145,29.835584624234397
23146,31.66181720893687
23147,32.13823060787872
23148,36.505993497834844
23149,37.749008652280835
23150,45.301772052276114
23151,47.12947425231495
23152,51.50044736577077
23153,51.94334893189658
23154,56.297932404157976
23155,59.5309470228426
23178,32.568151619441046
23179,38.535955628427445
23180,48.08696333749332
23181,51.37631127573478
23182,50.41025432067278
23183,7.574387516013085
23184,10.273380483164543
23185,9.323442176666456
23186,11.990944722110223
23187,12.955549696500158
23188,16.46031027125209
23189,14.67900092619275
23190,18.350368402879887
23191,20.63322205236509
23192,16.219747912195157
23193,18.619472109050445
23194,22.12695438433497
23195,27.641018583539537
23196,33.85518495056572
23197,29.424946469568614
23198,35.34824840573276
23199,36.91188778115079
23200,41.867813973935014
23224,19.61194590153143
23225,23.982252812473217
23226,25.599641724738227
23227,23.959751140889637
23261,32.711259229446945
23262,40.11770330599923
23263,44.122560923757064
23264,46.5432489791153
23265,51.36983752471704
23266,54.40114074722588
23267,56.2863729244752
23268,58.168631902753326
23269,58.54640774743705
23270,59.95831724588515
23271,61.82308051810678
23272,62.57118876375779
23301,3.249065330162774
23302,5.7412939433603905
23303,7.690082934769499
23304,11.7905194687579
23305,13.667550801990991
23306,15.909156719716826
23307,14.627286383238632
23308,15.571803449829035
23309,19.894479276155575
23310,24.900759021689357
23311,30.04436167603091
23312,27.495627344738242
23313,35.35952420373257
23314,39.67873282040296
23315,41.528642542031164
23316,42.90100851045581
23317,46.627987398367075
23318,49.429916040289115
23319,51.36475228274919
23320,52.08233480786373
23321,53.325479174194335
23322,51.6488446461589
23323,54.64089526120916
23336,59.81042185076459
23337,60.66234520562647
23338,62.6312383905745
23339,63.6264734758908
23340,63.642008067674894
23341,66.16794492250635
23342,67.66582618111448
23343,70.34206693819445
23344,68.6217299996179
23345,72.61131870402299
23346,73.56595641772232
23347,72.85870527898891
23360,9.713997459032926
23361,11.357912903452549
23362,14.33162542833672
23363,15.843855706647775
23364,17.905048540997385
23365,18.134540368178268
23366,22.470323266334866
23367,23.06505931172076
23368,32.48626522566752
23369,37.41213970715117
23370,43.07840685056904
23381,13.782439815219412
23382,20.519640742453802
23383,27.33046579284388
23384,31.92012349381012
23385,32.710012086830126
23386,32.3094237394696
23387,35.67292634165689
23388,34.62397212735531
23389,36.05395237068073
23390,40.02424159861269
23391,42.16992294342373
23392,41.310204142814975
23442,49.03519547150049
23443,58.81622466336256
23444,58.38952245414704
23445,63.91136437238978
23506,20.39620237262302
23507,22.285928543664195
23508,20.368816935662057
23509,24.930847850406742
23510,29.321680194601253
23511,29.338117841429945
23512,29.99390328149514
23513,35.88200536791342
23514,35.71760698730104
23515,40.93570262232631
23516,41.90091326913641
23517,50.607475149660516
23552,16.805772216315425
23553,21.598710654282733
23554,26.54756233655812
23555,28.37338727940792
23556,30.156613257478277
23557,32.97827826591705
23558,33.28844992583129
23559,32.88412994494995
23560,37.04068015497127
23561,41.42784439198416
23562,41.71282543459554
23563,45.10813211625547
23564,52.81452863295004
23565,50.56856171396986
23566,43.718538371780525
23567,45.74623543631176
23568,50.14589037873609
23569,50.414314145691456
23570,53.4894267537142
23571,59.42566174895202
23572,59.48125733474137
23573,59.37356609608006
23574,64.45903845726166
23575,63.7825655876196
23604,17.039662096232867
23605,18.015564735356485
23606,18.145905231030696
23607,22.26250149676062
23608,26.7189511847695
23609,31.5392933744798
23614,31.049421531445272
23615,36.3302256040709
23616,36.005541616963484
23617,41.77599707441426
23618,47.734477277504475
23619,51.67697367984733
23620,47.20189729257862
23621,49.89674913247355
23622,54.50121566747196
23623,56.55472944213388
23624,56.2916019736659
23625,56.29843865249554
23655,45.61146948571248
23656,46.369638207553315
23657,41.60673712556405
23658,39.2332715403919
23659,41.681815056781865
23660,43.94786128533233
23661,48.01453845586104
23662,49.90152080132965
23663,50.54807523166606
23664,52.9474924968885
23665,51.16231339395063
23666,56.144473264704494
23667,24.888975432483935
23668,22.134000190456696
23669,22.164665055046825
23670,26.97505578884325
23671,30.99396151118211
23672,34.46402444363281
23673,37.42617777732967
23686,32.368034491141735
23687,37.107812104513556
23688,35.68878986819467
23689,36.185029938285936
23690,38.412653472143106
23691,37.363707954822964
23692,38.7446810819816
23693,43.672506649069895
23694,44.145900309600044
23695,45.95097137139648
23696,46.08710514590012
23697,49.63520900537984
23711,51.189821737620086
23712,54.25364406066166
23713,55.749465275623926
23714,61.27409803355771
23715,61.84530643284919
23716,63.47610527947089
23717,71.30473668057599
23718,72.61101316986525
23719,72.61222247560276
23720,73.12192946354166
23721,74.51995509393328
23722,72.19446863998027
23809,33.04910679523133
23810,41.88794780254286
23811,44.530226259503536
23812,42.29901321509335
23813,53.93257961568549
23814,52.271874451629984
23815,44.56386794509475
23816,49.63930247213772
23817,53.67697855591323
23818,54.64878505328703
23845,31.18468211982633
23846,33.259057473807715
23847,36.857024270359034
23848,39.72106406185596
23849,46.463325223205196
23850,45.04760161456354
23851,47.96994443936232
23852,45.86189460256231
23853,56.21621542721866
23854,53.23584482937014
23855,57.66245386613355
23856,58.6325535713847
23890,24.68324058477926
23891,26.86167321667744
23892,30.36842913738266
23893,35.67371356085958
23894,40.0520655842822
23895,41.79283696304489
23896,45.55146895950947
23897,46.04835137959795
23898,47.82136209172695
23899,51.70651881268819
23900,56.240258978498915
23901,60.39335024701779
23946,43.932378510120905
23947,42.55379600796015
23948,40.815220094681834
23949,43.85440943393033
23950,44.66837414808106
23951,45.77040974941733
23952,47.651545485796106
23953,50.71579137604141
23954,53.30590315037169
23955,52.85885663788973
23956,55.08352326016909
23957,55.89597391085849
23958,12.793261180094907
23959,16.790138117669176
23960,22.633462202527465
23961,25.57591474577147
23962,27.31194231039089
23963,32.33802695146114
23964,37.136662762372964
23965,38.732026352039064
23978,15.8404263201902
23979,20.730332203436824
23980,26.560576909276925
23981,30.48174973703737
23982,30.25328737839436
23983,38.201878769179146
23988,19.541286176475914
23989,28.17398357177724
23990,35.74425160456276
23991,37.69177617199055
23992,36.736772434469714
23993,38.86267196832339
23994,38.058089875387125
23995,42.86003026831556
23996,47.30938440086319
23997,47.4116260574698
23998,48.94367155190765
23999,50.54282890250952
24034,17.192350102721814
24035,23.674661231879806
24036,26.09086080933484
24037,29.859539672390266
24047,25.190161671836652
24048,27.021991092690445
24049,29.73398964982932
24050,31.171574195785826
24051,36.925751858165555
24052,34.36188094254385
24053,37.06192224171889
24054,35.494338335790985
24055,41.27105215425013
24056,44.69601490068686
24057,44.44433846035852
24058,46.03816911830449
24147,20.110278557718136
24148,23.04546273215053
24149,29.295297608162773
24150,34.62421162696201
24151,35.191010113867826
24152,38.24780578636718
24153,39.346083072493684
24154,40.76508120016728
24155,41.86835502149676
24172,24.65416538976455
24173,27.558009754181068
24174,33.2126824748304
24175,33.739730228551664
24176,39.22121029651532
24177,39.27083916937481
24178,40.631300855071274
24179,40.496274897418566
24180,45.740672661010834
24181,47.404391539011066
24182,48.11849914433227
24183,49.71748363907469
24184,21.366729684004056
24185,29.423348447630953
24186,32.315523814124994
24187,35.32575638784256
24188,36.88073750074087
24189,39.49280817825022
24190,40.83714175800353
24191,47.438922237317136
24192,46.16686427325135
24193,48.91171395170043
24194,51.686878928048166
24195,52.76237187556826
24201,7.60884956337274
24202,9.939933827981424
24203,13.321617546813501
24204,18.006359410677604
24224,29.717735257203778
24225,37.32123901746243
24226,42.56438165540775
24227,45.52802536083007
24228,47.927942477885004
24229,48.71697602384563
24230,50.26523448852134
24231,53.30934324143474
24232,52.93963653743265
24233,52.646758524625824
24248,11.612903078134556
24249,19.29541571793084
24250,19.837445831162604
24251,17.705222023259754
24252,24.933245272455466
24253,28.2556730610844
24254,35.69786499248911
24255,31.012137416552463
24256,32.230775271708566
24257,39.937882312433494
24258,45.88102753465733
24259,48.45960124485704
24260,51.23632957271821
24261,53.13182861787077
24262,57.286440571143245
24263,56.893275282533295
24264,56.75366957235133
24265,56.89272342040736
24266,61.46053898376628
24303,10.048807120325447
24304,12.979975205564894
24305,15.6327502748437
24306,19.20810910712817
24307,19.89712332967743
24308,23.415327005478822
24309,24.333748032463987
24310,29.535951005562374
24311,33.68693360007194
24312,37.6532629542061
24313,37.63960781847783
24314,44.000956542932755
24315,45.89160072061664
24316,48.36245646795797
24317,49.008089300348395
24318,55.35497932985642
24319,60.32927034027265
24320,59.618014684188545
24321,60.84784572503734
24322,13.813710563184543
24323,20.11870985781982
24324,25.526663791294432
24325,31.140890760387354
24326,32.558036159856485
24327,34.95290254979684
24328,35.73070004407336
24329,38.4287618278546
24330,34.0076655389318
24331,37.171505454678474
24332,40.80409316042579
24333,43.62156149942142
24334,45.229040949902895
24370,15.682390537199305
24371,17.879664955253862
24372,21.198418688196142
24373,22.881761120356654
24392,30.165966304142458
24393,37.309270361195196
24394,39.191545011963534
24395,43.87410077628899
24436,29.09535176252904
24437,37.58737791713155
24438,40.258467242221315
24439,40.72301880518268
24456,29.119094973318603
24457,33.205037972933276
24458,39.708456250691725
24459,44.29971284199
24492,27.256658871664865
24493,34.42948252554216
24494,36.696301092642585
24495,34.98446852116578
24496,40.99938745580142
24657,49.719154691269736
24658,51.37932162520813
24659,57.36850242881308
24660,51.83962588730382
24750,15.550218663404292
24751,17.542723026962143
24752,20.78117082128963
24753,24.88003223815622
24754,26.89150414891196
24755,23.846988218597314
24756,27.49632665984644
24829,14.648077784852028
24830,18.009196940438606
24831,21.225706738365126
24832,23.075431747933262
24833,20.24042845635409
24834,24.189060112197904
24835,26.22594860257291
24836,27.63604859009117
24837,31.04056891287397
24838,32.18708210482726
24839,35.15790246367586
24840,35.77688420297651
24841,38.127401742697685
24939,31.044082964022113
24940,35.06278369585905
24941,36.54946283460612
24942,38.472504338782194
24943,41.13538791110194
24944,39.7370179530471
24945,43.231370951861926
24946,44.05593469985211
24947,47.18488838611122
24948,49.37572319319468
24949,51.58893836318793
24950,50.807575004899356
24989,30.098860652229035
24990,34.11993335407958
24991,36.25043983510898
24992,40.52256317176061
24993,40.70292142567142
24994,45.78187123301355
24995,39.78403135432829
24996,44.427080904171184
24997,52.40673415108473
24998,47.54142441682561
24999,54.269717837147205
25000,57.87607672699894
25076,56.36331925295548
25077,63.14777586418575
25078,65.05009579296788
25079,63.02710049640308
25080,67.24299554946914
25081,68.68099700580746
25082,69.28988223915665
25083,71.65819902694865
25084,71.93072709813794
25085,73.8805251643785
25086,73.96868534174013
25087,72.3849472963878
25144,44.81134245399199
25145,48.04810814385495
25146,47.8685392489887
25147,52.1298579443911
25148,52.90505883654685
25149,54.57501441712678
25150,54.849900310167854
25151,58.429427571055385
25152,61.15270048816021
25153,63.10071012326454
25154,64.31563715273164
25155,65.6050752862214
25182,30.10548717117212
25183,32.49908788029129
25184,36.092535420779186
25185,35.01703676136674
25186,33.95264571311358
25187,37.545015456013886
25200,33.18017732907792
25201,41.43034339183101
25202,47.97031991498374
25203,53.69538703967452
25204,55.21833012247963
25205,59.37002605676507
25206,16.01811728039766
25207,17.013414103491883
25208,17.693637575420944
25209,18.335352546060918
25210,20.78346595214892
25211,25.46697087486055
25212,29.14580798686963
25213,29.41480613321335
25214,33.49258529017281
25215,33.52370613353618
25216,35.38053154732429
25217,37.911617946297184
25218,12.472163100865405
25219,15.284318630716756
25220,17.064429480239998
25221,15.085278954118206
25222,19.671584757085256
25223,22.77385904872318
25224,24.580435299204787
25225,27.060205237455687
25226,31.782372550099193
25279,1.4766364492595054
25280,1.3808158678041036
25281,3.020699411015201
25282,7.407957818671901
25283,8.337495507089269
25284,12.844452368055586
25285,14.86050269662524
25286,18.81585122778919
25403,26.897623754937232
25404,27.906254425817274
25405,27.871331103639278
25406,30.879627649110788
25407,33.22613492611684
25565,29.219646171480374
25566,36.93478919414821
25567,40.94888563099829
25568,39.09287641328767
25569,39.882695417765845
25570,43.18930957340668
25571,46.59125621021927
25707,13.12963904734343
25708,15.914442479225572
25709,17.871878380005267
25710,19.727101431647803
25827,13.0266688400678
25828,15.540838237553336
25829,17.20161304868576
25830,18.651567612666124
25831,17.439760840604077
25832,20.11079231011263
25892,29.05679594877114
25893,29.94242156809667
25894,35.367869853973914
25895,39.96513144515685
25896,23.83440703996627
25897,26.17414675184267
25898,29.63226291767791
25899,32.453596471836335
25900,33.274379737666216
25901,35.62755504163475
25902,37.33808771571938
25903,39.64732524817949
25904,43.26402824664679
25905,48.177595912914825
25906,48.889607998507934
25907,51.36493796257349
25949,37.31298600779836
25950,38.50078137103954
25951,37.55296947934194
25952,41.85102332117695
25974,16.53379313799954
25975,18.021684269972045
25976,24.535270509853326
25977,24.34957971033661
26011,31.576752939973915
26012,33.63828579318925
26013,40.76139848899471
26014,47.89387570973267
26113,2.360445570372253
26114,3.1871229302878814
26115,4.8722100564836515
26116,5.338066139232962
26117,10.346201249994373
26118,14.989837173923783
26119,15.706519111637451
26120,14.776954384583641
26121,17.000530305346047
26122,17.471165499426185
26123,23.434971767393513
26124,27.002745605907894
26140,35.486893610318056
26141,41.592854814175645
26142,46.58379358518918
26143,55.24294960416766
26144,54.3736333536373
26145,54.91261981664782
26146,57.630140500048576
26147,61.31515512968009
26148,62.67796751718068
26149,62.74476282890088
26150,65.90105553320869
26241,52.40986296178674
26242,54.75052451694209
26243,60.19188991710582
26244,56.117714821588095
26245,61.25388404431659
26246,63.653782010972094
26247,58.73233873219693
26248,66.10890810623252
26249,65.59564175809227
26250,67.01693634390612
26251,69.62051271867304
26252,69.9641343647176
26289,14.783278903024382
26290,17.98198462090257
26291,21.849645763907276
26292,25.074549774348597
26293,28.540646744455508
26294,28.149290010796744
26295,27.90359839953136
26296,34.61058971930559
26297,34.58034764764345
26298,34.484428689057516
26299,34.721609720926
26300,32.84785785844973
26315,33.06347453816724
26316,32.42845667159241
26317,37.49010912512782
26318,40.980510565878404
26319,47.16699958624948
26320,47.35173470976308
26321,49.46671108239909
26322,49.653875493318886
26323,51.98109479289036
26324,51.01086863802476
26325,54.29860631741233
26326,59.19864199781099
26455,30.048023974907252
26456,32.94342344119936
26457,33.72966455319366
26458,41.3265630372626
26459,22.700602912730073
26460,24.840870462062817
26461,25.681302817849023
26462,27.91876942996604
26463,33.830789180529706
26508,17.35785202284183
26509,19.512286792759692
26510,21.300083091129636
26511,20.508872271684996
26512,23.26803244145413
26513,23.52348457687895
26514,23.339802151729053
26515,28.916689484981752
26516,30.215425993696044
26517,32.03400607074909
26518,33.60462019582193
26519,36.35190246569212
26520,28.334335613250655
26521,32.22723073776367
26522,35.897135623391186
26523,36.02857179155138
26524,37.30800278796863
26525,41.60631442646987
26526,43.76362384818561
26527,46.81980805305513
26528,47.01234357442778
26529,49.40714997704969
26530,50.29602343540454
26531,53.654450873192914
26564,16.41336829678881
26565,23.189464092660867
26566,27.241753277409217
26567,29.71945333949827
26568,28.12966736008016
26569,31.676685924735132
26570,32.2877668275594
26571,36.569495031960855
26572,37.28012277566462
26573,39.66763066345901
26574,39.678886633120364
26575,43.345770632493796
26576,14.025507829878949
26577,32.927125113819486
26578,41.949354417522855
26579,41.263506298709544
26580,41.67818282979859
26581,47.2232741546192
26582,50.53794961335641
26583,50.98339201855768
26584,17.068760106421344
26585,17.47942441719095
26586,18.287180217250384
26587,22.572068730297808
26629,17.51677119485366
26630,17.459841389713052
26631,15.507418206123253
26632,18.47342838746298
26633,22.662978564966355
26634,25.242891421798397
26635,28.337785454397583
26636,33.60795381672499
26641,45.45885430509453
26642,47.437596955159364
26643,50.69621331534156
26644,50.22797673462429
26645,53.47636436349571
26704,18.34547199606028
26705,19.647055035296017
26706,24.671237516499346
26707,33.51051575549063
26708,43.257407550315484
26739,55.53539855115582
26740,61.08648312004285
26741,58.99650231841055
26742,64.56196732047866
26779,18.88992634913726
26780,22.599837243849443
26781,28.456191341953566
26782,31.38000529704907
26783,35.38432058580574
26784,36.6408151543718
26785,35.98859913481185
26786,38.22382797059345
26787,40.01657504657982
26788,40.27212537443959
26789,46.02149770386856
26790,48.07682965833564
26819,47.93568262549272
26820,53.86509222487537
26821,61.30077989510357
26822,65.04773176811905
26839,40.159995024339494
26840,39.98842326975073
26841,42.11149306696161
26842,42.34669613573269
26851,26.76560393902258
26852,27.851594045270303
26853,31.45423719432539
26854,35.33247743256061
26855,36.87415167513868
26856,40.248248874367206
26857,43.42027959178954
26858,45.16206998793858
26859,49.61824272751357
26860,53.853607726585416
26861,54.79029430377899
26862,57.343304760878844
26863,26.378492604397703
26864,29.948781117438415
26865,27.997912187735743
26866,30.13721775581726
26909,4.173045121706641
26910,9.267081787797657
26911,12.448825202761183
26912,13.471633505337913
26913,11.921431289899227
26914,16.032764145680122
26915,19.585355539165157
26916,22.769225371747137
26917,26.472886464281757
26918,27.883630615961284
26919,31.170916719938123
26920,40.34614666110671
27006,33.40980598675358
27007,33.58934257864154
27008,37.196978852653736
27009,43.29602584623594
27028,15.906714606390436
27029,23.011238864343042
27030,26.178511580769303
27031,30.36395603685683
27047,32.47847971870126
27048,31.715506883564426
27049,35.262788489848404
27050,38.99677229333636
27051,43.786737573060485
27052,43.31675199975692
27053,47.864218069658335
27054,50.97884349234491
27125,51.020095686550555
27126,57.43419117636474
27127,57.352396954028535
27128,58.94018732743779
27129,15.329256569515689
27130,20.81833880933852
27131,25.138476191408273
27132,29.19959742343787
27133,27.961642293248392
27134,31.42351967458613
27135,31.825035431153747
27136,32.92896666852913
27137,39.43690460827789
27138,43.071432318422985
27139,44.797415996069624
27140,48.002342481271626
27177,33.931030230187034
27178,37.17641732549033
27179,41.82646059959071
27180,43.59879520363795
27181,45.010919115298435
27182,44.71258917262775
27183,45.902049937706174
27184,49.082043530496215
27185,50.86582069373697
27186,51.25210458599142
27187,56.54220981669719
27188,56.58631084243591
27189,27.21524885296131
27190,31.016311294718463
27191,33.51262244057168
27192,33.69267668029628
27193,34.949770883498466
27253,20.933520919879346
27254,21.396021538548545
27255,20.862199239224697
27256,25.50876882654461
27257,27.474009856753813
27258,30.204800578248932
27259,30.40524255696064
27260,32.79217233471865
27261,21.19734052798176
27262,27.355212944611164
27263,36.194136623714705
27264,37.68748727692395
27285,42.44302097579153
27286,47.137073008744274
27287,44.627791689533026
27288,46.8656587630059
27289,47.77484860383707
27290,51.70138806190327
27291,53.17701002603459
27292,53.55328143947563
27293,57.703738107157015
27294,59.31344957605244
27295,62.33889522390231
27296,61.722224604765614
27349,22.415736305170338
27350,23.177145371643846
27351,25.64537484690923
27352,27.574273337825552
27353,35.406311403947804
27378,31.473493710034298
27379,35.6080690355866
27380,42.23241539715088
27381,48.569665440231155
27382,49.486378106931554
27383,49.68923169284253
27384,55.30705124938489
27385,54.5889119518292
27386,56.522291777975596
27387,61.56563380492996
27388,60.85303254297498
27393,45.110457495442596
27394,52.28701417794392
27395,52.10481314359216
27396,47.574618017850085
27397,55.21238260801317
27398,54.57617771429445
27399,51.13739528664216
27400,55.816344237952656
27401,59.163251896528834
27402,51.598792874117166
27403,55.32963500321502
27404,59.058728036984895
27425,26.314606087903638
27426,30.581541585721244
27427,34.47236707856824
27428,34.811073442575825
27429,36.52275121702109
27430,40.63297413931818
27431,43.04893126996123
27432,43.60471508834504
27433,27.304533525588617
27434,33.081300523185625
27435,35.95537214512211
27436,34.19962251195414
27437,31.87433445717422
27438,36.272777488771496
27439,38.17895390545185
27440,40.91005343302503
27441,43.39575941196967
27442,36.95591251714736
27443,44.59379452741243
27444,47.81782652196164
27445,43.96758443651884
27446,48.03331946659992
27447,49.37397880872593
27448,45.8587474726474
27449,51.73070224943475
27450,53.14997026683697
27451,54.37066381536563
27452,57.54806782191015
27453,59.70184975158468
27454,5.890093252645657
27455,8.250536394594514
27456,11.189691328113108
27457,8.331398565010343
27458,10.263733141604352
27459,13.999273679857252
27470,29.7525014531742
27471,30.751398261318112
27472,32.951641883396945
27473,35.74056698506657
27474,38.162335517161296
27475,42.014037622420524
27482,38.687674571426946
27483,47.67477449680981
27484,52.70187211473493
27485,57.78875808694114
27486,61.3033292167905
27487,63.20325780344676
27488,64.50646620125731
27489,65.47783043141985
27490,67.4194377010494
27491,67.02164357749868
27492,68.61552608297697
27493,69.76863941253836
27500,43.40193733175426
27501,47.338442538957956
27502,53.01748400441242
27503,57.57363435873428
27504,62.091206808725644
27578,27.996567523617095
27579,31.411561952366174
27580,42.7047036594078
27581,46.78253808734962
27582,41.82869213853084
27583,46.259360741651946
27584,49.31110885265112
27589,59.14814322489573
27590,60.95149891621837
27591,65.46605656537602
27592,64.6659646933553
27593,67.01755823038022
27594,67.62997512301405
27595,68.53561451753923
27596,70.18277702282377
27597,69.50422297199663
27598,70.7483005356311
27599,74.04545428221962
27600,72.11325602256869
27719,19.761715483657127
27720,23.849223049472766
27721,28.496565572042144
27722,32.506759131165886
27723,31.21334593057104
27724,34.41706501425873
27725,36.42094561191361
27726,37.65760388303974
27727,41.14503152017985
27728,42.73957344492328
27729,43.510194800468526
27730,46.000380838200044
27795,41.632193749027934
27796,50.48545613016438
27797,53.973048707083244
27798,57.13624797012712
27799,58.17693999320437
27800,59.86196359974886
27801,64.2636545557659
27802,65.46510305111387
27803,65.25705235453245
27804,66.19568406442914
27805,69.5346494065146
27806,70.36523579712507
27807,21.218915805992733
27808,22.71987123581721
27809,27.28069573980912
27810,31.390583003343405
27811,32.58749494599599
27812,37.11773412524108
27813,38.80590161771852
27814,39.278272956097325
27815,48.35053882518391
27816,47.33797137918498
27817,48.32584733308965
27818,50.94979331573674
27848,12.32919470982507
27849,15.668451646912345
27850,20.097690595210373
27851,25.278055714069644
27852,34.44361022349813
27863,43.00595921229099
27864,48.15882471929285
27865,53.24253149300476
27866,56.702426305015074
27867,56.74716664274248
27868,58.05039554688444
27869,59.270316664904776
27870,62.55146443014068
27871,67.23931025751094
27872,66.94418815560893
27873,69.93974061108561
27874,70.80328011668074
27898,24.81917010869119
27899,31.255966906724506
27900,33.30781478917175
27901,34.58520787008497
27902,36.03966810689235
27903,31.876220857822965
27904,35.96876414772843
27905,42.168632184763176
27906,43.861584422713285
27907,45.023366476620055
27908,44.21108402653364
27909,46.87530376291664
27933,6.432286617575087
27934,7.908286707651307
27935,13.380536691017328
27936,13.455018871908006
27937,15.02031475072875
27938,20.104958178384006
27939,22.771079538440432
27940,25.895473265413607
27941,34.510714696960605
27942,32.40326128386545
27943,37.14485964440986
27944,35.90983541040977
27945,43.10253052307869
27946,50.532654475834605
27947,50.46405633763226
27948,53.202408284560875
27949,43.723601228025274
27950,48.710221626152986
27951,50.91992170741244
27952,55.54198154568604
27977,64.70935252921326
27978,61.77908807942835
27979,62.47626516976117
27980,65.84068749679288
27981,64.47304419335221
27982,67.68342341982036
27983,68.2287908973699
27984,72.44844333514041
27985,72.81091521223014
28002,43.69106564122189
28003,45.190469502492746
28004,41.165648454838994
28005,46.296327868717015
28006,50.47387892573276
28007,53.97483845432081
28008,57.538578032701075
28009,57.19256942097564
28010,57.75613772758257
28011,60.33121998083587
28012,62.41527850970566
28013,65.36129733482507
28037,42.48594998228776
28038,42.37296974102916
28039,44.008030369269974
28040,47.82796081248343
28041,55.379727403266365
28076,29.045884894919045
28077,31.484805276894328
28078,43.443460480655844
28079,45.88085893545541
28080,45.9321388924718
28081,47.66829621071311
28082,50.661099713226584
28083,50.39968387003484
28084,51.83438591966461
28085,51.54070991679192
28086,54.84583296674048
28087,58.68370603523403
28124,35.83116427411955
28125,40.78161132605901
28126,35.18235514576718
28127,37.17965854327264
28128,45.889766808505
28129,50.414348676613834
28130,47.97498977487949
28131,54.196056364437275
28132,57.10052971086795
28133,58.84332897947197
28134,58.31965435011493
28135,60.25111487248309
28169,29.440367030307836
28170,34.96473247943475
28171,39.59840197063279
28172,38.726505551833505
28173,48.10879222263159
28174,19.43824742171669
28175,26.63882825048984
28176,32.439825723916016
28177,37.056485529169926
28178,36.13867842215896
28179,39.10462767518904
28180,42.192973627501786
28329,19.686913494946552
28330,25.24874253207229
28331,30.762169628855236
28332,32.820682582189754
28371,53.05063609121894
28372,61.74492890925768
28373,62.93123756433765
28374,63.01355622289294
28375,69.76585730061733
28376,70.36430986014116
28377,66.91163794416065
28378,68.53430607116128
28379,67.47502896308688
28380,69.51773508332927
28381,69.41422059827154
28382,71.05194267517764
28399,50.147310707866296
28400,52.23188979241442
28401,51.965708492351254
28402,57.16319843882971
28403,61.185682652129756
28404,63.1808399609964
28405,66.13864824483801
28488,50.812526865607424
28489,57.890076891871836
28490,59.85118076972923
28491,61.749620003857764
28594,26.271176510191648
28595,31.957142826897726
28596,34.374508980529
28597,34.83769383143477
28598,37.48883216056494
28599,42.05529452064832
28600,43.950072969809014
28601,43.601536723451694
28602,47.097322054254256
28603,49.91535931699785
28604,50.681982722213434
28605,52.760854017407084
28618,24.140249887181533
28619,25.50362110634194
28620,28.282220348832077
28621,27.899621972367015
28622,30.316220418119663
28623,2.577008190289841
28624,1.2159056366754368
28625,3.2065952688720296
28626,8.01745024421803
28627,11.9511923840947
28628,14.265325926564474
28629,15.112116320896668
28630,16.363286678762
28631,16.308538182124995
28632,18.879477133132205
28633,26.11156900208579
28682,13.793513119493669
28683,14.329623894036883
28684,14.204418815976759
28685,16.211418404526377
28686,17.413605344240892
28687,20.815391718092474
28688,25.87229144181621
28689,29.873786234686197
28690,33.24194214860629
28691,32.140769282326666
28692,37.02858257315833
28693,43.27641919555897
28711,3.8136476752586783
28712,6.414134352063008
28713,10.078209747359999
28714,14.150154371605952
28737,19.857088164234735
28738,25.551164334588922
28739,27.44542016164748
28740,27.60778693823036
28741,1.248805723620307
28742,3.6372010205928866
28743,6.987076455960973
28744,9.839823987014956
28745,42.43863185299088
28746,47.29842598313095
28747,47.55398280425601
28748,51.79588839586326
28749,54.631426912139915
28750,55.365147543660974
28751,58.63996411638557
28752,59.571428548041865
28753,62.52294498036111
28754,61.9918473141449
28755,61.12064078497719
28756,64.46084999176985
28761,29.652671785045094
28762,32.74356150827769
28763,35.476441412252356
28764,33.83557542609995
28765,37.80292734864572
28766,39.609021529339714
28767,43.51357106067376
28768,47.10926476045337
28769,50.66932733078586
28770,51.22618125094902
28771,52.5186868105778
28772,54.33284985355976
28825,18.610600916739923
28826,19.785355042425063
28827,23.431005719719536
28828,27.8339110039927
28829,35.016838210038486
28834,23.57027702394892
28835,28.375975600392646
28836,32.32754752025008
28837,39.81643322772724
28838,39.813561775088054
28839,42.93496654646624
28840,43.298034375735696
28841,42.02223918237108
28842,46.47743797634372
28843,53.63094763780434
28844,31.014543409059204
28845,33.01567792708689
28846,37.071794698766105
28847,38.20557284814073
28848,46.1340262485665
28849,45.96169431409929
28850,45.30046853672007
28851,47.26107164767357
28852,50.19368156437269
28853,53.47710964523121
28854,55.67427199893583
28855,59.18043344907413
28901,27.120003453163314
28902,26.952724365958876
28903,21.395334714646776
28904,25.626092711577744
28905,27.32229238855295
28906,31.803109117471493
28907,32.13633312262117
28908,36.728895981945236
28909,38.14263646449081
28910,44.940772220858456
28911,46.527943183315095
28912,45.61671179131715
28913,21.849812209226194
28914,23.016637649255184
28915,26.61694103762395
28916,27.051170085050313
28917,27.01245773731043
28918,31.472997161284432
28919,34.47056077271696
28961,29.32364901389048
28962,35.339806267532936
28963,37.10231772316248
28964,40.59659963964896
28965,34.191131587886886
28966,34.85019832918609
28967,42.14624967007167
29047,24.085569259340716
29048,27.128448189137725
29049,27.140451356540094
29050,27.456926094495152
29051,27.337466941336583
29052,30.745503842978728
29053,36.06124647276595
29054,36.74471110217221
29055,44.08570189000625
29068,15.339325799570494
29069,17.424174278053165
29070,18.791216418431315
29071,20.04798818454285
29072,25.804603821993773
29073,29.585039545056958
29074,30.053892382751748
29075,29.17821749695172
29076,30.844882986490195
29077,29.387425190833543
29078,33.760887634833225
29079,39.01004777046524
29221,10.699970027560461
29222,13.96594170672686
29223,15.042948472473665
29224,13.813502477046605
29225,15.097707186269096
29226,19.40587916662209
29227,24.01425120470189
29228,25.154370082543423
29229,29.48597451474654
29230,33.41456682317807
29231,35.92380954362923
29232,37.46957746174215
29341,9.705712414201523
29342,14.669277028026317
29343,18.593753517207162
29344,19.730661671094282
29345,19.27171447420312
29346,18.241611505781055
29347,19.54256979353364
29348,23.706311823669566
29349,27.958113425373476
29350,29.207396800217346
29351,32.45555362279634
29352,33.41521625649318
29384,55.32065639881327
29385,59.685321452820205
29386,55.62181640914929
29387,60.3439787185989
29388,57.88847504253927
29389,61.81861315656534
29390,68.36000254545499
29391,69.43686909157493
29392,67.58523279508015
29393,67.90550993426231
29394,67.18551502232171
29395,70.42656000207579
29417,54.44512917362326
29418,58.883319119299045
29419,59.21863319161864
29420,55.7792388065685
29463,34.20702617944052
29464,35.827065590236856
29465,37.31734026560784
29466,40.415995500981545
29467,43.59374032819883
29468,49.71413144402883
29469,50.571877281538775
29470,50.59858579410818
29471,51.56777540155535
29472,53.70639061708843
29473,51.56275331260819
29474,55.04546617942756
29475,25.766167005913736
29476,28.335122373577143
29477,28.735980362975752
29478,32.900128455834675
29479,32.96740635854921
29480,36.08319671202144
29518,54.63511787235172
29519,58.76181299182569
29520,60.97329734704419
29521,62.61380856173053
29522,64.19794272457592
29523,66.09156876234913
29524,68.4387559413818
29525,68.0969792472568
29526,70.56232529894216
29527,69.94655285416508
29528,72.6622734798094
29529,72.88685485468463
29557,32.65554260111744
29558,34.12473293633598
29559,40.50112178263882
29560,41.500500709805344
29561,46.57837584759652
29574,24.894461515324092
29575,31.76909163353694
29576,38.523551259088634
29577,41.14407021277171
29619,49.84822210666557
29620,52.168651020796986
29621,52.444865398871926
29622,56.77037832659518
29623,41.06175536165817
29624,42.92097817086001
29625,43.05876577488634
29626,46.134334357032635
29627,47.17505922575067
29628,53.688932281174765
29629,54.02824428080703
29630,56.26185270881288
29635,19.376791182633536
29636,23.450046639777334
29637,24.531435596068942
29638,26.558294462323218
29639,34.682715172687026
29640,31.939280949389236
29641,36.32754458512858
29642,35.219422075169675
29643,37.80709675918503
29644,41.763100130400524
29645,44.398755353562656
29646,49.19740083360491
29687,50.26934614835824
29688,49.74358293879073
29689,51.442015579606405
29690,54.4129462516533
29691,61.38082058200822
29704,24.711889154737054
29705,28.84272745209094
29706,30.444924472606896
29707,30.926025934697492
29708,33.4412527509818
29709,33.94815108788705
29710,36.61285927490465
29711,41.85002306001088
29724,8.438693462510106
29725,8.784154718075344
29726,10.926343154074049
29727,14.702834487787563
29728,19.657486770135367
29729,24.16884871034929
29730,26.883105536198453
29731,30.265734114309343
29732,31.893846888078834
29733,34.51811364572198
29734,41.33848525450028
29735,43.85697745460586
29736,20.66177819514238
29737,23.24295898641919
29738,28.12519438880984
29739,30.09754012321602
29740,26.838417774680984
29741,33.52069877684547
29742,35.78964295532715
29743,38.601357818757734
29744,38.833550903762024
29745,42.517942891974045
29746,44.023803341771114
29747,47.25741727216554
29796,35.74717490579773
29797,42.54256302386651
29798,47.106285729317314
29799,50.829732130664446
29800,54.55097182653503
29801,54.80146866984462
29802,57.15877370909881
29803,59.207150620731426
29804,60.89252705897113
29805,61.08674309348939
29806,61.91390757285565
29807,62.27669331404116
29817,1.212755555889469
29818,1.2462492666386034
29819,2.8221158147738805
29820,8.177928079045529
29826,42.25322340850638
29827,41.71750889727898
29828,41.50553037331939
29829,49.125507967238285
29868,1.304441624808556
29869,0.8371288146952861
29870,1.2402861913598004
29871,5.761864566141579
29913,22.40046923412896
29914,21.00483483362066
29915,21.151521355910955
29916,25.21812496258041
29917,31.020305640471364
29918,37.24225760897797
29919,33.23981928203968
29920,36.83913385610006
29921,40.51040112574599
29922,40.67575035109306
29923,44.77609038053909
29924,49.228625995716904
29998,28.16239294406991
29999,30.577644334897084
30000,32.61729851768947
30001,33.22191149132097
30028,5.256538581896927
30029,9.97917031617309
30030,14.983528930663336
30031,18.638385809631018
30056,2.081349867142618
30057,3.06142435608227
30058,4.465377323098114
30059,7.750475352740386
30060,9.524112373307135
30061,9.908290514184221
30062,13.295334742645602
30063,18.387037807396066
30064,19.608535695727788
30065,24.111221035897543
30066,30.06516562105176
30145,26.673052361469004
30146,29.99287487753057
30147,36.98189676107189
30148,37.885631266563585
30149,39.16208156229091
30150,41.99948082915711
30151,44.36413612711603
30152,45.77615787794164
30153,48.20746549285944
30154,54.27142679447951
30240,26.65486166679067
30241,31.830578803247878
30242,35.163992641079076
30243,27.18839819266205
30244,30.148305932171382
30245,35.63675556586073
30246,36.62150502721075
30247,39.524623029281614
30248,42.89018312654718
30249,47.90890758817801
30250,48.50606137006932
30251,49.27630543586608
30252,21.281578235827023
30253,25.816730723871782
30254,28.511078493547306
30255,33.173788897607935
30256,35.83012191959207
30292,9.06205691962475
30293,13.465285486350247
30294,18.274944013692533
30295,20.84242976541169
30415,19.958884583526594
30416,23.412797590702926
30417,26.180904265915565
30418,28.2852586592927
30435,11.066699128176777
30436,12.74338253852841
30437,15.145875715541228
30438,19.128175310836305
30439,23.32612053318513
30440,25.04620864740423
30441,27.10699474830526
30442,29.328453807020317
30443,29.597713958112223
30444,32.62036362824454
30445,35.85685443516883
30446,36.194531813710206
30452,60.51732542689345
30453,61.86095231695874
30454,61.29477348890161
30455,66.69385550248148
30456,69.03287785336128
30457,68.43633057550879
30458,69.2677530971866
30476,1.253499085077464
30477,1.2165085126488124
30478,3.9092269553984376
30479,6.900021608973453
30480,11.166794124200058
30481,13.849095231386837
30482,13.031520305614618
30483,15.567825386453466
30484,16.119472698778413
30485,16.904810140548687
30486,16.678033005478373
30487,23.997836144026717
30500,32.846651846323226
30501,41.20552070035452
30502,44.84798362502744
30503,45.875712820994366
30504,43.1967697323078
30505,46.2048837999726
30506,48.49330395039618
30507,50.90068619318352
30508,54.685243533321156
30509,55.630529646830894
30510,59.09682624939199
30511,60.95879147828445
30517,20.14906906302565
30518,25.762732392923027
30519,30.023527793951313
30520,44.04232959953363
30590,25.958845923468164
30591,34.51893604819343
30592,36.31964100622118
30593,42.727225423349
30594,27.510149743928714
30595,32.822879478181505
30596,36.65528866063802
30597,40.01220158842819
30608,37.810233169550536
30609,37.9243014475191
30610,41.94967241822328
30611,42.97197563065542
30612,52.6189627232798
30613,54.93785236771849
30614,58.50147345231899
30615,57.12472130483994
30616,63.51725805020117
30617,58.323077719883045
30618,62.224043218057226
30619,67.56438749031446
30655,25.14703742877845
30656,28.925356685090264
30657,32.407912533226536
30658,40.64666234205107
30769,8.737778180177136
30770,9.801302786588057
30771,13.58024185256575
30772,13.17056529525165
30773,18.344437076547827
30774,20.47705502793174
30775,24.971142078966903
30776,30.142994709411234
30777,30.8141435394328
30778,31.861549913568677
30779,35.15506671852324
30858,2.2738002979180085
30859,3.3008781932174776
30860,4.98749140190126
30861,4.557101549037437
30862,5.91454630306766
30863,11.507483947567446
30864,13.456499450954865
30865,15.520162519978935
30866,16.16591340922165
30867,20.599037485721663
30868,24.86169229620058
30881,35.108201661351956
30882,39.826107533527555
30883,41.80336696917189
30884,45.90816466423837
30885,48.733672943209044
30886,51.68979009315638
30887,54.086664700974104
30888,58.616341283847106
30889,60.40188103216461
30890,60.78405685398472
30891,63.38961383719313
30892,67.06652437898167
30893,28.775344246629523
30894,29.96706809606858
30895,39.673358038621956
30896,41.12708769578839
30897,46.65177131081444
30898,51.193484350320915
30899,54.64846288171031
30900,56.34548916672053
30901,59.354524297115695
30902,58.02524842149024
30903,61.5952051095891
30904,62.08495201891793
30993,28.996691597988242
30994,31.614854930610306
30995,26.10474040403931
30996,30.271760810825906
30997,33.72785863698151
30998,34.34217357053022
30999,39.29717368134279
31000,39.57081131124762
31001,42.320369217578204
31002,44.75612777568473
31003,44.61488298284142
31004,46.95776366683332
31005,26.055485765527
31006,31.20325508441868
31007,33.89528775301444
31008,35.922531863853315
31009,3.8237914999804534
31010,5.954425174075116
31011,8.324295091204347
31012,14.280523670533785
31013,15.548828872481263
31014,18.060172451144858
31015,24.129670923744005
31016,26.51028471009492
31042,32.50689266533063
31043,34.4787183189847
31044,42.79647726692808
31045,44.75207876007038
31046,44.88653772026127
31047,50.57782011614396
31048,51.84604194040018
31049,54.672356908878896
31050,56.95082262465504
31051,58.717638848279066
31068,17.33744942397562
31069,22.680759341819147
31070,30.648733988023782
31071,32.67094485780064
31072,33.080387393362415
31073,40.68500371503247
31098,9.938014686500892
31099,13.974448100389816
31100,17.535988063203074
31101,19.623115879860173
31102,21.43843729066493
31103,24.509873622661644
31104,28.601682215378815
31113,41.52261654786987
31114,43.81006534074677
31115,50.99217514171718
31116,50.40847533065505
31117,14.569025760629497
31118,16.00805464781314
31119,20.5385244355551
31120,25.318810076964695
31181,4.8423309191280195
31182,8.774398920154576
31183,13.164170787509784
31184,15.082112880059578
31185,15.593517660506825
31186,18.750203410407714
31215,31.257960408252533
31216,36.952906903395665
31217,41.476107044912155
31218,41.79257777572187
31219,45.36046598904863
31220,45.59278626653102
31419,27.486233071242392
31420,29.812385982415293
31421,33.50613524524476
31422,41.98634941833099
31443,39.74124632407561
31444,43.54919079743347
31445,45.69327754545032
31446,44.37847807552207
31447,48.54001434524312
31448,50.7593771202069
31449,53.38384685060271
31450,58.98863829050627
31451,56.961022177468244
31452,61.19980441956159
31453,61.21201012520636
31454,63.75073917507352
31483,52.24107305387373
31484,50.02835034990817
31485,50.14963813943368
31486,54.397771721853445
31487,58.37824327645243
31488,18.839733834987868
31489,21.207692569114325
31490,28.336777009499222
31491,30.859476834342008
31492,36.07791073662998
31493,39.656401137015465
31494,44.494731200915886
31495,45.58380686283434
31496,46.928741454665115
31497,48.66155122518373
31498,50.73244599203097
31499,50.93161483062728
31536,39.33100889282479
31537,42.51056539202499
31538,45.2896940741103
31539,48.93207762007503
31540,53.994116802517006
31541,56.196128120128805
31542,54.800940632408
31543,56.26204180519963
31544,60.660153126169796
31545,61.945731298210056
31546,64.51852298821763
31547,67.27604738117196
31548,21.23138330039774
31549,27.118187693744552
31550,37.56535714230275
31551,38.840465278400664
31552,41.98730575324753
31565,29.973748630786837
31566,35.926074862928026
31567,39.95950002026269
31568,38.75424617012261
31569,40.534305164925
31570,51.95033660961852
31599,18.04652064207868
31600,22.62122639051452
31601,26.301084485671232
31602,28.558422842805797
31603,31.162530592750535
31604,31.501409776304005
31605,35.2078381580489
31606,38.26008863397115
31607,39.59384126205298
31608,39.78386750483998
31609,44.56551802649659
31610,41.76481325405093
31627,30.14696592167318
31628,36.396889468922545
31629,39.733054642665486
31630,42.16147631100626
31631,43.94849617244838
31632,49.23138113084813
31633,54.844910691041804
31716,16.999290348657063
31717,24.78743196462658
31718,27.984816503893892
31719,28.093236950699943
31720,29.00713615370499
31733,3.095609837635653
31734,4.664253081789692
31735,14.500851508518648
31736,20.77837031003363
31786,5.112449519626438
31787,9.541389642556437
31788,11.845491212306248
31789,18.731654599162066
31832,58.090651271507305
31833,58.191249691330285
31834,65.58315299151634
31835,67.11527846512197
31836,65.79329486985226
31837,68.16343887022944
31838,69.86094922850266
31839,70.90553225379584
31840,70.69574183348512
31841,71.80035542943851
31888,33.62939249135497
31889,39.7629804069585
31890,45.777563094891626
31891,46.89848438941238
31892,45.45540508573873
31893,43.3940666358073
31894,48.90824817482341
31895,57.47692097567139
31993,36.20389888270111
31994,39.22576576759254
31995,47.94690684166467
31996,53.09770378375339
32014,17.604360905787736
32015,19.814041775638053
32016,19.80883372577276
32017,23.24813265728599
32018,26.41871021143858
32019,29.015619007280023
32020,26.261158546068742
32021,35.764232498249804
32022,34.563311804446236
32057,26.26519989522249
32058,25.58802475492275
32059,28.07561301189774
32060,28.520252985159015
32061,31.190344928771562
32062,29.81311117540073
32063,31.7321821259867
32064,34.25069397174866
32065,34.98693379909914
32066,40.70405711917953
32067,42.34971276232659
32068,48.257301109314284
32119,2.6611737055448534
32120,2.259320407010648
32121,4.816613326178768
32122,8.044021229233076
32123,13.07525192630548
32124,16.21688865398499
32125,17.40893563265912
32126,17.185442438083236
32127,21.851639952298903
32213,34.263995104154176
32214,32.7061698715105
32215,32.404234529579796
32216,34.16923563226777
32217,37.973892063867126
32218,41.80307464985538
32231,25.974060229074485
32232,36.515938988928305
32233,38.610311053292214
32234,37.258416184668754
32235,43.876324297076785
32236,21.121543456288165
32237,24.585449825964034
32238,32.38388221552646
32239,31.535977907979582
32240,33.367836750917796
32241,35.253006574135476
32242,35.84745112798004
32243,35.51787413564963
32244,36.499578492268896
32245,41.602704068163106
32246,42.15375761255921
32247,42.91467041945646
32353,9.874659729196487
32354,11.346248948412077
32355,13.60723970011931
32356,14.85050466272284
32383,1.4227210462116047
32384,1.5969747334179558
32385,2.033386214718161
32386,6.32805754786122
32449,5.003722190935749
32450,7.1582115882509285
32451,7.36504684229589
32452,7.633157572166254
32453,9.329834549441966
32454,13.81162733541271
32455,18.563833564183458
32456,17.12574415093103
32457,17.69522772568861
32470,32.67790211130465
32471,40.28692661537413
32472,42.01776327626274
32473,41.83218039871652
32474,50.50767537141855
32475,53.203923554947174
32476,57.75275575663172
32477,61.09847949860283
32478,61.226538853717976
32479,60.73716691496124
32480,65.02588204593295
32527,38.175447491715225
32528,37.64219627605253
32529,36.186211302311115
32530,38.060807677419575
32608,4.259313048204053
32609,7.252431597045902
32610,11.415883622674992
32611,14.28473824721066
32627,12.071291315969594
32628,21.206688547187674
32629,27.76757283012784
32630,31.79822184160158
32713,25.58813188034997
32714,33.435489166935874
32715,34.088670834132714
32716,31.798532930832106
32717,33.92735012821478
32718,34.98966343388798
32719,41.57790966552216
32720,41.917893140542844
32721,47.9941445251782
32722,49.17573239608274
32723,51.35405145162845
32724,52.26511935234066
32725,31.252179477083185
32726,32.8383495101022
32727,37.74494856967685
32728,39.84749408602616
32729,44.5195080295573
32730,44.83125359379407
32731,50.059893898311294
32732,53.84885364192407
32733,56.103398037738515
32734,57.31804408308247
32735,59.451242659294074
32736,60.79063198016279
32741,13.808303909170826
32742,18.157793143799342
32743,19.00391669011835
32744,21.31225719976854
32745,28.067170830354176
32746,32.55794319383823
32855,24.928701382435065
32856,25.752050380923688
32857,22.152514259860535
32858,25.912750453548533
32859,27.381541750265328
32860,31.533332346463155
32871,1.351874017138658
32872,1.5645716512947085
32873,2.8189099229935586
32874,9.172953206221466
32875,13.582072577814076
32876,17.257244881682716
32877,16.801696860419597
32878,17.369086341856068
32879,16.992092199906867
32880,22.587644413086174
32881,26.583763600542078
32882,27.618126645210783
32901,10.907511616975386
32902,13.947062144289198
32903,14.598985847013514
32904,14.710485233657476
32905,26.130261365460807
32906,29.706165469359984
32907,34.22961251585413
32908,40.820734757528534
32909,49.818720278240384
32929,45.52995895641901
32930,50.07951800689333
32931,52.7804269787708
32932,49.41834639730662
32933,52.80156850282067
32934,54.5725593480907
32935,55.94034672849219
32936,59.30877296814568
32937,60.64644593611097
32938,64.30011148557757
32977,1.1449739653424935
32978,1.807253074929015
32979,1.7324023896996534
32980,3.1288538621879773
32981,6.70755824056205
33029,35.89702369171471
33030,37.42772132315583
33031,39.30564065493726
33032,39.40199359495252
33033,41.745050292829376
33034,44.22168924705412
33035,47.35719265737672
33036,48.4427716782831
33037,47.7249065554458
33038,51.13239552164987
33039,50.605786259969804
33040,53.53132175228721
33107,36.59235252053345
33108,39.72114673782481
33109,44.20247171525469
33110,48.15798026403363
33111,47.527454419726105
33112,52.04256816096158
33113,51.625846850796684
33114,52.57696850677894
33115,54.39670994122304
33116,53.36988444538362
33117,58.07888811458357
33118,58.658367269063035
33119,29.81925147048682
33120,30.85589606058746
33121,33.31123402344553
33122,36.73922339726488
33123,39.634170379085106
33124,42.38757610244102
33125,44.814158804891456
33126,46.33351421935059
33127,47.38939256688618
33128,49.96310612764579
33129,54.40472033567758
33130,53.80793396109684
33135,25.989873542211793
33136,27.480748712011756
33137,29.814490426434144
33138,30.65966548808674
33139,30.932218708349893
33140,37.24671511724978
33141,35.83645314153028
33142,40.260193206048164
33143,41.91897737529278
33144,44.56891266057165
33157,27.927118665376636
33158,35.239385854522105
33159,33.928550509305055
33160,35.506806604520946
33161,39.14530537850255
33192,10.229437908952882
33193,13.629476733766827
33194,16.731483729510224
33195,17.32821477104819
33196,18.14207175548799
33197,19.41967931361953
33198,20.24817855629214
33199,27.771561823587582
33200,31.147530970550196
33201,28.325069995894026
33202,35.64865944961613
33203,37.120441069430974
33204,23.453782869134322
33205,25.404549149557777
33206,29.062996670306063
33207,29.79791450047068
33208,33.01529263920176
33209,37.04768191061786
33210,35.19195198832687
33211,39.19273278440812
33212,39.19386210925614
33213,41.24324609625071
33214,41.816958275623186
33215,42.246344445679796
33228,12.43590194804722
33229,14.695855497154739
33230,15.432994922653254
33231,15.819927750827707
33232,16.12629158962109
33233,17.087198659626228
33254,16.351949718221725
33255,21.32188309583938
33256,25.316637070417706
33257,30.53516270219029
33258,1.2688356906316205
33259,1.4984980553172296
33260,1.9486303271724668
33261,6.421226732864454
33262,12.746868852304338
33263,13.97773667707355
33264,14.503601005233934
33265,16.57615959744246
33266,17.102088646178586
33267,14.911657061952383
33268,16.44293950974044
33269,21.602838410575917
33270,23.03219012104472
33271,27.02909144516608
33272,27.649787264405532
33273,30.145836665025357
33274,12.602948049128791
33275,17.435258161425626
33276,21.142444115151495
33277,24.035652384702047
33278,24.537392507623753
33279,28.655390116527293
33280,26.175735897521385
33281,29.592456836179263
33336,37.45181300820575
33337,38.65154457179839
33338,37.89302155099032
33339,44.965878482639035
33483,3.3106647860502245
33484,5.591379558573138
33485,7.334695598590665
33486,9.279390021722483
33487,10.883171814474926
33488,15.83954784801552
33489,19.145605242301315
33490,21.748424674836393
33491,36.46829563552141
33492,39.834313907693975
33493,44.1414251324849
33494,50.23348823291505
33495,50.23986312844766
33496,50.951703851757586
33497,55.003938371060855
33498,55.622029684087806
33499,56.73693270341682
33512,28.99907836598279
33513,30.565843857536418
33514,30.065290059559022
33515,34.47299546680373
33516,37.953027960054364
33517,41.157299970508284
33518,44.6202494676157
33519,46.77330592556123
33520,50.0206759001154
33521,50.80171912632667
33522,51.58223478329741
33523,53.78954093886281
33528,28.599144349837303
33529,34.68573561642267
33530,42.93395345683497
33531,47.94135867208374
33639,5.631821726487321
33640,7.1444275920834555
33641,11.580518279429675
33642,16.32875446496025
33659,40.552889721809215
33660,40.70028008388743
33661,49.33068358027047
33662,54.606014023120615
33716,34.908692042145326
33717,39.10691291526685
33718,41.089698594046325
33719,43.765866189518
33720,44.505706314260664
33721,46.728916893816425
33722,53.02249368706845
33723,55.66397717974671
33724,56.46226890756425
33725,59.10358194602217
33726,58.05559706149505
33727,62.813326012487515
33958,12.078913260737266
33959,15.739160968616991
33960,18.437568377907283
33961,20.179163319986685
33962,20.904143166535263
33984,8.714871885660346
33985,13.505515199573676
33986,14.946615154002536
33987,18.773111095848858
34035,1.860843949334968
34036,0.92245125798042
34037,2.5417504396005004
34038,3.632085174227621
34039,5.876871099052077
34040,10.751066733141903
34041,13.342665034569714
34042,13.590323878434623
34043,12.803578722134356
34044,15.308064143001038
34045,21.622532557253344
34046,27.013130751388164
34047,56.033490292143064
34048,61.0373992173802
34049,67.8028832313641
34050,69.92953938691404
34051,68.61590762988459
34052,68.86522380316734
34053,69.59869389081739
34054,70.84836355695592
34055,72.36401547309062
34056,74.19116169642463
34057,73.3779617270549
34058,74.99631046672025
34063,29.358022767135992
34064,33.64398623341475
34065,39.74948477601888
34066,41.5979743001671
34067,49.59850872743401
34084,9.729728380520404
34085,12.50660261245756
34086,14.660707505845664
34087,17.359811921540736
34088,19.439754745766223
34089,21.03450687492124
34090,24.709280288646553
34091,31.52229892527917
34092,34.20621085071834
34093,36.46928286100979
34094,38.62014268656545
34095,38.87647523000426
34108,26.764312203431913
34109,30.655539042423346
34110,30.556391315687875
34111,43.00210272900026
34112,44.786951845884225
34176,17.105726413854924
34177,17.698504865798817
34178,19.547935755390796
34179,26.689878624899585
34180,31.745373640882978
34181,30.791427304743305
34182,34.17650533261982
34183,31.74613122624299
34184,34.83278821210371
34282,15.87774288874842
34283,16.65117967795497
34284,17.475597533970607
34285,20.70251458562238
34334,10.403309989437371
34335,16.25676792034891
34336,19.127038283656297
34337,22.12023233949189
34427,42.052847613293075
34428,46.47602714731696
34429,50.10192371152738
34430,49.10606127342848
34431,51.63804361428038
34432,52.65772671060365
34433,54.856321357854235
34434,25.99836839184836
34435,32.57663723091123
34436,41.99237958193761
34437,45.3544290857947
34486,25.92768582828865
34487,31.257084834541143
34488,34.401369528168225
34489,35.36510666823359
34490,31.30541855959804
34491,38.14695105338564
34492,39.673924977856565
34493,39.77800306089802
34494,39.4826280088165
34495,41.487556965824744
34496,44.08408255795077
34497,44.31439720416269
34538,0.42625912495531126
34539,1.0830768724367175
34540,3.0275384610658085
34541,6.835587139464874
34594,38.67437879067649
34595,40.46141883715748
34596,47.12593186488147
34597,50.68748140263025
34598,7.697167070061297
34599,8.506980236998936
34600,9.710533157673513
34601,13.204194895243104
34602,15.098620881465543
34603,17.207246672089845
34604,18.162163566201038
34605,20.557839119897938
34606,23.72502793105828
34607,26.751383811058798
34608,29.99190756825543
34609,34.58408846942047
34610,25.628720366590755
34611,29.114378252058227
34612,30.903738208020798
34613,35.864986956333574
34614,36.58991183799013
34615,35.576360670726466
34616,37.44481530510048
34617,12.254812054922718
34618,16.08835960433667
34619,18.885151056480378
34620,21.560255343854998
34621,26.24292743806445
34660,10.058161298863977
34661,11.591381562006465
34662,9.144754425898824
34663,13.367973557311416
34664,26.738886712200582
34665,32.603823902222594
34690,5.503620612345848
34691,9.385915076067068
34692,10.483460345662794
34693,15.266081992073627
34694,12.818432040411542
34695,18.24341907006752
34696,17.770204079895105
34697,23.222532615239814
34698,27.72569635611602
34699,34.85294051892245
34753,8.538228779502788
34754,14.928035608316346
34755,21.18062307297553
34756,25.881772028324562
34757,25.958415322733973
34758,27.05962276270355
34759,36.10633237604529
34760,35.94656869564259
34761,37.70982542095955
34762,37.156326159776214
34763,38.10008818600116
34764,41.532808722787095
34806,9.95192177521663
34807,15.17060410459285
34808,20.575095309683267
34809,24.127503251475897
34810,26.896824384848916
34864,12.98785373810744
34865,24.381147992081377
34866,27.441773235475914
34867,28.874500144926305
34874,23.7583682525966
34875,25.370562408700994
34876,28.93490416758121
34877,38.958527400738596
34906,27.31683843296772
34907,29.191528298918133
34908,29.11337874946575
34909,33.16532844051345
34910,33.848723878370315
34911,34.911881684539
34912,36.20929250175654
34913,39.81322003526391
34938,39.128446142306316
34939,43.229347133248886
34940,42.23869462589386
34941,49.182858342789196
34942,51.30278472474893
34949,16.358033607273466
34950,18.909871035348445
34951,23.587907861767196
34952,25.6974413557267
34953,28.655990675617673
34998,37.23787876925232
34999,40.75033096447771
35000,41.442244047398624
35001,45.321967252810445
35002,49.44562628514747
35078,41.45197844760335
35079,41.2127582753881
35080,37.75538732205349
35081,46.27988203351835
35111,9.730508856618648
35112,13.054294044059928
35113,18.896978837530153
35114,23.435123274587426
35115,26.169840702017858
35116,30.640096877527284
35117,33.93492866687546
35118,37.415733783522896
35119,37.50606409415858
35120,41.01367450035822
35121,37.84796396666791
35122,44.09960903665547
35177,35.41625957203561
35178,35.06319628516788
35179,41.9353908582227
35180,42.493759309937694
35181,49.11322708032175
35207,22.200554523335086
35208,25.174885268155098
35209,28.022297013407883
35210,32.9622239622513
35211,33.1783095943648
35212,34.603931690823444
35213,37.6302271200493
35214,40.87986214314077
35215,43.215417442026
35216,47.19230414626035
35217,48.14412388696972
35218,46.97819733647319
35277,41.42251770147307
35278,47.39786037703038
35279,51.139763326665275
35280,51.77818979551499
35281,57.22154050366455
35282,56.86736180007918
35283,58.22110007614897
35284,61.01837774217458
35285,63.99372606500995
35286,45.13005022511569
35287,45.956610583483474
35288,43.30239368400114
35289,50.974120755568855
35389,22.8916372207378
35390,23.771023292038006
35391,27.23963512444528
35392,30.056207196182527
35393,31.780717507939816
35394,30.277450400383618
35395,29.90613370299786
35396,32.15090411563625
35397,33.963166426077805
35398,36.220044372523546
35399,38.6502086623318
35400,38.93435860625703
35401,29.465446941431658
35402,31.133971166856256
35403,35.86180650885446
35404,39.676793847715196
35405,44.34397676052541
35406,45.700318571382475
35407,47.941153719306776
35408,50.4092087018875
35409,53.19263099331159
35410,53.884309962740495
35411,53.27380914494407
35412,56.583791989670374
35438,29.996024225985384
35439,34.04829686537447
35440,41.56787151372781
35441,47.75097143499295
35442,42.09270352387526
35443,45.94782920148018
35444,46.86689866272993
35445,44.87472820703351
35446,49.00605663417844
35447,50.36957979073609
35448,58.46394069708479
35545,54.21915866935595
35546,55.24302894222267
35547,56.52634515350137
35548,57.39335196791763
35549,59.825959787326205
35550,60.097020751513114
35551,60.21521689358645
35552,62.38132168259772
35553,63.20036016655378
35554,62.447959130605966
35555,67.54533166388872
35556,68.1885237913231
35557,26.83827771747623
35558,39.561716372281005
35559,40.25477915181058
35560,42.71783043895497
35614,37.18891423865682
35615,47.869526248049084
35616,48.31133748966775
35617,45.128482001878595
35618,48.35910925285279
35619,47.299292967715296
35620,52.82601574905734
35621,17.607472129648265
35622,22.46499697505221
35623,25.21234162131046
35624,29.631644172857143
35625,23.680074217115227
35626,25.352701481249028
35627,28.822214424015403
35628,33.58816996395018
35629,36.785865616847886
35630,35.5462186225666
35631,36.864038482794015
35632,36.46801905429186
35676,47.631241054988536
35677,51.195114559690666
35678,55.06457444452443
35679,53.99164334391886
35680,59.24100056815795
35681,57.52829048266384
35682,61.156161913077774
35683,60.79093192365702
35684,60.93896103055264
35685,61.9376403572526
35686,63.33475068098311
35687,61.8539643066524
35706,20.85693221958899
35707,23.18828533828671
35708,24.938900651492926
35709,28.52712960009408
35710,14.830604721046221
35711,20.34515507886099
35712,28.034087056257373
35713,29.386929871605123
35714,28.07257695819754
35715,30.894946311210123
35716,30.16795219574636
35717,36.51427599933527
35718,24.557757800199877
35719,29.892346039338417
35720,32.754069856678825
35721,36.719810611405684
35727,18.852297171395435
35728,23.754067585193724
35729,27.634433018655127
35730,26.158926638460485
35731,30.766168130131877
35732,35.98624378391314
35733,35.80735821111363
35734,36.415125852913114
35735,36.95839714565243
35736,39.522777276715814
35737,42.88496345688035
35738,42.890101353412994
35745,12.505300898819398
35746,13.697530960680803
35747,11.95907758705573
35748,13.604747470886956
35749,15.184621606725845
35824,16.034063416160027
35825,16.724367670801144
35826,16.102305748661987
35827,14.61410706574831
35902,0.37857347517161366
35903,7.601369945600955
35904,12.565311873306925
35905,19.75724203550538
35922,16.876211234810814
35923,19.02038578996427
35924,24.490834240226874
35925,27.606182465345665
35926,28.995365692928413
35927,27.09532313441315
35928,29.371917133289205
35929,30.993500763311896
35930,33.73295271656894
35931,38.13505805360186
35932,33.793915291131704
35933,37.82568181951365
35974,17.37807901678028
35975,18.182554238936245
35976,20.629800232384397
35977,27.82636308925499
35978,30.21184960985709
35979,32.45620002596426
35980,33.06479555791346
35981,37.48966673429812
35982,36.18706555438265
35983,44.47881674056325
35984,48.18049550204827
35985,49.562840865441586
35986,6.938180818945897
35987,16.32899948456994
35988,23.69056163222642
35989,26.106667924926246
35990,30.05133342588524
36068,21.215306337471343
36069,27.00247422558377
36070,31.579061464600745
36071,35.530614519544834
36120,37.9623194854297
36121,40.538799370186915
36122,47.44309094951187
36123,48.474548944164596
36124,54.35644925923868
36137,20.848009567883132
36138,25.907828585412403
36139,30.826352823320672
36140,28.013871073383328
36141,33.59167938770248
36142,34.16150240521527
36143,37.522663954275366
36144,41.225971079280114
36145,43.879943471566264
36146,43.72042829165879
36147,47.92909573935534
36148,48.269146306002106
36192,38.37958096165482
36193,40.3737628550797
36194,44.51487488922713
36195,46.81382450751317
36196,49.35398991310788
36197,58.04091716079423
36198,54.80308061560186
36199,59.00353573562215
36200,61.49837446234372
36201,58.955714407487754
36202,64.05152355406229
36220,24.51258549590732
36221,25.842851023344267
36222,32.72385302285807
36223,32.315096004880125
36224,32.74364510331308
36225,35.56013130115803
36226,38.25852543015878
36227,39.85382225065432
36228,39.02100478022405
36229,45.40718003445639
36230,48.920830394956766
36231,52.41758909472874
36245,43.23896313534069
36246,42.688695386692544
36247,45.11438989319533
36248,43.330576530906804
36249,42.65651846684429
36250,47.51372887848171
36251,47.35141404935854
36252,52.507774680319564
36253,53.02114798461483
36254,35.30162236380314
36255,37.45669645117663
36256,32.507050937523346
36257,32.99913382772497
36258,37.29046845976266
36259,37.98548749809801
36260,41.481189637535635
36261,41.770689820696
36262,43.21772286112018
36263,46.32922927778254
36264,49.192071206359174
36289,1.099906092598377
36290,0.890721504127835
36291,2.5426171104104753
36292,2.727466922681272
36293,4.377635089524835
36294,8.684981968777368
36295,12.145634105342063
36296,13.52824114805214
36297,11.312267643804812
36298,14.121656678820509
36318,23.14428736505806
36319,25.796886444427262
36320,27.316372552003443
36321,32.08686021391333
36322,32.89858993676063
36323,35.70201616017571
36324,40.30210737149526
36325,46.40484347552333
36326,47.971538927389695
36327,48.909633776659305
36328,53.19641296594252
36329,53.83359726826366
36330,57.31727430998729
36331,59.48392386936165
36332,60.76894526847491
36333,62.5992365436065
36343,15.891237538520848
36344,21.814965921710083
36345,24.054094940643004
36346,27.228818732876487
36347,27.35420049265215
36348,25.55259375581867
36349,28.151825727170092
36350,33.821918253315374
36351,35.45676202833139
36352,38.012362796481604
36353,37.934783839072736
36354,39.663557326956784
36367,18.32298282188186
36368,23.229376639418835
36369,24.14305339523446
36370,19.004035696958503
36371,23.723289363922188
36372,25.988968110993877
36373,31.763518789917224
36374,33.197913953159386
36375,36.67922608194376
36441,32.4862818620413
36442,39.40788414849676
36443,42.304305370007135
36444,46.28361321062821
36445,48.113359523359165
36446,49.39873813867572
36447,50.71545527101647
36448,55.782917222082304
36449,58.46664225483538
36450,61.840041989136694
36451,62.259842460664444
36452,65.2438389048701
36453,21.47328352033189
36454,24.00397588106309
36455,35.55836181207282
36456,35.94360976272178
36457,40.63596157328161
36458,38.6340472918839
36459,49.681321887922074
36460,53.5719997541588
36461,54.568711811183974
36462,51.5225069869577
36463,56.379952394203784
36464,55.51205181985501
36523,2.235359771500158
36524,4.278887649709485
36525,9.055302497705153
36526,17.75328691020566
36601,22.5305587500517
36602,25.744610825981923
36603,29.39353125472371
36604,30.190631572067925
36605,32.87906663897255
36606,33.944919423219496
36607,34.49037139096467
36608,37.13307294561944
36609,35.46979373490015
36610,36.21256804507031
36611,40.14777728208184
36612,43.73655011183497
36618,32.7726698936926
36619,34.408398915749835
36620,36.48899311814469
36621,40.55525811868615
36637,37.605150731651065
36638,42.09018732991722
36639,49.21529057148347
36640,54.27073150119087
36641,51.97864771061425
36642,55.73375401369765
36643,56.096803688772965
36644,57.59110180858888
36645,60.03169400065284
36646,62.38950192541332
36647,3.588351318287014
36648,5.782348866085186
36649,8.769900603641908
36650,11.385917562298767
36651,14.161982014344131
36652,16.35767456948756
36653,19.298986432408
36658,44.928573741917
36659,45.90934933276708
36660,47.82342564211578
36661,49.45364650407803
36662,54.904053137831184
36680,34.502660296151674
36681,35.85428186964547
36682,37.8032623298738
36683,43.722884836162514
36714,15.347437033318752
36715,19.035396794084633
36716,23.279529745507755
36717,26.085567156312425
36734,46.11962435050383
36735,49.99369204463453
36736,59.44168695440374
36737,59.96621317154301
36738,60.72068312569767
36739,62.776991014328786
36740,60.44170776555734
36741,67.29660648721159
36742,66.66341264697745
36743,66.72709730442952
36744,70.67305216631894
36808,28.422675864191756
36809,30.187035872214718
36810,32.94246118744608
36811,32.118053535778984
36852,21.486316846505183
36853,23.821703015206776
36854,29.49580632049089
36855,30.665152662093014
36856,31.73924966638982
36878,7.589573991600778
36879,7.587909046229038
36880,12.820096816779737
36881,16.235153037684338
36882,20.239784761616807
36883,23.04679714996948
36884,26.008160183616887
36885,28.259900007650717
36886,24.489584521906867
36887,27.46633915233856
36888,27.30805222992235
36889,31.769288148599045
36890,38.84745941386248
36891,45.95940406131548
36892,54.4869263144856
36893,47.26985400768256
36894,55.35863277717742
36951,28.64761809276997
36952,29.5790597382602
36953,31.399445093596636
36954,33.86167252411482
36955,39.105004235322745
36956,42.86705260936943
36957,44.81172437868449
36958,47.19063139737865
36959,47.597606725579844
36960,51.04543959211292
36961,52.57134865871732
36962,54.088512764165834
36975,33.45707022401523
36976,47.043081409224875
36977,48.843806583981376
36978,52.62588433259178
37010,2.446443731809884
37011,4.245717805710955
37012,5.7449169758679295
37013,5.513083663040156
37014,10.856634055271687
37015,15.114212513894916
37016,15.915398313758578
37017,18.644950287555183
37018,26.482094484593496
37019,29.926899299053495
37020,31.395674527670558
37021,31.820750894029363
37022,45.18182583937208
37023,48.03958627307434
37024,49.468708298778054
37025,45.881982408298754
37026,51.95766526053572
37027,51.97722517706014
37028,55.2958437451499
37029,54.938838573054475
37030,56.86397962078108
37031,58.240479968760184
37032,58.05515464404671
37033,61.27556891031684
37034,24.981947976625175
37035,25.904348115156136
37036,22.056935201393056
37037,23.97596846087604
37038,24.837088769715496
37039,28.14881752626443
37040,29.374884775620057
37041,21.12393408536647
37042,19.922073405709728
37043,15.267236213917082
37044,21.32017174203951
37045,26.34657134303691
37046,30.07539901608497
37047,27.723107061964093
37048,29.25683232244601
37049,30.739338348799897
37050,36.56652803192322
37051,38.842270445169355
37052,39.65461432798219
37053,37.750387159651034
37054,42.591084637208084
37055,45.90348830015361
37056,47.44326967668197
37057,61.47349939506675
37058,61.2996206959296
37059,64.28414576713807
37060,68.19053318971899
37061,70.59047433235794
37074,27.908425710852942
37075,33.44920428618941
37076,33.66506741915258
37077,28.128866612439612
37078,30.354394495580426
37079,33.02061375887679
37080,35.62291455719796
37153,25.162895700634145
37154,25.313895125831763
37155,32.44049035886443
37156,30.954375569308578
37157,36.40587669901496
37158,36.950019763269836
37159,38.649886600557224
37160,37.634935386215155
37161,40.41558166536374
37249,23.37002609844718
37250,25.741016376608638
37251,30.165557210727144
37252,28.676011295156744
37253,32.96121614298886
37254,38.47029091069834
37255,39.6035876604026
37256,42.34587967424068
37257,45.10508463108087
37258,47.32121475118644
37259,47.082114054488606
37260,49.74715723491654
37261,7.1344388228150954
37262,10.613708100178549
37263,14.35519983302841
37264,12.840753375153739
37265,13.082367760588166
37266,12.452256700923499
37267,23.151074922998806
37268,26.583281183413135
37269,27.810992597146694
37270,29.3545126618232
37271,33.24057950835705
37272,32.0545216595768
37308,38.79028068591417
37309,43.37604486739658
37310,49.424203353155946
37311,51.96667712148212
37398,34.6952158345636
37399,37.52125466074793
37400,41.216420084771585
37401,47.26569213312019
37430,21.093413122675383
37431,23.30955941232316
37432,26.676359355265486
37433,30.412633517227604
37434,33.94120214273412
37435,37.52343170381046
37436,37.77150204985645
37437,39.67003079027816
37438,42.66943130882214
37439,46.98680440290658
37440,50.31511888224881
37489,39.20267015219132
37490,49.324810950947445
37491,53.938832673139494
37492,51.276601821704084
37493,50.880748752445776
37494,55.6996115391403
37495,57.73895189127532
37555,13.576115164194032
37556,14.39575916824193
37557,16.150464210384524
37558,17.43412811418794
37559,18.08311102838424
37560,20.50715621505189
37561,36.255864875948795
37562,39.539812992342135
37563,42.62233138629619
37564,51.50351054311015
37577,29.307050925486546
37578,31.186653182834448
37579,35.24743362888016
37580,38.303128112819515
37581,44.49960463884404
37653,21.777391625211305
37654,25.621849649955962
37655,28.144116122920746
37656,30.885404103064484
37657,32.36028077865464
37658,36.94740069250021
37659,47.23518772182762
37660,49.74248069293734
37699,41.837058663346525
37700,47.25515617411676
37701,46.9360774961044
37702,47.34022254930957
37703,53.937722550022094
37704,53.4699339303472
37705,54.618122122224165
37706,55.07139512879943
37707,57.73941894517133
37708,58.377428606829326
37709,57.30335539718266
37710,60.229851343331084
37756,45.283886591987944
37757,50.57247699915657
37758,53.499264506479705
37759,54.94161594023811
37760,57.341586616479574
37761,56.69913477966348
37762,57.63237122490973
37767,31.401534776504256
37768,33.79879501979531
37769,42.76436272703331
37770,47.627276001481164
37771,45.53753927294124
37772,46.62930239159457
37773,51.44459643037242
37774,55.196726680856386
37775,55.200734277753405
37776,59.858001849264774
37777,62.21323978091277
37778,64.38293345025994
37816,11.274167020830106
37817,17.2184970457423
37818,21.101330442018845
37819,26.11286771708048
37862,18.455510336992905
37863,19.16566120178498
37864,19.181659133719307
37865,19.38163557180059
37960,21.858007051625144
37961,22.53937509296104
37962,24.35409875482946
37963,27.56773286905143
37964,31.207811950123002
37965,29.778809939107386
37966,29.631818575633954
37967,35.84024142837911
37968,44.11341013677842
37969,49.740293532477835
37970,47.58627610411572
37971,52.25530868244741
37994,30.823929425885026
37995,32.84760786004194
37996,41.81181720424653
37997,47.50860864024582
37998,54.82877382689792
38021,31.150642189030243
38022,33.50405677091802
38023,37.01928726740849
38024,36.481550323155716
38025,40.157785903803976
38026,42.656516010303115
38027,43.2665980923606
38028,44.02940881659001
38029,49.00313796931582
38030,53.146356711640124
38109,27.95441854671645
38110,28.67677617962942
38111,30.20682496848382
38112,32.88102401449346
38170,25.08070236726388
38171,27.921584177471065
38172,28.450359388888213
38173,29.440741217998056
38174,30.911610546208873
38175,36.722889469596126
38176,40.331085266872215
38177,40.950830207043445
38178,41.47757309344684
38179,46.541155545374416
38180,42.34168378319322
38181,47.19608583076456
38197,33.70385004972586
38198,34.270121404378514
38199,39.532874836843824
38200,41.64123533362326
38201,45.41383655967382
38202,48.79455270326636
38203,49.222576292454015
38204,56.77979511262767
38205,56.85341825814303
38206,61.56383031489778
38207,59.229014258688096
38208,61.683930958269706
38209,64.55121407609091
38210,68.28872627432189
38211,70.3902453790383
38212,69.20463107262387
38213,67.11559687991006
38214,72.98965684677657
38215,46.65508350470608
38216,49.461612288053146
38217,53.894647624578205
38218,58.90100914577417
38239,11.780680978890697
38240,20.789626586575565
38241,30.4545780403669
38242,30.333015664456074
38243,30.227238199229795
38244,30.829306570986503
38295,14.262405259713825
38296,25.44880204687445
38297,26.306746481802268
38298,28.15471012055868
38299,30.826967082637875
38300,42.1029772892917
38301,43.073568544698894
38302,41.450764518714706
38303,44.401011003624134
38304,52.80417808164585
38305,50.227915233858695
38306,51.94251541921666
38307,57.835687802215915
38308,61.389474009013014
38309,61.90094273015558
38310,65.14852616382626
38311,64.80649749288155
38312,16.798576161175767
38313,18.205711844464094
38314,19.58748779623118
38315,19.482337368926608
38316,20.867534299380292
38317,24.30897964260639
38318,24.830042195371263
38319,27.157195642881387
38320,29.094105365239884
38321,30.841039560490774
38322,32.56265133459825
38323,32.12850643625862
38324,28.05975350627885
38325,31.29079292797756
38326,33.91680472118745
38327,39.38277729952311
38328,37.94077273654096
38329,41.96832952523487
38330,43.04363570782545
38435,26.6768107272747
38436,27.417153073542057
38437,27.428184699127616
38438,27.871545306616362
38439,27.77634017629409
38440,30.377623198852262
38441,32.5358458184997
38442,35.22816748276966
38443,35.848309832992435
38444,37.938665719387934
38445,39.99431498633073
38446,41.02388023368104
38447,34.16192525663157
38448,36.47386097641944
38449,31.228003436616678
38450,34.54472551832781
38451,36.574988634557286
38615,28.29083689631694
38616,33.47182988206745
38617,34.76562711349992
38618,32.441903621585524
38619,32.72924334234735
38620,38.054147758751895
38621,38.54255666135922
38622,43.84279308683465
38623,44.45395928117849
38624,48.494760480586955
38625,48.636773004551564
38626,50.50795441148834
38627,20.51588921280912
38628,23.004284409631875
38629,28.23884731181319
38630,30.41598484008964
38631,15.81910786606422
38632,20.624443743040846
38633,28.01440944335579
38634,33.72654879975403
38786,41.450073477354444
38787,49.12591560378441
38788,56.99476580974871
38789,61.043393720903666
38790,63.482365769302874
38853,31.87884393596164
38854,37.82237463532801
38855,39.8450076154437
38856,42.893766746263594
38857,48.869330657168504
38858,49.13369825980354
38859,48.900756170476654
38860,54.505814782162396
38861,53.84329518898999
38862,54.67333814443738
38863,56.508390339774344
38864,58.82525213293745
38869,30.5244729233589
38870,38.11779073806848
38871,44.951588513612315
38872,48.616332892182356
38916,28.355383328735694
38917,29.79306361560345
38918,26.986369013634256
38919,30.945992377472603
38920,29.766855280759277
38921,34.599225559673194
38922,36.294405287946354
38923,37.662504151392866
38924,38.648538465792
38925,41.38438240029514
38926,41.42594410363977
38927,43.02320872228704
38936,43.06196143535083
38937,44.99906593041971
38938,48.893200746384124
38939,52.496402638764906
38969,21.02394128925899
38970,20.657569498404627
38971,21.867959322908465
38972,24.42803769561721
38973,27.885162960448675
38974,28.141634349915194
38975,29.295628044433755
38976,32.606881279897266
38977,34.32060745739704
38990,4.743337957109958
38991,9.749508545373297
38992,14.045895237974847
38993,17.028733494841976
38994,22.13281724159417
39004,40.173416322250624
39005,42.19888870701674
39006,42.3507411409911
39007,47.86861585221288
39008,49.78160459128972
39009,56.136272228841236
39010,56.09822790369865
39011,60.41401275796988
39012,56.375996415678124
39013,62.237653413894854
39014,60.39000961159686
39015,60.736695113900105
39040,19.738624015326817
39041,24.403022740903097
39042,29.53426329764867
39043,30.813451788445278
39089,33.873830349132945
39090,42.65285260399779
39091,50.52910060579298
39092,51.75354617582537
39222,17.671697093142175
39223,21.03297618333893
39224,27.21670818516928
39225,32.65734880479002
39226,35.49787107174589
39227,39.139658464760984
39228,42.89843177478751
39229,42.894870051617225
39230,41.09420131885739
39231,44.586046455118236
39232,48.643102470382296
39233,47.110349632079235
39252,31.862217400120716
39253,40.61674237428108
39254,40.58662027008172
39255,41.152666961154296
39256,41.51597657616931
39257,46.474733200360845
39281,12.815718288710071
39282,17.520425230221637
39283,19.20579594033745
39284,22.626100255992462
39285,25.53186759265192
39313,15.558929265507084
39314,16.018455797824465
39315,18.572861690169656
39316,24.792834971117518
39338,28.481073387157657
39339,31.989641307164216
39340,30.321463045821922
39341,32.92559420918799
39342,37.11673142648825
39343,42.10015648863156
39344,43.71601256312251
39345,46.55135043044309
39346,49.06937611532851
39347,52.78336385019376
39348,54.084518907367105
39349,58.950044512232054
39408,21.52476240755281
39409,25.970496207254428
39410,28.805302341897523
39411,31.507681089591742
39412,34.061272090598315
39413,39.15216264157434
39414,42.172653076695966
39415,45.92119804932929
39416,45.80588628266737
39417,47.670513018953315
39418,54.11994154082696
39423,19.177821263674044
39424,22.268221041193772
39425,27.446489015221808
39426,28.491359970347006
39427,28.063519106742124
39428,29.109416730608
39429,31.507096830005718
39430,32.496530316227194
39431,32.82157010718577
39436,29.014914992107563
39437,31.168321106616055
39438,31.80886940021323
39439,40.02143739535306
39440,43.49168079340439
39441,44.164169493838585
39442,44.662830522442206
39443,49.61392971574769
39444,48.920926775446006
39445,53.764477249093886
39474,13.119567701046606
39475,17.762769238792828
39476,25.056005033601362
39477,27.906819386693115
39478,15.463934727636877
39479,16.88576983780462
39480,22.534296027192468
39481,25.099401122950837
39482,28.17537237976177
39483,28.640975711421753
39484,35.1811845717704
39485,36.85474028843597
39486,41.21348961531906
39487,44.323015169026974
39488,50.22087728465402
39489,50.457529407540676
39522,44.630079384315145
39523,46.93356604518346
39524,50.700936023856265
39525,54.46327441107872
39537,12.438514031134815
39538,20.087434581590344
39539,26.470872627365175
39540,30.55615357762982
39541,39.34427696098179
39542,39.808210671979005
39543,41.64717381897
39544,46.739777831195276
39557,25.51593006384535
39558,27.36906161546171
39559,27.518703049806245
39560,33.382410955005625
39561,34.037525288878896
39562,33.98487841892969
39563,38.31541698963074
39564,41.345779180318075
39565,46.60867815976187
39598,22.837685018325132
39599,27.151426703433017
39600,31.626625142170493
39601,41.05735172985036
39634,13.173452633585486
39635,13.55819489385898
39636,15.607046698770318
39637,16.906288456264768
39638,18.514546173063685
39639,19.641078816153936
39640,21.964219004880356
39641,32.355189443062095
39642,39.393454084665635
39643,37.08899331255214
39644,41.76259246202022
39645,46.702328990111276
39708,46.76688342732508
39709,48.1814524364205
39710,55.03716077077138
39711,58.31348695893958
39724,29.683588972895137
39725,31.533280722541768
39726,36.77141807558304
39727,37.31424621555182
39728,38.65427842312043
39729,41.57516736838349
39730,48.105462390292224
39731,50.16554098961626
39732,54.37850747376969
39773,37.31632574835099
39774,34.19154517843675
39775,32.46429899512574
39776,33.13794106601176
39777,39.47388224652269
39778,40.245465099380155
39779,22.65919934873449
39780,21.78898718272384
39781,15.420443973263033
39782,23.10332563673501
39783,26.903935539798034
39784,31.102559354706774
39785,34.55174425138707
39786,37.04361925432815
39787,39.90005188778346
39788,42.19998363849181
39789,47.65578187829593
39790,54.06026351247424
39803,38.597111600967615
39804,43.66913429853739
39805,50.579449311257974
39806,56.86414768427069
39807,54.99974557839902
39808,59.68021027264763
39809,59.61225908819171
39810,65.02578852188924
39811,67.9100732297376
39812,70.11695087570128
39813,70.24980362739367
39814,71.95383704845611
39815,73.6889196942241
39816,74.22202141130657
39817,75.99208256438085
39818,75.08710900054801
39819,76.68468394500417
39860,33.24195120023139
39861,36.57523466635661
39862,37.47417380761589
39863,31.09357684411692
39864,37.335785530378125
39865,40.439462846147926
39894,30.194620053394726
39895,32.193525060233675
39896,30.911920800790007
39897,31.41799979746464
39936,9.712722060252215
39937,12.837765221212988
39938,15.317420788346169
39939,16.357190880599397
39940,14.355427148658638
39941,16.12959536165474
39942,18.974855003816025
39943,18.440426254290934
39944,24.531562867063183
39945,27.597321090602495
39946,27.272646268966984
39947,36.8265936322142
39960,18.630135978806194
39961,27.85307581046729
39962,36.98768502395997
39963,36.45909289663182
39964,44.377711199751694
40034,32.719046902983855
40035,37.27880347830469
40036,41.21108591666878
40037,46.0001051265855
40038,46.840255761874666
40095,34.44608436694148
40096,39.81428984567759
40097,40.60922573710802
40098,42.57029193375582
40099,43.4732053753803
40100,45.54687064027331
40101,46.11977594707033
40131,6.8172319223918585
40132,8.917527176070756
40133,11.709897544642741
40134,12.317427010981524
40135,13.77407986297596
40136,12.696930231566432
40137,18.552465041099676
40138,25.712052757459936
40206,4.809891409232448
40207,7.317952132404001
40208,8.366475203553865
40209,7.5832935884366
40210,8.958444501290012
40228,8.806253956946973
40229,12.025956341476862
40230,13.55859156099119
40231,14.708789144397866
40232,17.885686533079102
40233,23.87068383771
40234,27.337438210485377
40235,28.300796188809823
40236,30.369585803808967
40237,28.303064383501823
40238,30.67923584657696
40239,31.133508702194714
40252,27.201432305250517
40253,29.866078230810174
40254,35.28514549850918
40255,42.27419532918608
40256,47.60192939348816
40257,51.67761369308019
40327,29.117965057305636
40328,32.304388271322786
40329,38.680629876378
40330,41.24845591766827
40331,45.40034962360652
40332,49.38937102614876
40333,48.44280710312562
40334,51.37518157857415
40335,53.20939470405835
40336,55.54065957096672
40337,58.35012928912269
40338,61.798519579262354
40394,27.699549584903192
40395,30.495135299845636
40396,33.087643414069056
40397,34.058327484495564
40414,42.3975751513496
40415,48.10157970679418
40416,53.13036045170039
40417,51.90671991098684
40418,53.591957032701075
40419,54.556538264757656
40420,10.793971719037337
40421,14.078671412034712
40422,17.049077591364735
40423,19.61985312120694
40466,24.174072642099905
40467,26.06096403000434
40468,28.197375098660757
40469,33.140979796697096
40470,35.57816110579694
40471,37.81040610157823
40472,37.15601453353169
40473,39.90557876482636
40474,45.64798799838461
40475,45.367321701190455
40476,49.0212781570261
40481,37.58845018589016
40482,37.28498690607048
40483,38.49767673666215
40484,45.9153519180275
40485,49.48776369431394
40486,50.68860957755459
40487,54.18924072290018
40488,56.54512210648111
40489,59.89384144130807
40490,58.166342753667635
40491,61.56730098016133
40492,62.54733927868323
40493,25.968560859929383
40494,30.501283061110986
40495,38.84418924962031
40496,43.29502254957369
40497,47.312542834641775
40556,38.619557489142785
40557,40.16091612280273
40558,39.793357627887005
40559,42.92125131711083
40560,44.39995403592227
40561,49.23994220678497
40562,49.36317436761564
40563,50.181784408791806
40564,51.816485944392824
40565,54.905144973408184
40566,55.70857066556667
40567,57.406395298803275
40613,26.966288746375653
40614,32.019861176170274
40615,34.57215693313102
40616,36.51960417144937
40629,12.633849719484996
40630,15.551595999016516
40631,18.66334427506729
40632,21.41236897690701
40633,24.065893487054314
40634,24.374884408197325
40635,26.11749176828017
40636,30.2824305545091
40637,30.808523760485215
40638,32.739701094448264
40639,33.81534804946968
40740,7.4107208356611105
40741,11.314613332012433
40742,14.23889776575611
40743,16.553434845747688
40744,17.62554880097907
40745,18.98626303740443
40746,22.95413722220175
40747,27.098548194952336
40748,28.36981166993179
40749,30.797397085889493
40766,49.00643671768666
40767,51.83792499205592
40768,49.76402019964876
40769,56.66133212879581
40770,38.11846589109254
40771,41.66302391084659
40772,38.244505728834554
40773,44.42519243626045
40774,48.068068291253155
40775,53.21074940471768
40776,54.331086458576436
40777,55.52568594854847
40778,58.005693390007146
40779,57.411151411579276
40780,60.199180056549636
40781,64.41797574376378
40837,19.364578272220466
40838,24.43283181023112
40839,26.838692747550727
40840,29.056983080984867
40841,29.296751618863162
40863,7.881606025907489
40864,9.837678617637417
40865,11.791771835701912
40866,16.090655274445513
40891,16.03003482902034
40892,15.9813247771966
40893,13.571345223500481
40894,18.329175735446924
40903,29.838476081581533
40904,32.89771365627696
40905,34.531981666834874
40906,38.08926354102574
40925,2.547953742627563
40926,8.03089765110399
40927,8.905326299379334
40928,11.322722117491304
40963,27.976442514500004
40964,31.522718478866786
40965,35.58680083812411
40966,33.94436541399022
40967,35.2222568316093
40968,37.33602752196072
40969,39.78459484523473
40970,44.089093621145075
40971,49.580680709846526
40972,50.14746144918806
40973,50.29731888402373
40974,56.71782636295097
41003,25.424918763347517
41004,30.671962046628927
41005,33.29369575268291
41006,35.11335334956539
41079,42.3663051727953
41080,44.677676104315516
41081,46.35246920122579
41082,45.05959695050818
41083,49.49312240227415
41084,52.696249714400835
41101,23.46635719522831
41102,29.39312030413978
41103,30.758106030224177
41104,33.363642118866366
41105,36.60630672369752
41106,39.00630837456299
41107,43.41865780585754
41108,44.91787991169258
41109,46.21327378770602
41110,47.320745998781234
41111,48.61625716535565
41112,50.01570575907092
41129,34.9020190263162
41130,35.709935405940946
41131,39.02587855060728
41132,41.216181003891776
41133,41.0863881851304
41134,43.85171225588828
41135,45.58432046077692
41136,48.158629173919806
41137,47.275191969237135
41138,52.25549617432553
41139,31.69356509760459
41140,30.758909652132722
41141,33.60537580777755
41142,40.919815566706454
41143,41.33195571476634
41144,39.945431628702984
41145,45.08125012577646
41146,48.507076100179155
41147,52.658859843335414
41207,13.19745481032912
41208,14.202971502211309
41209,15.837352490643909
41210,21.30218722520837
41211,24.35753093787754
41212,26.55855425986231
41236,16.331354154752432
41237,17.636359322127856
41238,17.70473882695226
41239,21.937743429394434
41268,28.02156937291186
41269,30.381541880575128
41270,33.80854633553718
41271,37.32250524391901
41272,44.80282208134086
41339,29.575198545930785
41340,37.33490955944329
41341,39.46976183894839
41342,41.21753881245764
41377,28.52701217656988
41378,33.18489907667909
41379,37.52558451063964
41380,45.369162550679164
41381,46.3021772334655
41382,48.71189373141232
41383,50.43114188371454
41384,52.032017929927406
41385,53.65955952524152
41386,57.07511196024364
41387,59.29878185227307
41388,60.20155531015124
41401,23.88536286496496
41402,29.231030365169968
41403,38.31450405197003
41404,38.83454534073976
41405,36.6446475756622
41406,39.155626601899314
41407,40.714249712332425
41446,55.072669147232084
41447,56.49133686310076
41448,58.166997591578294
41449,58.885341669576995
41450,56.526998583052226
41451,57.36891594695351
41452,60.12320349225037
41453,66.4496678077777
41454,66.12218428321734
41455,67.29479403118074
41456,68.16529703612676
41457,68.72197559613984
41484,29.477622126185484
41485,36.09711011029002
41486,43.92592743313267
41487,49.27579872384511
41488,51.260480340615736
41493,16.40655676025117
41494,16.98335346867898
41495,14.37167489142534
41496,19.015403622466785
41497,24.72359020500737
41498,26.125097082979337
41499,28.784983047077073
41500,31.312061651898023
41501,35.94787437208782
41506,31.896120010903367
41507,34.639693313587024
41508,41.204378781396855
41509,43.97222677370378
41510,3.242575078877913
41511,7.036536334762138
41512,9.706021207216727
41513,11.732800541501941
41514,14.180950807961622
41515,14.832750442966182
41516,13.39779990011464
41517,18.905329546913073
41518,23.629321418501505
41519,27.845478018094045
41520,27.272381533002317
41521,28.880202285737735
41530,1.2519486855150834
41531,3.9195927775618675
41532,5.414498465911237
41533,3.9300767392905493
41534,12.378357751983199
41535,19.57270357579265
41536,18.540750411609228
41537,18.62939768423599
41538,25.851248605327807
41539,29.391139363422592
41540,28.705729950071575
41541,33.040332422045495
41559,30.173907368764358
41560,31.973138469205796
41561,33.54011268998667
41562,35.35558029617592
41563,40.80698382565065
41564,45.9003056082711
41565,48.94730509863444
41566,52.1942556928152
41567,54.18457979425984
41568,56.73298002860516
41569,59.293820804997445
41570,60.30310443861094
41579,38.93263168125578
41580,40.037055614005624
41581,42.19485827073037
41582,49.209098367653546
41595,22.842657604027362
41596,26.69857230017892
41597,33.37599726423152
41598,32.82481190829191
41599,33.30122791656173
41600,36.90016776679144
41601,37.15067179110861
41602,39.0790196129733
41603,47.00310837146834
41604,47.72355018576399
41605,51.077129718849406
41606,51.80312461249643
41652,49.605339961588584
41653,52.41432999864941
41654,55.77724224452038
41655,56.82533355166588
41807,15.204184972749035
41808,19.94063259621817
41809,21.914762960977626
41810,24.613257301011902
41811,23.85285245558585
41812,27.370542127016083
41813,28.541399625048506
41814,32.21202214293848
41815,34.01370983716245
41816,34.85202141344032
41817,37.10982434250735
41818,39.446204267646074
41856,1.6925100063530645
41857,1.6925100063530645
41858,3.0638073772501437
41859,6.2272258235655045
41860,9.987923134558065
41861,3.271866798297235
41862,3.3647726315434308
41863,6.058692090103107
41864,11.068520267516082
41865,13.465176635585937
41866,13.453913828915123
41867,13.38403523010156
41868,15.151954018000769
41869,15.228002957748265
41870,18.300961816071705
41871,22.183750578624803
41872,29.65047309580252
41901,16.546390319528616
41902,17.592612450323386
41903,16.267043584174438
41904,18.449292130789832
41905,23.545116629648586
41906,27.740358380741057
41907,32.111205437566916
41908,33.731761557880326
41909,33.32814629347516
41910,35.3077940437756
41911,34.5157331979363
41912,40.915611917132686
41929,38.946606742776495
41930,37.731661373628306
41931,40.91824145158789
41932,49.442022947169804
41933,28.94153385770641
41934,32.66796714373653
41935,34.79525313951876
41936,34.21257801639911
41937,33.742195188676035
41938,35.9097023918606
41939,39.07084675895256
41940,42.18481149984085
41941,42.89732987113277
41942,43.90974840323382
41943,43.11747106654522
41944,43.82922307090093
41972,23.429041175224135
41973,29.900133996831
41974,28.31229226662825
41975,29.325419396938273
41976,33.46994182594511
41977,40.382588321961194
41978,45.47308280274892
42010,43.75134796632549
42011,52.77871021145968
42012,44.89095668329278
42013,50.76422006271796
42014,55.49475023004917
42015,58.1659671884832
42016,61.52921693812119
42017,62.139324760557
42018,67.8240388853427
42019,9.445083529049132
42020,13.223673298263664
42021,12.580714817578249
42022,16.323556866764186
42023,39.37257987117845
42024,39.727348707387065
42025,43.87875230328553
42026,45.22675666361383
42027,48.907811363089706
42028,48.25990172163979
42029,51.3138053102457
42036,5.890490527225319
42037,9.215134656748363
42038,12.061939172428414
42039,12.663423544453776
42040,17.352961955590587
42121,19.56468419975219
42122,24.628179118061674
42123,27.762035468161887
42124,30.021305717510014
42125,30.05107258612464
42126,33.51515472726855
42127,36.52233518537247
42128,42.380395166201474
42129,44.91060104747169
42130,46.75204322354885
42131,46.23597944435642
42132,48.73082821742173
42133,17.726222410231518
42134,20.157286402700258
42135,24.25571711998977
42136,28.423525148033413
42137,30.055952950964482
42138,33.672181751423146
42139,34.09456586271434
42140,36.75170810190585
42141,38.700283896143794
42142,37.98681999607804
42143,40.36320395386062
42144,43.31996703132859
42181,6.037111334652613
42182,8.269661609407157
42183,10.441441104961878
42184,13.88266544712646
42404,34.28823262990214
42405,41.42386058501836
42406,43.07020149548336
42407,46.13453769631911
42408,49.701688499140076
42409,47.44499797111954
42410,51.77157426494645
42411,50.45476227860975
42412,54.405610550196904
42413,56.839873066344175
42438,18.109769085730363
42439,20.372835538891216
42440,22.73536127802932
42441,23.654703328783004
42442,26.870408282097575
42443,31.984001737443002
42444,32.46755714512047
42445,32.12727531481404
42446,38.67208912705008
42447,37.810137387683206
42448,40.013708448114386
42615,31.124199701008525
42616,31.13591792871207
42617,28.516264732648995
42618,34.82218027156919
42619,40.40641464831423
42620,40.045965122629454
42621,41.969441482104294
42622,43.24071693268417
42623,44.81353226676582
42624,49.104026499591654
42625,50.77726768193753
42626,55.76025499748236
42639,22.16137002454705
42640,25.64322172331819
42641,26.68002474137906
42642,32.469796467017325
42643,33.025064002799944
42711,6.0427941465853525
42712,9.86211092258623
42713,12.246978295248205
42714,14.464976894988721
42715,16.776896001315432
42716,19.35159135747798
42717,19.912496748884372
42718,19.703437174847217
42719,21.582048683165212
42720,29.618146764101304
42721,36.281829128966656
42722,38.22472105958485
42749,30.27448958969165
42750,37.3908638167659
42751,37.643785227788605
42752,46.05059779031197
42778,25.610210321517744
42779,27.37810572080412
42780,29.89168458984109
42781,29.656173391796397
42782,29.879027070850363
42870,4.7959282213821295
42871,7.419159455541767
42872,8.781719377729782
42873,13.008680718633652
42874,14.136911819955126
42875,15.47308249543858
42876,19.27131795200751
42877,24.47308447844273
42878,30.723800231534568
42879,31.610605678715068
42880,32.20107427921984
42881,35.25638746391767
42977,1.9220679694539466
42978,5.614610420822631
42979,12.731437362405144
42980,12.213881349342056
42981,14.97063854583632
42982,17.452967233703717
42983,25.434290734173874
42984,29.686355547040286
42985,29.54813130248553
42986,32.24376159210793
42987,33.191218816134544
42988,34.645140674721546
42994,54.30964499641547
42995,50.639600431610894
42996,55.3704916745435
42997,57.394358583506076
42998,60.023993679743576
42999,56.7518669185947
43000,62.77056840077959
43001,65.51987746301123
43002,62.22608404532117
43003,66.26490699975619
43004,64.96225925205579
43005,69.62515167256304
43018,13.64547759782525
43019,19.541916364622445
43020,26.310826137351686
43021,32.38258467425371
43038,20.580747594308296
43039,21.865490582036653
43040,25.162004272245863
43041,26.395496455141263
43042,28.90556049746629
43043,32.62168190402
43044,34.383000988764366
43045,36.99699648843218
43046,38.994675829504686
43047,43.626906832040035
43048,47.09713004915059
43049,46.52167775061349
43050,29.618706829462727
43051,35.19482668866248
43052,32.15657726060382
43053,31.21696058414361
43058,18.203635408182876
43059,21.51095147196724
43060,24.054996112166357
43061,25.7861120051571
43062,30.229644184567114
43063,33.385261441933544
43064,33.96993189723753
43065,40.20972528824558
43066,43.10880380915718
43067,43.11563473436489
43068,45.38170250849197
43069,45.921809393355346
43120,20.63811900000791
43121,24.460691624988243
43122,24.804208879612766
43123,25.83811143460422
43124,28.536757630904052
43125,32.37551901647015
43126,34.091873204113014
43127,35.57673923255436
43128,36.555756992213375
43129,38.32879870872147
43130,42.37466949933675
43131,40.879986321158164
43132,13.788744915601203
43133,20.53877136588953
43134,26.366281514718086
43135,29.0796872924323
43145,35.39795521592668
43146,37.051597672331596
43147,43.52929963541115
43148,48.73057606430378
43149,48.026965801924014
43150,48.89221138677127
43173,24.438254351072437
43174,26.481323919658177
43175,33.09801994235357
43176,34.61397776232776
43203,41.670980081863966
43204,46.3472152489704
43205,53.60043427902804
43206,50.99614382242659
43223,21.1302756137952
43224,25.325033242215007
43225,29.313752762920867
43226,32.6307429388999
43227,31.189227089916148
43228,34.2387907006984
43229,34.46946450049021
43230,38.60253752420736
43231,38.123209584301485
43232,41.659673560022554
43233,42.891341694112185
43234,46.17730900979327
43279,24.18936547312381
43280,24.668800893299487
43281,29.196596741892876
43282,29.22100842219096
43283,33.70337279184059
43335,23.172583822436355
43336,28.975268612075062
43337,32.91255260436924
43338,30.666431217626673
43339,34.94025823250592
43340,39.329877574766556
43341,44.67215135855296
43342,48.12255049067037
43343,47.06408671646666
43344,52.94678495705039
43397,41.85564904954284
43398,41.14326144245917
43399,31.18475165442666
43400,36.72047336853271
43401,41.408388025958715
43402,42.12225987701714
43403,48.18569879836436
43404,49.993560510546686
43405,48.422428535199565
43406,52.478007570038365
43419,34.118275465132406
43420,37.322794916646444
43421,40.85099531472262
43422,40.04591026112655
43423,43.56408448795981
43424,44.70380034753763
43425,47.35629832397498
43426,49.91455538270461
43427,51.821081201681146
43428,51.70577609570398
43429,53.01177058862358
43430,57.186460466377895
43457,20.12297982690365
43458,22.757879967914754
43459,22.725260744617852
43460,27.993144445119533
43461,30.617706722358374
43462,36.953849255186896
43463,38.95476581606331
43464,38.73932921759341
43465,41.34199870539328
43466,39.564537888503686
43467,40.16575783789437
43468,41.701956442979935
43506,56.338220059170794
43507,54.103121424401586
43508,54.0349416067463
43509,58.909138198505886
43510,55.41867507034858
43511,58.33061401458472
43512,59.14375006073395
43513,64.45555241473176
43514,64.13726790659888
43515,65.6799901552859
43516,68.57850679078798
43521,2.3601548751670736
43522,4.498729045912703
43523,6.5292772317504095
43524,8.540360802519926
43532,22.366450751429976
43533,24.77551327693741
43534,25.861089422736498
43535,28.409582243449496
43536,29.190221311539084
43537,29.64898708093734
43538,32.041035348272636
43539,33.23295092690606
43540,31.53348920333943
43541,35.991491496891435
43542,37.84762167192672
43543,40.51371229933874
43616,27.639452821515043
43617,29.473415461983798
43618,27.883998746630827
43619,31.19923929164677
43620,31.64147905307451
43621,34.52762324050326
43622,37.12942281000501
43623,39.71830604384989
43624,39.578568057394875
43625,42.12697447007644
43626,42.83404171629065
43627,45.29079799097115
43776,15.24184078188055
43777,16.06839470596645
43778,18.971749934438776
43779,24.419310899474496
43857,29.89769807797999
43858,34.65179772912483
43859,36.7540382179968
43860,36.597078027436616
43879,1.734368423402156
43880,1.6202299909105295
43881,2.344900223476109
43882,4.753858633535178
43883,9.477034318799674
43884,11.534242266498875
43885,13.922249995027142
43886,13.920172933106949
43958,49.00057666345082
43959,51.1333825202823
43960,48.24498746568005
43961,50.01381727296825
43962,52.572233833944324
43963,54.070756922107016
43964,56.94444983446511
43965,60.03529617603239
43966,62.47682060577451
43967,65.27745274968865
43968,65.58303250454206
43969,67.17045635624488
43970,14.96670148643511
43971,20.365246710202545
43972,20.21355071109955
43973,25.03804689114554
43974,34.170036770414676
43987,20.83665253012851
43988,26.007346986995902
43989,36.43953120008743
43990,43.815692318791115
43991,34.15802411308241
43992,36.47191237344409
43993,37.37581406868819
43994,45.50991487034554
43995,50.577300081001844
43996,49.62934502061765
43997,50.90484265246966
43998,54.29598128815003
43999,55.41078354257985
44000,57.907488679898165
44001,57.96618061351926
44002,59.45929624093967
44074,27.687033403020475
44075,32.908176826102604
44076,34.20255652191881
44077,37.82704655398077
44078,37.351985122224036
44079,39.2362370593807
44080,42.439939944456476
44081,42.08362679646076
44082,47.79259630335947
44083,50.12194903518174
44096,43.57718845935767
44097,48.53272503979186
44098,50.01083087818276
44099,56.26180935246663
44125,24.06636571017837
44126,27.133659683128542
44127,29.383476755788728
44128,33.045440462903436
44129,33.43743222121008
44130,38.40100220507307
44131,38.1986148550945
44132,42.427039002910185
44133,42.35048278038708
44134,48.511601135009
44135,51.00074906116824
44136,50.61900723349883
44188,10.168791888638786
44189,11.307680742881168
44190,14.935887754226835
44191,16.95178565189902
44192,19.714663066701807
44193,22.688336334210405
44194,27.598171669515306
44195,29.07369001666337
44196,27.395766725019907
44197,32.23711008837521
44198,35.14993799753283
44199,38.32005717866875
44200,4.708814262221789
44201,11.659973594099576
44202,15.158549663028204
44203,18.255455319152638
44262,9.299472270471641
44263,11.442128913389805
44264,12.156964571831763
44265,15.35206653378983
44266,18.397601913665564
44267,20.582850377817845
44268,23.19868919124669
44269,23.025746068465658
44270,26.09964041727568
44271,25.730367158953086
44272,28.31099450143569
44273,26.95870164748964
44274,8.127760428324484
44275,15.244943765712446
44276,16.214196982074466
44277,13.79773500634182
44278,16.061799525340053
44279,21.25930181036679
44280,28.980489281717926
44281,35.72316519276766
44282,34.0732018316772
44283,31.610384929477473
44284,34.14336280885409
44285,39.838472019846755
44286,50.16743635338163
44287,55.29820502496505
44288,54.09796985119692
44289,59.74238011871021
44306,35.97827052317995
44307,39.141172046074686
44308,44.69192935020413
44309,47.60030607420778
44310,51.36653729765369
44311,51.633787848878356
44312,54.484068975288956
44313,52.764984051062626
44314,57.68316494787926
44315,58.180481141244236
44316,1.5259364964385962
44317,1.5582060499966306
44318,1.6707111602622013
44319,6.103762852977446
44332,23.745086749694764
44333,28.907006866243556
44334,31.531647962190508
44335,29.42392260388968
44336,33.170368148017126
44337,35.887553507458854
44338,42.13436020043343
44339,42.06341410259271
44340,46.85951715970207
44424,44.90035089796847
44425,48.07806668101418
44426,52.86424298858417
44427,56.458136595514034
44428,57.95671009511687
44429,59.284357310804374
44443,39.422100553642395
44444,42.32426486238288
44445,47.1520594058301
44446,51.8316086007603
44458,3.33614823378684
44459,6.269219155011671
44460,11.098843910018664
44461,13.165225827220926
44474,49.71464319720304
44475,47.15426962032623
44476,43.61224334111757
44477,44.719446207426685
44478,47.35238157153128
44479,51.01434758748309
44504,49.44493838380979
44505,51.00110398870469
44506,54.53556216966285
44507,55.83899127577116
44508,58.95892418064016
44509,58.64314672288219
44510,61.77860392129556
44511,64.1531702147966
44516,35.67453020895606
44517,40.91386425386244
44518,50.030184973613025
44519,53.498414515945534
44582,4.861394882705548
44583,10.960539434849933
44584,17.77423186837923
44585,19.569562347042055
44586,21.928064045001996
44640,47.399919126701015
44641,48.595424375342375
44642,49.95375495525996
44643,52.05265485487584
44644,51.48032608024083
44645,53.95256874133156
44646,58.938540264315186
44647,56.79175099280459
44648,59.70214042109286
44649,61.010147876121614
44650,63.7551932523417
44651,64.44198938951905
44669,33.510445439401025
44670,39.31007302011313
44671,38.24158702880968
44672,42.82789989236195
44692,44.16191364009587
44693,45.94232771751252
44694,51.22530990304933
44695,52.062182766641904
44696,55.85723591666884
44697,58.40310329902416
44698,60.66291068763671
44699,59.301203703967246
44700,61.84039668087324
44728,14.082871364170183
44729,21.739726823262323
44730,29.61435660491809
44731,30.888298413840264
44732,29.463542860496734
44733,29.257059725140877
44734,34.86237666577374
44837,19.902264612776555
44838,22.128566962154853
44839,29.993334555687323
44840,35.205548848886615
44841,31.084361084606126
44842,36.249175967022346
44843,35.86547792713573
44844,38.48287032312456
44845,41.9967506582877
44846,46.46884674124299
44847,50.950658044515606
44848,51.59096385157906
44849,52.15598546444445
44850,55.283063388694245
44851,58.18009537897089
44852,58.774811674251474
44853,28.743588841979253
44854,31.494140249193062
44855,34.11052087414706
44856,38.91240312813398
44857,39.34591766208907
44858,41.37300293688895
44859,41.15384960032791
44860,46.53454292624011
44861,46.22082292144988
44862,48.60925099967202
44863,50.42288939983715
44864,53.59897298215445
44885,27.89182388661181
44886,27.02192159368719
44887,24.19350474220171
44888,24.373837563648163
44897,55.5055460073139
44898,58.98101622601397
44899,62.741887570017504
44900,63.21256927406612
44901,60.97919375259703
44902,67.61920321801921
45041,22.236581587893312
45042,24.05855686016442
45043,26.954974182860298
45044,30.045442713751214
45045,33.770594292437856
45046,36.33396679490178
45047,34.95808797343921
45048,38.527414478868046
45049,40.87472153293847
45070,10.34744252229765
45071,12.659159910395472
45072,10.828330837775418
45073,12.255096172728875
45074,17.95180500704173
45075,28.24862075907168
45076,29.12526153273437
45077,35.02112711048772
45078,38.26019293447324
45079,43.51432170569073
45080,49.39551516477753
45081,50.07325152326548
45082,52.421964950770615
45083,53.38277590444218
45084,53.93918321348059
45085,57.78554788201597
45086,58.42661789941926
45087,62.157132943895505
45093,49.34237217440328
45094,52.54717369219041
45095,52.328975215825956
45096,54.845387407383576
45097,56.15673493217899
45098,60.21145360430681
45099,61.68592487964031
45100,62.21517489655787
45101,64.13692157678794
45102,64.55147301134794
45103,67.58260264846793
45104,70.32575312552078
45105,29.331541157834362
45106,35.261031056071815
45107,42.38398534943205
45108,46.5375943340007
45140,21.793048840734443
45141,25.578031419452653
45142,27.512410410905048
45143,26.342598286764417
45144,28.741972693173636
45145,28.777302081666534
45146,31.73832440696699
45147,33.54550133096653
45148,35.148532916715624
45149,37.06176752132727
45150,37.037007073523604
45151,34.99143334070098
45176,23.467287704194316
45177,27.47230014782675
45178,28.39679487109878
45179,31.70348035612997
45180,36.975660983309034
45181,36.620450221903866
45182,34.82270338226271
45183,39.18226256554258
45184,50.2219732209612
45185,46.815128230412824
45186,44.05405761258577
45187,49.024948652235366
45253,17.794223167657016
45254,22.24725500858517
45255,26.017357289201943
45256,29.342692465612455
45283,39.03209601864903
45284,40.64500441455103
45285,42.21513012260749
45286,47.4844961624961
45287,48.816991692008195
45288,49.47615506043114
45289,50.09927749900327
45290,53.46686102102963
45291,56.312045236346094
45292,57.51024863285191
45293,57.03886359513222
45294,58.08244345471979
45354,8.18068552512349
45355,11.768780080152919
45356,14.612775382575382
45357,15.608899937107301
45399,18.42263914626657
45400,23.74145003302457
45401,26.87890467754858
45402,26.136995138089613
45432,16.353595687300125
45433,21.675411246767474
45434,24.665912311092793
45435,25.57115630612971
45476,30.127866506038387
45477,31.300773610569625
45478,35.893019102151904
45479,41.334851559838405
45480,1.0500955830301935
45481,1.277975154210594
45482,3.3768888833995656
45483,5.873905022831662
45484,9.032228188172708
45500,19.246345360732402
45501,24.242751160813704
45502,27.0546358590725
45503,27.912034778137865
45504,28.282057328227236
45505,28.909928237031668
45506,30.141008165644898
45507,33.12130379745752
45508,34.557823734725424
45509,37.05482991133186
45510,39.197240334812136
45511,42.46616683283011
45512,43.65525004724416
45513,48.24942876648507
45514,50.5027202731967
45515,51.966966373415445
45556,23.40227466628135
45557,30.51509511726839
45558,30.21900014602665
45559,28.399706304813478
45560,28.341231294673822
45561,31.868337733761578
45562,33.57749559452769
45563,36.99882710323892
45564,32.94530231030825
45565,32.89487023828269
45566,31.323809025994738
45567,37.07839632808008
45568,44.192020406059335
45592,19.093069169807723
45593,22.53532861318797
45594,25.678885026513118
45595,23.29609055662562
45662,31.380935601295732
45663,36.564125399589095
45664,39.69357937323507
45665,39.900369511186106
45666,43.24454623283734
45667,48.28476620904266
45668,50.57422451528237
45669,51.162334146005236
45670,53.237570404477545
45671,55.420265202275615
45672,54.64328789473613
45673,59.298481568861924
45690,20.715213762008204
45691,26.00451781300508
45692,32.3651278570052
45693,42.51721898577083
45694,40.43766287473022
45695,48.252038372014816
45696,49.86892731256737
45697,48.8451162479381
45698,17.027033158684567
45699,18.408458497026736
45700,21.74556794803643
45701,25.03672805715101
45702,28.64898393730189
45703,29.758158164019623
45704,34.257089484849416
45705,37.01418031929958
45706,39.931135973532164
45707,43.24736487072901
45736,14.247918938733317
45737,18.197394887332905
45738,18.953929640600844
45739,17.43967179448568
45740,21.87839519791355
45741,26.384160265048763
45742,28.717740463853502
45743,26.72293119954717
45744,29.340212100889385
45745,28.406388490377346
45746,32.9986042580815
45747,34.66854095593804
45820,2.1728582993036736
45821,2.8701969571166672
45822,5.390616671070463
45823,7.391093784967722
45824,11.08587621921968
45825,13.115349416902655
45826,15.497274877987833
45827,16.099531750570836
45828,20.139923594103394
45829,27.0256248639474
45830,29.27075508292925
45831,30.331064225488802
45832,43.121398751633464
45833,47.356909964910436
45834,52.87120326461217
45835,57.41062603275585
45836,57.079173718969265
45837,60.53147796027596
45838,60.61003533891478
45839,59.64237550573562
45840,63.94524648868356
45841,64.65354999310475
45842,66.59834819989322
45843,68.86326527554458
45873,42.54408240089851
45874,50.08790670461302
45875,53.340687928241216
45876,56.197559360486274
45877,56.22108153727794
45878,59.02534741421223
45879,62.44873110660061
45880,65.4967566621047
45881,65.82238765222871
45882,64.60462651390799
45883,65.92671391036666
45884,71.04814128871298
45920,43.21488031034321
45921,48.184860335486576
45922,45.68965811505362
45923,53.77920748733827
45924,54.862303594138915
45925,55.39405040544614
45926,57.88135404713018
45927,62.9677955083573
45928,63.86165820090722
45929,64.43321298187797
45930,66.7899233057724
45931,65.30859318241531
45944,30.440178832005092
45945,40.822940738031214
45946,42.33196508216617
45947,39.06528430389634
45948,42.285971299761286
45978,38.59438070975835
45979,47.46189827323288
45980,51.474788528054425
45981,54.0749322392065
45982,54.625625483033076
45983,54.464596577704455
45984,56.95576794199549
45985,60.54692675796182
45986,61.33621958686108
45987,60.465726631489645
45988,63.40967743383373
45989,65.36195817477152
46068,28.865218834896996
46069,35.563148399593736
46070,39.11621424740999
46071,40.911506999322825
46072,42.11327825484905
46073,47.08946007486864
46074,46.93313047188699
46075,47.29144562959644
46088,37.73001137885179
46089,40.52357939880004
46090,42.343925979663545
46091,45.14547043796835
46092,45.65703128761638
46093,46.02914780842036
46094,50.98243146617497
46150,32.19437290229511
46151,30.531819488255692
46152,26.421704611456132
46153,28.52040082529966
46154,27.97736422170268
46155,32.78786177504345
46156,40.23659997351646
46157,41.734923228020826
46158,44.619682674242966
46181,36.49699712288025
46182,46.3612443711681
46183,50.73947937360817
46184,52.67892078117686
46216,50.319376016426006
46217,46.94556074830115
46218,43.56883141122126
46219,47.075445508048794
46220,51.048270199319894
46249,43.36631386695637
46250,47.81206036536723
46251,41.318780976205474
46252,47.31861320637534
46253,52.67016769361556
46254,52.29071915984416
46255,55.231198185978194
46256,54.98581957484041
46257,56.54404360600619
46258,56.55270483657897
46259,61.867771488444355
46260,60.467079604691556
46272,8.737661838638308
46273,11.58364692814891
46274,14.930689125543754
46275,19.469438526681312
46276,24.573173559568538
46277,28.048889644482124
46278,29.326054597972806
46279,29.799337687362975
46280,30.16066737729148
46281,33.55947828194222
46282,35.596464692724524
46283,33.191419882928514
46288,12.73578042485409
46289,18.07132127966412
46290,23.92301049317592
46291,27.018517231756118
46312,7.64503563697137
46313,10.345855450275579
46314,14.946975437772009
46315,20.4377572326315
46316,48.15594830905711
46317,51.58128082047677
46318,49.726268089029176
46319,53.06981254761925
46320,52.32949600748921
46321,54.20629603874984
46322,57.17704660187425
46323,59.426562612560126
46324,58.86782829462676
46325,60.72552939373888
46326,63.65900952786323
46327,65.76700315334284
46340,36.290703099786576
46341,40.9422944522449
46342,44.29305137153655
46343,48.007516706418066
46425,10.446904441047822
46426,15.819495798596563
46427,19.85299831813775
46428,25.728848949275708
46429,36.534849545677496
46437,32.56618080141367
46438,35.584287654178276
46439,39.57564792053045
46440,45.13188599125791
46470,17.713439591538997
46471,21.67651845266547
46472,24.318816177544317
46473,28.195271099644316
46474,26.53795339813818
46475,32.16892545224088
46476,33.317720852543054
46477,37.510909673436245
46478,38.06820783296345
46479,41.945694528733355
46480,43.11901271668305
46481,43.75163400632457
46530,30.946872211569463
46531,33.00970434901645
46532,38.439697415420056
46533,40.08839114176563
46602,33.38859908559731
46603,37.65602347287939
46604,38.875970289531935
46605,42.6512352757005
46635,26.94713200230594
46636,30.177262263018747
46637,32.13816974932514
46638,30.98262198829885
46672,21.662604665144457
46673,27.63515824618984
46674,30.133534371097173
46675,30.37038049948635
46676,34.1790585393378
46677,37.00597348375479
46678,45.54386471330331
46679,50.390789501467474
46680,17.398560472718046
46681,19.85952712567574
46682,28.399775943979417
46683,35.29351812210236
46684,36.849750239770366
46685,35.713260901052536
46686,39.345733225113065
46687,40.16664836508337
46688,40.8887435433718
46736,46.51306724259604
46737,45.73318552192843
46738,44.10707068178676
46739,52.59478495437784
46780,18.07085756303814
46781,18.661833713738112
46782,21.894484168560837
46783,24.310852917066892
46784,28.22561602661175
46811,37.60217986951192
46812,45.49494507304001
46813,48.84857137709147
46814,49.40072531313735
46815,50.837692299942184
46816,54.354201621767196
46817,56.18283471533708
46818,56.58651742103971
46819,59.879240489862106
46820,62.171462804443905
46821,62.90617512630607
46822,65.30166282688681
46839,18.309185431386556
46840,20.825258335416876
46841,24.854026245759925
46842,28.84751672788473
46843,27.17840526382717
46844,30.740677303272342
46845,35.93488143150674
46846,39.50642178995038
46847,40.345663171955856
46848,45.10576418180401
46849,48.57438930747163
46850,52.055243136070665
46977,4.4081340920862315
46978,3.6006321124714953
46979,4.5366840337155
46980,6.335784632413529
46981,11.315766417172146
47007,15.682092784215266
47008,18.16839888067974
47009,20.424743760703805
47010,24.138610061575324
47011,27.740640206169164
47012,9.905549809696724
47013,11.816965357427925
47014,18.77289196224404
47015,24.335441090137063
47038,20.44395413125335
47039,23.251123902622506
47040,29.281546477978896
47041,33.00696476453938
47042,36.33008900368622
47043,35.86039829345919
47044,41.40382583121604
47045,44.06925290973621
47046,46.02699386271472
47047,48.67228510823074
47048,47.039496860003126
47049,52.77799652791097
47141,40.899376758825014
47142,50.75736030782564
47143,55.400608739844195
47144,57.31086144556683
47145,58.2400427631029
47146,59.82844301000587
47147,62.210419367964484
47148,60.8787554232361
47149,63.31110953815229
47150,70.04833726328104
47151,71.13934576365484
47152,68.64759204760256
47211,0.7306397006540903
47212,0.7284158595953523
47213,2.19533353098115
47214,2.957409551461119
47215,5.504035444705507
47216,6.2384934119601585
47217,8.413588837440887
47218,14.526555593055889
47219,17.47515916744365
47220,18.23261607419762
47221,18.511747073627735
47222,19.93038888496843
47223,54.047244145470316
47224,57.95497109428239
47225,56.471856726245356
47226,58.46661480959909
47227,17.748276390278118
47228,23.70263067817844
47229,27.042281828493813
47230,30.89237456810617
47231,34.19012665239615
47276,1.7971346361297897
47277,2.387190077038673
47278,8.984964100743719
47279,16.517842894191364
47280,0.5516679376075253
47281,2.135690193895733
47282,2.263560683216785
47283,3.1318850380175642
47284,4.467427902174204
47285,6.271294003501358
47286,11.729083512514956
47287,14.266967127949568
47288,15.897985208532333
47289,15.472427905830669
47290,22.87072478297341
47291,27.235888250163065
47292,28.438952454190243
47293,30.761503657016483
47294,33.082245949754494
47295,43.039183948852475
47296,7.25187283966147
47297,10.251296545687065
47298,13.113813013387476
47299,24.193918349768015
47300,25.990256715259623
47301,29.453158750368473
47326,57.76716408656535
47327,59.567634844968616
47328,61.375955023060406
47329,59.665453025946434
47330,63.660984974262966
47331,67.69427178514172
47332,67.88763310690786
47333,68.30544950664782
47334,66.39982220718223
47335,66.29858413637965
47336,70.6230231180909
47337,72.12811304606
47377,14.380206409357125
47378,16.546180352591644
47379,15.811537570853224
47380,17.842501997844963
47381,17.282146351444833
47382,18.036862497956253
47383,24.607458005479266
47384,28.952739804032568
47385,30.378137852104
47386,29.441872333050252
47387,32.439151959339604
47388,32.39577902776833
47438,37.67230944163028
47439,36.69624227188515
47440,38.34691603263402
47441,38.077736234648036
47442,30.68818101931547
47443,32.95785054522732
47444,32.7690183181562
47445,34.659820514501284
47446,38.75229409669258
47452,47.31646446595827
47453,54.53158894258785
47454,53.52152399523871
47455,56.24804048272945
47456,55.17020361538291
47457,54.66987230076707
47458,57.94410590186673
47459,14.818363853337088
47460,15.922817115585953
47461,16.909081250113964
47462,23.119177962840528
47463,26.703431867570362
47464,36.567005597732276
47465,35.96186793517399
47466,36.42767716627068
47467,41.47688893812529
47468,40.60957032293467
47469,41.48210102491475
47470,44.355187038925564
47490,13.833581935530534
47491,21.150899347212867
47492,26.459293278565923
47493,31.90869327473122
47494,38.741694803326816
47511,40.30148356682061
47512,44.052922478333684
47513,48.97654076414647
47514,54.97773419990515
47530,28.062316164723235
47531,34.337696352556165
47532,35.092186293038175
47533,36.8625954090302
47534,40.62751157868778
47535,43.20370145794794
47536,44.22426037249276
47537,47.72184178175354
47538,49.91721486460198
47539,52.364408299705225
47540,53.14695139358734
47541,55.41365755115121
47551,9.961628116719455
47552,12.298157195531989
47553,9.366462577515149
47554,8.319918399615545
47555,13.152892856881286
47556,17.127676491421767
47586,48.0855904917827
47587,51.31398315232201
47588,57.648403648323246
47589,61.73181901656874
47590,62.3941907507753
47591,62.97453510726635
47592,65.09344455847095
47593,63.547379111162826
47594,67.84878426754668
47595,68.33650140527233
47596,68.94323521371776
47597,68.95288924854475
47598,28.241959133910623
47599,31.423977659657925
47600,32.71719243955918
47601,35.90733972478986
47628,12.069472441250275
47629,13.813680784942498
47630,14.029751355846297
47631,18.666091685026064
47638,19.56876578307058
47639,16.807197131433632
47640,13.321768114778553
47641,14.53745455631865
47642,17.50047482824972
47643,16.87223276976362
47644,24.04704550889982
47645,28.367294209531575
47646,30.208610942668745
47647,28.012516116667417
47648,31.86765846524359
47649,35.06556075496624
47697,14.382034996784878
47698,16.6192251888696
47699,17.14268283517238
47700,14.197980959634798
47701,18.365279272904647
47702,23.28236255162365
47703,26.675191115452986
47704,27.808323672741817
47719,13.849742244571678
47720,14.14869683352628
47721,17.44738440127274
47722,19.702794865315294
47723,22.981231298175082
47724,24.839802080483363
47725,26.659334027804313
47726,31.084398334405254
47727,11.235190695616701
47728,12.061772169333732
47729,16.157092901446024
47730,21.027861059745373
47731,23.144241959978622
47732,25.551163485096193
47733,24.416033567292953
47734,28.283286761724327
47735,27.5002621017975
47736,32.59506454666279
47737,32.30262390303475
47738,36.41347208785662
47739,41.09901868678966
47740,46.23994863837905
47741,47.48093760539125
47742,50.18894884837917
47743,52.65671928482824
47744,52.68321394270958
47745,57.20256207239144
47746,56.896625151988175
47747,54.67214310984975
47748,57.697219920930095
47749,58.45255552882505
47800,40.96457113350205
47801,39.051808709226854
47802,37.87079967947854
47803,40.62970882774474
47804,46.55875745064304
47879,26.93681672336942
47880,34.4460630136805
47881,37.92022141147281
47882,34.12089294322354
47895,12.48339988982749
47896,13.08241298307314
47897,15.244269994930775
47898,16.435818212531007
47899,17.24746836004188
47900,21.06130227225365
47901,24.024249051547248
47902,26.207819621577798
47903,29.588398700744985
47904,28.403086229284042
47905,30.055444072084633
47906,35.82727205234671
48043,16.955687651524517
48044,20.488646147696418
48045,21.53973946100721
48046,25.6064859623327
48047,29.702659001997546
48048,35.697252231680984
48049,34.492829782496905
48050,36.239824037079394
48051,37.32925414712124
48052,37.181631099033766
48053,37.3291453274948
48054,41.20829091867935
48055,52.871375467822375
48056,48.88479418902449
48057,46.27980637329996
48058,47.12152527993576
48059,55.828778228162896
48060,36.73360297369866
48061,37.777653729582724
48062,34.623028938436654
48063,36.921261020922536
48064,43.326938038808144
48065,43.467247678265366
48066,46.15178550133885
48067,46.90100031892081
48068,48.464664881494386
48069,53.277727712767
48070,21.357337154793676
48071,23.15288322231435
48072,23.735940909695397
48073,26.435117409976655
48074,30.010412505945844
48075,32.80474776213197
48076,36.0991070973946
48077,35.24131033022085
48078,40.123909487980775
48079,48.58988811286301
48085,44.48403824006761
48086,46.8426347616919
48087,49.14255715557822
48088,53.40129211663173
48089,58.30117552718036
48090,57.052597222743444
48091,23.285539203146357
48092,28.824377197762402
48093,34.90537546763884
48094,38.85305365190518
48095,39.67987243614314
48096,46.26582600085037
48097,46.21044701371408
48098,47.20427878642721
48099,50.239084335377086
48100,52.18594796434223
48101,52.74324620574336
48102,53.459677072480176
48128,4.3439769856299595
48129,3.6653734266462408
48130,8.806311501116191
48131,14.058601262242458
48132,16.699481801042197
48133,17.24723666989101
48134,18.569828708590514
48135,26.075699855067462
48136,28.45107005101366
48137,31.868586209488424
48138,32.254120172708504
48139,31.730311928480056
48212,28.080952779435766
48213,29.318363109435147
48214,34.60646656139041
48215,35.30362984356464
48216,41.12064652749952
48217,41.17629498869678
48218,43.344619648925296
48219,45.42102388304116
48220,46.75769451802015
48221,48.06875445015287
48222,52.99734813649745
48228,5.831562718790554
48229,8.937628130206567
48230,11.10473008840596
48231,14.438703107774726
48244,31.677481559544464
48245,33.74128744134725
48246,36.35992272589433
48247,36.96854127938395
48248,44.00197655682948
48249,45.273157814449945
48250,46.62274381513608
48251,53.58126350775278
48252,56.93758879445627
48253,57.3803645471294
48254,59.65244710667937
48255,66.56797572672254
48256,65.15268227810876
48257,67.83924658265273
48258,68.38856936712517
48259,68.64120677558991
48272,17.697877112150955
48273,22.12991298290009
48274,25.792628685331266
48275,27.427595667185333
48276,28.58878750157033
48277,28.504705374356533
48278,28.431623834838522
48394,46.8641942679639
48395,47.08157772817391
48396,45.74262182187275
48397,53.163587670426246
48398,53.817064701179014
48399,56.93116933450502
48400,58.40407333341146
48401,57.783830033498845
48402,60.74083232757867
48403,61.9052707257829
48404,62.67776348744208
48405,60.49664211529811
48406,43.56972616145189
48407,41.75030651695024
48408,41.3455370270239
48409,43.664062621068624
48410,40.70898707876122
48411,47.51855976360779
48412,50.01613992977152
48413,52.628847470300926
48414,53.09072018720913
48415,55.88143587908512
48416,52.994042588288195
48417,49.771505942804325
48418,46.1953245159658
48419,49.311813653229905
48420,52.696931870175575
48421,53.94025617841841
48422,57.269336396742816
48423,59.35089377621683
48424,59.18496926083479
48425,60.24045378867047
48426,63.54368471779824
48427,65.12975519741117
48428,12.419682221879201
48429,15.532008072249441
48430,17.756151661067072
48431,19.204354805071546
48432,21.58786422233762
48433,27.990768589606546
48434,33.025428086572596
48435,31.114770783649025
48436,35.28309650704712
48437,35.224431052135635
48438,34.35967192495904
48439,35.161945564384425
48475,5.2626016627450145
48476,5.334314165845707
48477,7.187543079313942
48478,13.379478251106987
48479,16.82070466694557
48480,18.14223123648205
48481,19.330123902361464
48482,23.413320093366433
48483,27.40050691703688
48484,27.995288109175828
48512,17.327360617679318
48513,18.410272426033202
48514,15.861060379918323
48515,16.50243634803944
48516,16.799446497705965
48517,21.732005212840953
48518,25.421601501353855
48519,31.25255520144938
48520,30.828027992301166
48521,35.219749138712054
48522,37.73906059100306
48523,43.419599813783016
48528,19.069740457839337
48529,20.212252385006735
48530,24.495207833540107
48531,25.845737978800365
48532,28.803515667117825
48533,33.5375698708574
48534,35.13340225888293
48535,38.16810469776865
48536,40.66273985717122
48537,44.415167146771026
48538,46.94536786197828
48539,50.7235775642213
48610,22.311273501654384
48611,28.63156808982495
48612,30.645850386233377
48613,35.29552337690525
48614,32.488110472671416
48615,38.56879220439652
48653,13.794510726270337
48654,16.91060473564562
48655,18.304165756033957
48656,21.982413561885657
48662,15.186224960061274
48663,16.793445031310952
48664,17.989068776533593
48665,15.050789029565173
48666,27.62064281686301
48667,29.688981169678776
48668,39.687461006867515
48669,41.05901175386905
48704,23.911802017922067
48705,28.981406000280092
48706,32.016207245826465
48707,33.675131801178836
48736,14.80739001628928
48737,16.21020085429107
48738,21.750213793429758
48739,24.00082463244801
48740,26.630519522919258
48741,28.48669855434484
48742,32.506781587619926
48743,37.179947638401416
48744,41.32535478269844
48745,43.80530051631443
48746,45.95477844120767
48747,34.426293539280024
48748,39.272275729624695
48749,39.57861271696592
48750,42.76645975179403
48751,47.325336056749876
48752,51.74101900431559
48753,53.26219002848778
48754,56.33934659675531
48755,56.97553560734503
48756,60.30750915161707
48768,51.03569549239824
48769,55.242370030552934
48770,53.00262984015395
48771,57.155162598490364
48772,55.838643755625846
48773,60.23593376923053
48774,60.80698411551123
48775,63.527934980071144
48776,61.00715029512446
48777,64.20884379755257
48778,66.08819012436835
48779,69.67301685767983
48828,26.422200813401222
48829,25.082186350234984
48830,25.24765739134615
48831,29.852804136820303
48832,16.312190823513678
48833,23.58929101797412
48834,27.244780098133784
48835,28.951344194163454
48836,35.841352162845176
48861,27.178417320394853
48862,28.118243163011247
48863,29.451098530960497
48864,30.942720583545295
48865,32.91492583683946
48871,35.60989039964545
48872,39.33877451031929
48873,44.42253018252632
48874,46.30137997431947
48875,49.501937142176594
48897,14.026029525764272
48898,15.008638573148298
48899,13.425121523020037
48900,17.360234253319913
48901,20.3220476037821
48902,21.970445613542207
48903,25.02757942101549
48904,28.76241603919853
48905,32.60242486941045
48906,35.01313899147124
48907,37.2839323630249
48908,38.32221194762063
48918,12.50776893771218
48919,15.216449015749067
48920,20.27788053149048
48921,22.758760283377107
49051,25.170944870385416
49052,28.547551894038943
49053,36.65882046863112
49054,46.47207107758511
49055,35.53258956797279
49056,44.4495538895335
49057,48.57170355962808
49058,40.40188542031953
49059,45.633366993202
49060,43.77513370880084
49061,49.75862810796902
49062,54.490287223691844
49063,56.844774957953284
49064,57.18194451814408
49065,59.910002639361565
49072,7.148615062103151
49073,11.678195492594636
49074,14.466767590468336
49075,18.2388814598835
49102,27.76820507741465
49103,33.988653798419634
49104,40.84042005795172
49105,40.592599112764525
49106,44.224455690751626
49107,48.18281319731204
49108,51.328858362021094
49109,52.49906596924021
49110,53.41257867202135
49111,54.92097515777574
49112,55.97198893587602
49113,58.66029037219523
49126,22.916895706687384
49127,26.960035723086616
49128,30.37850492301358
49129,34.75131784465933
49130,35.342530812681595
49131,38.73398205955282
49132,42.52641211106041
49133,43.066641562953976
49134,41.66343564390269
49135,49.11901791730681
49136,50.821861069410204
49190,28.767359270874056
49191,30.410998881569096
49192,35.39107721832837
49193,43.862673966449556
49194,52.081775403414575
49195,50.75310201478543
49196,51.670564658196014
49197,51.70685818767216
49198,54.08801738594365
49199,55.640477840904396
49200,57.38123117727099
49201,60.08549770918184
49212,40.74032830888891
49213,38.39616987404701
49214,44.400552558071404
49215,51.86635873076782
49216,48.436816507959726
49217,53.568651466824036
49218,53.601470210272026
49219,55.8181655082841
49220,59.04817510001989
49221,60.956780675687725
49230,18.182419508504584
49231,21.767495890396006
49232,25.628603098417916
49233,30.913332502121122
49234,34.91689470039286
49270,51.571537077746406
49271,54.03145119856394
49272,55.35117235868069
49273,56.88073574104322
49291,18.65505015322478
49292,23.976623499363335
49293,33.17194129434486
49294,40.37971390106928
49342,20.410843472628077
49343,24.810388503165115
49344,26.12837321403807
49345,28.074973954203454
49346,28.00644260644502
49398,8.964527125418163
49399,15.189785739755587
49400,19.094636566181336
49401,21.611643432529384
49402,21.505838672370167
49403,22.24110718389043
49404,23.833240268940905
49405,28.131891061336272
49406,29.285452103068245
49407,31.100039507317664
49408,32.2542395399652
49417,19.573858103181045
49418,22.424620037411856
49419,25.51552188554411
49420,24.137996996329335
49421,27.15065308163584
49422,33.14537040053735
49423,32.87556575994565
49424,36.376166983700834
49425,37.91056193582838
49426,44.859784441024296
49427,46.94063554706284
49428,45.76471421157297
49429,61.53390357770422
49430,70.01167578584725
49431,69.75723728195997
49432,74.24898585925445
49433,11.400654962251915
49434,19.30576659007063
49435,24.854426899233225
49436,28.93062784155977
49457,21.785655907261138
49458,28.04216787818272
49459,31.258475724675876
49460,37.53021045510627
49485,49.68880026951823
49486,53.154631293740294
49487,42.00851276438442
49488,48.92459914815428
49489,49.801926069120185
49490,53.140763678816114
49491,59.73076685898727
49492,62.52029307657416
49493,61.48982654286174
49494,60.09673939481377
49495,64.40299704152939
49496,69.24538317755861
49497,45.992011359717885
49498,50.02250455139653
49499,45.15805234849527
49500,52.74009806706037
49501,55.89804187127199
49502,56.874025981324856
49503,60.89224227143898
49504,63.97483425491706
49505,61.83750037276654
49506,62.571560340810905
49507,68.36496907563567
49508,69.31133735277213
49585,19.76732056893845
49586,21.788937977499035
49587,22.210580549767435
49588,23.375591022662128
49589,27.771636335477357
49590,36.30745717166065
49591,35.72280477966399
49592,43.51985413885895
49593,47.737391126307216
49594,46.27635104876999
49595,47.289465644490555
49596,55.11369802811536
49647,4.8186590472942195
49648,9.438915909217762
49649,14.046534740897387
49650,18.0804208702887
49651,21.147558835426935
49712,41.423176741410416
49713,43.95721666899463
49714,42.97692775780564
49715,47.224217373479526
49716,50.899016485525614
49717,54.64088795756669
49718,54.316855944848584
49719,56.947550108744124
49720,60.224958559824245
49721,61.724046090770535
49722,62.934023910402715
49723,65.50473049546466
49770,42.99939727124726
49771,43.13071525914807
49772,43.546742853954164
49773,50.98283149228135
49774,52.72809810622511
49775,58.039637048632514
49815,15.906712546326423
49816,21.50114217796222
49817,21.934417783303292
49818,22.364792348354374
49897,24.333696149988413
49898,27.570562073215587
49899,31.024449607126954
49900,32.972551351834596
49901,42.15096592988016
49902,44.32370470090883
49903,46.07089112504746
49904,49.18133376549742
50004,3.1152479211744817
50005,3.758693926460151
50006,6.5909640687762945
50007,10.102783473025463
50032,26.79340511412477
50033,29.579607726866683
50034,35.69032182240835
50035,38.186832647713736
50036,23.112449183802806
50037,28.198178434628595
50038,31.763855971365196
50039,35.065247576285245
50040,38.63068449419838
50041,41.88115744357086
50042,40.03354186504809
50043,42.65805512785928
50044,44.476418284616585
50045,47.425698370409926
50046,47.11768416551831
50047,48.70450651474526
50096,49.79372888682694
50097,56.648670843814934
50098,52.96078755038637
50099,60.89380586479382
50100,62.83059804164742
50223,44.746301522695575
50224,50.22714917967301
50225,48.55737806258335
50226,57.825397528220314
50227,58.1674109721004
50288,22.28224178089784
50289,22.441745813561862
50290,21.183480355296524
50291,24.133390749821675
50292,26.57583336361501
50302,7.904058783657927
50303,9.130880868472898
50304,14.690769540106446
50305,19.5743482818032
50306,26.96675575177225
50307,28.78052568137896
50308,28.374585259118433
50309,31.75751938090978
50310,30.80813330622735
50311,33.02965884327964
50312,34.00530563059811
50359,29.541788482149084
50360,31.538070423545314
50361,37.02324947491942
50362,40.432640981294405
50363,20.146705242461596
50364,23.256682606806987
50365,27.48872226831169
50366,32.44652064527113
50407,21.169873335530067
50408,23.79320989179715
50409,26.27969256907015
50410,25.30381459420861
50411,28.03579415972775
50412,31.524253256184544
50413,32.337136959593096
50414,37.66570458351128
50415,36.07081840127561
50416,44.036968244241116
50417,44.22737280537742
50418,48.13855262247047
50457,43.770843820948805
50458,51.9430413288186
50459,59.07666980520912
50460,58.87774646734153
50507,16.030877547588755
50508,20.923196860553137
50509,26.64117600810031
50510,28.860328024213526
50511,40.279390960416556
50512,40.60115939480934
50513,41.81912577384408
50514,43.5786643516671
50515,41.28016964686838
50516,47.220612762541045
50517,50.23196324719436
50518,53.229724268495566
50519,53.15971621260478
50520,52.39896657700513
50521,57.98688083666151
50522,58.84813631590165
50558,24.288174378545076
50559,31.67134048487144
50560,33.82116328784498
50561,33.37592566751519
50635,54.159495737434376
50636,57.8335732596444
50637,61.97746695035398
50638,60.38272595162993
50639,66.58760348166305
50640,65.57659598814863
50641,63.2389536372656
50642,69.97024585776214
50643,69.7585887796517
50644,65.90483493327613
50645,69.87653437821224
50646,72.79301927879867
50656,19.404678781110086
50657,24.967600977385345
50658,30.55604827532228
50659,27.65828022598617
50660,22.762314400799962
50661,25.47699643406484
50662,31.314729281608585
50663,31.770629530303115
50664,30.2456942806864
50665,35.18154486812716
50666,41.071685148862144
50667,42.82232509715553
50668,44.538107808602994
50669,49.09015918313937
50670,51.26132739830532
50671,55.174217452034426
50686,23.45151069086163
50687,26.437378215683047
50688,27.22462088609648
50689,33.724501439358356
50735,6.760919310495178
50736,11.385715033813792
50737,14.986952277642029
50738,16.30532030336904
50739,16.258206715948184
50740,16.40975834888306
50741,19.76870536322137
50742,23.67255396302441
50743,25.371741964714534
50744,28.34996876590304
50745,29.358348828116082
50746,32.2232373087949
50752,32.0542814618928
50753,35.40298557668272
50754,41.12505779583057
50755,39.414142852852216
50756,44.013158821619385
50757,47.22886519957621
50758,46.9773538220527
50759,47.104216397310495
50760,52.62337020909476
50761,51.25855331739963
50762,55.79846308975693
50763,58.94300492484719
50768,7.33751707223176
50769,10.416781967536306
50770,14.854523826447481
50771,15.883963240167189
50772,17.782249087857508
50773,16.142384787548227
50774,19.985984709005386
50775,25.395670089956685
50776,26.697454894356056
50777,28.389673678151023
50778,28.109895846841866
50779,32.151236949921206
50792,43.4504750991743
50793,51.13525304833218
50794,52.82818427664508
50795,53.21239105393155
50796,57.489911240825364
50818,29.159253996876785
50819,31.180072883784824
50820,32.77923434962186
50821,35.64440426996498
50822,40.26466263857056
50823,45.323516514392686
50824,44.5518775521728
50825,45.47616181073931
50826,46.63462231276543
50827,47.508507834238806
50828,47.65704802902233
50829,50.346699027210434
50848,46.58818764728773
50849,51.55439940615672
50850,56.07199441014635
50851,59.40242216129873
50852,60.73673673696892
50853,64.90048032840912
50854,65.69417332070539
50855,68.94677766636153
50856,68.58769380956929
50857,68.80342888617838
50858,68.63704492094169
50859,71.14671691896483
50860,31.82634656896411
50861,34.34579932600979
50862,36.36643619541845
50863,38.28266320804683
50864,42.02184245435194
50865,47.16708199010195
50866,49.02395126061394
50867,50.953070207362465
50868,53.6089041728172
50869,53.71034379778996
50870,56.87517963712326
50871,59.2667566459337
50890,18.508096661132605
50891,19.47365303941992
50892,25.204419932890954
50893,30.488508456009423
50894,33.827998664307856
50895,34.29493593577986
50896,34.727583191257125
50897,39.526330713893955
50898,41.55208525761559
50899,42.75804552004846
50900,43.50624012842654
50901,45.27188329816483
51021,37.508746426011285
51022,43.06051461026075
51023,45.03888815058984
51024,41.97389593880537
51025,44.204652916848765
51026,49.70697430294715
51027,57.03840731505214
51028,57.042978879198955
51029,57.03698896033226
51030,60.769479186109514
51031,59.60902032869169
51032,62.326297944739366
51088,41.74383052917197
51089,47.03564119234943
51090,52.83413975111493
51091,59.33456890729692
51111,26.59822627953935
51112,30.165066867592948
51113,36.6406362928539
51114,43.85140442644713
51122,41.42519006623712
51123,46.86972140006135
51124,45.61137559889389
51125,53.256201163721215
51192,10.900466140415947
51193,13.681666401531897
51194,20.69827077544039
51195,33.605248215625
51204,42.66985573985025
51205,49.17240037257413
51206,51.63369672256748
51207,53.219369092240335
51208,55.755596957822576
51209,59.209272069984664
51210,60.357183857606735
51211,61.25498398163129
51212,61.804071649468725
51213,62.116388884340225
51214,63.88227230274171
51215,65.25348888319625
51221,10.004304469256683
51222,15.915255685849584
51223,18.299445666211433
51224,19.290658804570427
51225,15.687432228677094
51226,20.906923460517525
51227,23.51294616685225
51228,25.85197222248606
51229,28.410639614750806
51230,29.013832013626995
51231,34.61459610050345
51232,33.908831563483474
51334,8.197908303189122
51335,12.102497654417625
51336,13.103589154675744
51337,16.701927531388733
51338,17.620786740450722
51339,22.31299316925497
51340,25.09743070002743
51341,32.085623026287145
51342,33.07000843507514
51343,36.36218028507896
51344,40.1865107530463
51345,42.0220194997754
51400,14.48511909009671
51401,15.420819648111857
51402,17.068545344477148
51403,21.43366215975673
51404,22.9977168192924
51405,25.50263092129968
51406,26.587694867222652
51479,14.722541079801811
51480,14.965553436253462
51481,15.494789134918994
51482,17.891614608737353
51541,20.028436818218243
51542,23.40955847339963
51543,28.189092150111705
51544,20.73978566170137
51545,26.076840551331497
51546,26.349800210331598
51547,31.01680590922593
51548,31.25549271826223
51549,36.608221926963665
51550,33.974793277813056
51551,39.915234713533714
51552,42.55875745916547
51577,33.07001694681748
51578,41.81442748439994
51579,45.99294078022829
51580,47.48765196855889
51581,51.71972275359736
51582,53.8303621630257
51583,54.118564502540934
51584,55.90598732863718
51585,54.25751237882882
51586,57.91367383711053
51587,61.579748635193866
51616,45.4885350611034
51617,50.98778140887989
51618,51.041941451552084
51619,57.953485402033024
51620,58.814156427190674
51621,60.460419822866406
51622,66.06389327248178
51623,67.74381325591816
51624,64.23259367644098
51625,66.35865021361201
51626,69.25515771203129
51627,66.95544481670474
51674,34.72993904170175
51675,35.1499390662523
51676,41.87784240588727
51677,45.19722934603649
51678,47.552017686654246
51679,51.52096743319529
51680,55.246664283758214
51681,60.81749844637617
51682,59.55650200007104
51683,57.86954531435936
51684,61.188857703555705
51685,67.22045093406462
51702,38.272547361978546
51703,38.1426889600173
51704,40.38522064410539
51705,48.93411352299799
51706,55.22074290970123
51707,56.92041982044386
51708,57.8850239819305
51709,62.47570326361097
51710,62.72045567112807
51711,64.06929927184592
51712,67.2221197133101
51713,66.5448463954103
51718,17.689883660104183
51719,20.572425299060868
51720,24.43204274756436
51721,28.124738932907054
51722,33.18037575992765
51723,32.31348507643075
51724,30.853571287211114
51725,34.8848781212737
51726,39.17098654274764
51727,40.667014765674345
51728,41.23600416179987
51729,41.138975832877314
51730,40.10343703515071
51731,47.409469108627576
51732,47.41519393302541
51733,52.49308738824363
51734,55.847986228954746
51735,59.46846325069757
51736,63.29292465929571
51737,67.55025440233261
51738,65.74511413118081
51739,67.39481809774189
51740,69.57736862227208
51741,70.78729280653225
51747,20.236561573421422
51748,23.647555495495357
51749,28.286695814386945
51750,31.00762458681821
51751,32.53553675121023
51752,31.72594677979713
51792,24.357510333013497
51793,25.70873763446499
51794,26.934120719980182
51795,33.26777663327071
51796,32.60733460249477
51797,33.16958206777246
51798,41.731518415596895
51799,47.9328545628196
51800,46.96411291928295
51801,49.723283570559225
51802,52.199221853530304
51803,56.443648502365775
51812,7.365901197451823
51813,12.732188362635872
51814,14.626119848372241
51815,15.340760974284084
51833,25.829088877809287
51834,27.7008839997449
51835,31.85171159919105
51836,32.96509508047123
51837,37.73168413226961
51838,38.409844550509106
51839,40.651500238407486
51840,31.072881681817712
51841,37.489563084026265
51842,38.332110627705134
51843,40.11188577206239
51844,41.15597514422935
51845,41.93185859308529
51846,44.049566117765856
51847,46.1393353143457
51848,47.089426028554264
51849,48.51870788890451
51850,49.28779384445875
51851,55.46029505008511
51864,30.984241951201284
51865,34.55526721622604
51866,35.513528535854
51867,35.99714872029232
51868,36.70288323798984
51869,38.898120349367765
51870,42.375613953294604
51871,40.93212710270825
51872,43.181417120427504
51873,44.2088582108857
51874,46.047920144027266
51875,46.78856019559622
51891,13.267359254039553
51892,14.365854870935081
51893,18.100999496028077
51894,21.527053181481474
51921,20.284190296512584
51922,25.558700472318264
51923,27.55715519498734
51924,28.744098818172994
51925,28.955281112676463
51926,30.792987457171357
51927,33.39635852117909
51928,35.975643547456215
51929,37.36274048695133
51930,37.00356160926989
51931,42.22388248493217
51932,43.45328304380816
51937,39.122059916717554
51938,46.8611739895869
51939,51.7803164172819
51940,54.76627538939608
51941,55.492010667454075
51942,54.638283766234736
52202,33.07390333867556
52203,36.31969997051753
52204,42.75718142383426
52205,49.410380894395836
52206,13.962444181605312
52207,18.852342153679285
52208,23.36205389111931
52209,28.398923291058242
52333,27.65447679715462
52334,32.24448728099515
52335,34.760160003098925
52336,36.76391514513115
52359,33.371218113008766
52360,34.78917980300308
52361,38.827137249479414
52362,41.35120149167147
52363,48.955126447269556
52364,49.903001205584935
52365,48.3765017925802
52366,52.24641303299556
52367,52.92942934646662
52368,56.92138458130495
52369,55.38142958766013
52370,59.916023787584365
52377,6.556103156468823
52378,8.527641573078888
52379,10.659832221945745
52380,12.991355260636265
52381,14.471393905074844
52382,15.984255716387183
52383,18.84166973735883
52384,23.06682191586248
52385,27.110112008936007
52386,28.798572300771173
52387,27.997620110898442
52388,31.886584031404723
52413,60.749505337956634
52414,60.91612477884856
52415,58.21726267563279
52416,54.729365425447575
52417,64.1157798779649
52418,63.40792386720382
52419,65.10484855060952
52420,67.15489876530744
52421,70.44345075769722
52422,18.798772544225997
52423,19.04481761151846
52424,13.676643424450095
52425,18.651356283938167
52499,23.31978938478013
52500,23.00825785893429
52501,30.375506337847344
52502,33.49645868025591
52515,32.2984873603959
52516,39.27690939928446
52517,45.91840670037514
52518,48.75198557024519
52524,13.787295564457551
52525,16.987932906477205
52526,22.139457190233145
52527,24.02715274356885
52587,26.937787229019605
52588,26.303366747577137
52589,31.065584426939512
52590,33.46071954422599
52591,34.88532638868337
52592,39.80238535363205
52593,41.25302259337808
52594,42.9076383414851
52595,47.38994416066512
52614,28.549431013352496
52615,30.19858477740597
52616,32.21883144519725
52617,35.449120075428795
52657,2.0569794447611653
52658,7.044177737601747
52659,12.269865623729443
52660,14.388664823663836
52661,43.70239948434481
52662,49.34421524675957
52663,56.2806275642149
52664,61.43635889453733
52719,36.69055445030553
52720,38.738435567360305
52721,35.15763675366461
52722,40.26409176923396
52723,42.789852017753425
52724,43.53542338209498
52725,49.55150398603844
52726,50.94862360742838
52727,52.820695160667476
52728,54.908943657564045
52729,55.85947603828035
52730,57.43854127389832
52753,9.581103396466615
52754,11.53481175080448
52755,12.397382109985124
52756,14.656682782214013
52757,17.505215019368865
52758,16.338809216943837
52759,19.641758473266798
52760,18.936156238731648
52761,20.33137957447216
52762,25.460411621211563
52763,31.017799058960726
52764,33.44626404685227
52802,54.56720530743813
52803,58.61874534674348
52804,64.96901847188853
52805,68.36394154743752
52806,70.53832385164561
52807,68.72830750939141
52808,72.4760605911568
52809,71.84040654606389
52810,69.74566607259239
52811,68.95875035244515
52812,71.44543723010008
52813,74.58417292727952
52861,23.679508378620476
52862,25.610840273748323
52863,28.662409750084162
52864,32.03055669236722
52865,39.857027825424865
52866,44.46952547768434
52867,43.86670289485261
52868,43.97554100951077
52869,47.54997465324696
52870,48.642304208314094
52871,49.35051284441351
52872,49.12785614050709
52913,13.82362068613964
52914,15.390111131509054
52915,14.180946434002994
52916,15.88438228667491
52917,15.640176212645326
52918,19.926906134044952
52919,20.187617105243373
52920,21.3001086492016
52921,25.998769555818996
52922,29.122018256531963
52923,15.142630027556871
52924,19.439553643098996
52925,23.048873238666808
52926,21.73368956535871
52927,27.59652218389594
52928,32.07667634387878
52929,33.58598224147911
52930,36.09380038209976
52931,40.21098435131418
52932,40.07176144956384
52933,41.42385985759329
52934,44.3411273909531
52955,28.77468320568327
52956,36.681750671417895
52957,40.03363450222046
52958,35.3357128366108
52959,43.293404812051875
52960,49.88066678796659
52961,45.84797999817237
52962,47.33817158202964
52963,50.68944404778845
52964,52.83938290833363
52965,60.069716261189
52966,56.01681928208401
52998,37.29130728464613
52999,39.291471725753816
53000,38.59529372353346
53001,46.10989349097032
53002,31.385587289448175
53003,34.01902456165332
53004,39.463340858887506
53005,44.49671138173547
53006,46.046378061594304
53007,48.18157746639055
53008,47.38474866702072
53009,49.94954424790744
53010,51.72390423649464
53011,52.159828032926335
53012,56.5125672785297
53013,59.6860912726576
53014,19.07533132785959
53015,23.763662732713076
53016,24.597177541328023
53017,28.44119422693281
53018,30.067491612198403
53019,32.51485917404206
53020,36.81338064173116
53021,38.47702256797409
53022,40.36559002055849
53023,43.31151118557805
53024,47.37143893021857
53025,49.13243922139619
53141,27.611488516572606
53142,32.22240799435608
53143,34.248224649217995
53144,36.208543330240836
53145,39.58663007956308
53150,4.332236197232394
53151,8.695312722226587
53152,12.674877468582231
53153,12.090178096867568
53154,14.16381541554797
53155,13.586157281594225
53156,18.681961135416778
53157,23.732918482830403
53158,29.948408097836776
53159,27.968090705542092
53160,28.304720100114718
53161,31.828495152522102
53162,23.714632362103753
53163,26.363669508205714
53164,28.222736308886454
53165,33.854767383505354
53166,25.973605800417033
53167,27.305806765334633
53168,27.81095180748313
53169,28.637118670186403
53170,29.433188341547226
53171,23.52205022111199
53172,27.294898608791385
53173,28.204246851802036
53174,25.286098945975233
53175,30.369325204877303
53176,28.53361431994159
53177,32.58802336795436
53178,35.599554631143356
53179,42.31671059274937
53180,43.485433742592605
53181,43.78294310520009
53182,44.98601567883955
53183,43.22771976300779
53184,44.82321245152965
53185,45.44262295586992
53186,52.17514494999852
53187,53.26426142052573
53193,30.500330307845136
53194,35.379002997745296
53195,37.346403691124436
53196,42.624319221177984
53197,43.714295516771976
53198,47.84278585277294
53199,50.18349771856613
53200,52.54572891773408
53244,26.2087718549981
53245,33.468579488205926
53246,34.3085471017606
53247,37.89469981989131
53248,47.66944073413445
53281,21.48097083082432
53282,20.759319840830734
53283,23.207858600447548
53284,25.06372774479477
53285,28.600394741975958
53291,40.592398304275484
53292,48.876205595709685
53293,44.58467477217478
53294,46.74126386177922
53295,54.503467652319955
53296,53.41260330708539
53297,55.64591902723265
53298,62.31897468652351
53299,60.51286075602962
53300,64.621922296959
53301,62.24969028716348
53302,64.44149464539821
53318,34.59898306186218
53319,36.03452163380235
53320,41.578497415748544
53321,46.39941827764868
53322,49.05114995473789
53323,50.813226749807
53324,56.17325182503048
53430,28.254760514715066
53431,31.90628089074152
53432,35.77193170649122
53433,38.86199008618346
53434,39.763394597774194
53435,40.207126129515586
53436,45.62701587315259
53437,43.018361311482515
53438,45.73625600292215
53439,47.129524658625456
53440,50.58222923136287
53441,52.37900041509409
53442,24.78642765003425
53443,31.827284283971757
53444,34.55959448034153
53445,39.81368387704629
53446,41.42090806284915
53447,41.01962775618034
53448,43.268945614575244
53449,43.971562059301974
53450,46.20162034474071
53451,51.59164357818789
53452,50.95740855909441
53453,49.59142221173663
53483,30.353874721679084
53484,34.52597970067617
53485,36.85844451318689
53486,35.55210891969162
53487,40.536180532170015
53488,43.84887187197649
53489,44.59361254760596
53490,53.376503782263484
53491,57.662597093903834
53492,52.634684777783455
53493,56.348612956975096
53494,60.667488601311014
53527,40.66789722999218
53528,41.830578220709036
53529,40.933114419572654
53530,45.00468437145746
53531,47.95855807304596
53544,30.55089882820457
53545,33.21967345992336
53546,38.46944024199515
53547,43.43983837578611
53589,55.973556368570186
53590,59.53191481980344
53591,62.81787810796454
53592,64.21739958279092
53593,63.98173767549653
53594,64.98802574538841
53595,66.82424955563607
53596,67.924821117026
53597,69.20071943427628
53598,68.04171206887558
53599,69.56243000917841
53600,70.19121141655137
53651,50.39550228764019
53652,54.92736844287435
53653,58.03940604506359
53654,58.302968568167614
53655,55.275015767134754
53656,56.89876920922808
53657,54.60555574357723
53658,57.3495148469954
53659,60.27510667609054
53660,60.188514726655
53661,61.63357350273165
53662,61.06791864202412
53663,61.51590737570648
53664,64.5844938333293
53665,64.70659064559794
53666,68.34861095787052
53667,27.167886396239147
53668,28.866337811449753
53669,29.365484712846268
53670,30.427080782242957
53671,34.515166933969645
53672,35.494098638899494
53673,36.67287586073211
53674,38.37176542488149
53675,41.47711438816498
53676,46.25916081263245
53677,48.33151110046881
53678,48.81240003392216
53703,32.71741976364709
53704,38.90021447052914
53705,44.962847361416244
53706,51.01203835716722
53707,56.31996086626268
53720,4.3308330697579915
53721,5.638634841022357
53722,7.639556781788887
53723,12.891881245803077
53724,15.12805101861697
53725,17.052444394927807
53726,19.39834091865882
53727,19.023499993356285
53728,19.64094289648126
53729,27.433703187850902
53730,32.18639111897731
53731,33.4560493785274
53732,16.966625928637825
53733,22.643367572286873
53734,25.760510085316664
53735,24.881581363710254
53736,31.31834631456528
53737,30.386929830176626
53738,27.791716698247583
53739,32.917922658995685
53740,35.44814836981368
53741,36.20366307718537
53742,36.99272681379706
53743,39.52660150583833
53794,14.19312219334116
53795,16.4022789667367
53796,22.08709422910702
53797,24.81555038159753
53798,26.514424853121355
53936,47.038730557163056
53937,51.978512767136465
53938,58.99420241456942
53939,59.470592670677746
53940,62.01841429756331
53941,62.65489396091941
53942,66.23228773415045
53943,64.50177589446653
53944,65.98210457999109
53945,68.19262547413939
53946,67.84057049290985
53947,70.29484466101205
53954,0.7414535306078164
53955,0.7229662104041478
53956,1.8734184918571566
53957,3.6269813626267395
53958,6.156693290709795
53971,28.00494951248767
53972,31.581470644140865
53973,31.791383782617228
53974,32.75529210789887
53975,34.22529148513532
54001,24.97130892524893
54002,27.48384776253494
54003,32.92248421081275
54004,38.92443158421928
54017,21.000737326885197
54018,25.99344603659632
54019,31.38925386214475
54020,31.60879080611804
54021,32.0483998196273
54022,34.96635624888485
54023,35.556839200377304
54024,38.370366114216594
54025,38.129843726475514
54089,39.53434657511769
54090,41.67107608235409
54091,43.76573525014869
54092,50.35046415300156
54093,53.17205590720888
54094,51.740248823579805
54095,58.62498238896796
54108,51.22188380149961
54109,53.33147477518135
54110,50.586020993189145
54111,51.61771742759481
54120,7.206493634158172
54121,10.20887377319662
54122,9.304846848820088
54123,13.464714617867275
54124,14.74709552281537
54125,18.923449093886585
54131,5.622305325408804
54132,5.44023232619517
54133,10.471772588477016
54134,11.60305301734476
54135,15.94686280542491
54136,15.450170973612043
54137,20.747598423776875
54138,24.74070005007701
54139,26.07036078862594
54140,30.31921537412625
54162,29.307482671257407
54163,36.998135995209694
54164,37.491568145895485
54165,38.34922411041239
54178,2.004473485019565
54179,3.837486686457313
54180,4.665726214441956
54181,9.477671161731838
54182,12.973446363154174
54183,14.554712738143632
54184,15.227946438001187
54185,13.879351390977707
54186,19.09830059454384
54187,25.186341883445348
54188,28.004442859235024
54189,29.114106312699167
54202,63.84368380605873
54203,68.50493678980546
54204,71.88375868096463
54205,72.74191578801259
54206,75.31359461310124
54207,74.7794954454903
54208,75.39227034203225
54209,76.72461163019044
54210,77.89116810372526
54246,3.7114685813790564
54247,6.031985170635541
54248,7.421101184822811
54249,8.659257167195673
54250,13.266547387079447
54296,49.71696862544397
54297,53.86991159362521
54298,46.97802066311056
54299,49.83360663836803
54300,55.059839734989275
54301,58.89414292338645
54302,54.08715051483131
54303,59.999546796225204
54304,58.87746624801638
54305,58.74000020820176
54306,63.76857050776979
54307,67.37558711789853
54323,16.620528130362942
54324,16.726915086806017
54325,13.971431037644379
54326,18.05956647683017
54327,15.977542274226057
54328,16.313614549115552
54329,24.628939960768843
54330,27.172587863995027
54388,27.29712004724972
54389,34.626774901900134
54390,37.322652570296846
54391,38.64168791063783
54392,42.365644418244095
54475,3.483644343305249
54476,7.192428781385962
54477,10.303102403075385
54478,11.598461924354021
54479,13.900513906556142
54480,16.79044949714502
54481,16.946661611120806
54482,16.895858714052746
54483,18.6836374377298
54484,18.412275307061545
54485,21.96478894068778
54486,22.805145636062214
54493,30.6447412000809
54494,31.895157883055354
54495,29.969280993637884
54496,33.89376623734463
54549,12.682122017557939
54550,16.268812525474228
54551,21.356850092849026
54552,24.714104995713566
54553,27.826462027886045
54554,28.81400062111163
54555,33.10571444903099
54556,35.196512217298256
54557,39.45881607159894
54558,36.964823870726406
54559,37.87866148849545
54564,2.0257278859417447
54565,5.499496909899482
54566,7.465942100406075
54567,12.947671429785926
54659,12.19066547239716
54660,17.478998522612738
54661,20.028433070420476
54662,23.373132327351897
54674,18.943526904001743
54675,22.376715400131495
54676,27.496356739840834
54677,28.358699694706452
54714,19.090205940889554
54715,21.687718054464636
54716,25.016430497288955
54717,30.3944351078592
54718,37.85539215507647
54728,34.30177940009675
54729,37.19575027525808
54730,41.87460255208576
54731,40.371505558835096
54732,46.78204205515107
54785,24.548046104414492
54786,32.3291203704756
54787,35.02002707514622
54788,31.69179586130115
54789,35.45449896590889
54790,38.370494893481464
54791,14.181547453858903
54792,17.750551733965164
54793,18.058968699412286
54794,20.66945691788976
54795,24.85380317296487
54796,26.976240891582332
54797,31.734907808505547
54798,35.07229596991544
54799,34.06930179278881
54800,39.885298458697065
54801,42.20643891270756
54802,42.542084908699266
54851,23.91894451473472
54852,24.973148759048104
54853,32.284628145044685
54854,33.22600837560831
54935,37.145298474864425
54936,43.58418880855288
54937,47.93867999555175
54938,53.66080130674455
54953,56.479811535757804
54954,61.03006187150323
54955,62.91661922203985
54956,60.19447393629816
54957,63.541020049422464
54958,66.95820679812155
54959,66.8174713332231
54960,68.37099337516918
54961,66.51429772582784
54962,70.95489824964092
54963,71.77446010515055
54964,72.36579324507946
55017,36.10668757942401
55018,41.08636988636712
55019,42.009496199861026
55020,41.28078793884017
55021,46.562750611530795
55022,46.210542823066596
55023,46.951596782017624
55024,47.943785809442225
55025,48.49372153846853
55026,48.91099991920066
55027,48.479743951680085
55028,53.29766191238382
55041,29.080806497450837
55042,30.505673597031958
55043,35.091726966805695
55044,41.59673227289873
55045,43.434199158931186
55046,43.61367131218095
55047,43.72368327324102
55048,46.39576607252919
55049,49.00413044968758
55050,50.16428720771025
55051,51.857721614489485
55052,52.56120786791433
55060,44.497857029065216
55061,45.112694931632994
55062,48.45290772264477
55063,53.88096944646614
55095,35.785293277801884
55096,40.74709486688777
55097,47.131699840185696
55098,53.997382970119006
55127,28.15465891299944
55128,30.120031532116695
55129,26.002599410739382
55130,28.46085020598498
55131,32.496731625080436
55132,32.08965639287014
55133,35.22075742599436
55134,39.4266421495718
55135,42.97726596802091
55136,47.43741916647276
55137,48.070741622171994
55138,54.10522493221211
55179,24.906703456761406
55180,31.848302312858255
55181,36.359226259571244
55182,36.75307548703944
55183,37.131112560536835
55184,43.62755303428307
55185,49.017441071867985
55186,47.70989092456095
55187,50.46070386827674
55188,50.68673846864675
55189,53.7230339274724
55190,53.78018428690605
55191,56.65704619776008
55192,58.88693727769643
55193,56.35383335353268
55194,61.7270800166373
55220,13.606910434955033
55221,16.745392980857265
55222,21.81251087241821
55223,25.395623325227366
55224,30.388439158380663
55225,30.908385277293192
55226,31.777464820037057
55227,33.776126688515916
55228,36.932958980984175
55229,41.62997547242344
55230,40.68735381253248
55231,39.56629827824986
55261,6.742292689578058
55262,11.627978412079056
55263,13.11073220946991
55264,14.04099237994031
55265,14.767865883391162
55266,18.26420409334856
55279,47.36358229187482
55280,51.782547472311826
55281,52.041992602962196
55282,52.70977485723225
55283,56.820469575863704
55284,60.34375877821728
55285,62.97532686250363
55286,65.49474838465245
55287,65.60834063597301
55288,65.21512721726347
55289,65.98691036959679
55290,68.06208012319709
55349,53.683153577604905
55350,55.10432943837157
55351,57.37567847005323
55352,59.20514954062635
55353,58.580727084200234
55354,60.232321388306914
55355,64.86708804873044
55356,64.71741451248785
55357,66.0418251546811
55358,68.02405510383521
55359,68.63893803069453
55360,70.1498337595256
55517,10.35172675379294
55518,15.79128686653336
55519,17.171635938704615
55520,10.686912745180049
55521,13.13255464587819
55522,14.576583559243728
55523,16.383793668741628
55524,19.672609306642077
55525,25.08180807964076
55548,24.114404386294982
55549,22.879498594989027
55550,22.813188616812813
55551,24.190422915462968
