Index,target
66,23.397048681431095
67,29.126794755280958
68,28.675309957090736
69,31.79051531633411
70,36.79038102247631
71,39.4810484860344
72,36.328131980947624
73,40.637598571136564
74,45.232766268120386
75,44.72991772771006
76,50.07431838345976
77,52.14048214097725
141,25.1480120902192
142,28.697516426190713
143,33.48079187365595
144,35.92709816544176
217,27.760553884041304
218,36.662264228900455
219,34.944055159479184
220,39.63302530295638
221,11.726474799534664
222,11.977723900064573
223,14.590446474186043
224,17.098809168506797
225,17.190173072695746
226,19.85754725394324
227,25.37001793646596
228,28.030394197280522
229,32.065313200129616
230,32.446362119043975
231,36.908757426181154
232,37.33880883409725
233,39.47324939494353
234,48.31601218507316
235,50.36485256033035
236,50.31539243000549
237,52.69682790660727
238,62.82574806136447
239,63.161361834967686
240,62.270109977402065
241,65.34787485605986
242,67.52439534939839
243,69.67055969626836
244,70.37626695731653
423,17.74666896473081
424,18.626964893632536
425,26.37944158595526
426,28.28449993366791
427,31.261560093245347
428,34.655941127005086
429,34.804762778419466
430,35.32870446202142
431,34.87486222603094
432,34.75160546780909
433,35.59662761927008
434,36.88143009916888
447,15.657056732527444
448,19.07588276574502
449,21.8181885131906
450,24.18400159189801
519,26.809735184441248
520,35.92928834278353
521,35.423034267625354
522,40.0606535500545
554,20.167153852921913
555,28.100285317047973
556,38.786138264689676
557,43.419073128004996
558,45.43370259468737
559,13.630809559783229
560,17.349940379811414
561,18.467439673441596
562,21.257268985989395
563,23.109976929117046
585,27.911809795331997
586,29.577024126294642
587,34.136548203151776
588,35.954360026267516
589,36.96314434367513
590,37.39847664420843
591,38.853241660147674
592,39.5079570597867
593,41.627508459501605
594,44.26084931542311
595,48.91373008050801
596,50.69099748782807
606,22.56665633162777
607,26.542066146461657
608,26.87385462286211
609,29.994798883697246
610,31.497164365215102
611,34.46797068443615
612,35.62136398548304
613,36.631143626097895
614,40.177958442555855
615,40.78009940068846
616,40.08720294481545
617,45.488746715698504
618,29.305018985688967
619,30.99601637196932
620,38.629079106674936
621,45.07233413018369
622,43.208746573833096
623,45.241296147156646
624,47.414970715352545
625,52.07422835342914
626,59.406622884717756
638,42.90153942956896
639,45.894829054008696
640,46.46509098815487
641,52.786695877815355
713,45.56594623499394
714,46.847477212522044
715,51.49500197936109
716,54.647655284298075
717,55.974495906052525
718,57.306134833861876
719,60.26843598407902
720,61.46514564269941
721,63.64927522696362
722,64.01513086027266
723,61.76427874203621
724,64.87816240094467
731,25.851825528276915
732,30.191239021798598
733,30.528352140561363
734,29.239127181416986
735,30.78722867788741
736,33.34598797762203
737,34.96461412889585
738,37.69676395617766
739,38.60936689746499
740,41.48033832637333
741,47.024729286267565
742,50.010606227266244
759,31.09000874615174
760,33.95261907058225
761,37.51629559919372
762,39.46156730701458
763,38.76596518455737
770,31.084882126617668
771,34.490686196070094
772,35.23997639551738
773,38.46013818431353
774,43.490578103923404
775,18.720607178987862
776,22.947295542229966
777,25.56492757371247
778,28.132783775237815
779,31.090725454476164
780,34.81647963209984
781,35.482572028922704
782,35.39678183487741
783,40.158195032233415
784,46.98474823332448
785,50.28707897245541
786,53.35517723214304
787,53.860140221961565
788,50.09549843500727
789,54.72513124572653
790,54.943559546525414
791,61.674433173102784
792,60.03143361390457
822,43.943248568928276
823,46.35391109764558
824,47.78332608520352
825,48.82968182245683
826,54.38089222727028
839,25.319766553139022
840,29.905750145393498
841,33.48471085459848
842,36.59803744825619
843,38.10295394934454
844,41.161949904758934
845,40.51126565696134
846,45.946442656437156
847,45.60849547933004
848,45.048695145902286
849,47.75565150157727
850,47.45714085020087
911,20.018476369132788
912,23.389209548692133
913,27.358566184623953
914,29.12277126069939
915,30.463302296746832
916,32.73975293763118
917,38.312426150324164
918,43.276562607792556
919,44.43082411276912
920,48.35054587399559
921,47.27415064769081
922,50.71977465646302
944,23.78191974752619
945,26.722673617284773
946,29.450224608734796
947,31.890403449909467
948,33.687563804743704
949,34.48417387524056
959,48.913310758129946
960,56.065417854085844
961,57.071146945751764
962,57.737491151714295
963,57.40952189242622
964,61.328259474567396
965,60.386337482707226
966,63.65904007583181
967,64.07537294572921
968,66.68981757598408
969,67.75302861976537
970,68.54265488511547
1097,26.492627366674633
1098,28.836591279621103
1099,31.00388252137079
1100,36.36861725555791
1101,39.13438876507011
1102,40.564846964047945
1103,44.079876632220206
1133,36.7015169722747
1134,45.16155405892344
1135,45.79463920627823
1136,52.77105558526392
1137,57.40191432706367
1138,59.969060525899685
1139,30.698518956353308
1140,33.54980595101951
1141,35.4781520583384
1142,36.38331033813313
1143,41.43011704394198
1156,30.97384821423885
1157,32.79226672840532
1158,33.4705366768268
1159,37.213911540742494
1271,25.33291192727456
1272,25.915619153735364
1273,29.595517129146728
1274,32.62759336952642
1275,34.7096849885461
1276,35.08507281297686
1277,40.40620583799513
1278,40.713890759376945
1279,42.47738604512621
1280,44.515343534249325
1281,45.48381540969287
1282,49.17297878808615
1294,58.78366563693555
1295,60.77260578706988
1296,61.364759916684605
1297,61.61120652955216
1298,64.71711007382908
1299,66.88839947947237
1300,67.0822851164954
1301,67.15432336120236
1302,70.52686206993623
1303,73.04106784150956
1304,73.0036665316639
1305,74.19580579953205
1318,12.05933623788426
1319,12.722998441217282
1320,14.311907148741614
1321,18.813926829942805
1322,16.748429788880067
1323,21.30542055786074
1324,25.22781505365446
1325,26.91458611519549
1326,34.98106144302926
1327,39.10398194767313
1328,44.623129520425174
1329,48.187643915890284
1443,27.12937107252141
1444,28.02728086135729
1445,33.94162640275887
1446,32.815143169323214
1447,32.99916610640426
1448,33.33147581305231
1449,34.409413970840994
1450,36.3546866100942
1451,39.944743523424236
1452,44.49505032610553
1453,50.232221520994955
1491,25.52096551837104
1492,31.028456931467094
1493,34.445569344064324
1494,40.84757033830664
1495,42.39364122813662
1496,44.16917290805174
1497,40.71351482641013
1498,45.27357377779658
1499,45.7427654866849
1500,46.18191294050557
1501,47.61423126258752
1502,49.752839235173056
1540,44.6403686982078
1541,48.92426026730703
1542,53.67212662477624
1543,55.6133310642962
1544,53.71864577665555
1545,56.74185183936195
1546,59.02421173295433
1547,57.69384090816299
1548,63.687008497147346
1549,65.45122600365153
1550,66.72914134240598
1551,66.83519163720099
1682,41.3165678293429
1683,49.73552760513643
1684,51.00114294087327
1685,56.83630079799527
1686,56.657586765963075
1687,59.255160044588784
1688,60.71336370454323
1689,64.12102570151532
1690,64.88839884679717
1691,65.51403176257782
1692,68.96468615686742
1693,67.73567405353208
1788,0.8033848400752898
1789,1.4642603814484096
1790,1.7474108058777922
1791,2.1502982754630646
1792,3.4636645079763326
1793,5.856052184012964
1794,10.734317459976722
1795,13.373814469457011
1796,14.436445840056816
1797,18.628058635636872
1798,19.23168254906256
1799,20.19154271126545
1823,20.214943114299686
1824,28.63196075239769
1825,31.92481216874919
1826,35.34551851694112
1827,36.702459819798186
1828,39.87111270438548
1829,44.96130794194
1830,47.587874036276375
1831,48.79161341515737
1832,51.524464762789854
1833,51.253281578527414
1834,51.525327707774856
1835,13.611033842982065
1836,20.74267758519093
1837,28.606541088578417
1838,33.02938953288822
1839,37.02223127320384
1888,13.023120896910717
1889,14.062190890757988
1890,15.491869914490932
1891,17.58612614587054
1892,18.822643326193415
1893,22.57298113991075
1894,23.670850949421077
1895,26.102202556476456
1896,28.69016120915153
1897,38.624106531085715
1898,47.15623729027069
1899,48.55843310862286
1900,18.89571737940286
1901,31.000874540736103
1902,34.109156141480604
1903,33.93004896285058
1921,23.752704471929242
1922,25.190861243920406
1923,29.539265319913984
1924,30.124612897330852
1925,30.414292415772916
1926,34.04151475223783
1927,35.59291022101521
1928,40.449772448581754
1929,41.22239200489708
2057,21.084164018666094
2058,21.268783589954527
2059,24.218870755335658
2060,30.156662989368712
2061,30.203939087517114
2062,31.496019863597766
2063,31.435215604046174
2064,36.761287387799726
2065,40.897351962274264
2066,42.47128135088323
2067,47.42938032487961
2068,56.97944507571726
2139,52.01668966410147
2140,58.46271051279202
2141,62.44761897649832
2142,67.29376728781138
2218,27.678934540644814
2219,32.29658781831036
2220,36.47273644326074
2221,36.98129145859289
2222,36.36669602125604
2223,41.66476868389002
2224,41.13712339856865
2225,43.98074710107859
2226,46.86391645474816
2227,47.39358662251404
2255,34.37152475870117
2256,37.656945444993454
2257,38.40780782360726
2258,37.38510630162873
2259,38.03706732137939
2260,39.146528312153386
2261,41.03907815938273
2262,45.57871569045151
2263,48.25071731875685
2264,50.99840940521609
2265,53.06463295817894
2266,54.71539009291249
2271,28.290344040704237
2272,29.419459551879502
2273,32.35659482586447
2274,33.03465352143278
2287,24.78840702442647
2288,25.88611689601125
2289,28.830674266982864
2290,35.09386846700389
2336,17.52112555080438
2337,24.745090618024076
2338,30.13552644390773
2339,33.05244520658905
2340,36.46318562221675
2341,38.06372053029621
2342,39.63576220100242
2343,43.015612890477186
2344,41.593761119266205
2345,43.40956970982514
2346,45.191241777761256
2347,45.854314187250836
2413,20.055057377454425
2414,21.116823869908938
2415,22.87599770771283
2416,23.430416663775663
2417,25.022189669962497
2418,28.25276222836193
2419,30.39387136269307
2420,33.854299967870475
2437,38.965348715265186
2438,41.79176986323951
2439,48.470889837050905
2440,55.33859844700227
2479,34.374293169409405
2480,39.182268694067986
2481,40.66137722542431
2482,40.97481490638992
2483,17.787692640714383
2484,19.11455076031203
2485,23.504495977934063
2486,24.6675317033697
2487,28.97131959943572
2488,30.714277059377572
2489,33.38043816923938
2490,36.91509937216285
2491,36.28700843472118
2492,35.83427975386058
2493,36.85666108423427
2494,39.60690697037961
2535,43.86194481057112
2536,47.97166882372935
2537,49.33863763593347
2538,54.80757046835712
2539,60.86155728711187
2557,24.33214504021263
2558,25.3735286239041
2559,28.143866552695123
2560,32.82947807156032
2561,36.30297837326327
2562,38.1823009134988
2563,37.96482415882586
2564,49.28338697278507
2565,47.138645110667426
2566,50.03073130759613
2567,52.368931368426395
2568,54.446762487616795
2573,36.41629037673872
2574,38.35579148516382
2575,44.004187812396516
2576,47.694881001183866
2577,45.558786214621946
2578,46.78783981348945
2579,47.45146691815796
2580,49.05296512972378
2581,52.6778756305814
2582,54.17803720171406
2583,59.154306791803464
2584,61.043295206362714
2585,14.8272849248764
2586,14.30857642843838
2587,15.910802495792572
2588,14.681961973046032
2589,37.599651869802194
2590,39.621830194616074
2591,45.370202203645384
2592,47.98674595402155
2593,53.83488965094314
2594,24.404176376929794
2595,27.444825631868568
2596,32.470566581711374
2597,34.687914198542096
2598,37.714407997082894
2599,37.57043486477446
2600,37.23150530991776
2601,37.88013422834434
2602,40.953387394238604
2603,41.875693361927524
2604,44.42764437888333
2605,44.87989212062739
2606,10.636529170097484
2607,11.550354976139923
2608,13.779391951096363
2609,16.97709409956733
2610,17.799398826241674
2632,50.16059054976982
2633,51.08514308938853
2634,55.17703155882276
2635,57.70250469069094
2636,26.220680825774846
2637,28.09017338531163
2638,32.21576029835802
2639,40.14986619436777
2640,44.61636800278469
2641,49.00625058701178
2642,54.02889783880116
2643,56.375600802873414
2644,57.16059110882395
2645,58.08244912204263
2646,59.83972300443131
2647,59.25963553346086
2672,3.0458644394792773
2673,7.173508796948498
2674,9.490134908921464
2675,12.445582550423566
2676,15.681077201291819
2677,18.053547235664198
2678,21.666079613311798
2679,25.096063403215464
2680,25.1280120488719
2830,29.454158358127458
2831,29.733289663426195
2832,26.983899004933832
2833,28.188152991059926
2834,34.16759849676367
2903,4.163317936823222
2904,6.536409129087483
2905,7.756050992301059
2906,9.401213096609105
2955,38.88212333488102
2956,42.007494453327006
2957,41.668393216846574
2958,43.371997165992525
2959,44.12656246917132
2960,45.9274524328623
2961,50.22286170539205
2962,57.93359008075742
2963,60.509524150305204
2964,41.392207604326046
2965,46.09447412314184
2966,47.7191413962065
2967,51.2925932426706
2968,53.52127583945541
2969,55.118738436252514
2970,59.222370461763894
2971,59.66533359471553
2972,61.01266211836311
2973,63.68783756349381
2974,63.23093098435006
2975,65.13233409957925
3006,60.058668810669445
3007,63.66501285588963
3008,68.39531523523507
3009,66.36323476652264
3010,70.47729016908191
3011,69.16811390034577
3012,73.78322200395404
3013,73.69759983326378
3014,76.37986575935231
3031,28.54536624715901
3032,36.464365504507896
3033,46.87630719818152
3034,49.625032401554236
3035,52.60575293993301
3036,56.92562754461205
3037,56.87894446507023
3038,58.25403224782894
3167,18.061047398915214
3168,17.148526859497938
3169,19.516802132902825
3170,20.17620074211085
3175,27.863168829932146
3176,28.47204618717521
3177,30.860656659266173
3178,38.62284490357712
3179,41.01451511467929
3180,42.82281421261418
3181,45.906267713280485
3182,52.6557847860952
3183,55.30418665621808
3184,56.502709249075636
3185,58.839269807528524
3186,58.184892183710296
3192,24.400941633185145
3193,25.176649298150814
3194,29.167620302518188
3195,32.274696710592295
3196,37.09438694998615
3197,4.737546754274318
3198,9.716411922541292
3199,16.438058609962326
3200,19.692719000057753
3201,34.85511860082173
3202,36.79322101950933
3203,39.49125063691986
3204,45.138958710605635
3293,37.276701021207934
3294,37.822026201872816
3295,42.336328914401655
3296,43.77051639552099
3297,43.2473236749381
3298,44.970502237609374
3299,45.99795467699696
3300,49.779696228978864
3301,50.58084868368177
3302,51.50455265210522
3303,51.83369490718405
3304,54.749907365459194
3305,58.36221382502768
3306,57.13381857796919
3307,59.93631526576459
3308,61.361224548731855
3309,15.623519225407447
3310,21.03827074787612
3311,26.37068035416067
3312,32.03659609101126
3313,34.888047216103324
3334,24.40761220325234
3335,27.510858480535287
3336,32.141822798033886
3337,33.740977826067926
3338,35.06140887648682
3339,36.56030597387358
3340,37.90159519993303
3341,41.55651210272488
3342,40.72241861231464
3343,50.94638076894375
3344,50.18356777792269
3345,45.90101601292175
3346,52.26376789249066
3347,55.81350162976043
3348,55.30179926302335
3361,19.723599659165377
3362,20.67344749700001
3363,23.462240656200947
3364,30.640665788473004
3393,16.008538484157818
3394,16.805112100404187
3395,21.88204778307079
3396,26.224512729652602
3425,37.052719034410245
3426,39.06335635988686
3427,42.2657171734436
3428,50.01804944378298
3429,50.282920924504516
3430,53.92429886368846
3431,58.3781826541213
3432,60.3666564591409
3472,16.77311197820705
3473,17.983682912566913
3474,20.847376883773276
3475,20.545835528065673
3476,22.855765978009682
3477,32.489151057501644
3478,33.896407262470596
3479,37.166145440920474
3480,35.47457949152322
3481,37.27335153125221
3482,37.26525292397316
3483,37.55241712105578
3521,11.670664123701522
3522,12.037502837438117
3523,16.521917414041553
3524,20.09107220962647
3583,13.278329068159225
3584,16.312843361122663
3585,21.413080154347494
3586,24.660713263294326
3587,29.278969802274702
3588,31.162842849277464
3589,32.66490184467321
3590,36.62112859424241
3591,40.14757093815138
3592,38.928390381585956
3593,41.6351050463827
3594,18.47641135626124
3595,23.53911741115566
3596,25.3747292145198
3597,33.11974890422251
3598,34.96512269995404
3599,1.9436874984680539
3600,4.039427610915317
3601,6.606729673178883
3602,9.868839498212232
3603,10.653208690665007
3604,13.850131414575289
3605,17.213968852924964
3606,22.20089850744159
3607,25.39567551864511
3608,27.053531515792596
3609,29.2867176683718
3610,28.59536503067425
3644,11.331539050181615
3645,12.336495302818474
3646,14.379060973333893
3647,14.208561053371076
3648,16.427265712052506
3649,18.827949490574174
3650,20.680631115241457
3651,25.53584361718812
3652,26.683525909854186
3653,31.300620302829813
3654,37.345001925613204
3655,37.93075898737555
3812,31.76743774389692
3813,32.218668153975266
3814,36.65015358958921
3815,40.21826085726405
3816,50.67704360900109
3817,56.93523080308245
3818,41.411700079428364
3819,42.042968651308534
3820,43.65897388848668
3821,44.7691676291237
3822,47.38202406044005
3823,48.45322104246365
3824,50.30020292700949
3825,52.96013610449761
3826,57.17502923668856
3827,60.264167826866924
3828,59.85936286958819
3829,59.89206108522939
3886,32.07562036201963
3887,32.90049298252303
3888,37.26562982126205
3889,40.06430694364929
4051,16.394669567264632
4052,18.487893451785343
4053,18.96947779927785
4054,20.375299563954776
4055,22.11888818156113
4056,22.05981992517191
4057,22.847197530670886
4058,23.746961557151355
4059,26.830222864133166
4060,28.59200521424985
4061,32.403075841469466
4062,35.694725823838574
4128,17.01689724143281
4129,19.085478196982542
4130,20.888677012211026
4131,23.826585103437186
4132,26.02655264805351
4133,27.35672418185763
4134,28.895411932996563
4135,31.178617006157875
4136,35.968300910699476
4137,38.96054443441733
4176,18.63988259039308
4177,22.536433741117875
4178,25.231307435986817
4179,30.990803782182276
4201,48.32600111311795
4202,49.0768228090075
4203,54.29162794829084
4204,55.2759100760434
4205,57.56105042107751
4206,57.93252962339427
4207,63.95260055780474
4228,54.293958202631245
4229,55.502569653122414
4230,57.45189354364929
4231,59.44487788261243
4232,64.44559244453686
4239,24.7057162192594
4240,29.368177063768247
4241,34.211600340999496
4242,37.8117286319588
4249,24.925019669550515
4250,27.001786993532402
4251,28.303069670725908
4252,32.23956545100425
4253,34.39790638978481
4254,39.78041857211714
4255,39.61160375155547
4256,42.85417606763507
4257,43.76027199555014
4258,44.180546031599405
4259,42.44727531154967
4260,45.58510180403916
4270,42.299777678125544
4271,43.98679910076599
4272,47.88758280116905
4273,49.39254788472133
4274,44.529710238094154
4275,45.68857852455583
4276,51.33567837468317
4277,49.614823555472526
4278,46.36335289303571
4279,50.83545799623684
4280,53.5322767725378
4281,55.395240486457006
4282,59.550274021855266
4283,59.8760988463152
4284,62.04883221850619
4285,63.29195575744419
4323,22.390529594686942
4324,23.388542385610158
4325,27.885663998799608
4326,29.82110278750073
4327,41.48470048110719
4328,39.72654514468046
4329,43.507671183823916
4330,48.085565235251
4331,49.557035383721995
4332,54.64457580613084
4333,55.31922351201877
4362,12.264561586404202
4363,12.87410888911849
4364,13.469345339358002
4365,13.429525448619165
4366,11.816159979552983
4367,44.385198608445144
4368,35.72337798019224
4369,41.65279272873673
4370,42.59602055709505
4371,45.428738504651946
4399,35.37844603133894
4400,39.21111531176549
4401,43.692236325804835
4402,58.76042569693951
4403,64.08856672257386
4425,30.205508979191816
4426,36.557943609970984
4427,40.600185087915825
4428,42.310293286441336
4429,44.083535718505665
4430,39.120933735653615
4431,40.453010243217825
4432,40.93335969483524
4433,45.27330047779433
4434,47.649187725116825
4435,52.16844503523145
4484,12.824960145800565
4485,18.335684126887937
4486,22.989799516914182
4487,29.802468817978134
4545,22.47331454901835
4546,24.285676921427676
4547,27.463063457365
4548,31.8613419806101
4549,39.11604239298205
4550,43.00533759743482
4551,42.13659206620358
4552,46.574782745522576
4553,44.95536866631101
4554,49.89108884983895
4555,51.8968691289615
4561,14.544356795919272
4562,15.793978021714056
4563,17.75504899531681
4564,18.275054671005037
4698,26.220245251788274
4699,26.287011092163464
4700,30.72293667377461
4701,33.945981845583084
4702,36.40039325575151
4703,35.93768786225898
4704,35.71956593008994
4705,39.25434539138175
4706,37.86510955401879
4707,43.60217516312623
4708,42.988531363150045
4785,16.240312366147663
4786,22.980820902193585
4787,30.096189549411196
4788,34.17659992698209
4828,30.752729285464845
4829,35.32354387316887
4830,37.43669494450747
4831,40.32444968654533
4832,43.29605701338853
4837,4.035671009599753
4838,4.871095887863676
4839,12.409676378393133
4840,37.501640354644984
4891,17.846988004473552
4892,20.610150811407912
4893,21.742054047898254
4894,24.681831324233407
4956,53.54078588640606
4957,61.24197766291249
4958,65.19407064731983
4959,68.04602201243384
4997,20.339874185125304
4998,22.858567856534176
4999,27.146697330495982
5000,28.249011792155244
5001,28.486349777236267
5002,31.686277603770563
5003,31.159522130298956
5004,32.918283230980144
5005,37.000227129989696
5006,41.85643287507357
5007,46.13138150809883
5008,47.93853314688914
5045,2.0054771141499894
5046,6.413110248918915
5047,9.097005454055168
5048,15.736489956953216
5085,11.454935944985353
5086,12.2683768199876
5087,12.157299187237543
5088,18.118074994520395
5089,20.096930621673774
5090,24.28438082304601
5091,26.079270162323706
5092,29.774771537434884
5093,34.29051947958598
5094,32.886717054047615
5095,33.495606874929905
5096,34.898373882490894
5097,17.393329329533962
5098,21.568458533236143
5099,24.04919853620873
5100,27.310866682355734
5101,32.99331745316101
5102,34.76851834596541
5103,38.1688358802378
5104,43.47772563626256
5257,7.010407414349393
5258,7.995218338682885
5259,10.945249076721524
5260,13.502647984705572
5261,15.766506563657344
5262,17.295685005612096
5263,21.898945507227594
5264,24.937454484939092
5265,26.33370961449547
5266,28.582767446507408
5267,30.647631288840024
5268,32.445778786987226
5372,50.675220710480346
5373,53.19486648740847
5374,58.566357436824454
5375,62.00133390017957
5376,66.07911703849264
5377,61.54642507131911
5378,63.39277489935903
5379,70.2778919231757
5380,66.24967613012828
5381,71.57160811119186
5382,74.20172495574883
5383,72.08318204047741
5419,20.22054823283309
5420,23.768344702407113
5421,26.677741660886486
5422,30.13768115992298
5423,33.878954307733586
5424,37.02373911143143
5425,45.35001793378029
5426,43.53207395390274
5427,47.51153346008388
5428,49.78667031125797
5429,50.75606470801304
5438,47.52583567261935
5439,49.73639893966469
5440,55.066381857611155
5441,59.23711704406254
5454,46.395724597009604
5455,44.44281402354139
5456,47.067475832073846
5457,45.79237821889457
5458,64.53384840005127
5459,70.61350786813085
5460,72.19843018058984
5461,71.80566291611532
5494,13.883063830808899
5495,19.075502015146157
5496,21.735797098383618
5497,25.660702032386876
5498,26.618139229303274
5499,31.07608802903074
5500,34.043447901627765
5501,36.28110629995909
5629,4.893948703403921
5630,5.488333477125468
5631,9.554955845450428
5632,13.319096391530554
5633,34.56479664828555
5634,34.29134621647811
5635,38.16781539415889
5636,39.964070389545654
5637,40.96067659784284
5638,41.86813129332302
5639,43.854935727321084
5640,45.397772992411454
5641,48.73380758967958
5642,48.20030968424635
5643,50.79856577079748
5644,51.31157096824825
5645,7.913625734413015
5646,8.254419516827433
5647,11.825098287986147
5648,15.90063853684176
5649,18.08430943182675
5650,24.243630260782258
5651,26.129515079869396
5652,29.208206114299408
5653,30.722363668297874
5666,38.1359294575128
5667,39.91062381835908
5668,43.6914358254255
5669,44.24548998659876
5670,42.80963142367247
5671,44.39702500564723
5672,49.84131691236016
5673,51.231797239269554
5674,52.23764800683829
5675,55.237083131806436
5676,56.860702635401196
5677,57.75350333908708
5732,24.684040855271036
5733,29.02893867310306
5734,26.908523215004994
5735,33.66416384893853
5736,39.70010893526756
5737,39.88573903941217
5738,44.07232639856228
5739,43.43927201522059
5740,48.97997967695506
5741,50.757274626310256
5742,50.20103037937854
5743,49.891969772998486
5863,50.08320000973418
5864,50.125713697343194
5865,56.39368487777911
5866,56.233095177170064
5867,58.88376528675323
5868,59.48745003608762
5869,62.69916133886083
5870,63.99663789034371
5871,65.47500863359859
5872,66.28332923401094
5873,67.35044915724241
5874,67.96238665612586
5907,39.29077506486978
5908,42.87311804015382
5909,46.77679916236298
5910,53.106269050374976
5911,53.948564531797786
5912,56.51873215045677
5913,57.62957135094155
5914,58.37778483995689
5915,59.07556899911943
5916,61.5372988203141
5917,64.44453589935787
5918,65.60969020957913
5940,28.415389440401057
5941,29.851596172122964
5942,32.11675558711065
5943,33.43144958015445
5944,10.61874208006383
5945,12.818958986415296
5946,19.163205111054204
5947,22.804585064384106
5948,24.4877313346546
5949,29.700622262874273
5950,31.691123425402164
5951,37.025870012524486
5952,40.85914526227914
5953,42.135028929547346
5954,43.74620201822975
5955,47.509575077866394
5980,28.922591678532818
5981,30.107071211302163
5982,34.30793553179728
5983,40.6543876524142
5984,45.907353582864936
5985,31.29598845430482
5986,30.380053196314435
5987,35.16637153236484
5988,39.33632706681394
5989,43.40583119423488
5990,44.90544082720834
5991,46.44377278184895
5992,47.73766840429096
5993,48.58858144173064
5994,48.7313430264605
5995,51.75754485926458
5996,52.81999878085406
6001,28.924079912297845
6002,28.531087316004918
6003,32.68827821551416
6004,40.06375608520258
6005,51.07787559352933
6006,51.65374817296489
6007,64.51828460401748
6008,67.06150758992594
6021,30.890208279923083
6022,32.59314411257389
6023,45.285257484999235
6024,48.26304222637476
6025,52.1723557939516
6026,53.16784408145734
6027,54.98823876917884
6028,56.25064370230294
6029,56.803600219438835
6030,58.128530682093015
6031,59.62637636636096
6032,60.14325417210029
6122,32.44650341541899
6123,37.75533944253707
6124,38.65283962193768
6125,39.17479884295561
6261,38.07232727634704
6262,42.304627977697905
6263,45.146143816871025
6264,52.5486274098288
6265,51.09043831597664
6266,53.788028590160486
6267,57.55404648960156
6268,57.25788221348356
6269,57.53004189540453
6270,59.51475125144821
6271,61.08151975063265
6272,62.12511121581858
6313,44.17853239965468
6314,47.95183143678514
6315,51.986795692338944
6316,51.640547974732506
6317,53.12977132208607
6318,52.79612769024275
6319,58.65140950460889
6320,59.65508313196182
6321,1.1881952888484768
6322,3.7864104088893913
6323,8.812601924458422
6324,10.771186432227271
6325,12.752176916875246
6326,14.760420996416805
6327,17.287161720655398
6328,21.62337067190557
6329,27.445219595068814
6330,33.51438530782785
6331,30.694032391153517
6332,33.21866400185323
6348,5.548506723913493
6349,6.284172800684878
6350,8.977412822757065
6351,11.68615242830776
6352,12.574487943285058
6353,17.02702510365272
6354,17.914222799697125
6355,22.511852466633282
6356,24.99270478365493
6357,26.91749820493151
6388,27.931293805236624
6389,28.130130591027058
6390,30.169871721806715
6391,31.632284365674742
6392,34.63438199534986
6393,35.39458011845322
6394,39.48226243905976
6395,40.944037482854455
6396,41.70162980401533
6397,43.697804660470446
6398,45.24509301611957
6399,45.07942385698296
6462,9.575617198290425
6463,19.213208535989573
6464,26.267735865171865
6465,32.32281155397122
6486,14.978374808611877
6487,14.784741829666237
6488,17.348235683192723
6489,18.28738649247109
6490,21.8902317103633
6491,28.379650247412506
6492,28.145030018083776
6493,33.69861116168971
6494,35.82383624552347
6495,39.94602785609986
6496,40.88449114488992
6497,43.13615319095544
6538,28.889676878430986
6539,29.512710216647058
6540,31.715532854591245
6541,35.77685653902131
6558,35.061939865771876
6559,40.87352479872119
6560,43.366179734321896
6561,52.123485720897165
6562,13.566408241374424
6563,14.88141309983301
6564,18.826299348292334
6565,23.399767740589443
6566,26.878979787725548
6567,26.924527335231854
6568,31.387341659691746
6569,31.293982955538862
6570,34.11210848355004
6571,41.307016860401525
6572,40.741168376639116
6573,44.7186954301422
6574,26.747124962369938
6575,32.128368940389336
6576,37.27955346373962
6577,36.78749411458562
6578,42.50044103705267
6579,33.86877042371984
6580,32.92103347652878
6581,37.779956412957794
6582,35.08610029189894
6603,28.318409761487043
6604,29.752927450249462
6605,30.910711199576596
6606,31.308826042335703
6607,33.041399129192285
6608,36.69983628790616
6609,38.39227903310686
6610,40.854041891835024
6611,39.98249895275963
6612,41.600989846723564
6613,46.86679107791832
6614,49.772158830640265
6643,6.060986995199198
6644,9.535593227313758
6645,11.605677363232514
6646,13.565188896289555
6647,15.475392306724236
6648,15.853834099759831
6649,17.525789107913504
6650,17.872259747908284
6651,21.18968662171088
6652,24.21108298235369
6653,24.90641174545005
6654,28.32320249959565
6663,26.654616531026768
6664,29.042768407127127
6665,33.79559229400583
6666,38.02073916434053
6667,36.61520008216105
6668,44.57681600298396
6669,43.01693133713091
6670,44.467958080248074
6671,43.41757123318672
6672,45.80556061294001
6673,45.88424374099616
6674,48.722410497708424
6675,26.583756876168355
6676,28.0584284407503
6677,33.35626040737816
6678,33.155892884304386
6753,48.32418746873728
6754,56.03059916681149
6755,59.40574486399835
6756,61.725197375678604
6757,39.150569162833605
6758,43.851433398266195
6759,49.48959355283333
6760,54.357049756680475
6768,42.061508837107255
6769,48.997487328519284
6770,55.06906729538148
6771,57.78407190128652
6772,62.03483024100343
6773,64.30793897356156
6774,67.24898998449297
6775,66.4764995102306
6776,67.21067318292508
6777,68.32573631574952
6778,70.69800442596151
6779,70.0059454317045
6788,11.173970158845108
6789,12.518418545484382
6790,14.070708671164608
6791,14.26405855872984
6792,14.849162759812232
6793,17.12788925245637
6794,16.756413271883645
6795,19.846304622261474
6796,22.658758877845106
6797,24.980910210580166
6798,30.979377147662188
6799,37.4402531289034
6842,34.39906901077035
6843,37.270592757760305
6844,46.97603669957628
6845,45.321105148723866
6846,50.308001663770035
6895,30.307019358492777
6896,35.46804172405669
6897,40.46120892729243
6898,43.32235594254664
6899,45.33222261949528
6900,48.27895108683219
6901,50.59666600675464
6902,51.71945554738596
6903,53.13721404292435
6904,53.21454291780749
6905,54.78171607523464
6906,57.930890965594564
6907,58.742688226436066
6908,59.921986090740866
6909,61.20386509472482
6910,61.385422539034586
6956,37.74904363841314
6957,39.731816061727926
6958,41.61147398116359
6959,46.22772544154041
6960,48.59257299659918
6961,51.23976820331966
6962,53.48737796538148
6963,54.22667547236782
6972,21.53842913625271
6973,27.11887478579817
6974,31.06825964818535
6975,34.188892987660815
6976,36.487187746906706
6977,38.20969912803323
6978,37.93004183802123
6979,39.62262292667259
6980,41.134342974755995
6981,45.2832503427534
6982,50.56514860451545
6983,50.9427112884149
7052,37.004231691664835
7053,36.43770703303975
7054,37.55829879323502
7055,44.895812147706735
7084,0.13899539978361689
7085,1.1082153011746163
7086,1.7217330401784874
7087,1.8863375287884236
7088,6.957790570942862
7089,11.226648411555983
7090,13.269163789176813
7091,16.424203580929998
7092,17.61424824340292
7093,18.640366604777515
7094,19.600631057810997
7095,19.498074315039915
7096,27.082487778381783
7097,31.691270042023273
7098,36.78404718109417
7099,46.13135227513696
7100,51.13396569416847
7101,36.72226863411232
7102,38.36002892658621
7103,39.20519363134115
7104,43.11753799366702
7121,19.287666131281657
7122,22.46689866563485
7123,31.50661200264306
7124,40.01817997636275
7134,47.89402427034876
7135,50.36109634132969
7136,52.733009040769836
7137,54.609439297450734
7199,20.431005350178943
7200,27.353018907617443
7201,35.30194021512604
7202,37.47473666632091
7203,42.3353509352694
7204,41.09428049766402
7205,41.12652600033052
7206,47.86905459586493
7207,44.31194676529978
7208,49.33484531880097
7209,49.26948169649247
7210,51.17738214611014
7279,17.228094308169933
7280,21.072967209761973
7281,25.496117651339375
7282,29.507486094570048
7287,18.95816842562623
7288,21.480994586632036
7289,22.403012569870562
7290,25.45440525162279
7291,29.1207826300231
7292,34.195218043050986
7293,36.62936145742691
7294,38.99103132160661
7295,40.269750387218075
7296,41.151257516887554
7297,42.09230565527691
7298,47.37548591947503
7371,5.610767718303244
7372,5.40850317994133
7373,8.933539485896564
7374,12.250047133682429
7375,13.027889696175585
7376,17.034734285263333
7377,19.281689438159823
7378,20.81115711437214
7379,24.098141412672707
7380,24.782533786483146
7381,27.22036216096098
7382,28.853860112728132
7510,41.77245649410065
7511,43.50572863277872
7512,44.93057689510831
7513,48.12376018584479
7514,50.45182886913927
7551,0.11145328831372067
7552,1.0890954667540627
7553,2.3067772592759694
7554,3.972623992257964
7590,25.33501273782816
7591,27.43381481424984
7592,30.171157039098176
7593,34.22173605963398
7594,41.8270009484339
7595,41.254165664758084
7596,42.71148079276175
7597,42.0113372757911
7629,27.09166045705209
7630,28.8359096362462
7631,27.88316692545597
7632,32.50783573139586
7633,34.85831983798081
7634,42.61727785729772
7639,30.5855028895788
7640,37.97486989706609
7641,39.94296314544945
7642,46.84870959848826
7643,53.95349835861409
7644,54.92992867747512
7645,59.75721596120687
7646,60.51026047500837
7647,62.05336224784904
7648,10.29195445584245
7649,10.606000254072335
7650,12.04488441658901
7651,12.423744338945724
7652,13.298155655092843
7653,15.664076215632628
7654,17.896697459338487
7655,23.795827584808176
7656,25.840855655009577
7657,28.04929888649753
7658,27.52063407136035
7659,29.21732753745476
7690,13.45949643897293
7691,15.002710047856526
7692,20.7953354938073
7693,23.05690388940649
7694,25.66373763102907
7695,30.21043915139256
7696,30.68232490562622
7697,31.61766765469334
7698,32.28697784947994
7699,35.05806114810741
7700,35.81981327720724
7701,38.25072340248374
7734,8.60739669218092
7735,12.338717353773177
7736,20.17611902326044
7737,25.20785398561145
7738,26.127908126292212
7739,28.604706630837534
7740,30.160692036877606
7749,5.664269035550229
7750,5.217118458843051
7751,7.78697452033102
7752,10.74760783581454
7753,12.02440198095351
7754,15.141458723778676
7783,22.844926930437623
7784,24.971791843910363
7785,27.312406266232912
7786,30.46362144818133
7787,32.5478587588466
7788,6.510299940646493
7789,8.41195793771617
7790,10.39458970239219
7791,11.563078898476169
7810,39.83513159781904
7811,45.72840336477323
7812,45.296151767422536
7813,50.78223843315931
7814,51.92742818276571
7815,53.743232891972475
7816,56.715226852022106
7817,58.6306227261016
7818,60.42753154139333
7842,28.54684591638836
7843,38.021374780612824
7844,39.828317889890954
7845,44.32362089758114
7878,28.02685782102823
7879,33.24670782695217
7880,36.69225676874238
7881,38.99629910537053
7882,38.48451392478873
7883,35.69799104007117
7884,39.46509985190324
7885,41.626378313767745
7886,45.250242564462106
7887,47.396733130807135
7888,47.20430615019676
7889,50.26947421129383
7895,28.019635377207276
7896,27.9295783526416
7897,30.850601846390582
7898,30.071499639085772
7899,34.00428444130489
7912,14.380823418332046
7913,17.126717214607822
7914,18.739913623063025
7915,21.821133439491284
7916,26.67834355666052
7917,29.596327133875167
7918,33.42034456708687
7919,36.26431538149444
7920,37.50121911827804
7921,39.944234766494645
7922,40.56234410923869
7923,41.731230396899896
7957,36.06230820256055
7958,40.45636000432693
7959,37.26603923485859
7960,39.529545709288186
7961,44.89288630662775
7962,51.475873443199056
7963,49.037702714890436
7964,57.776421282994015
7965,56.9606692491719
7966,59.71119931331433
7967,62.98033520150456
7968,44.49219506300115
7969,48.844974530708384
7970,52.00691090437884
7971,52.12749567311266
7972,55.3393726989525
7973,27.872960001159164
7974,33.29350449352802
7975,37.70800341405837
7976,39.932269048163306
7983,4.525903520101796
7984,6.4400865208434634
7985,7.871486882256346
7986,10.373453963780946
8027,46.14804513023836
8028,52.28734243843013
8029,53.79770286536322
8030,52.73767748898557
8031,49.80145317388196
8032,51.464331598880314
8033,52.98781656942746
8034,52.74456854029007
8035,60.79114951258801
8036,58.69246973514553
8037,62.1519873223312
8038,64.19374924746118
8101,21.195932494211284
8102,30.343566148044392
8103,30.611683760398535
8104,34.93940287507996
8105,5.566831353313652
8106,6.861712214013269
8107,8.006545451770688
8108,9.251460699033283
8126,43.32992377415927
8127,47.84975042912411
8128,52.70434932567932
8129,60.245448275271364
8139,28.35617230258948
8140,32.08700438359134
8141,33.95796430208882
8142,35.78822970563439
8143,35.324427386794746
8144,35.86582033719687
8145,37.55574232375698
8146,13.428906119643955
8147,13.310100599847011
8148,17.38688911224568
8149,17.61107764528119
8150,8.982807422274632
8151,9.168402928972398
8152,10.709060793860955
8153,13.023481986439302
8154,14.1286217164742
8162,42.23668735158813
8163,45.2111133383573
8164,49.29237915326584
8165,48.950697228240294
8166,46.82278515916263
8167,51.82447096988888
8168,52.25396945605978
8169,52.98400968647587
8170,55.380076975592324
8171,56.44012318114066
8172,57.81035457260698
8173,60.754100357394385
8203,18.403039455025144
8204,21.29959739346202
8205,24.977758780914513
8206,28.55482492135772
8207,31.51502515686187
8208,38.592151451124884
8209,40.23997554950822
8210,41.68586001342174
8211,45.93097976514777
8212,48.22419804741672
8213,51.30331592551362
8214,52.90167282232778
8215,1.791549878892596
8216,4.485020230286176
8217,10.300049490486678
8218,14.369458683910464
8219,19.34987061091191
8220,22.032300282957387
8221,22.310319622253004
8222,23.785387703527213
8223,25.95002994940482
8224,27.09897099483293
8225,30.942270764752237
8226,35.4320479494717
8305,15.848257901946788
8306,17.939198625258864
8307,20.000121093175697
8308,22.931597271551816
8309,26.120222352398557
8310,29.29043769014733
8343,15.350912155508256
8344,13.342927893631977
8345,12.067035654032228
8346,11.004713888478937
8468,27.843621370684343
8469,30.02727471462835
8470,34.98640864044777
8471,34.712258604245136
8472,28.002433381742904
8473,31.868982046012235
8474,32.74527498006703
8475,39.53963588216771
8476,40.19901713943312
8477,40.96883346958013
8478,46.24703764361003
8479,50.32622105239304
8480,50.13088324412626
8481,52.49404959424991
8482,54.27472665450066
8483,53.830125864085716
8536,25.211618389109645
8537,30.35375839387989
8538,35.28057492100504
8539,38.80571674864661
8540,10.389710904777111
8541,11.633979970062938
8542,13.61062565859285
8543,14.613424576378799
8544,16.13015189603195
8545,21.38638643624833
8546,22.32569568426773
8547,25.30796083168819
8548,23.81109621166505
8549,25.567635614728733
8550,29.758373383422565
8551,29.523998360082903
8564,29.3175411356982
8565,32.48294015387237
8566,40.692040181400436
8567,42.22034326662245
8568,50.16306838011288
8569,53.18058713823791
8570,57.021003074446824
8571,57.34114395228489
8572,62.67238335738576
8573,61.983528602623295
8574,65.16139657932084
8575,63.97727767028168
8604,13.778572197086774
8605,20.078229996840495
8606,22.785410715938603
8607,25.094232812130276
8624,17.09753521896465
8625,16.551087749109936
8626,18.207704286724162
8627,19.98248398936068
8677,25.10229801040138
8678,29.22096597706731
8679,31.09562977464099
8680,31.701180353106192
8681,32.216321108509966
8682,32.86824481750086
8683,36.36404001042488
8684,36.19447638994238
8685,36.03646053334342
8686,36.581936378096614
8687,40.19275890746822
8688,41.36567812471165
8732,51.9729691179392
8733,56.03764475967854
8734,63.85353312947334
8735,67.22045381956607
8768,39.218774356735835
8769,38.683602685586635
8770,40.72245052739707
8771,46.13995524709104
8772,48.65504608570786
8773,50.99695381388953
8774,52.790153832955255
8775,28.398250923635853
8776,29.80944601743074
8777,28.50037313493717
8778,28.155174232359947
8840,24.962876560196737
8841,28.03219193125726
8842,31.589234204459856
8843,32.6857627292189
8844,33.97448665413027
8845,38.53883983138128
8846,39.813607412096104
8847,46.50792309647179
8848,44.879785066263764
8849,46.25312723878953
8850,48.96023598685894
8851,49.333854174780726
8852,35.79538323718505
8853,38.25436773012295
8854,50.741956966009184
8855,58.75200547755044
8868,45.686770255928536
8869,46.999128077925285
8870,48.14401038526463
8871,53.853351593095546
8872,55.59797991724618
8873,56.713519989084965
8874,58.675180780821385
8875,59.68410352233441
8876,62.514865350545534
8877,62.77754162390196
8878,61.93586608862246
8879,62.824950974776414
8898,31.660440936051575
8899,36.719147556447055
8900,39.75571405168478
8901,33.50373108992895
8902,39.985496331793506
8903,42.029418610777746
8904,42.784073075642716
8905,42.645211072048504
8906,43.79736433121322
8907,47.9193191367908
8908,48.69438106858453
8965,31.466818999526037
8966,33.19942392850145
8967,32.647474902633746
8968,31.840426070739866
9070,32.63471050780798
9071,32.252307979751976
9072,34.0059894231955
9073,37.316609158097286
9074,35.993178387011206
9087,28.634802083895572
9088,33.96929132513223
9089,38.0379864190732
9090,41.805975471501526
9091,16.536417240791945
9092,18.239632064254042
9093,19.85858005985138
9094,23.335345870774223
9095,23.856201803388615
9096,25.523039518255644
9097,28.657424900146687
9155,21.342011548100025
9156,22.28495385431799
9157,25.642366526411497
9158,29.439464565578547
9159,36.72820039834435
9160,39.412816288174284
9161,38.98799437138129
9162,41.488861933586435
9163,44.59129332877323
9164,46.486435499756894
9165,53.91860507632851
9166,52.57098166703597
9167,32.786254864400554
9168,36.82123652255903
9169,38.206312026077626
9170,40.80481921929725
9171,46.15837051693012
9172,48.917982197097786
9173,55.13692793935388
9195,10.4452145555899
9196,12.385404938155682
9197,14.020256344022235
9198,17.28200313779857
9282,22.786423939945312
9283,24.045310602919045
9284,29.261280720563295
9285,30.11015287058797
9286,34.316877627733135
9287,36.62114846936135
9288,35.931492398881566
9313,16.47741677816962
9314,18.901314260295184
9315,22.238729857169037
9316,24.8705330740294
9359,40.178652001565155
9360,45.85874152547387
9361,49.320200998003585
9362,50.366668648620156
9363,33.34202069103294
9364,38.731921120387874
9365,44.36192291108404
9366,58.1356123668471
9367,64.748910618075
9368,35.97772901990972
9369,37.418711215618124
9370,40.47233957639159
9371,45.50166225536265
9372,50.42592698891643
9373,48.42221308432037
9374,52.75745460783779
9375,53.38633771955244
9376,52.28796131259511
9377,55.3715825845785
9378,56.33991527517864
9379,58.176328826771844
9380,25.817082847732696
9381,28.30256617340198
9382,30.41912274383331
9383,32.473300931990586
9384,31.7979437898291
9385,32.93291673413345
9386,34.532045196173684
9387,34.304003553784014
9388,36.39519568225938
9389,37.18996252070782
9390,41.766540440661835
9391,41.87093095850142
9392,26.88469571542481
9393,27.15872113219384
9394,27.805508039913686
9395,30.109024562145617
9396,32.593586564134156
9397,37.98434855506749
9398,38.57554273315081
9399,37.20877709704017
9400,41.861653404548726
9401,46.75049406615038
9402,47.43830919310635
9403,49.078985341643936
9502,23.254224267194875
9503,23.77634627236922
9504,25.687360897864135
9505,28.062380812721642
9506,31.449003341404037
9507,30.518339133447647
9508,32.554914877032616
9509,30.447993206783913
9510,28.616748288009372
9511,33.01715880615812
9512,34.706625198478704
9513,33.895069142076245
9514,36.87636710345147
9515,35.29884295531587
9516,37.615405739428915
9517,40.66675490601401
9518,41.92463707790058
9519,42.66678732201456
9520,40.93039134240768
9521,41.76742758473893
9522,44.81911315296995
9543,52.370276852657184
9544,56.59947631444285
9545,61.057238223482024
9546,60.493893312870355
9547,60.5581963044129
9548,62.59446207441423
9549,62.27048254813912
9550,63.828701183461526
9551,62.937641284306565
9552,64.08308452317621
9553,66.16376880419004
9554,67.67088575748252
9724,27.154253684535416
9725,26.877414051533876
9726,28.905611470521418
9727,28.660175921909314
9728,30.913313896118883
9729,32.43877802981987
9730,33.293567404285405
9731,27.89301701113463
9732,38.298766739656344
9733,39.074573009644205
9734,45.2502133767313
9735,48.20598996033771
9778,24.61842430798957
9779,28.73670346523879
9780,33.37683367648736
9781,36.2846970738013
9826,32.45286185556361
9827,28.576357246812254
9828,36.22399963859378
9829,35.64272531585832
9830,35.172525636541344
9831,38.300422836406334
9832,38.18043958153014
9833,40.71973202544535
9834,42.68630758169415
9835,43.14037755584052
9836,41.06072225582264
9837,44.457729420043535
9850,24.3905455267229
9851,28.7669827317735
9852,32.557240564348554
9853,37.825248868325254
9854,38.9650759460502
9855,42.15109807574973
9856,43.652574497906635
9857,44.75098489998916
9858,47.11315987420262
9859,22.806804011144788
9860,27.317686654732633
9861,30.83950143011471
9862,34.2576435376326
9863,38.447952894797176
9945,38.11512491376052
9946,45.831357341107825
9947,50.46003343364314
9948,52.68122070620441
9949,48.929220863789766
9950,53.306403880656724
9951,54.45710309362375
9952,56.47262471274445
9953,58.73265480184661
9954,60.30998862214016
9955,61.99924124419305
10058,17.40418584018043
10059,18.655241020232527
10060,21.599806930077673
10061,22.945638742729106
10062,24.601884222624317
10063,26.6754277496473
10064,29.858210798919146
10065,33.649244456966464
10066,36.457086197237324
10067,37.54823349346105
10068,39.8177295555736
10069,41.25068129622964
10070,39.811319622662026
10071,40.975716596487096
10072,45.43794671493141
10073,45.953527921091855
10074,51.02755491081969
10145,20.946407149001843
10146,23.347801375706094
10147,25.63446449435906
10148,31.46916307261911
10149,31.996389023212515
10186,41.5380117047169
10187,45.271242444779844
10188,46.76524323419486
10189,49.199105508479114
10190,51.51840329055513
10191,50.614749239715245
10192,54.01475555738903
10193,60.02310800555691
10194,60.17905035012469
10206,27.165071925522362
10207,27.60655353176742
10208,35.51038934398877
10209,36.09036566931218
10210,39.96313198846212
10211,42.4990416294753
10212,39.6874671572244
10213,47.10532564741985
10214,46.31956369208647
10215,48.83237126370622
10239,31.154651007990207
10240,35.6051635901184
10241,39.576051239988075
10242,39.5107041691045
10271,11.117485631699099
10272,13.411823455046065
10273,14.96847260126763
10274,17.552097631561267
10275,20.651235793480733
10276,24.144479062975872
10277,27.998325435083242
10278,35.713319571842746
10279,36.893482198609505
10280,37.45064222894912
10281,38.433929821366675
10282,39.202903121617894
10283,9.390745498585087
10284,17.460871203208548
10285,20.635301345192
10286,24.596455531335266
10310,32.20661597545154
10311,34.84017877599162
10312,37.728417479718175
10313,38.102898638568504
10314,38.19703745719063
10315,43.25594891014744
10316,46.08478362803619
10317,45.944865466900126
10318,48.51645110411223
10319,49.3773733752876
10320,51.405763538698686
10321,54.558362166367814
10322,23.11174062327231
10323,32.27694575879615
10324,35.14374663899552
10325,39.653267593208504
10326,43.43606564691812
10327,31.701460455529688
10328,34.040288756714695
10329,41.28266144733634
10330,42.08493851391876
10331,44.11979609207855
10332,50.45430886482865
10333,52.1946133363242
10334,56.75893271933986
10335,58.97826694488067
10413,28.519445404438574
10414,38.95550334143882
10415,42.584444426212116
10416,51.283579658861356
10477,25.57689946532389
10478,27.109647091108947
10479,29.521758666006406
10480,34.77089652603958
10481,40.92853771727509
10545,23.175764572481157
10546,25.203064220960236
10547,27.374078094614294
10548,30.62426626029881
10549,31.79739174850219
10550,34.97775156771333
10551,39.68846264811177
10552,42.307239595494174
10553,42.828266887596904
10554,45.85504496874376
10555,46.58006342897737
10556,46.534189389512726
10634,38.4907818795231
10635,40.21765826865438
10636,45.27338334510352
10637,50.06723034292857
10638,45.20859895119215
10639,44.54388773200563
10640,49.96213537253062
10641,57.10396556983814
10677,17.151700893439642
10678,21.951772275050562
10679,23.44381591367485
10680,25.475273510171743
10681,31.310109496825163
10682,32.365881416204516
10683,33.887697208238166
10684,33.824150871988806
10685,37.36803813340616
10686,38.790013087687555
10687,38.7936365054232
10688,41.189723702187464
10689,51.514614755788216
10690,57.51981060113094
10691,58.51463883417446
10692,66.59345474983667
10699,23.48338654487659
10700,28.200289142194244
10701,34.87550963342194
10702,35.88455811100048
10703,36.48811449131219
10704,36.359338644732546
10705,41.22614558519598
10706,43.345500550952295
10707,48.49895611428863
10708,48.55778567203213
10709,48.60776619686936
10710,50.38516199781708
10772,29.23473937406833
10773,30.510530608733255
10774,35.56703290213924
10775,44.345597986236974
10776,44.851029504166156
10777,45.162547701216006
10778,46.23937846357747
10779,49.47182174751528
10780,52.65811343424156
10781,57.0867429993329
10782,57.71245908425969
10783,60.00954582542666
10793,9.252790501256843
10794,15.236515048259696
10795,19.656311858021862
10796,24.040328904569563
10797,28.088015155024845
10824,45.9561618148586
10825,47.12661873175502
10826,50.13636960060964
10827,46.45183913282497
10828,48.90973778380015
10829,56.226718033954306
10830,58.97564619025482
10883,6.992447684404689
10884,10.386021256517177
10885,15.894852031934715
10886,18.258725855279533
10934,26.90787393505365
10935,26.499643216121285
10936,27.29218355229951
10937,27.65022246167572
10938,29.32660270226891
10939,33.22890761628486
10940,34.535961646335494
10941,34.68253818041997
10942,35.270785101041845
10943,35.71517995102387
10944,38.43754732340056
10945,39.65389451614972
11128,21.84997977001812
11129,25.60959045174959
11130,27.081550994340994
11131,35.64183266389088
11132,36.698152052901975
11133,36.06132584792682
11134,42.59679159193063
11135,46.732668789454955
11136,49.85143888390391
11137,52.38536520791167
11138,50.42351797392293
11139,50.1738827143919
11189,26.8267402098284
11190,35.22398216951722
11191,33.56696115003761
11192,36.59566795526949
11193,43.87240864046318
11194,44.26328311375382
11195,44.69093594843723
11196,48.046858066983575
11197,49.74632010327868
11198,51.720580225056636
11199,52.11078237969517
11200,54.392393011560834
11236,4.062052560791635
11237,9.105122576959614
11238,12.509932039709843
11239,16.914769353148028
11240,19.700990873902136
11261,3.0783055675262196
11262,6.992951326348851
11263,10.77955973058892
11264,17.631818877903346
11361,47.38076065471528
11362,51.24001384186682
11363,53.366488149945376
11364,57.134224315272036
11412,10.26332261401847
11413,12.60673280957828
11414,14.68914102167119
11415,18.2448437766307
11416,20.292820123116282
11417,23.388427441992548
11418,25.481427973360326
11419,28.42250237830912
11420,28.770931215324875
11421,38.60718236737459
11422,43.53653407936626
11423,45.5841558908619
11424,7.751449794034347
11425,9.81074673733238
11426,16.48286832000526
11427,20.14717594583702
11428,23.32794189857875
11429,35.86143429085299
11430,38.667083121979644
11431,44.966640931321145
11432,49.752787265143944
11466,14.20100205541043
11467,13.882473329634745
11468,18.626640955018374
11469,21.176178896454918
11470,24.112401072979768
11471,26.267905179049524
11472,29.655405009759672
11473,30.526814935801134
11474,32.44132358971686
11475,38.12786369166677
11476,37.26801190923035
11494,25.342925370932157
11495,31.747118949140358
11496,34.33636687536329
11497,36.65029678484995
11539,27.67015189738939
11540,31.187321329316983
11541,35.01737741510653
11542,36.22377211594053
11543,40.365700260927426
11641,2.3783928347673666
11642,1.964284865029379
11643,4.280058928567517
11644,6.11643515462871
11645,9.157127353044944
11646,10.519939571086798
11647,12.842548370965558
11648,13.527465252288708
11649,14.479078173458953
11650,19.062889343367523
11651,22.38870810736623
11652,25.229179972312025
11757,34.11896390772897
11758,35.92827357898467
11759,36.343248727982484
11760,41.50137724871156
11761,44.91295140662854
11762,45.77266247827403
11763,56.47882488247065
11814,34.34076289179652
11815,37.19992672152149
11816,39.625910082267744
11817,44.29838836620774
11818,46.304777846800846
11819,45.91305259894542
11820,23.1265706531812
11821,29.119558588802985
11822,35.70060483000759
11823,44.485839267135475
11833,3.4128724806212056
11834,2.1725335782462163
11835,3.3582191647682698
11836,5.173055328427269
11837,7.95591412235111
11838,13.157544773124695
11839,14.381559118073818
11840,17.587239839060075
11841,19.170930936585904
11842,23.37624349966168
11843,27.58069699327654
11844,37.109313003224294
11995,1.7296840576708212
11996,1.5608252348500136
11997,4.755615440787759
11998,5.912283534636025
12009,38.88027555678767
12010,39.16727393519172
12011,43.24535325855399
12012,48.26116187117066
12013,52.619039194308755
12014,53.46333197711919
12015,53.80876712220591
12016,52.412005769001695
12017,53.90967456775955
12018,56.19456203375687
12019,59.60128920960711
12020,60.56584689031692
12032,41.45479860101495
12033,43.28168297845023
12034,44.71240313369616
12035,46.56692575193173
12036,51.66151513441077
12047,25.957226151142066
12048,24.653573192123723
12049,28.7819756667677
12050,35.308277055657896
12051,46.88756337236604
12106,60.98442664994613
12107,62.959625147900276
12108,64.39824258724856
12109,63.29054473729672
12110,66.23465979509567
12111,66.37380862716317
12112,68.08735493788936
12113,69.45859214622514
12114,72.91938520190985
12115,72.55323210733428
12116,36.11142280913901
12117,41.5744205884018
12118,39.83058742265655
12119,43.5471573842335
12120,49.07736541919749
12121,49.84411008824623
12122,52.122051478243044
12123,53.53883755145605
12124,52.37487198815601
12125,52.27237787678579
12126,56.66717011281485
12127,59.0917561524379
12132,51.289384605904374
12133,53.17972866289261
12134,60.9908519453307
12135,62.108552362448606
12186,25.335282781398096
12187,27.937795604947713
12188,30.592602194332535
12189,33.236027637502254
12190,34.93616944940155
12191,35.36079863556213
12192,36.59339999069274
12193,37.72816502914632
12194,38.69091234027329
12195,39.870452914192114
12196,41.749825210686026
12197,42.79869189800562
12210,34.75775876795932
12211,32.00641556769643
12212,33.46052555339217
12213,33.2176489562706
12233,10.299302978250523
12234,11.852882157186523
12235,15.577237270836992
12236,18.963869568925112
12237,24.93786060389434
12238,26.390907297468203
12239,30.450348649522613
12240,31.710567456775323
12241,31.98603626892449
12242,33.024527922227044
12243,36.28245934432748
12244,37.78481120456496
12245,41.078147335485745
12246,46.28008186832711
12247,48.509714795716775
12248,52.14485062580582
12249,53.463739670210565
12250,56.1480286387327
12251,56.23980744334267
12252,56.88121439250803
12253,56.843627237978566
12254,58.597394158174446
12255,60.38607125131532
12256,59.56272730311219
12269,39.18650900353824
12270,45.656883590004355
12271,48.82480091450522
12272,49.39956535491506
12273,49.907519309717955
12274,50.656426580562396
12275,52.00841154146309
12276,54.4003212571776
12277,55.18529521873483
12278,58.449948712569146
12279,59.891431558287834
12280,61.997673561556255
12307,13.535789325859753
12308,17.595417678391453
12309,21.715328290390232
12310,25.816021716164016
12311,29.748911612436963
12312,34.668372164616706
12313,35.996563616155164
12314,40.899752857229586
12315,42.23358625432601
12316,45.16835198400592
12317,45.05606710116318
12318,45.63325760525127
12363,16.141963318271696
12364,17.924641382381527
12365,19.790355141811382
12366,23.18706671251048
12367,25.89723434582138
12391,34.6606000518108
12392,36.48278625066178
12393,39.510237828595024
12394,44.07127019717211
12395,47.62121204673469
12396,46.580066101385455
12397,50.31420890622497
12425,43.349773602829785
12426,43.95302135900716
12427,48.87588962691306
12428,57.65477587623949
12429,60.203775028412835
12430,64.80239774424088
12431,64.85307566290098
12432,67.09205753096516
12441,18.692833019033337
12442,23.278507722723226
12443,27.82137908564345
12444,28.938999480517044
12445,33.13312876839928
12446,33.8034228392549
12447,36.978231169403955
12448,37.44169986437154
12449,41.88736722289664
12450,44.99007315702779
12451,49.01692047956578
12452,54.4546293976772
12514,8.568320825770664
12515,11.037484923400847
12516,11.926974406845515
12517,14.300822873807867
12518,15.09840015184149
12519,47.85423591170925
12520,50.333690626273395
12521,51.95900417931187
12522,49.87800486952564
12523,53.981289316325004
12524,55.16188570788952
12525,61.23712500820446
12526,61.9652654273133
12527,61.14906105486034
12528,63.8440850907365
12667,33.326155453361274
12668,35.6335060803365
12669,40.466956295207986
12670,43.44390329070326
12671,48.98085350598487
12672,49.06269063385592
12673,51.47609200001034
12674,56.29080205474048
12675,58.121126406174675
12676,62.22368958199202
12677,60.86331308331203
12678,63.76426254055172
12711,32.40847939435158
12712,34.98063414436422
12713,33.320706791954386
12714,49.38145950705239
12715,50.374341141361086
12716,37.48218839353627
12717,40.35274915262673
12718,40.80215349231767
12719,40.96492621677409
12720,43.14554057956671
12721,46.56752637935578
12722,49.47900861000624
12723,52.9436168350984
12724,53.957567105355295
12725,56.99141375186939
12726,58.66568720132014
12727,59.28719281165167
12733,12.551825170694856
12734,14.688856033932169
12735,17.44411394442946
12736,19.793121521981476
12737,23.9460205678185
12738,24.94706339677606
12739,27.288542236933342
12740,31.105309971265974
12741,34.62632135573527
12754,29.314978887822452
12755,29.482683873939788
12756,29.820825642156056
12757,30.225538908427968
12777,0.9524312713698295
12778,5.963183270885288
12779,8.655904107146853
12780,10.2749431244573
12781,13.07876217078368
12782,13.872242544169602
12783,15.110423845277033
12784,20.427930393073087
12785,25.722824297303845
12786,27.55720975572445
12800,36.419150097708155
12801,36.03157726177954
12802,39.92006599462127
12803,45.07565525167098
12804,47.89414315008059
12805,47.41092719559374
12806,48.89560755890236
12807,48.34974442036222
12808,52.09475710911741
12809,56.8826339233534
12826,14.685592850578699
12827,11.930009039763002
12828,17.82114972516132
12829,18.31803279867915
12853,7.236415150121985
12854,14.352450958064983
12855,17.93962101236105
12856,25.370961645585496
12857,27.775326520513065
12858,43.523469329709165
12859,50.37562569769639
12860,57.48780144028291
12861,55.45960760190455
12862,53.67598617659729
12863,54.525663687928315
12864,58.100394218751674
12865,60.44493760372678
12866,59.353048642243486
12867,62.50018720432271
12868,66.16750777940366
12875,18.856183895115905
12876,23.67477063398715
12877,27.654495008124616
12878,34.53675614714982
12879,40.67038751028636
12880,42.83428150677612
12881,43.19382218139464
12882,48.99596343322235
12883,51.07426560364246
12884,56.482680504607366
12916,23.339906902317082
12917,25.870661835474543
12918,30.417848842114594
12919,33.49328562713886
12920,34.17745104033169
12933,13.331323197860762
12934,13.490512230793337
12935,16.221187557247237
12936,22.472493628823372
12937,25.822812677147958
12938,27.66916948878854
12939,30.883512284910644
12940,31.97828640685102
12941,33.00146869001289
12942,34.94726608396283
12943,37.82025362470129
13020,29.797419674039045
13021,31.93724176023623
13022,38.018902802404064
13023,40.11086904620341
13024,47.94232567138487
13025,51.53511521114885
13026,49.74688796013802
13027,50.464093472287836
13028,53.52404454371385
13029,55.90853236573141
13030,57.522957359283495
13031,51.597355449914744
13032,55.62460356488727
13033,59.759931094574185
13034,65.71304650256734
13039,12.942419372408557
13040,15.791436098037133
13041,19.929853855256656
13042,23.245916629190873
13043,24.133545294742017
13044,25.080063320503022
13065,9.972896280400809
13066,17.363012991088965
13067,18.481099215449944
13068,21.11012997459612
13069,20.950355592299573
13070,22.445552740746862
13071,25.99565380408949
13072,27.743906342792254
13073,32.850889080782935
13074,35.083716265951544
13075,35.556011207660916
13076,37.19561924802255
13077,8.34095738609847
13078,13.337086084200603
13079,17.87812659142786
13080,23.37986502796006
13081,26.501197903580138
13134,7.960304858092017
13135,16.21575483305113
13136,20.410411493817065
13137,27.08571340551567
13162,23.6923533486819
13163,22.783663216108447
13164,26.150816657687578
13165,27.8603168687164
13166,33.298139836861935
13167,40.84523772603178
13168,43.4478350383934
13169,46.57644459602479
13170,44.77511880477235
13171,49.49251177962044
13172,53.88100671061433
13173,55.42409906588719
13195,38.33895741383388
13196,39.441740538020824
13197,39.43713877601964
13198,39.68738583263648
13199,42.67080704336235
13200,45.04326922012392
13201,46.194704329452506
13202,45.49099345408756
13203,47.38781256643266
13204,49.817178979592995
13205,49.200073513310485
13206,52.53956302113819
13219,17.885007288045756
13220,20.400895343697176
13221,23.118543322728875
13222,26.331121717947926
13223,28.753730514651412
13224,37.350291832979366
13225,41.67176046990856
13226,45.46138962312871
13227,50.42397496179228
13252,19.158930739747383
13253,19.75116453830899
13254,23.356572471931837
13255,23.59266078317187
13256,31.9665001856086
13257,36.79896919466196
13258,38.74104824546716
13259,48.871130357848784
13260,52.138641373485655
13261,56.825110315408786
13262,58.96596364301351
13263,59.40441896596976
13294,31.31393587074604
13295,34.62747423227904
13296,41.122668915703045
13297,42.30377861884473
13298,44.22090504672286
13299,44.149791643549676
13300,45.57565835328511
13301,48.659008674566415
13302,49.641848725747444
13303,48.84576777684852
13304,50.53924060748548
13305,53.260056045880596
13332,43.49434485583799
13333,45.493594635073926
13334,46.35154521251628
13335,48.54045685217206
13336,53.253181988955454
13337,53.143128179330944
13338,55.21490915162987
13339,57.06601383167845
13340,57.739654603624125
13341,59.42766807332113
13342,61.21432063515095
13343,59.572914248383825
13344,0.6822042883339503
13345,2.8050365858154005
13346,5.333755992167081
13347,12.089113986920816
13348,16.646981944241663
13349,20.525795837711865
13507,9.359454825241164
13508,17.32998568056814
13509,23.452466453186883
13510,26.19494852284499
13564,51.58885082532873
13565,53.14681015388876
13566,53.442382129137734
13567,53.35049997539154
13568,54.38627098629294
13569,55.75103209699646
13570,55.173644152577786
13571,61.0201325383822
13572,61.78236702391206
13573,62.80032521330536
13574,64.85429269488152
13575,66.523511453503
13674,8.389812759591905
13675,9.970315205016
13676,12.820442759416489
13677,14.45544875611161
13720,11.288325858428617
13721,13.353253436251585
13722,16.13787613038678
13723,16.249718860629507
13724,15.809374072725152
13725,18.464504495419092
13726,27.713381450091845
13727,38.28267029412907
13728,43.852570385849525
13729,32.501703126850295
13730,35.5325260020198
13731,39.47562901854629
13732,44.94287376072069
13750,39.24601739226794
13751,39.813488459147486
13752,40.8979638735925
13753,45.45643074238971
13754,48.624860876324426
13755,48.67906611951093
13756,54.053588117550724
13757,53.98885542535766
13758,57.19550881257795
13759,57.47927468858129
13760,58.49708167161233
13761,60.66820468751344
13867,24.872726958536393
13868,26.090218391255497
13869,28.39489256235178
13870,37.908328023035025
13871,39.741368041920964
13872,42.554913426530845
13873,45.706738203262326
13874,45.10618809576043
13875,47.617765185839495
13876,48.332439569166866
13877,54.55842038027589
13878,54.15411407408527
13896,34.92698899349267
13897,39.71321763689351
13898,43.608691596451045
13899,47.534065439299624
13918,34.20527090435849
13919,38.610126258386146
13920,45.379202066389944
13921,46.81898480123176
13922,44.07096547279368
13923,47.071213723123215
13924,48.512237039479814
13925,47.931703506643764
13926,50.498421077140975
13927,55.529014775997396
13928,60.81605195001766
13929,64.71371469372244
13946,15.406547726955468
13947,17.09029898882781
13948,20.30969073788875
13949,20.9571587741682
13950,20.63282488420104
13951,24.366589823018256
13952,25.80785001174093
14097,15.185617817950193
14098,19.951047132510087
14099,27.676717019038012
14100,30.29431658366951
14219,24.399190233456316
14220,24.781458669863888
14221,28.047666508478542
14222,29.92421006188441
14325,48.19808339798253
14326,48.21431635717249
14327,54.385404387667826
14328,52.698292807278044
14329,53.205811282476645
14330,56.68719116352861
14331,60.03707085578675
14332,61.55903201455606
14333,60.48983924818031
14384,12.00184218320157
14385,12.72115136200686
14386,16.214120113019433
14387,19.419590293887897
14388,21.923827600633466
14389,25.391965730017958
14390,27.96749669383604
14391,29.910970630703822
14392,31.60455783471925
14393,33.983849050304165
14394,36.8272823586394
14395,38.14708569634117
14396,33.98373128689951
14397,42.6787694184815
14398,46.85957598855273
14399,55.612131768561426
14400,5.472554667397429
14401,8.146801498775464
14402,11.434415959311083
14403,14.304362526968346
14404,14.983864537739
14405,18.37513496156685
14406,20.375628920304926
14407,23.61718029904096
14408,28.2701444316595
14409,32.859054674924025
14410,36.09509793824609
14468,21.98702689108514
14469,26.367293588711462
14470,32.13923782471713
14471,34.1020508924468
14472,35.694925117527326
14473,35.64147871376717
14474,37.49377243298752
14475,41.99352378860557
14476,42.457978839891226
14477,42.96753343342694
14478,44.34073660138308
14479,45.65526306554892
14498,1.1628178697510827
14499,1.280480332448032
14500,1.3796955167986718
14501,3.9326567722970958
14502,5.028514819919305
14503,7.508214885398422
14504,8.850862688812079
14505,11.76185097393056
14506,12.856421753661717
14507,14.059761037828537
14508,16.8518312786858
14509,16.748366290567116
14510,12.401989779545671
14511,12.855532588075338
14512,14.78215652457423
14513,15.833187461013456
14514,17.396412822404294
14515,21.107924721055696
14516,23.870479678975034
14517,26.246732672253707
14518,28.676474636850315
14519,29.00735620845234
14520,28.97278818081353
14521,29.124448567861766
14535,6.319404959637671
14536,10.733403563677847
14537,15.774964963681319
14538,21.819837894879253
14539,29.227146496338964
14540,30.168430024112055
14541,35.936381298221235
14542,38.0177953522263
14543,38.35808087409734
14544,42.433820112532466
14545,44.47490369476179
14546,41.25211856240162
14547,25.99537282123774
14548,31.462792824675354
14549,34.452948075012486
14550,32.526061351699205
14551,36.68778014661615
14552,43.65853678460282
14553,46.409634454736015
14554,50.82794355349734
14555,56.29696244614905
14556,57.59059666764654
14557,59.37689561336399
14558,61.786609000988236
14563,53.122253646480495
14564,53.528827149995216
14565,53.79482356507816
14566,62.680605464566554
14567,64.40151690807136
14568,67.30276764188119
14591,16.33961579591203
14592,24.8646441056677
14593,33.17045919789081
14594,44.670280154556224
14602,43.6436075379764
14603,42.75112659378852
14604,44.74689776063103
14605,47.67448846574268
14639,13.605884546573447
14640,13.059772661165976
14641,17.388652912973093
14642,22.822403888811
14663,12.124058368218714
14664,13.775700703677813
14665,18.835991291628115
14666,20.16154402780353
14667,24.421446330311927
14668,24.261149404033763
14669,33.48988021515362
14670,32.986484134457875
14671,38.15815739452927
14672,40.042413451824224
14673,39.412956826187106
14674,42.77544195940388
14675,53.1022047696886
14676,57.67865139002008
14677,55.70801068308459
14678,55.60455182007878
14679,58.37805890484817
14680,61.056920897140294
14681,62.23332124696878
14682,62.247572448930406
14694,37.227392233187985
14695,42.298235515509504
14696,43.853763690339804
14697,44.470353809192126
14794,20.92563842615122
14795,24.317122939037077
14796,29.632709102121787
14797,32.4086534875779
14831,2.828279620634859
14832,3.9418988396020276
14833,4.706944504951082
14834,8.05086946934032
14835,17.949776874036388
14836,20.444248871711878
14837,23.839669555789868
14838,26.999997223789066
14839,31.513795060449137
14861,40.28392555865695
14862,43.00213800490491
14863,45.128941576486405
14864,36.34772836224154
14865,38.30594746780575
14866,42.33864695137116
14867,40.85175362028449
14868,42.626636670957616
14869,47.98005908167516
14870,44.573275591546995
14871,50.685707822584575
14872,47.939824837624855
14873,38.63262711442863
14874,40.12142531611092
14875,45.32265774727693
14876,48.06924632523074
14877,7.607376501913194
14878,9.914556415227775
14879,12.23460622763095
14880,13.992220913625486
14881,16.2006051360998
14882,19.195205373638842
14977,3.9679892287763527
14978,3.958082117186181
14979,6.480998233523504
14980,9.652417239914742
14981,12.753827327838446
14982,13.28462665657674
14983,14.362357673678913
14984,16.008616399294542
14985,20.492948431515497
14986,22.8742959260332
14987,26.002379084722918
14988,27.222557650262644
15001,39.23456907647513
15002,39.76334174142914
15003,47.00915696318719
15004,47.93489855251616
15005,50.49504049356103
15006,54.43384740223626
15007,54.10998477315717
15008,56.9565144719898
15009,58.69049553723062
15010,60.47087002948979
15011,30.9032008540792
15012,39.24682513943333
15013,40.512766989388496
15014,47.540781684731144
15015,50.50352606327861
15016,52.816105094106945
15017,54.073906646333526
15018,59.50522059352015
15019,58.05695773346378
15020,56.30550418663691
15021,59.65105154757431
15022,60.26371873532779
15039,26.661559062712946
15040,29.817107910548753
15041,31.681903474369037
15042,33.665269897640975
15043,35.08078179957841
15044,37.77198521423882
15045,42.88473726697302
15120,53.96660597170034
15121,57.01364708209514
15122,60.922440931645724
15123,65.30987947068668
15136,36.74799508328231
15137,36.81766702348737
15138,36.64176849659361
15139,39.10857520722252
15140,40.1374156158593
15141,43.85878919827358
15186,9.139858815948251
15187,10.25156860885458
15188,13.796158450461009
15189,15.99938782603423
15190,19.801019286547604
15191,21.753593254491573
15192,22.801164981285233
15193,25.044887738899764
15194,27.08585730975473
15216,31.329614814570906
15217,35.42862401233699
15218,45.72383193915684
15219,50.36439211110641
15220,31.584792786440612
15221,36.916597206200095
15222,40.40935538366446
15223,44.07309397944777
15224,44.82348799854581
15225,41.66887483295779
15226,45.416463457557704
15227,46.91300565213197
15228,44.76997146826063
15229,45.705730122299215
15230,47.769090884968094
15231,49.816977026732175
15232,20.86974140621741
15233,25.162498149683355
15234,33.23489315108391
15235,35.24786767946127
15236,36.662331468393795
15237,37.69732513662245
15238,40.354179993943546
15239,43.55829807041396
15240,46.90189144057756
15241,50.723338196756124
15242,51.54942941420439
15243,50.535755790931894
15260,28.63965315868141
15261,30.12749950155188
15262,33.79122265902178
15263,37.86552280443747
15264,42.677309429524044
15265,45.6903592390068
15266,46.48733991747032
15267,48.544527989078254
15268,48.878997950148985
15269,54.088344322293246
15270,56.153288454698114
15271,56.75205905661538
15281,17.492459746708615
15282,18.632054448181265
15283,21.1420350668626
15284,25.17489447051317
15285,25.047685650643075
15286,30.086198316788202
15287,30.180891959462596
15288,33.84197938061097
15289,34.611415128562854
15290,36.61961078320764
15291,37.19462516342617
15292,36.87070627045903
15574,31.447459218335112
15575,33.41953026256327
15576,39.72461102658571
15577,42.41692815525473
15578,38.80916528268842
15579,39.86883843279027
15580,45.552680123775986
15581,43.14920552065656
15582,47.80642256861114
15583,46.46240774982184
15584,48.03713691809726
15585,50.07176523447368
15606,21.61520063403918
15607,25.963518050288407
15608,29.818864364202952
15609,36.99039394661781
15654,10.707865711962897
15655,13.466180103002984
15656,15.139330455219126
15657,16.16604938348508
15711,43.51915614657849
15712,45.02725957072774
15713,49.05262810720706
15714,50.671753062023754
15715,51.171006923098346
15716,51.71645979788637
15717,53.75538458610046
15718,52.692492182096345
15719,53.52343002275427
15720,56.211306747747294
15721,13.544296938147854
15722,16.693359308343982
15723,18.818111730879426
15724,27.01345820119338
15725,34.12021353124458
15726,77.7778667933519
15727,80.16589860337166
15728,82.1734292280154
15729,82.43564453787192
15730,85.79947719161038
15731,90.42944354423436
15732,91.0069630668057
15733,91.48685018242276
15734,92.61872285778355
15735,92.75482663529351
15736,93.504937294461
15737,92.37323255689016
15762,24.943106557958288
15763,30.690079553017103
15764,34.09646912928174
15765,34.14698031585436
15766,37.10632328078353
15767,42.653274053545374
15768,43.15651609725831
15769,44.801733110153606
15791,36.96505868299256
15792,37.29150285567225
15793,44.26330346568091
15794,45.30351718876184
15795,47.98390155055425
15796,49.83438545051478
15797,52.82815306934002
15798,54.11366709865811
15799,53.25758291698811
15800,54.303568283276164
15801,57.75952951713665
15802,59.519710682407585
15815,18.668566362580258
15816,19.815207928140637
15817,21.927181846127425
15818,25.05783839735008
15819,28.38207451871771
15820,31.634759061835748
15821,31.860693318795867
15822,33.36510894769071
15823,36.18436429103782
15824,39.63503187951133
15825,38.71636888467758
15826,39.228355324852025
15882,1.5446962034929703
15883,4.592149256273034
15884,11.453357648688758
15885,16.784921285555637
15943,42.14507113962899
15944,41.176772953371625
15945,43.80926981168821
15946,49.70156864069964
15947,50.830536817719334
15948,1.6443848004041532
15949,0.9470892147956862
15950,3.9966644816893795
15951,7.258354727903856
15952,9.06496377780005
15953,11.610869798771212
15954,12.750568584041613
15955,14.261594130329478
15956,14.292941689408238
15957,16.172391804222638
15958,20.02460371430975
15959,21.499347082324988
15960,33.09167528518103
15961,34.96839501008626
15962,37.83794449683303
15963,38.3088331020595
15964,40.70576630974815
15965,41.17954917425384
15966,42.38400156376301
15967,48.79854738615987
15968,48.774156766023005
15969,52.71659505307853
15970,57.2117578708922
15971,1.5658682176948324
15972,1.2691657202503372
15973,4.088707472709623
15974,8.505856229830167
15975,9.81844328688166
15976,13.209353143091272
15977,14.962417027500992
15978,17.292465052284562
15979,20.04510020215285
15980,22.745080107476504
15981,24.705421529293975
15982,24.99355049619473
16004,23.24964270472755
16005,27.493819879383405
16006,29.62824543584468
16007,31.792553588504227
16008,32.73702028152612
16009,34.54538717953682
16010,36.52401740738339
16011,43.133638939226124
16012,47.9115353242288
16013,51.238106607321455
16018,10.26540796106091
16019,15.462758512710069
16020,21.707165483762147
16021,26.389593164249806
16061,64.08647945422648
16062,65.22320809233953
16063,67.24176618080799
16064,68.23490831428248
16065,70.69252495456247
16066,72.72764810545273
16067,71.10652254675377
16068,73.58621044406712
16069,75.4393636133672
16070,74.7892706853368
16071,74.33504080763387
16072,75.98521231745742
16073,9.735465534101134
16074,9.803158393974167
16075,10.623864949164528
16076,9.422170176415571
16133,6.4439136821515905
16134,6.3567043098726925
16135,8.437459636170335
16136,10.753115699048085
16137,14.573485113883496
16150,40.59384280143193
16151,43.010440072322666
16152,43.79560446656919
16153,46.541533912500405
16154,51.14194820918943
16155,49.584852799161766
16156,53.35278705810262
16157,56.267226538664644
16158,56.94882577913006
16159,59.541741726722094
16222,30.97342597644593
16223,31.895893035207738
16224,37.951270245732175
16225,42.46378442045857
16234,34.003509995120424
16235,34.471844460305185
16236,39.37150137291078
16237,43.82047807779735
16238,46.9981484672516
16239,49.14280531963879
16240,52.644972431113075
16246,25.009052230981382
16247,30.213795427049593
16248,33.06209908271435
16249,34.82246790520748
16250,41.6202591717386
16271,48.25006684256236
16272,48.75851732001506
16273,55.60233984073967
16274,55.054370787849415
16275,59.10411309132181
16276,60.84461177190539
16277,63.0990853130948
16278,66.29411098587852
16279,67.57513083567669
16280,65.565160428741
16281,69.18649438600637
16282,69.23852277713893
16354,34.18199544663523
16355,36.81052222201154
16356,37.82973143176243
16357,41.12056268035838
16358,43.36424775016757
16359,47.928074316161194
16360,17.200270336539955
16361,18.150694890132364
16362,21.20988798238844
16363,21.799731732779534
16364,23.906415534247095
16365,26.52564294845809
16366,28.234891964944
16383,19.97464863316703
16384,22.380161442165672
16385,25.423449021663437
16386,29.01834942303953
16387,30.97640261364688
16388,32.79816110802232
16389,34.791754192826815
16390,37.78123895245223
16391,40.83692160398217
16392,42.817473061175335
16393,43.773362472694565
16394,49.89373998662604
16395,53.14027460566419
16396,54.16226433829579
16397,55.26925645536738
16398,56.09528277448326
16399,59.07082095217517
16484,15.652562894379509
16485,16.225949134910007
16486,17.938929091237004
16487,18.957562559118962
16488,20.70863088516519
16489,23.215210875969472
16490,27.384748193120537
16503,1.8422493219148044
16504,1.7466728580855178
16505,3.131546100240929
16506,4.464585291846536
16521,15.976965179238386
16522,16.887374754797225
16523,17.458852077428105
16524,18.501332175702263
16525,19.235463910862098
16526,21.86962463995252
16527,25.670380904275593
16528,27.661115943366937
16529,34.11745778453246
16530,34.3026039562775
16531,34.813932095470285
16532,36.381646760880294
16538,22.498867769109758
16539,24.96662713150899
16540,32.28436736704776
16541,34.56348703209986
16542,40.61171010096416
16543,43.19311049993522
16584,0.9943014627444876
16585,0.9453008935631431
16586,0.6821942308624118
16587,2.7807710094721876
16588,6.587333383957846
16589,10.954894902635719
16590,12.9797256222628
16591,17.505499466955865
16592,20.64532065817618
16630,30.548725878674347
16631,32.395642542811245
16632,34.45478148121243
16633,37.87614287943176
16634,38.87952236515248
16635,42.64314779147927
16636,44.042686067008404
16637,47.777743041994974
16638,47.86327478139123
16639,52.13162677009299
16640,54.19451630834662
16641,55.26417078415821
16676,36.749119549322536
16677,42.80956387020912
16678,44.75823194812081
16679,49.484832375266045
16680,55.12305794969881
16681,55.921101397173146
16682,56.573225001514786
16683,58.68205037954074
16684,60.76780926405274
16685,61.43900639920051
16686,63.377969739367614
16687,67.36515084139694
16712,44.29919526441169
16713,45.14740775049518
16714,50.43429248465819
16715,51.299515463918894
16716,51.25616387434115
16717,53.122917876786936
16718,53.82624224596244
16719,57.871903175445745
16720,56.61013291443165
16721,58.63642720697695
16722,60.95768982765521
16723,63.70793425272912
16743,51.892521884491394
16744,48.40140898710481
16745,53.88990108927215
16746,52.770505661923906
16839,12.370876215756123
16840,13.36143952710557
16841,18.05834232558931
16842,19.079589252422803
16843,20.66530942902098
16844,24.972980850542132
16845,26.71003667014102
16846,31.643033587092624
16847,34.063099507734265
16848,36.14776325524135
16849,37.37992670218352
16850,39.239288154613924
16855,40.49899846170735
16856,42.2924407478904
16857,43.514023582901274
16858,43.87850209380369
16859,49.43243018127791
16860,50.96465448411478
16861,52.66267003957738
16862,54.28014222545138
16863,56.29601993254136
16864,59.216527259389444
16865,62.38124897692161
16880,40.711074657350814
16881,43.217832998765935
16882,38.37738685524463
16883,43.128638379792555
16884,43.9946334527237
16885,45.53436619148515
17000,21.27926561236779
17001,24.340062399207895
17002,26.148947485464703
17003,29.520360900116774
17004,29.902391801342024
17005,31.51589748831261
17006,38.01990839793374
17007,41.79533912100862
17008,43.21839691545635
17009,48.77619432634562
17010,52.05124891226229
17011,51.16091804252366
17072,41.73075659667738
17073,45.695840926181056
17074,56.08359251298463
17075,59.12492267745775
17076,43.95258393027482
17077,44.45549925175405
17078,44.62286035130017
17079,45.304367221626634
17162,12.821804111552071
17163,17.02596481872391
17164,21.75777348232168
17165,26.238672260298046
17166,26.685072814559092
17167,32.88405925857165
17168,37.717950890715954
17169,45.05197022351649
17236,7.827790248409321
17237,9.273393332784389
17238,12.467523242667106
17239,13.824880828070425
17240,17.47533898084166
17241,19.585391832651293
17242,22.393868580287364
17243,26.425747750917957
17244,23.139540643638128
17245,24.768536220917163
17246,26.424409077133625
17247,28.32221795366449
17248,31.834634307964535
17249,33.219022494131465
17250,34.491718975005405
17251,37.23184176451926
17252,40.65148648571615
17253,41.70471367144397
17258,40.67278044946345
17259,44.94564161088124
17260,54.241257792012235
17261,55.166858639068565
17262,59.90761731906187
17300,22.866188302341627
17301,25.652969567388176
17302,30.46854687555574
17303,31.431923082656922
17304,31.87161672599625
17305,33.311290744737775
17306,37.23194145509201
17307,38.98940531033828
17308,42.36880984734449
17309,48.68399181344327
17310,50.369332754043924
17311,50.27151900782395
17324,21.032584267759454
17325,24.120289345620815
17326,27.548334658257293
17327,30.916464752848057
17328,31.98520345063393
17329,35.41374490152702
17330,36.14905723058545
17331,37.23485038828052
17332,39.91699989626452
17333,43.73543042718937
17334,48.68785716288795
17355,4.961419470336888
17356,11.529431389331938
17357,13.325180400762022
17358,16.5382849531294
17359,19.586625434720172
17360,22.672128290289315
17361,24.71210260741401
17362,28.425366034345313
17363,30.128353491662892
17364,29.734658316172798
17365,29.903630568774066
17366,31.480651328485717
17371,6.966874857304984
17372,12.129357598694272
17373,18.419462576410197
17374,22.69666552009702
17541,23.751095681863898
17542,24.19655840975036
17543,28.50236573414564
17544,34.76316837448547
17545,37.88751402493639
17546,41.88305512657657
17547,39.26649066305241
17548,41.25478126269523
17549,43.8533599799029
17550,41.336623634304935
17551,46.37239287897089
17552,48.435293397849335
17557,21.388759417122433
17558,24.612581538785953
17559,26.616314581594178
17560,30.16202564104278
17561,32.85278253692741
17562,38.220452460768186
17563,40.04810771953203
17564,39.917994120630794
17565,45.62117345215518
17566,44.69640102108208
17567,45.888869523673854
17568,44.661263903929616
17653,6.295304470626506
17654,9.030355935013109
17655,12.830648978658886
17656,14.27427869296869
17657,18.922059075758924
17658,21.851483946092284
17659,23.064016885879308
17660,26.32378911522032
17661,29.12373426660702
17662,30.760190987944984
17663,37.61885459820655
17664,41.50463860711386
17681,31.492152848238227
17682,32.763204090778174
17683,36.334398698739406
17684,41.29638484400065
17685,39.60777772302049
17722,10.921757663776189
17723,15.689802794840466
17724,18.299738874409496
17725,21.567254816415883
17726,26.07866563739994
17727,27.77368865016264
17728,32.32048820016107
17729,33.615601015039324
17730,34.42387362232882
17731,35.34789647521677
17732,33.86056922889482
17733,33.570729095566676
17765,5.501654596575714
17766,6.408410466611732
17767,11.912816676771632
17768,13.49522696859956
17769,17.735020619502514
17770,19.69366160179948
17771,24.083756093832047
17772,27.056410171879616
17773,29.37427928628117
17774,32.24900671042738
17775,31.118234915754133
17776,32.64220973259563
17797,31.239983107398757
17798,34.43699474557105
17799,37.68623872841496
17800,42.57817326113005
17847,25.36168754482534
17848,29.642238396816403
17849,33.30477669914563
17850,36.69490460735563
17851,39.96884794427682
17852,42.72686010895186
17853,47.96701330203446
17854,51.93290947121909
17855,60.07441499630343
17882,25.79755708152978
17883,26.975376977709786
17884,29.923726991500615
17885,34.628543766980876
17886,41.07513604862882
17936,8.195964130063397
17937,14.593776569614054
17938,18.21046652174387
17939,25.035229249130303
17940,26.13687265081909
17951,34.379257760707105
17952,41.2901476174653
17953,42.62635497287471
17954,44.45851323739505
17955,46.53747640998515
17956,48.92939913880406
17957,50.87255592551149
17958,50.61136849020902
17959,52.13713494645739
17960,52.13638133161044
17961,52.308708552029834
17987,29.715723341119844
17988,35.57645806784542
17989,37.77049886611194
17990,40.990140172804196
17991,44.735329438020464
17997,37.84258698102774
17998,44.1875351182806
17999,42.08901860428665
18000,45.31678041075955
18001,46.58853259015328
18002,51.20512229930528
18003,48.35761984503169
18004,55.95009939678141
18005,55.711594014453055
18006,58.51341427102011
18007,58.287937104349645
18008,60.448406413002076
18096,19.58232218733326
18097,22.832606418982127
18098,26.083773497162415
18099,26.925779808810184
18100,32.362063497471866
18101,31.55620399213409
18102,2.844154637722404
18103,3.3968203435081366
18104,4.585593950912636
18105,6.916578015071483
18106,7.862260711837394
18107,11.302371588187366
18108,12.29084981659806
18109,15.496234531008973
18110,17.33509614562164
18111,19.443646023875875
18112,26.12891654147583
18113,29.10355840944288
18124,16.131115245096524
18125,19.188076891086496
18126,22.32136493644971
18127,23.80676750625019
18128,25.894424026393324
18129,29.79030637518576
18130,32.504692577735874
18131,37.22521245934754
18132,41.97549955181765
18133,44.54442825632721
18134,46.542050009048666
18135,49.5628957760792
18184,4.288892875396825
18185,4.503510888423646
18186,5.254698700216962
18187,7.462017743889682
18188,5.716970566616939
18189,13.229335383301745
18190,16.95536573710187
18191,22.674812162304928
18192,25.472454313892044
18193,29.5428770086695
18194,30.18079368483296
18195,32.61214045991832
18221,35.9068304655211
18222,37.36854874251345
18223,40.68631929204103
18224,48.05351345904702
18321,15.732265397129204
18322,19.35613682837299
18323,24.694655416805077
18324,28.010279083347154
18325,30.452950493556724
18326,27.813079827924433
18327,32.07167674903703
18328,33.96943231346526
18329,34.60249068437742
18330,35.38459844848801
18331,35.32771843803244
18332,35.78062040588604
18391,34.67470907540882
18392,35.10442005623098
18393,39.51041955683227
18394,37.49238024725277
18395,35.41133655028472
18396,36.36819304291304
18397,21.282445274459437
18398,25.253519122612087
18399,26.841246005204695
18400,30.257209528388284
18401,29.987741563878547
18402,32.65528041019822
18403,37.79751038755587
18404,45.38254314138163
18405,46.21982859637901
18406,46.74345467153055
18407,48.29471189743666
18408,49.90232071388641
18479,0.7011063486997747
18480,2.48662339758473
18481,6.276536219698987
18482,7.510910358532369
18483,7.382215655572281
18484,11.456044148770772
18485,13.731061737912583
18486,17.377792577225367
18487,18.222052054947564
18488,19.88033735643146
18489,24.77787859666619
18490,26.76380566052347
18566,14.098109977388642
18567,17.57180976811599
18568,21.43152005369534
18569,24.321103669453592
18570,31.853840396770547
18571,38.287565554791236
18572,36.84124913161634
18573,38.20761230504358
18574,38.07759712603707
18575,40.027490061655804
18576,42.521969063631744
18577,43.497362501122716
18578,50.732387216428656
18579,49.531836742562255
18580,52.84393910563235
18581,54.416171662240934
18653,38.86508659302898
18654,42.36852125067377
18655,42.852746074331044
18656,53.04093166471672
18657,55.51149915625422
18658,60.165518865237225
18659,60.27757504703828
18660,63.876258472902016
18661,64.58610454494595
18662,64.94706397699922
18663,66.21498981654841
18664,66.67314165656397
18665,26.800074017435662
18666,30.187278199421947
18667,34.27488623647603
18668,33.12389956377049
18669,8.542788971737586
18670,10.655024396237096
18671,11.76786571387393
18672,15.332708632949165
18673,16.220062505125274
18674,18.565765609973035
18757,24.550984531304913
18758,27.25969260350895
18759,33.40049850065602
18760,37.33334149562713
18761,41.22604164017931
18780,18.149610479345295
18781,20.783250587550093
18782,24.00953237888939
18783,29.105905426792773
18816,15.333233009093831
18817,20.69810510286086
18818,24.459607226429725
18819,27.89718763233212
18841,35.27735802113745
18842,36.33923732150027
18843,41.595640466384
18844,41.591053108811714
18845,43.99840706866479
18846,41.84632408433939
18873,36.14866183141774
18874,42.63700118419127
18875,45.595252761088574
18876,51.8839667975314
18947,27.67195321257541
18948,29.883998767086425
18949,28.803615901161404
18950,29.217002166830067
18951,31.173139175651016
18952,31.94836497005656
18953,33.910976783280894
18954,34.04797483603702
18955,39.5975780745515
18956,42.34872301841059
18957,43.48986127474974
18958,46.94251798372564
18979,35.5925558245635
18980,42.5660789977618
18981,41.62345736610047
18982,43.47613567731364
18983,38.861587393266355
18984,43.58165534722384
18985,44.88986257739842
18986,43.83386135833305
18987,49.488057560597944
18988,48.81723612769285
18989,52.097422151610196
18990,54.15701387393746
18991,18.08344691243599
18992,20.702805027037567
18993,22.672336706567215
18994,25.519853300400037
18995,26.3295569072397
18996,27.686423836845226
18997,29.915942484149358
18998,35.62878534804856
18999,36.076561874618754
19000,38.24257000230683
19001,37.66676194433743
19002,41.719124277582615
19003,48.41724092827933
19004,47.51380529244175
19005,48.91573705453978
19006,55.020985388328405
19007,55.88675100585027
19008,60.04432876736664
19105,4.937984789638546
19106,4.511176056980338
19107,6.319322176272797
19108,8.899763883185553
19109,9.343903525712701
19110,14.636962973876711
19111,19.815383297618258
19112,22.82948770345409
19113,25.446966844337442
19114,29.167915006535537
19115,31.78675403639082
19116,31.7895823799848
19259,50.93604337920866
19260,56.51553677616504
19261,54.29223770413459
19262,54.79794043849737
19263,56.75305239854364
19264,57.71107342936804
19265,61.861293571762786
19266,62.630115301152465
19278,34.4186365926844
19279,35.970975338328444
19280,38.08244633380214
19281,42.17823670516714
19312,22.473558853863544
19313,24.773625757094518
19314,27.999198290544005
19315,31.780591146894473
19350,47.18225268480175
19351,51.20872847739058
19352,53.11635888302057
19353,52.16136890630104
19368,25.055896065769947
19369,28.848187835084943
19370,31.132850082360978
19371,34.901896451873164
19372,37.52617011932062
19373,38.395339279580455
19374,40.76132895590678
19375,45.52440394336597
19376,44.08643268363609
19377,45.77104948109272
19378,46.546743878605746
19379,49.00588412888152
19397,15.751152737330816
19398,16.589499984955605
19399,19.10596350704894
19400,19.704150021064162
19430,18.763591189624165
19431,20.44760524463571
19432,24.253492024671967
19433,30.56301669122672
19434,30.56235948254808
19435,33.415589727679546
19436,32.684321216937896
19437,30.012740733455292
19438,31.897395460188335
19439,32.62470846490649
19440,31.60411135075879
19441,33.93783038886634
19454,16.92148039707821
19455,20.243763596513435
19456,23.883325427291865
19457,27.005349193041287
19458,31.151118143075806
19459,32.925378738282284
19460,36.40128586621291
19461,35.29767650507384
19462,40.308548188322426
19463,39.290385509765514
19501,29.166392606359675
19502,31.433507047270247
19503,38.62467831397694
19504,44.99833908642794
19505,44.28929261066573
19506,46.71926480643023
19507,48.99924310229959
19508,47.0472285916576
19509,50.995023397620365
19510,55.8827807946024
19511,55.099266546552585
19512,52.99894926634499
19566,1.8500822856561776
19567,2.7446945986063183
19568,5.900947358981975
19569,8.023446038847712
19570,12.199927114431539
19571,14.89842408314887
19572,16.628511572145516
19573,17.64180648841245
19574,20.289157561622947
19575,23.39190348890554
19576,25.293381449624505
19577,29.409699920185865
19590,5.898608448893058
19591,6.814589122816827
19592,9.818292448912333
19593,11.641372067729831
19687,13.903710380419513
19688,16.138764717196533
19689,19.994788192469116
19690,22.991549813846955
19691,26.342998237083574
19692,27.692620619366227
19693,31.495519106186048
19694,34.73783818287645
19695,36.47002475701998
19696,41.51416891781454
19697,45.9857087614159
19698,46.948336259585815
19759,42.600545900709854
19760,39.80086820888591
19761,40.44234664852886
19762,44.550206093017266
19775,44.73740934382008
19776,49.193169356698604
19777,49.83705459119001
19778,49.04901950580246
19914,3.553138960596551
19915,7.50278999515274
19916,12.52323581843369
19917,19.390668637335597
19926,25.825688296901554
19927,30.737220839263696
19928,36.83658046857688
19929,38.515045690821744
19930,38.375128932267565
19931,44.26738322869608
19932,45.5877239713474
19933,46.83213805238644
19934,54.469221942014734
19935,53.04685209283322
19936,53.41132092723107
19937,55.019021058231445
20000,24.841448532869148
20001,25.5160504620331
20002,32.38458681594992
20003,36.576872986253406
20004,36.38855236988643
20005,42.011970398801104
20006,44.959332708897755
20007,48.419388990085935
20008,48.87188229023685
20009,50.6516251525054
20010,49.48600052206116
20011,51.514297838101605
20012,0.93317493414872
20013,5.611397165859459
20014,9.931982439442828
20015,13.752810378033306
20016,15.52752672687809
20017,16.744083158983976
20018,19.950841465971397
20019,22.752731757458
20020,24.860334638620838
20021,28.758995706910035
20068,24.26518148640619
20069,30.37590576658019
20070,35.96202241507288
20071,38.19690920621732
20072,39.07239277453276
20073,41.85398745412366
20095,13.191837386578756
20096,17.70475642009055
20097,22.839877564434506
20098,25.922074293914044
20147,44.194397970559734
20148,47.57018946897393
20149,51.324882995954674
20150,53.490131732534394
20151,52.08793052997296
20164,21.46644472447186
20165,20.848438708571752
20166,24.93427233364921
20167,24.83155124196879
20168,25.394337001255032
20169,28.550684077154955
20170,29.495117579988264
20171,31.722573978182815
20172,34.489440091574664
20173,35.86216055911677
20174,36.67776030686763
20175,41.597566351835006
20245,7.0586135199744895
20246,9.156454240276993
20247,12.921976900043775
20248,13.718319362979644
20249,14.415721685510993
20250,15.151214345736062
20251,16.062696020194824
20252,17.264809492453676
20253,17.506952438288373
20254,19.86569997344351
20255,21.50650713950677
20256,21.72880526436619
20285,18.045476648338337
20286,21.611475507000815
20287,24.673139335906637
20288,30.243589245895286
20289,31.250352158019098
20310,11.311400186406512
20311,12.639495896543137
20312,15.848715137110466
20313,17.017115585438965
20343,5.841669249259633
20344,5.5675398309188
20345,7.635159606219138
20346,8.510523122953664
20437,0.5898686733015159
20438,1.149075036700075
20439,1.2167850053678966
20440,1.348514181214963
20441,7.613979926373437
20442,10.322909453356846
20447,0.249547851234074
20448,0.4080285160625273
20449,2.8570250804922117
20450,5.41670594031866
20507,10.242107745053868
20508,10.58966956890289
20509,12.104217085021979
20510,12.94241835117676
20557,32.93350567812878
20558,30.218915902979813
20559,32.71935423495634
20560,34.87965222625554
20561,41.50031997404484
20562,48.17395789810377
20563,52.95208770294276
20611,44.007846239472045
20612,38.699912415232845
20613,43.87442258409347
20614,40.744890322960245
20615,42.607161003786054
20616,41.139359433548435
20738,22.68243867755735
20739,23.081099737376597
20740,25.936386677561792
20741,27.652475408205778
20762,25.14205489515363
20763,27.43166779613424
20764,29.193864568509564
20765,29.006074953681946
20766,26.470431214322222
20767,28.844653732196786
20768,31.337441864477384
20769,33.10104166504429
20770,38.85092338839779
20771,38.72876466060301
20772,38.231419502496394
20773,43.70876282023277
20790,48.035894744732325
20791,55.159729916748205
20792,60.94794609262622
20793,64.55826943655286
20888,10.290395937211402
20889,13.712118341904006
20890,17.773459965139068
20891,20.063666408335266
20892,43.82290988009908
20893,45.56263009848677
20894,49.90414191108292
20895,56.30666621768617
20900,13.611755971829009
20901,18.25136323810056
20902,22.426910465832165
20903,26.701038740120154
20904,27.629344596129055
20905,33.78938503844925
20906,36.024081230117545
20907,35.87596699454889
20908,38.449393896631335
20909,41.83142441407474
20953,8.95173521312236
20954,12.344851012676019
20955,17.5124475253502
20956,22.118472008144987
20957,25.67676156493016
20982,31.388739406803424
20983,33.85379835571858
20984,37.285753045673154
20985,39.84138880937449
20990,20.59931080102251
20991,23.412524244758185
20992,25.968817100145316
20993,29.354784602698956
20999,48.11923248430228
21000,49.81527918884476
21001,52.45292058744663
21002,53.02772415283291
21007,20.01904086364213
21008,21.601866966242827
21009,25.145678181324516
21010,28.653073538980514
21047,31.189906665820175
21048,32.43202558352158
21049,34.26217881056314
21050,36.88306622544889
21051,36.83280467795601
21052,37.256338526174204
21053,42.09490590703724
21054,6.180688422103848
21055,6.5570135418931
21056,10.130496359764187
21057,12.28452538456795
21058,16.02634130829239
21059,18.71140627196549
21060,19.97482078011952
21061,23.134451765566233
21089,43.33431496188265
21090,44.61123855962989
21091,49.21516821630436
21092,55.492034835430054
21093,57.48487289168976
21094,60.39589703388857
21095,60.243433834130194
21122,14.51814069661165
21123,15.545160521925542
21124,18.60832655816451
21125,18.151821680867748
21126,22.07549947930776
21127,23.73611756614458
21128,24.9359432048536
21129,28.64451416211995
21130,29.29235047875605
21131,30.257282814688065
21132,31.24690942608374
21133,30.265715548767474
21189,21.794122154076977
21190,21.234491356278323
21191,25.06569832396505
21192,35.97631236199666
21193,37.7047701705641
21194,44.73021309488905
21195,43.57781580485644
21196,45.18923172184094
21197,49.53724120849592
21198,50.993466408545245
21199,49.75987745499768
21200,53.743477988842535
21234,23.320128664036996
21235,25.504015966758743
21236,30.284964833978957
21237,35.906870065909914
21238,37.80552102220747
21239,38.12792761811685
21240,39.7758770299872
21241,47.21539386786974
21242,46.03438750349792
21243,49.01829257314282
21244,55.01335585302865
21245,53.1263738212211
21246,26.266071313729284
21247,25.997996069580953
21248,23.89903609318569
21249,24.9349586118642
21250,25.277888159868198
21251,27.55633747057179
21252,31.218566962144777
21253,29.49046758951004
21254,33.55220560076223
21321,34.86319021766286
21322,35.75670805889292
21323,39.67726065490405
21324,44.27214339217379
21325,52.29659893163881
21326,53.848367861289084
21327,54.721125422102006
21328,55.23956516234007
21329,55.28652725171005
21330,57.108560807030145
21331,56.141445488350016
21332,59.2311904615404
21421,28.023139576198048
21422,27.494706533039235
21423,30.476293750072095
21424,30.962016060399403
21469,22.74647932584245
21470,23.741921821406073
21471,27.02821738828115
21472,31.518305336349137
21473,36.377525443157616
21474,36.1068892909798
21475,39.82478596966951
21476,42.66701142206395
21477,45.93676331594003
21478,46.220643681164894
21491,27.119135670996013
21492,26.313670068947438
21493,30.78341946506261
21494,32.36318711638505
21495,31.280187218940625
21496,37.27053980272918
21497,38.9369754494374
21498,44.263545681274145
21499,50.66019649286373
21500,51.37518344167285
21501,54.419074403988574
21502,58.53989760282967
21553,39.174282543553794
21554,39.47227382415619
21555,44.4291010135214
21556,50.85140602410023
21557,51.64774196378729
21558,57.41269184678221
21559,56.30936401574132
21560,61.96942602250415
21605,62.86671174862973
21606,63.82185170952595
21607,68.23372626123749
21608,61.88288358378639
21609,67.33374005481652
21610,71.6343280011966
21611,70.35063994524344
21686,22.692038353008375
21687,27.06998787104226
21688,28.132361681965
21689,33.542918904669065
21690,25.21183893610408
21691,31.170690703683945
21692,36.61251890452069
21693,44.640747202942244
21694,44.053064813615734
21695,49.34330398810775
21696,47.96529987242335
21697,52.33025942938792
21698,49.8330904178346
21699,54.80073407200395
21700,57.85555243676164
21701,58.759617643707834
21735,12.594367077200863
21736,15.847190496235706
21737,19.30885484347217
21738,23.141980819372513
21739,25.323240655158187
21740,27.76860058918357
21741,28.240305704063132
21742,29.408004396008003
21743,30.382622856504817
21744,33.35595202778968
21745,34.41979719079504
21746,35.30439265956797
21840,26.39681151495517
21841,27.169376632810426
21842,29.610939770965466
21843,35.17741817479767
21844,38.41288882266618
21845,46.05412469116622
21875,8.694054093930816
21876,9.81373273103527
21877,12.78959076641334
21878,14.382301891301909
21879,16.629427871674842
21880,18.741665000779395
21891,13.585794713552534
21892,21.793229498141276
21893,24.29588612024004
21894,29.43968757220256
21934,27.509663145834047
21935,32.84762814167365
21936,34.3091539623392
21937,35.677499209831666
21938,41.182841241639494
21939,40.208388920340774
21940,45.322384716274506
21941,42.79546030204567
21942,49.71118019091434
21943,50.68582621217537
21944,51.256098193470486
21945,55.86709801717502
22029,67.63732211488555
22030,72.17597970377024
22031,72.03129480177613
22032,73.8288247759212
22033,76.30671324888176
22034,77.85625012576727
22208,36.147540977227656
22209,36.374463280096215
22210,38.978052539800544
22211,37.23753656871472
22212,40.29870985201287
22213,45.49575320494209
22214,48.95828837503781
22215,50.72142771141833
22216,53.46854176271436
22217,56.09324595389479
22218,14.36657493404327
22219,18.279655897576756
22220,22.88391795047768
22221,27.37121273020561
22222,28.59105973713286
22223,35.217873678576545
22224,37.167583064035504
22225,42.338614282984544
22226,43.67900173432464
22227,46.39764258488043
22244,29.238057008927527
22245,35.246680247494574
22246,38.01204219507564
22247,44.5242041631038
22248,41.57874365115395
22249,43.59842367588613
22250,44.857959151488046
22251,47.58884682231349
22252,46.093383479371354
22253,51.94001081861152
22254,54.7998406820582
22255,54.7236819436682
22256,57.17086898270808
22257,58.20503494975436
22258,60.02427702238944
22259,58.6709995247058
22296,0.5932039268284435
22297,0.975117081831751
22298,2.378301924010709
22299,4.295859987456145
22300,6.102114650367077
22301,7.971996588950331
22302,11.530411157845435
22430,38.54706404165407
22431,44.620995570669
22432,48.24337295674704
22433,51.2815122535146
22450,9.913051771494246
22451,8.654909890130229
22452,12.179014025022711
22453,14.78127478431775
22454,18.465326755475214
22455,22.980891422948293
22456,25.593522146020394
22457,28.922370601739903
22458,29.94313813302434
22459,32.089954323626344
22460,33.470633391805144
22484,41.32604840129363
22485,42.52367994207824
22486,44.06972038240231
22487,47.273410459193194
22488,50.66299595721538
22489,50.991347773038235
22494,14.14322585433054
22495,20.115877291088452
22496,22.23543762755844
22497,28.682047592545814
22498,35.22635410106425
22499,39.32168021536179
22500,38.43817764704338
22501,42.09654560432008
22502,41.96034154793194
22503,41.07956657289694
22504,42.46439775251365
22505,44.03803997714538
22518,8.65613911839223
22519,10.56558581492002
22520,16.886013454286022
22521,21.691225186241567
22522,24.791977740079215
22523,25.972176116185224
22524,31.51781997239433
22525,34.3263989768634
22526,36.39975691898713
22527,36.30562390333431
22528,37.07192066338223
22529,37.86377865730356
22681,7.261264724388047
22682,10.096739567316042
22683,15.204291311723557
22684,19.52976123853079
22685,25.03097353837353
22686,1.8978178407999935
22687,3.634937333559905
22688,5.961772492386281
22689,5.96793921165606
22690,8.164463535082833
22691,11.120189658071126
22692,13.169555041753075
22693,15.767737335450633
22694,20.177723259168246
22695,22.627323348562733
22696,27.30100730783844
22723,31.201875662577645
22724,35.095743260518205
22725,36.72012210102619
22726,48.60023702646534
22727,55.95019106790525
22770,42.245065522286296
22771,44.15471685930341
22772,49.29345856113563
22773,49.3276727039636
22774,52.305874671977406
22775,56.78495098271956
22780,30.25877203386991
22781,33.514001652812716
22782,36.049508557310574
22783,42.8325124977249
22784,43.15854523118535
22785,39.31281494723595
22786,41.15134662648683
22787,44.06203944516433
22788,49.90793620548083
22789,57.213241419623465
22790,58.392374982357516
22791,58.39248442940016
22792,51.92262534107466
22793,54.07564665817863
22794,52.84733662709672
22795,56.592604675527596
22796,63.244258597804865
22797,61.804716179878234
22798,57.970961562572725
22799,61.597805362649105
22800,67.63989912532598
22801,68.62112437659749
22802,69.25608908807972
22803,73.07547608597082
22839,29.940024603909258
22840,33.50700518242016
22841,32.7185674022436
22842,35.89794650105606
22843,36.72010268679246
22844,41.54222290039113
22845,43.48693359111156
22846,47.281786403256206
22847,49.042214554511894
22848,54.10348799929969
22849,54.25394427689116
22857,20.747481655806602
22858,27.00292322730327
22859,31.682621740771417
22860,34.58495501107642
22874,22.574109277398367
22875,27.1279333767114
22876,34.88505856693757
22877,36.45175951982436
22878,39.72189569279811
22879,40.0143497497519
22888,45.7837782286287
22889,48.281785443491366
22890,56.245488094512446
22891,60.20514471332077
22892,62.47876352184708
22893,64.147622328258
22894,64.03724368049845
22895,67.29229171694827
22896,69.93040787906881
22912,41.415679859713734
22913,48.38170208592947
22914,51.18838481039522
22915,58.67132922722363
22916,59.86344560672976
22917,61.87700285342927
22918,62.7588547489315
22919,66.51492731811594
22920,67.62503278128588
22921,69.83950212446804
22922,70.58736549181292
22923,70.94433605710476
22964,39.016828731645234
22965,39.08298553439228
22966,41.1868350966656
22967,43.152259085499566
22968,41.97662986208398
22985,34.2082336681283
22986,37.64822667228589
22987,43.53273250517243
22988,49.17144278824981
23022,18.460569739707275
23023,20.147187607623067
23024,25.24544997308632
23025,31.01223724121975
23026,35.53915814230513
23027,39.51727221664726
23028,41.703634030938694
23029,42.186112858055445
23030,42.94139312927793
23031,43.597302271885255
23032,47.96081614898946
23033,52.68132560792633
23034,54.44491219723257
23035,52.85397813430723
23036,54.6642059814638
23037,57.467549741094196
23038,59.69025947377076
23112,9.381917733292614
23113,12.16127229470064
23114,14.845477544920618
23115,18.258469246876142
23144,26.50392020351668
23145,29.426771909242692
23146,31.19157769253832
23147,35.28987181465731
23148,36.20384185412021
23149,37.745840291706
23150,41.909857363132076
23151,45.59029931748743
23152,48.894611965232265
23153,52.03800184574127
23154,53.51545145352717
23155,56.763948780806835
23178,33.759241818303735
23179,37.337998771623084
23180,44.85871055046405
23181,51.90095889518801
23182,55.31998414129467
23183,9.032597640930561
23184,9.193398499813812
23185,11.255538681470826
23186,11.684078626250548
23187,13.22672212821776
23188,14.0337712841847
23189,12.877059425797702
23190,13.052118834131996
23191,17.394202418729407
23192,18.796158466480716
23193,18.50742719746308
23194,21.233175739432472
23195,25.392036507544514
23196,32.54175826278792
23197,33.88346493540481
23198,36.99972328908739
23199,37.96454244660587
23200,40.97930090327511
23224,20.28540712752007
23225,23.601917862243504
23226,25.74951313330179
23227,24.8725705257428
23261,30.794799638585584
23262,40.75266468420618
23263,43.74560541093865
23264,47.17290209225945
23265,52.282283304331756
23266,54.25941022756296
23267,57.249542194092285
23268,59.54165387189561
23269,59.41578955550952
23270,60.22237247405048
23271,62.87941180184858
23272,63.85306719820136
23301,4.137249436605969
23302,6.364358303238272
23303,8.092256695426512
23304,9.604360478355792
23305,10.984580204637451
23306,12.906519670135093
23307,14.414086408963726
23308,16.111780948246313
23309,21.53527686502775
23310,26.67443848534446
23311,29.20426431013908
23312,31.646322708170533
23313,40.27372148090912
23314,43.7853919959982
23315,45.13501717694741
23316,47.75549346763406
23317,48.94919175519259
23318,50.10100694204554
23319,51.95896869373355
23320,53.294647420548046
23321,54.1547905963726
23322,52.72428539454141
23323,53.63691439584678
23336,57.11327262672626
23337,57.68310205592362
23338,60.59982579988747
23339,60.74923032378518
23340,63.175314325571726
23341,66.55832309448894
23342,67.51556967083333
23343,70.42606207568777
23344,68.99505940292936
23345,71.407457996923
23346,71.91180518678951
23347,72.52120053025814
23360,8.627259797951387
23361,9.850145054177728
23362,12.385966223009842
23363,15.496696975222068
23364,17.020242705036484
23365,18.19529086238123
23366,23.50404675023118
23367,25.82088572018523
23368,31.392375402550602
23369,33.67420657638349
23370,41.84476645414059
23381,15.718565639159532
23382,22.151373606110937
23383,27.638505296948313
23384,30.384384132840736
23385,34.88071291139685
23386,35.50922470876237
23387,35.15924981337176
23388,36.43123668962216
23389,37.46957416678082
23390,37.20346353571111
23391,40.84985178854118
23392,43.76122382963351
23442,48.103907467223536
23443,56.10481224434219
23444,57.88743676518457
23445,61.76704701586146
23506,19.42563089982283
23507,21.565494194228243
23508,23.00817844949352
23509,24.74683630972189
23510,25.711158412785554
23511,30.878711082005584
23512,32.7261960358712
23513,34.94885357202706
23514,36.50148975411362
23515,41.181296050121624
23516,44.27972275744486
23517,49.641858650873885
23552,18.33731618510325
23553,20.830033756291915
23554,25.266892941451925
23555,28.751695907209122
23556,30.27078967867257
23557,32.10942560606452
23558,33.49196299330602
23559,35.10410445414654
23560,36.94874159171604
23561,40.21593593243464
23562,40.865495672816124
23563,46.05962514230351
23564,49.6503062384401
23565,51.37100783982897
23566,50.346315744950815
23567,49.76746597823641
23568,51.730490174763844
23569,53.991453580304054
23570,55.92820090787926
23571,61.76232650805724
23572,60.75836854569942
23573,62.14873976917829
23574,66.41114779132835
23575,65.45667639360968
23604,17.45615950268312
23605,18.10268910953566
23606,19.867833991285053
23607,22.38251059997797
23608,28.743015396346188
23609,30.85930339356683
23614,30.6979292788985
23615,35.98274425096923
23616,35.71115920135678
23617,38.21961814906202
23618,44.035885368112275
23619,46.58354109338967
23620,47.43140280295953
23621,47.629798710765286
23622,54.35835187913024
23623,55.95424322185341
23624,57.27045051121521
23625,56.04636372800732
23655,46.83725857644951
23656,47.99147981682155
23657,48.697169137467036
23658,44.95362441568048
23659,44.82345139450831
23660,49.63500334035593
23661,53.96801929025819
23662,55.901170393904216
23663,57.83959115001028
23664,57.99995091138869
23665,57.341623450179576
23666,58.431036813795046
23667,20.617126441656545
23668,21.588773888782434
23669,23.068293866283014
23670,24.90633654887306
23671,28.40645975867244
23672,34.53744929437329
23673,38.94239744677469
23686,33.25822466675858
23687,32.77197609241458
23688,36.85724242996209
23689,35.70753868362958
23690,36.86755789208109
23691,36.87547509621624
23692,37.77256443538945
23693,42.023393139237854
23694,41.583098637826744
23695,45.5515097075485
23696,46.36337793772082
23697,50.31446721161968
23711,55.67583194131873
23712,56.23967474889587
23713,56.94547232308855
23714,59.453154327777746
23715,62.52566253390853
23716,61.539819881444366
23717,65.56527090886362
23718,66.47088038917992
23719,66.78083019823193
23720,68.06010318905079
23721,69.67702989694794
23722,70.11596045416113
23809,35.30937995212642
23810,44.08912918387208
23811,46.05614751476908
23812,44.25948917284099
23813,51.36977061623174
23814,51.33813320383428
23815,50.125884511460995
23816,48.61902157364466
23817,51.6576302460117
23818,53.818980708874435
23845,35.185180030606
23846,36.375566597536164
23847,37.745870655797795
23848,40.404386214528586
23849,45.48064764690157
23850,47.07708608506329
23851,50.987356879312834
23852,49.339788528342304
23853,57.767045390845404
23854,57.11396053583015
23855,60.53375636877313
23856,59.45223216704377
23890,21.76849366138823
23891,26.093978908893178
23892,29.66078952956377
23893,32.76120253967416
23894,36.40118445856792
23895,45.60232510226052
23896,46.948861448371375
23897,48.75017326488532
23898,51.03478518399793
23899,51.83579412385294
23900,58.359392550198336
23901,61.04072995554408
23946,41.194810915049665
23947,41.91195930816678
23948,44.405060778585984
23949,43.22065683703424
23950,43.705857469290656
23951,47.273922686231
23952,50.49183428140877
23953,50.097921360603735
23954,52.766853462929795
23955,52.24246524618393
23956,52.92908993994287
23957,55.597673448465464
23958,13.11110534531508
23959,18.169960213231107
23960,21.205296222108835
23961,25.108048080839286
23962,25.155078702741307
23963,35.883835198739995
23964,40.029454476463115
23965,40.45975642607976
23978,15.304519095229404
23979,21.48380200979298
23980,24.714758892715885
23981,26.652891214743487
23982,31.549002563544065
23983,37.109938866144056
23988,22.31799679894418
23989,30.261114105925138
23990,37.12052047039392
23991,39.25591838230868
23992,40.379873234212454
23993,41.31128676777836
23994,41.80394937951371
23995,42.67388079620908
23996,46.52585477354994
23997,47.27352104891883
23998,50.369853602014864
23999,51.74423228755273
24034,17.453511483050715
24035,20.250155437471577
24036,24.63579222417602
24037,27.187456177208144
24047,25.227174228987437
24048,26.17544344390464
24049,28.82474734092617
24050,30.329488769172475
24051,33.81024163452213
24052,36.18691667510995
24053,36.36126764565835
24054,36.66487333474143
24055,39.87694001240618
24056,46.392036787342604
24057,46.832783574710895
24058,49.16838565319278
24147,21.385373662935883
24148,23.07832279590817
24149,27.38691877856478
24150,34.05491822376505
24151,36.44544488914595
24152,40.398652337629
24153,38.79161903340659
24154,41.028508954288455
24155,42.202185054207476
24172,26.05829075459923
24173,28.60453663522991
24174,32.07446233554156
24175,35.14362345831157
24176,36.268648379039206
24177,38.81019457882843
24178,39.05788220607978
24179,39.62191407088237
24180,43.016437469405645
24181,46.16144006611733
24182,46.83326527090568
24183,48.43790915329585
24184,23.09455075734512
24185,29.08076297086297
24186,30.88757877949363
24187,33.472650531810565
24188,37.60413119518614
24189,38.615721277948964
24190,42.10212414845474
24191,48.558315639611834
24192,46.90020335934383
24193,50.58658715763067
24194,52.16711415771616
24195,53.03766805429687
24201,7.335579457221505
24202,9.783807040615843
24203,13.317802815610017
24204,16.994503686377563
24224,30.92597772946598
24225,34.25697406187423
24226,38.119587939358155
24227,45.43703985232678
24228,49.05582348781006
24229,48.683317086407136
24230,53.1835965338375
24231,56.250901111805355
24232,55.10212963930585
24233,53.73625204260479
24248,11.097409052821378
24249,13.625776028854693
24250,18.400410654752058
24251,20.841301234428435
24252,24.37810246460376
24253,27.63690700313385
24254,38.85211485211206
24255,32.565015266539966
24256,38.21437072740039
24257,40.1655534526919
24258,43.27424052601116
24259,43.9487150880952
24260,49.24882565982754
24261,56.204472945396915
24262,58.24696617545957
24263,59.176708371665576
24264,55.46881237454911
24265,55.675070266335894
24266,62.32000096748513
24303,10.43282434491981
24304,12.427223091792403
24305,13.311560836206075
24306,18.76305710783162
24307,20.572290244000193
24308,22.149169347914963
24309,26.30322622246528
24310,28.96697686890638
24311,35.49431110466763
24312,39.17984312983932
24313,41.134506890699406
24314,41.519356510089786
24315,47.08018890296599
24316,47.01685548992584
24317,50.368701506957194
24318,54.53708728678306
24319,55.45358293611058
24320,59.75666974339547
24321,60.00693821915027
24322,15.681733714406835
24323,21.43218526244815
24324,25.755140159386062
24325,28.064601638949675
24326,30.793796028545668
24327,35.2047729235526
24328,39.64523894712834
24329,39.12642751255445
24330,29.802022846500662
24331,36.244404170157964
24332,39.72385338405249
24333,41.48965231238318
24334,43.19936751521401
24370,15.4417742338332
24371,18.065302435340797
24372,20.22735538015973
24373,24.117101454374364
24392,27.271010264443596
24393,33.436512974546865
24394,41.45123752478657
24395,44.63103636020742
24436,25.32216542166835
24437,39.706071183719565
24438,39.39757210237501
24439,41.22260536870596
24456,32.81700280972968
24457,35.35065246787247
24458,40.40860723807259
24459,44.562426097201815
24492,25.287361235640915
24493,34.27806607725809
24494,36.49759486672577
24495,37.58594626550744
24496,37.22824439546337
24657,54.40777997453742
24658,54.29282851430896
24659,62.855011195509256
24660,57.0862790472846
24750,17.21471426596805
24751,18.671433085916807
24752,19.81931501625012
24753,23.400005724388524
24754,23.723884520007864
24755,28.112718390145805
24756,26.366858662022693
24829,13.081823961429413
24830,17.380632834303505
24831,20.05216642337443
24832,24.15194816743484
24833,21.10190143726409
24834,24.531241638402715
24835,25.043962105546967
24836,26.003452307800433
24837,28.614737299563718
24838,31.158194845237357
24839,33.558745543865385
24840,35.03077682042904
24841,40.944558407369485
24939,32.33209762935214
24940,35.24575390826856
24941,36.34505200572605
24942,41.34630607310686
24943,42.80724988621674
24944,45.521353239839776
24945,43.58267788712341
24946,42.14532407909094
24947,47.36942983341193
24948,48.62050024113362
24949,53.023527476809704
24950,50.15595508223396
24989,30.397063223788688
24990,32.83528670369887
24991,35.208024993242944
24992,38.85716030005069
24993,43.60706210202411
24994,46.84466322108974
24995,43.20290696664994
24996,43.540875922178984
24997,50.84515477114517
24998,49.976308160308356
24999,52.64614245618453
25000,53.64972398084021
25076,52.144844699872976
25077,59.23922363255497
25078,64.09654789274076
25079,60.63389476073209
25080,63.852095544544
25081,65.833750401579
25082,62.797103753099144
25083,69.70732633628054
25084,69.54678767731177
25085,71.79715441661172
25086,71.8143478879513
25087,69.98907642292748
25144,44.15897740984646
25145,44.47573039807371
25146,48.251403425453816
25147,52.86946441134625
25148,55.25573126174443
25149,57.29948383332239
25150,57.6985510810945
25151,60.10691130365689
25152,61.16566314968204
25153,63.460284354412636
25154,65.24007474961259
25155,64.96865090271439
25182,34.08959997369377
25183,34.05283113539105
25184,34.897507250960565
25185,34.84882842009194
25186,35.768563849476934
25187,36.79896598807259
25200,29.452184996127194
25201,41.17499960208951
25202,45.13303273057927
25203,54.65319807947075
25204,58.4687466608293
25205,60.7045549325975
25206,14.737031893974336
25207,15.673104826616596
25208,17.936075267449223
25209,18.939103377621674
25210,21.116721066519627
25211,24.69589142139023
25212,28.146065464501543
25213,30.497273576452116
25214,33.347049608553554
25215,34.08811769431343
25216,39.87360996788092
25217,39.5657164933656
25218,12.417384685533984
25219,13.78448245204236
25220,16.256760615962527
25221,17.161134912991404
25222,18.75535314666194
25223,20.817127165196982
25224,23.598649758239116
25225,26.008189994510992
25226,31.83387655926031
25279,0.9677515897995613
25280,1.023224426018039
25281,3.1284031388768905
25282,6.2747847316222645
25283,8.224748614247156
25284,11.894253814935372
25285,14.759111876572728
25286,17.84979993396655
25403,26.919078299957405
25404,26.465106363548063
25405,28.949661345246618
25406,27.46245410436279
25407,31.695428455531214
25565,33.528644356832345
25566,36.77829876025631
25567,39.28259691219439
25568,43.21980962631445
25569,40.825086868472916
25570,42.7771588226042
25571,46.25538180782433
25707,14.625832207762613
25708,16.364446963619358
25709,18.558664724571734
25710,18.11208601802323
25827,12.859413778079603
25828,16.344297172983502
25829,16.58396647863703
25830,17.160430513302998
25831,18.69116226658928
25832,19.524127642125364
25892,29.579963700584916
25893,31.67173002554572
25894,34.41243206633422
25895,38.283361733347654
25896,25.13538300279729
25897,26.413092153127064
25898,28.795363850002282
25899,30.30671577504825
25900,33.55989400465068
25901,35.04029758926158
25902,36.12728097464648
25903,38.995923086199255
25904,42.01518496246343
25905,46.76178953999848
25906,49.00549953639363
25907,51.52108058940327
25949,36.083811664809645
25950,35.49051872968214
25951,38.96226838801407
25952,36.93122174834217
25974,17.018382095327382
25975,18.3495987494498
25976,25.4777341147728
25977,24.513734129938115
26011,30.297456300347598
26012,34.27408876564287
26013,40.090899640628855
26014,49.96968731591823
26113,2.334470618224511
26114,3.397181819067923
26115,4.3024544858552245
26116,6.6205299892894445
26117,9.89661720369577
26118,11.407995771378442
26119,12.999854349721494
26120,14.019961666715306
26121,16.34305082377464
26122,20.244367559192664
26123,22.567214119202575
26124,25.02118755666954
26140,35.88555876658219
26141,41.0262407925322
26142,41.852656724428876
26143,52.75330270498435
26144,51.52770259237915
26145,55.69476283582662
26146,55.90514479853254
26147,58.756257897587034
26148,57.451731334342284
26149,60.36485047485948
26150,63.198987232635254
26241,48.92016332827255
26242,52.8237136385835
26243,61.38338703295551
26244,61.11569536654141
26245,59.63324717506357
26246,65.08945430950406
26247,61.04570733261411
26248,63.792674620175326
26249,64.75522680189074
26250,67.40472859624437
26251,68.42844012866753
26252,65.68367122355663
26289,18.119405755864225
26290,18.41004201790767
26291,20.9778565613545
26292,25.172731975807388
26293,28.39811390641692
26294,29.918586698809037
26295,29.937592682924812
26296,32.6388773742874
26297,31.878159243764674
26298,34.7753146496168
26299,36.122087375583966
26300,34.77101545185756
26315,35.13841860369814
26316,33.735767649652104
26317,36.66283906181917
26318,38.52214349234076
26319,42.96767454637767
26320,46.33263134878391
26321,48.732115266730816
26322,49.33039807128052
26323,50.49822770114652
26324,52.97881808011402
26325,56.47023524226262
26326,56.380691016074195
26455,28.770977277329564
26456,30.40842435077423
26457,35.614709357404
26458,40.73840060326966
26459,21.03857801715727
26460,23.1165273295895
26461,24.139298975721967
26462,28.81381796334226
26463,33.78188902563965
26508,21.734287914479122
26509,21.716739434567703
26510,21.941496705973925
26511,22.766843104729762
26512,22.00712744565218
26513,22.898755716605834
26514,26.99453991977045
26515,32.022688422319085
26516,30.025631505013518
26517,34.066616103912324
26518,34.04866881267659
26519,38.257310486644705
26520,26.33849124721921
26521,31.701016610097042
26522,32.45452279071079
26523,37.37293840097719
26524,35.281047214380706
26525,40.18482281532844
26526,43.33914942259962
26527,44.07328148235985
26528,46.64362987962519
26529,46.87805805492362
26530,53.24240917716581
26531,53.070474441368454
26564,16.043049089297334
26565,23.39109525400347
26566,27.364371290426487
26567,28.105114764846007
26568,29.17896685226156
26569,29.124652426297644
26570,31.368688482277232
26571,32.78844722384522
26572,40.02066470181474
26573,41.927242147602634
26574,41.274596022788124
26575,45.29414615906642
26576,21.99086156994943
26577,33.28351652646079
26578,40.38503484982257
26579,44.33945382481044
26580,47.66726888511448
26581,48.52710307128298
26582,50.71787484198288
26583,51.93817567956116
26584,16.587284432719265
26585,17.178480929173652
26586,19.172542101275308
26587,20.340830189101975
26629,13.908595196507827
26630,16.428757320643506
26631,17.8313950603609
26632,18.161511667448703
26633,21.49758193597764
26634,25.111885604469006
26635,27.090746029191166
26636,30.601983017607658
26641,48.247970772891115
26642,46.28143746815439
26643,51.5933643367077
26644,54.20529060473415
26645,52.92259137995116
26704,14.722653665064055
26705,21.203849575808096
26706,25.793049033161257
26707,36.967552797272496
26708,41.65110335778403
26739,55.37540502883574
26740,57.645278801525116
26741,63.14487576013901
26742,63.85669096071896
26779,20.062433415970013
26780,21.257195325095836
26781,28.492134157093957
26782,30.581463914597155
26783,33.601956050366375
26784,37.545405171740484
26785,38.44161878584264
26786,38.546634872516854
26787,39.55333647867793
26788,39.64496391566027
26789,42.29034009821444
26790,46.26197590139757
26819,52.988155233849945
26820,57.461554904741696
26821,61.64765062496617
26822,66.00250343358255
26839,41.79647306167927
26840,40.03422401016797
26841,42.101027900860466
26842,43.314450616240066
26851,25.80052823844197
26852,28.07658601471936
26853,30.71069527340203
26854,33.95193504637704
26855,36.886061677560626
26856,37.2245357923456
26857,41.91103652121321
26858,42.58266783279251
26859,48.85342931361998
26860,50.51212480091307
26861,53.72812826375484
26862,57.17654354276666
26863,25.256361077334226
26864,27.24882714743288
26865,31.576938177033128
26866,32.30247299068214
26909,5.527440694219136
26910,7.883738921076476
26911,9.331177660677216
26912,11.730916428371705
26913,12.8798521456354
26914,16.577009904875005
26915,19.796960497705854
26916,21.373314104622
26917,25.33574954593493
26918,29.379405874130878
26919,32.229506760576065
26920,41.662234262415204
27006,34.25859714068189
27007,36.76286423469952
27008,36.83489270560078
27009,41.076280130933156
27028,14.737505961012253
27029,21.296805918106188
27030,26.71904064200915
27031,28.49759211473414
27047,31.493318648676002
27048,30.403626348199268
27049,32.61898466617548
27050,36.7541977950757
27051,39.29489631600564
27052,41.99655634278182
27053,47.402230595644
27054,46.56823738223268
27125,55.100807280231386
27126,63.563095959601206
27127,60.51022586906265
27128,58.44175584747193
27129,15.143114716488407
27130,21.3951460448691
27131,25.845114029611672
27132,27.75426767084418
27133,30.426652474446517
27134,30.384789528824605
27135,30.678284081980923
27136,34.41120479016884
27137,37.79587096309663
27138,44.4048430260775
27139,47.04853519761443
27140,50.177413616319065
27177,33.601123497002625
27178,35.373895294378066
27179,41.25834053120974
27180,44.238607764958786
27181,46.25267303733026
27182,47.646494767829395
27183,48.46311637660898
27184,49.1903022561377
27185,50.18984075722382
27186,51.55348737495584
27187,53.99881529464894
27188,53.78741883748949
27189,28.82319959207772
27190,32.52248392398305
27191,34.308782217052936
27192,37.354717396238414
27193,34.451321100574
27253,17.747973086955113
27254,19.880908568674993
27255,20.051760526665085
27256,25.30927419674863
27257,24.992942006824855
27258,30.406280334172013
27259,32.70433795098212
27260,33.8628916737395
27261,22.30119885370541
27262,29.337587312834337
27263,32.76802035366017
27264,38.16373815012885
27285,40.887583847478496
27286,44.05897341848946
27287,46.849750084662325
27288,48.34550855347584
27289,48.2755392241883
27290,48.78047761059717
27291,48.339246876530474
27292,51.02259261365713
27293,54.28957675183245
27294,56.91795018354849
27295,59.63026290934802
27296,61.01302124990551
27349,21.843381512987484
27350,22.602252615388966
27351,25.52324053096732
27352,28.394991757385004
27353,37.586048269320386
27378,36.121288226726456
27379,39.404496147304435
27380,40.733799096380196
27381,48.83957628283012
27382,51.48130350376608
27383,49.509345737636316
27384,54.56337060524389
27385,55.109832269824366
27386,56.25752052613494
27387,60.45233092233684
27388,61.55392129208311
27393,48.977848503731494
27394,53.01486152370683
27395,53.96701256394952
27396,50.24185100612896
27397,54.343704522376235
27398,57.53005011084865
27399,50.71149839222634
27400,56.935005243763044
27401,59.459791824589935
27402,54.79331885170306
27403,54.75931672869987
27404,58.59559735391859
27425,26.977406765189613
27426,30.229683236862634
27427,36.47160248631985
27428,38.69803762074679
27429,40.249993393494755
27430,41.334250208030824
27431,43.731765512889815
27432,43.39896171766186
27433,29.336254489961778
27434,31.77911337071561
27435,34.55902689504583
27436,36.50084092347702
27437,34.119398926855276
27438,35.597299131523116
27439,37.972683420352055
27440,40.38894844040995
27441,42.71053435271048
27442,41.22641734930288
27443,48.78087186392357
27444,48.349518694357386
27445,46.57800401671424
27446,48.24683609200735
27447,53.16527037791948
27448,54.76514546689004
27449,56.75843847838814
27450,56.917593749399124
27451,54.97684480800146
27452,59.457595532720816
27453,60.49332134427076
27454,7.8144037792762
27455,7.236080795683837
27456,9.52625500023488
27457,11.441175607371633
27458,11.948172900414654
27459,13.507604386769705
27470,26.779229015234687
27471,27.3944230225216
27472,32.33560137145481
27473,34.94734492012771
27474,35.60851642811939
27475,39.35516738558632
27482,32.8300822246816
27483,46.68053247177171
27484,48.89796054141521
27485,55.25781838550488
27486,59.07062723913133
27487,63.33800971928836
27488,64.3557485463108
27489,65.84296204997955
27490,67.4564686817908
27491,66.5673464981491
27492,68.47554222942354
27493,70.09488239440242
27500,37.044072133047756
27501,44.81646025630838
27502,53.50567529700133
27503,55.456878412785834
27504,61.114541608988155
27578,25.87130095806549
27579,32.83555201563876
27580,43.300315969705274
27581,45.484609513100985
27582,46.65031389679526
27583,48.0210976094717
27584,50.15757604034773
27589,56.581899738643294
27590,58.242301990640755
27591,66.25396650800971
27592,66.5763720325959
27593,66.75627831295954
27594,68.69554918440664
27595,69.20839927126524
27596,69.74758056478042
27597,71.01261534937159
27598,73.29831291956182
27599,75.2089124858507
27600,73.67184506045949
27719,21.451479480370832
27720,22.751522377986475
27721,27.949222935325466
27722,29.275261201093745
27723,32.07319245802361
27724,33.53951387555581
27725,36.94255583643474
27726,38.529491876675415
27727,41.356071072315025
27728,43.892823437330954
27729,45.505206309588125
27730,46.83900146315617
27795,41.76124716498778
27796,51.61847050352264
27797,52.945712662552836
27798,55.224629476201265
27799,60.21081032580021
27800,61.71285677105481
27801,63.29002204800552
27802,65.47985248633204
27803,66.07237281514122
27804,66.9497785252863
27805,69.68562640977453
27806,69.53293147805155
27807,21.684519132645466
27808,24.185393882157367
27809,27.145271082491444
27810,29.32827925325072
27811,33.45305189453845
27812,37.36820684537338
27813,38.7439052126474
27814,40.51379248864481
27815,48.70967595020279
27816,47.14794106816576
27817,50.30898333561663
27818,51.459495709978604
27848,12.341480094550398
27849,16.10424716483484
27850,20.51160589693761
27851,25.74807403195518
27852,32.22740047550467
27863,44.53599266870422
27864,50.7906964765768
27865,52.35820113837811
27866,56.0783507167293
27867,56.482111568306074
27868,62.194735979562346
27869,63.45545127479261
27870,63.284970746531044
27871,69.6374985692047
27872,70.31882017555188
27873,71.3892225730654
27874,71.82547710229798
27898,24.77154639984775
27899,32.10524878487472
27900,31.41751437232815
27901,35.300663841553664
27902,32.66255341596885
27903,31.568229817113647
27904,32.38155725050003
27905,38.59771389472722
27906,40.90008796187853
27907,43.28202967493657
27908,43.7317412742523
27909,46.35231922639545
27933,4.678734690448537
27934,7.992809697691985
27935,10.641898636117318
27936,12.725482591640297
27937,15.33981913647417
27938,20.401155852706715
27939,22.741356760869273
27940,27.246762538768543
27941,34.608208262795095
27942,33.534457319511425
27943,38.26550105636718
27944,36.92785376189458
27945,39.25544472783099
27946,50.25742645988844
27947,52.64221486765693
27948,53.59912470152256
27949,40.82065190805658
27950,49.649537384684045
27951,53.577014862363804
27952,55.63865086339539
27977,64.59713337666561
27978,63.19931491703515
27979,63.44074031608073
27980,67.09942288653974
27981,64.58701760447804
27982,67.44835335878977
27983,69.05690587979184
27984,72.53460045300685
27985,73.55957460520492
28002,38.08487766951927
28003,43.544195770159284
28004,45.48410600670672
28005,39.524951226240304
28006,44.87898006025536
28007,48.89502380986298
28008,54.61855856517849
28009,57.19585013823425
28010,58.75434708552346
28011,61.60312823148845
28012,63.43198775866705
28013,66.22971112005561
28037,41.396318318019304
28038,44.64858099032319
28039,47.97717721744047
28040,48.788666795834594
28041,59.56424058203504
28076,25.746188999376024
28077,34.055209785074446
28078,47.16230052843829
28079,47.82629294787538
28080,51.76363997643144
28081,52.462531257498505
28082,52.12761262938396
28083,52.4882556828052
28084,52.015019842914626
28085,56.27451087977363
28086,59.12456430754833
28087,60.84266291181416
28124,33.85548319094409
28125,38.191871123457375
28126,43.454025147077196
28127,39.1655962763035
28128,45.93428673886827
28129,48.756348794444925
28130,49.61716656346602
28131,53.137786870843506
28132,57.77839141492678
28133,58.019188602797286
28134,58.35116119856965
28135,61.17003316798421
28169,29.632650531380634
28170,33.35280936130882
28171,37.14584811686045
28172,38.79865463898258
28173,44.256704212597604
28174,17.821373186748833
28175,24.182458903446097
28176,33.0791477475118
28177,35.134031999471105
28178,38.30681368654353
28179,38.65265638515217
28180,41.877920889679885
28329,20.81564293264778
28330,24.492003867900074
28331,28.457211058039043
28332,33.65037189540927
28371,59.543452371276075
28372,61.35884643592929
28373,63.346245855410594
28374,65.09076246955345
28375,69.84052209366462
28376,70.94863771228691
28377,70.59082936209798
28378,70.60722166181026
28379,72.60310022264937
28380,71.84680918639792
28381,73.84901829303924
28382,74.1166127287108
28399,50.59556362669164
28400,53.89618192969366
28401,55.8115501933183
28402,59.278436115334955
28403,61.41088833005357
28404,65.79758797822176
28405,67.39083809992938
28488,46.55413850976439
28489,53.35383079251874
28490,61.18773320227887
28491,62.970708570030624
28594,27.392362993767893
28595,28.42730985708359
28596,31.1282772516346
28597,34.08282948811372
28598,33.760438683908326
28599,36.18042836788194
28600,38.57587940457958
28601,40.97690232062517
28602,45.817070118828724
28603,46.99637671104571
28604,48.53915463303605
28605,52.67551580243985
28618,23.57544578010196
28619,25.47425968121607
28620,30.309167023680686
28621,30.27987744443519
28622,31.79666003746475
28623,1.302301872364957
28624,0.38214890882908653
28625,3.414657339312529
28626,6.787510242050523
28627,9.859748008218984
28628,11.870794003379384
28629,14.33203046868114
28630,16.290552514567416
28631,18.225642386908355
28632,20.607038528444782
28633,25.66125490309754
28682,10.264168516676465
28683,10.696754951034311
28684,16.43410726675116
28685,17.091337612934403
28686,18.57230111351548
28687,22.472953953806353
28688,24.179953761941395
28689,26.713763302174954
28690,31.36983860557699
28691,36.19509666476002
28692,37.36955144988796
28693,42.805336791023336
28711,5.630436463731704
28712,7.1225535341203585
28713,11.486794289595958
28714,14.156394598570364
28737,18.971039270524447
28738,23.29040922671308
28739,25.74270977029956
28740,29.083710785652727
28741,0.20450525070549916
28742,3.7097711670769056
28743,7.267608348744733
28744,12.083184292626331
28745,40.635662673801804
28746,44.9350202130329
28747,45.80052499282152
28748,49.20550766960118
28749,49.305110343343145
28750,52.19420896147913
28751,54.83827871919381
28752,59.1747683383154
28753,61.64052825615864
28754,61.262143661789416
28755,62.44385417986822
28756,63.39332391085624
28761,30.508975144659797
28762,33.384861568365004
28763,33.65613574956643
28764,36.156339407274366
28765,37.54474297129473
28766,38.85444982536103
28767,43.39594850430254
28768,46.75518873756483
28769,50.673074224735196
28770,53.54380353854184
28771,53.58570929537682
28772,56.15007656747274
28825,19.54147169442196
28826,20.626571846335867
28827,22.657969541551978
28828,29.149514996600434
28829,34.175006818323595
28834,27.193235500716263
28835,29.03023484309604
28836,32.58393595028706
28837,36.791072380347046
28838,39.521876949800856
28839,42.37915131661753
28840,46.35010508385449
28841,46.2862650825646
28842,49.34639018020886
28843,55.30559483109935
28844,30.56439767790156
28845,32.901834013275476
28846,37.445498325000244
28847,40.712537312326454
28848,46.73271624939057
28849,44.32334203953435
28850,46.40901840339441
28851,48.24256548999236
28852,50.4673339472199
28853,53.50192537523844
28854,56.79136456089881
28855,58.749938299532054
28901,27.934848054329304
28902,27.837430202599013
28903,26.879642218054926
28904,24.334896064190836
28905,26.469448261783548
28906,28.857968983415162
28907,33.85040221644499
28908,34.94094524292109
28909,36.700983626920376
28910,42.62127711137347
28911,45.41861754285388
28912,44.76582218688496
28913,24.753238144331924
28914,23.503755844245976
28915,26.884846067204844
28916,26.63356772296059
28917,30.736782759461153
28918,33.08568340523056
28919,35.54568020373534
28961,29.821364866964547
28962,35.0755353488955
28963,39.459412107925104
28964,39.44508262651812
28965,35.726275589368115
28966,34.83477035727847
28967,37.090370158825635
29047,25.47282746566555
29048,27.60817074732288
29049,28.52127848272467
29050,29.110215125530253
29051,26.391314407387988
29052,29.568901010859552
29053,32.05751645104954
29054,37.357152162765466
29055,45.244567874548956
29068,17.52612420657533
29069,19.27402896251673
29070,21.137977133878778
29071,21.468278346192886
29072,27.762739679261333
29073,31.39129045774285
29074,31.203050229493233
29075,32.731524068090664
29076,33.208857245851625
29077,32.64733586119547
29078,34.130996971866786
29079,35.2261601019556
29221,9.562150376238412
29222,10.475775422412557
29223,11.933202851826506
29224,16.200002619910165
29225,17.353918397868444
29226,19.633820579909713
29227,23.38584916271863
29228,27.18075315668398
29229,29.011571871716598
29230,34.27184299055303
29231,34.357601598129435
29232,39.97888902868558
29341,13.566877089953769
29342,15.71644397497075
29343,18.095995589287377
29344,19.37868365452937
29345,20.105633822006016
29346,20.389894890314864
29347,23.826732054726023
29348,25.239728105544977
29349,27.99572941856883
29350,32.961951599866204
29351,33.9630474970671
29352,34.968097238646855
29384,53.635203560193176
29385,55.794246871561505
29386,59.08615676692676
29387,60.07096841517419
29388,57.85609065967321
29389,60.44574400065216
29390,66.87595130285091
29391,66.77411182420205
29392,64.082403308358
29393,67.99194848486059
29394,67.14788261712681
29395,69.51679808839573
29417,53.99303929230975
29418,61.10797646057281
29419,62.72242726919164
29420,57.94634590404395
29463,36.04567255874146
29464,38.082578332007074
29465,39.313354356638676
29466,44.03998757349498
29467,51.57943572071432
29468,52.39450549723768
29469,51.23140809682275
29470,52.492002267093675
29471,54.43357321633707
29472,56.41233297721922
29473,53.568337195729036
29474,57.28819112248346
29475,25.32895905950015
29476,27.072399278255567
29477,26.793393915103643
29478,28.288122154492136
29479,31.74948353875559
29480,34.572780524754414
29518,49.37786688388915
29519,55.561813489498256
29520,61.29749409078949
29521,61.94756107980128
29522,63.524602852892265
29523,65.40192818595074
29524,67.74864059102552
29525,68.63361505558105
29526,69.7071891913657
29527,69.58912813969002
29528,71.64904425751534
29529,72.29184817310271
29557,31.49307432613377
29558,32.81112405180663
29559,38.12654291765673
29560,40.70379402353631
29561,45.470613402162364
29574,21.31390876424304
29575,31.50969599719303
29576,34.70423657514148
29577,38.739115439341866
29619,48.681172461839054
29620,50.51212761029237
29621,53.12838340237717
29622,54.98860796733776
29623,42.06649287417884
29624,41.56939606838596
29625,45.255727522063935
29626,50.56663734229175
29627,47.73983238987798
29628,53.69989591025541
29629,54.34247738590266
29630,56.68296275301259
29635,20.960427350691944
29636,24.416422922148374
29637,25.04375942447311
29638,26.17401919980206
29639,30.005481484102496
29640,34.21744472576017
29641,33.867503392689606
29642,35.097148189302544
29643,37.12002417721364
29644,42.96485317248585
29645,44.352691322921224
29646,48.03176089292163
29687,50.89292026853437
29688,47.842927774484735
29689,51.570369300593896
29690,57.841580353199134
29691,62.54454557849551
29704,24.818885451991544
29705,26.97029299481997
29706,31.5403440376062
29707,32.30761048114248
29708,33.23628663904065
29709,33.670109872467926
29710,37.91908958073357
29711,40.888580163671804
29724,7.973625458484054
29725,7.963128271550972
29726,10.535709805304673
29727,14.544048757681026
29728,17.994379105075467
29729,24.35807347495762
29730,26.34882738665749
29731,29.347433334888937
29732,33.927532150920705
29733,36.22939139263569
29734,36.5144005450276
29735,41.17486095960987
29736,21.32387807004463
29737,22.1082976044694
29738,28.292469105348836
29739,26.015099626285288
29740,29.237446026781054
29741,30.01115933336794
29742,32.896814077079604
29743,36.2112652932081
29744,37.617090246805716
29745,40.32126338265346
29746,44.64966604083489
29747,47.674660778773095
29796,37.004944391538125
29797,41.99057106815105
29798,45.539942758845555
29799,51.50186107242481
29800,54.62820677283011
29801,54.84993055428228
29802,60.15917994772054
29803,61.856392431843226
29804,62.471660947845045
29805,62.50652012341034
29806,63.50353923987125
29807,64.61795557074205
29817,1.3635145436764537
29818,0.8426179706644686
29819,4.0084975024287255
29820,6.353274692012358
29826,41.696970721518326
29827,44.00692953103465
29828,53.92955616018872
29829,53.89407048167682
29868,1.0783945763894807
29869,0.9668777100400515
29870,3.3396136733278223
29871,4.949754063737922
29913,21.071953198348886
29914,19.713346189580736
29915,23.103283855403266
29916,23.50271357791091
29917,32.29445930329601
29918,35.55925077761783
29919,37.12678922783588
29920,36.90646456251102
29921,40.800457579933564
29922,41.253113937302075
29923,44.98945917083829
29924,46.52588848537901
29998,25.198646937271874
29999,28.621446179320497
30000,32.3077475134306
30001,34.24214243378978
30028,7.995413222327127
30029,9.76620271090162
30030,12.766137107773499
30031,15.348208403299369
30056,3.1628789572587284
30057,3.6048760466645873
30058,5.97195570277217
30059,7.620456488778423
30060,10.100914739524258
30061,11.810751327909992
30062,12.336362647052878
30063,16.306130614884406
30064,20.581244078595315
30065,24.242874214161372
30066,28.67576353131984
30145,25.71697007168605
30146,30.6666279743565
30147,32.595107679402744
30148,35.17893727721461
30149,37.667966448108686
30150,38.62354625582564
30151,42.28459224968018
30152,45.471837344444005
30153,47.053845769397846
30154,51.776676128472786
30240,27.776790240105687
30241,31.98408899340006
30242,34.5103224376627
30243,34.26793863851383
30244,29.396756584513767
30245,38.26014261372792
30246,39.21931870703432
30247,42.23631453463973
30248,42.704469819504816
30249,47.34556005998012
30250,47.43916832791529
30251,51.57138371515491
30252,19.996106136600876
30253,24.439988287285573
30254,27.05566751183126
30255,32.36148915359449
30256,35.3853516470387
30292,9.668264312605778
30293,12.363278477810296
30294,18.02279199624524
30295,22.146580421752226
30415,19.854347540570835
30416,23.85837967427637
30417,26.930399320189366
30418,28.685678375844095
30435,12.490329701536721
30436,13.361213423094586
30437,15.205818034239178
30438,19.71910424759743
30439,22.002445765036885
30440,24.89387825799322
30441,25.4388925854235
30442,29.762568102539035
30443,30.5071547528692
30444,31.594794548581415
30445,35.818572409619485
30446,38.8758467395455
30452,54.374803342868255
30453,56.52885105229557
30454,60.09864919010423
30455,63.28294899777003
30456,64.49078882278418
30457,65.5902405945534
30458,66.92065949546395
30476,0.9916594922862786
30477,1.508260504910838
30478,3.661790887010133
30479,7.023162627248994
30480,8.5850289160262
30481,10.693505494090907
30482,11.559171625909547
30483,14.090445786745574
30484,15.347441375235636
30485,16.569175016627703
30486,18.110873353645008
30487,20.203699250276554
30500,35.71326663641545
30501,40.988265991927186
30502,42.96554027938339
30503,45.15908757220746
30504,45.41761428555741
30505,42.978359217492134
30506,43.72049790469533
30507,48.12787308882887
30508,48.72703644387106
30509,55.9719987233375
30510,56.136873807820606
30511,59.760680057169964
30517,18.879880859293174
30518,25.04640828055541
30519,30.667230292591437
30520,39.99824936244035
30590,32.41052319344183
30591,32.74917212790918
30592,39.19601267202632
30593,43.241352935298906
30594,29.69481165251191
30595,33.122128827646414
30596,39.80321106819753
30597,42.980625022142334
30608,34.24783117253836
30609,38.34551146798276
30610,43.444130483369804
30611,40.036524878969
30612,50.107978195745055
30613,54.74170762618695
30614,56.84514193784742
30615,54.93057033406445
30616,62.0930873071493
30617,59.20842468867852
30618,60.24563961580268
30619,64.91396612852495
30655,22.18711606375267
30656,26.519538586994898
30657,33.78317934962583
30658,42.282089487253955
30769,8.509781678537587
30770,7.655366121701227
30771,11.308305655955719
30772,14.850801533522427
30773,18.160512921387213
30774,21.479245242926847
30775,25.3643409851055
30776,27.560991923812892
30777,30.071046796023783
30778,31.231536826692235
30779,35.827695194254055
30858,2.388481668775574
30859,3.4671386819272234
30860,3.1881415675347173
30861,5.582892413593236
30862,8.185274382280566
30863,10.976195300108138
30864,13.076228565968163
30865,16.11667850747862
30866,17.790824510749168
30867,21.466907210026374
30868,26.18786670856473
30881,33.7298160628242
30882,41.607529899103575
30883,43.352741797598796
30884,46.909855750639856
30885,47.97010358454203
30886,52.442452536734386
30887,56.598571744795365
30888,59.180946964385576
30889,61.4934251997118
30890,62.18074040752662
30891,63.86749182185553
30892,66.59780207830418
30893,28.16854861488753
30894,29.866855529023336
30895,36.68703574671764
30896,38.837816098423644
30897,45.95019661994997
30898,47.5840998063634
30899,50.79411156668361
30900,54.163129271359814
30901,56.413713880303014
30902,56.762153537060776
30903,59.848022263538134
30904,59.98896214002067
30993,30.19436406771985
30994,32.13426751798007
30995,32.23901790115775
30996,31.3981874020426
30997,36.93761967215924
30998,39.21658777246275
30999,40.277893015522864
31000,41.331097218626674
31001,43.35441408816025
31002,46.80784592746378
31003,47.72006535299962
31004,52.37853845477132
31005,25.235551749245325
31006,31.915881856474012
31007,34.0962026958881
31008,35.40702517911322
31009,2.6570784928776097
31010,6.032192190559785
31011,9.818051008814917
31012,12.808328340391132
31013,17.527568662922373
31014,19.699226277135004
31015,22.758683456997073
31016,24.866066935101376
31042,28.402698184634815
31043,29.833318670973362
31044,35.8111850371934
31045,39.14655668394453
31046,39.88493321475576
31047,47.2598632170305
31048,45.08834824896137
31049,49.34339831842585
31050,51.8696951559543
31051,56.18842238173226
31068,21.321419742916827
31069,22.643372191185563
31070,30.1206332708081
31071,33.28978267450889
31072,39.50144260981102
31073,43.081097114188815
31098,9.292333324721197
31099,14.785483546021222
31100,17.497726008560942
31101,19.215766534910937
31102,21.28667590453855
31103,24.890366329323644
31104,27.656731035703583
31113,40.768488308477146
31114,43.570722684749065
31115,51.550869899654934
31116,52.50717351313721
31117,11.444015450664915
31118,15.652009064078042
31119,19.64793204506367
31120,24.93934211035787
31181,4.523583526928669
31182,8.408127650226584
31183,11.430282177032531
31184,14.732490767072793
31185,16.927304403990334
31186,18.77419130506617
31215,27.85766150206532
31216,32.6328568318568
31217,39.89980722926167
31218,42.39328663245856
31219,44.16482115093504
31220,43.30141594441902
31419,27.14881746577049
31420,31.378162463731254
31421,34.70963308658253
31422,42.004388111325675
31443,38.759480460611925
31444,43.80982962487279
31445,44.289119934150094
31446,46.80508944445717
31447,48.352888663624604
31448,49.08977463187523
31449,51.123597371615745
31450,59.161381896835806
31451,56.58788891363609
31452,59.88012835529869
31453,63.222690929181745
31454,64.4147072203034
31483,49.46829996262317
31484,51.27035909431018
31485,50.41602097231431
31486,54.85481957080229
31487,57.16594886320874
31488,25.028814570410574
31489,23.715997307718876
31490,26.971457797011197
31491,33.531541866903645
31492,40.34179247275421
31493,41.19516661938651
31494,44.173669740275216
31495,47.56155563299156
31496,45.914752614171384
31497,47.90630213333049
31498,49.74822859880392
31499,52.51644207616162
31536,40.93366729645747
31537,45.551677101762806
31538,44.83879354144269
31539,50.56036326553727
31540,53.2674097455224
31541,57.37978687470001
31542,54.381589278234436
31543,57.40608377281484
31544,59.304008639113945
31545,62.16942183473086
31546,63.69659746232042
31547,64.84053306041181
31548,21.73934048058433
31549,25.54293612102314
31550,33.545460758038935
31551,39.07765499448759
31552,42.09725677601703
31565,28.660677321678754
31566,31.683873148168864
31567,38.04272085633963
31568,38.58587654760813
31569,44.163482321747196
31570,50.71853094537452
31599,20.61977167589766
31600,22.80218456833071
31601,27.686518546562404
31602,28.952743694896498
31603,29.14870007432128
31604,30.868171527565146
31605,34.957914258761974
31606,35.97381270419412
31607,36.89003633963195
31608,38.34302862709673
31609,42.3484300701018
31610,42.05076492296643
31627,26.61957487208456
31628,31.159240072800632
31629,33.33720284361694
31630,36.96575667666447
31631,43.52707849540523
31632,49.698396349985735
31633,54.42045857309822
31716,20.11215283972669
31717,22.743571818872695
31718,25.405421916689917
31719,28.938243057540838
31720,30.314351465890415
31733,2.843090399237577
31734,5.291902862738446
31735,15.393349823542914
31736,19.73448451556753
31786,5.801063721240901
31787,9.159726829126324
31788,13.014105602530627
31789,16.828689636150607
31832,56.44155920595997
31833,58.535786578619316
31834,62.10308680851403
31835,64.4403457446795
31836,64.21243166578273
31837,67.36417055550662
31838,69.78238345703238
31839,71.01673350903212
31840,72.00115763237712
31841,72.49023111728881
31888,36.69015453251763
31889,38.44889820882211
31890,47.354177042840085
31891,54.283466453955775
31892,53.86700058530874
31893,49.19561694000611
31894,52.646103212000206
31895,60.162997077929816
31993,34.56744059321116
31994,41.134264043616284
31995,45.72393875504459
31996,51.52657525999274
32014,15.882635102312031
32015,18.862958363837837
32016,19.689560605923205
32017,23.096219763935462
32018,25.475076923653106
32019,29.274418938396995
32020,28.382212660872735
32021,32.96421056814312
32022,33.93001747330709
32057,26.87866538486329
32058,24.379345341440434
32059,28.32528851939281
32060,28.325673829517914
32061,30.748225888782954
32062,29.256156535018587
32063,31.99313748031787
32064,33.585101275292516
32065,37.12485350000718
32066,38.47840587530323
32067,45.01848154879716
32068,48.12116937392375
32119,1.2436069165677703
32120,1.3874023796099832
32121,2.9908713352560516
32122,8.17445242603132
32123,12.877631899859445
32124,16.68354766571531
32125,17.63833342056823
32126,19.023430489635683
32127,23.563186353553164
32213,32.45486648007587
32214,31.747475438568042
32215,35.361383879393344
32216,34.30663353463994
32217,38.81194249072198
32218,41.11378731966278
32231,27.153532791748113
32232,33.51676028690067
32233,37.1830534402536
32234,38.87650488151673
32235,42.591675427975254
32236,20.816310070708713
32237,24.354181059031088
32238,28.3961594836298
32239,31.49048748882998
32240,33.440984133624944
32241,36.39721178786734
32242,36.72840178118803
32243,39.554550598439384
32244,38.472909265570784
32245,42.08170380509726
32246,45.7862220067563
32247,46.60530420721399
32353,11.46195543907886
32354,11.446606050590725
32355,14.470711443970059
32356,15.34778036764955
32383,0.9413600004295748
32384,1.480568091813325
32385,3.0108603140583416
32386,4.093572015048008
32449,6.4373738367716475
32450,6.580610642652202
32451,7.534519158111091
32452,8.709178275716086
32453,9.452479308178926
32454,11.602732769073311
32455,14.796325170206998
32456,16.111514531646513
32457,17.506769376284893
32470,33.48956763182343
32471,35.75936424490865
32472,35.94606444625712
32473,41.29458748256984
32474,44.22110439358099
32475,45.49233188157381
32476,51.61494558417229
32477,56.741908776985326
32478,57.96575822112903
32479,60.08326844149111
32480,61.88498687294427
32527,36.72722055516662
32528,38.689038458859734
32529,38.74879797692903
32530,40.53302508365446
32608,6.243624877550011
32609,6.46087243867747
32610,10.23481733808732
32611,12.65712881544627
32627,13.338853653312707
32628,22.41332119090216
32629,27.917886213954137
32630,32.515327683769065
32713,25.83987827182433
32714,31.8488019534217
32715,32.35919714824636
32716,33.756650763701444
32717,34.4593780212442
32718,36.801302845327754
32719,39.009405355296884
32720,40.779256878634065
32721,44.16231216185331
32722,48.11220308456235
32723,49.959445336254966
32724,53.945828896155604
32725,31.559608872294078
32726,31.014029330094843
32727,37.63172563057125
32728,41.09093156678117
32729,39.86467068225194
32730,39.643918822173205
32731,47.40241238549476
32732,51.62476121638881
32733,54.474470651306156
32734,56.731187159139786
32735,60.62315541135505
32736,62.221284544792454
32741,12.871786354750926
32742,16.00871407854453
32743,18.391075989373878
32744,22.458773014206916
32745,28.524845432390826
32746,33.45828438902275
32855,26.67188223365472
32856,27.03219906935773
32857,24.7851714476887
32858,26.33573315179659
32859,29.057558669779386
32860,30.87568692634558
32871,0.6840768109194986
32872,0.9815590426438747
32873,2.440657600983747
32874,8.410413534166867
32875,10.92572050303014
32876,14.4012514553961
32877,14.156581880579145
32878,17.00037810774228
32879,21.138409830747023
32880,22.830363907070314
32881,25.005412934093837
32882,28.73418699917429
32901,12.947756275691003
32902,13.492047888139984
32903,14.441263931076387
32904,13.976933467381487
32905,22.388821414924177
32906,23.964260347284604
32907,29.40543771199259
32908,36.54263347990855
32909,47.31299790635266
32929,47.60753015662709
32930,50.01112766245368
32931,55.19632201774188
32932,54.08049802816014
32933,54.86697437622584
32934,58.17628583836358
32935,59.8213373477496
32936,62.426141937646086
32937,64.20471655565794
32938,67.95547567312089
32977,1.0214509816010622
32978,1.5490752938594046
32979,1.5761455998317675
32980,3.4834283627977087
32981,4.308086415194912
33029,34.99128114220608
33030,35.95463984737037
33031,39.17368868646773
33032,40.5100377562318
33033,44.80370896470756
33034,45.11972946946777
33035,48.185818091345446
33036,46.74283508466654
33037,49.41499127841689
33038,50.167750571441736
33039,51.03722456766921
33040,51.68071952432541
33107,38.34104799797448
33108,40.7030469191538
33109,45.059198449214854
33110,48.30029820352603
33111,48.669687144317564
33112,50.33413975599807
33113,50.163691008508344
33114,52.12985881843157
33115,55.16964058417264
33116,54.99761423014864
33117,57.333994554596316
33118,60.271624124297446
33119,30.417818277636915
33120,30.90592037399966
33121,33.466941505158864
33122,42.87654274759234
33123,38.48151897060847
33124,43.939534493371404
33125,47.76659376445284
33126,49.33333124005056
33127,49.291579157435116
33128,52.69560891051566
33129,54.222286185173886
33130,52.927642730438414
33135,26.87079838371468
33136,28.170512898309916
33137,28.919080830346974
33138,31.898605849992656
33139,31.9941796874865
33140,35.86030491269431
33141,37.908920510752914
33142,41.940394146949906
33143,45.274478182241644
33144,45.16675020695608
33157,26.585230179883265
33158,28.947809339898072
33159,32.61746637123474
33160,34.81137889768117
33161,33.70102973055562
33192,9.969272329910915
33193,13.339664020960955
33194,15.5340261706984
33195,16.62258011953338
33196,17.71546746863889
33197,23.744326160448544
33198,22.503552561630155
33199,26.05884966721582
33200,30.931848557037206
33201,35.128561514673024
33202,37.59142171350096
33203,38.58326195574317
33204,25.912003448404583
33205,26.719903800489604
33206,29.1625321996736
33207,30.90160620452294
33208,34.58349733957241
33209,36.67234826042205
33210,37.66375346900093
33211,36.01078792714591
33212,37.25202824835981
33213,42.172643859715606
33214,43.30039961526992
33215,43.742654514825624
33228,14.556225594129309
33229,15.821870264071917
33230,16.13853533638398
33231,15.51979415965436
33232,15.608741508973054
33233,16.556702605663407
33254,17.642601336732618
33255,21.66134103542713
33256,26.96921692888758
33257,30.11719139267578
33258,0.5063677773210064
33259,1.3173999548709787
33260,2.9804373747535364
33261,4.596941996594079
33262,15.08832482388095
33263,15.576276594571768
33264,15.899426446269866
33265,16.85003034079621
33266,16.729001745986643
33267,17.55460897477132
33268,18.041410948614757
33269,22.080511959536942
33270,23.333683831719007
33271,27.29221119853929
33272,30.34975837196024
33273,30.064292322537725
33274,11.43369707877525
33275,15.910790905832833
33276,20.17956488199917
33277,23.289980428352557
33278,24.44933696936709
33279,26.617831754801177
33280,28.21370417869606
33281,31.06287455702231
33336,37.62379623746835
33337,38.759029874843776
33338,43.03774559445473
33339,43.46432688617991
33483,3.058671039771521
33484,6.005757329350851
33485,5.953635945774497
33486,9.556713568705081
33487,12.656690952327313
33488,15.44777298271314
33489,18.153041790527862
33490,21.181500819773092
33491,37.70005325089579
33492,45.22321427546802
33493,42.84741438363281
33494,49.07322201349131
33495,49.29176815699184
33496,54.082536055188804
33497,54.95779223136439
33498,59.30178703169694
33499,60.99250795303081
33512,29.093186891491797
33513,29.42752900943146
33514,31.356423458486255
33515,35.02735763435331
33516,39.88830908343999
33517,41.36469913295839
33518,45.60758226178129
33519,48.258590874384794
33520,50.39993981780336
33521,50.52452970747294
33522,53.174879177424
33523,54.296243271081536
33528,30.040207781155562
33529,38.10990406791586
33530,43.32820477153536
33531,51.607209979056925
33639,6.45285767927579
33640,7.477762654108832
33641,11.472231204797053
33642,16.211196785553103
33659,38.70561180427528
33660,41.70692255735981
33661,48.97804225711714
33662,56.40109616862029
33716,34.798406343128455
33717,42.19528719044512
33718,43.9470883117965
33719,45.61100886907465
33720,42.60405717814427
33721,47.858587559971625
33722,54.26796400030317
33723,55.29980732548307
33724,59.93917553231462
33725,59.22734300818837
33726,60.42021227996745
33727,63.28580343609202
33958,15.700425991587881
33959,18.310037556487142
33960,18.430104672671956
33961,20.655023743068295
33962,22.50250453614498
33984,9.801559766824091
33985,13.088008489154827
33986,16.35724870534341
33987,19.431225367264283
34035,1.4136229099542053
34036,0.5128451863284048
34037,0.8866474574499471
34038,3.6255782337205074
34039,6.037059049962049
34040,9.064153529005466
34041,12.655371184763991
34042,13.44097870749336
34043,15.553178835117548
34044,17.3235981768858
34045,20.82176291381781
34046,27.633977105930143
34047,53.6805041666288
34048,62.17761119494101
34049,67.6164999333541
34050,68.22341064764647
34051,66.58522537733892
34052,68.2579149926766
34053,69.37750657009566
34054,71.64302887057178
34055,73.4573243641175
34056,73.35648079881591
34057,72.71097656767954
34058,76.79774278875463
34063,29.036535099390605
34064,35.78950115960153
34065,36.079462658891146
34066,42.15123334869935
34067,48.28456557735224
34084,9.07947128907779
34085,11.249003114858008
34086,14.6992756698287
34087,17.297224543234748
34088,19.83403241763386
34089,21.28955892874053
34090,23.971400853493908
34091,27.178519653442763
34092,35.15021806112174
34093,36.01801578859006
34094,39.60904958357426
34095,40.921757204309124
34108,25.914618618206894
34109,28.509793908349323
34110,31.019741592848003
34111,38.98123424055864
34112,45.83440526413134
34176,15.063096690004969
34177,16.81256554324319
34178,22.083225361098023
34179,25.236336273486586
34180,28.81016807009256
34181,33.135062330170044
34182,33.2292021121269
34183,33.64889481783058
34184,36.98321245462762
34282,12.814813252859084
34283,14.952617484795933
34284,18.26285958301415
34285,19.941736654231253
34334,8.390403038397993
34335,12.5217468094769
34336,19.287771307490722
34337,22.99796264331074
34427,46.88942001927042
34428,44.91297237007483
34429,48.01529664631911
34430,52.496658533202336
34431,53.461824168276245
34432,53.95742866129321
34433,56.35936386233353
34434,27.074421557884875
34435,35.24879514705757
34436,38.84916670198508
34437,44.47070541391806
34486,27.406089531702523
34487,30.772516298965854
34488,35.026486067741196
34489,35.66704514075624
34490,35.19238460809386
34491,37.35120092195113
34492,40.75863692260001
34493,40.548665851591544
34494,41.733333540048115
34495,41.4175486915034
34496,43.795192216196206
34497,43.85849820166084
34538,-0.26806729252762973
34539,0.7526034348991095
34540,4.20651415443166
34541,6.012861153680355
34594,34.66039953911386
34595,38.24508490222846
34596,43.517358924696886
34597,47.85048546676764
34598,6.725023699435792
34599,7.70269721937323
34600,10.61953714095356
34601,13.186192112319903
34602,14.644364097984921
34603,16.833243159184736
34604,18.172052627762255
34605,20.077603558887958
34606,23.47043681736268
34607,26.10696200064792
34608,29.579553467490957
34609,36.87135415454272
34610,25.493905611523676
34611,27.13910425344517
34612,29.431956623373523
34613,33.760880925546246
34614,36.872170612831994
34615,34.932935622367516
34616,35.26554884639017
34617,10.534413345494805
34618,15.623198678544309
34619,18.871986774293468
34620,22.77241650003848
34621,25.788054992980474
34660,10.36302530086625
34661,9.532978736251586
34662,11.51550584664623
34663,19.399054099012126
34664,28.10718572233403
34665,32.20543966042108
34690,4.0711862649262605
34691,8.221008336536663
34692,7.968511830220859
34693,12.751274475414801
34694,11.819645316492418
34695,16.5403980873528
34696,20.715492050380906
34697,23.952046588457744
34698,28.334561635794362
34699,30.42525456451624
34753,7.151650098482414
34754,13.096463628813568
34755,16.95696249450016
34756,24.396455549321058
34757,24.254504848980098
34758,29.128371245561343
34759,31.348626960383235
34760,33.450125496936
34761,38.13952114381338
34762,37.85713991928901
34763,40.2685145154533
34764,41.109796568655966
34806,9.98569230671667
34807,15.753674555491022
34808,19.9716792524821
34809,23.5255835528067
34810,27.874267344202636
34864,19.58737706755841
34865,23.004289232331637
34866,25.309869301144875
34867,29.645721873321552
34874,22.502023205551858
34875,24.45375471218767
34876,28.63811238564312
34877,38.27999393671345
34906,27.125630252936126
34907,28.29622424207383
34908,31.532934548675904
34909,32.25661068915259
34910,35.40575119011826
34911,37.07089262633907
34912,38.11293749925814
34913,39.82859332168343
34938,41.545700140202996
34939,42.73199320652262
34940,45.82621863787556
34941,53.435445596319006
34942,56.03482539481436
34949,16.56828956246517
34950,19.612337751903468
34951,23.414015808762606
34952,24.655377387256102
34953,28.368130751877228
34998,38.505064314213854
34999,40.769930478591064
35000,39.9660048365107
35001,44.70458420298327
35002,47.21326766101139
35078,45.45783446735097
35079,40.92768995492644
35080,45.06828083338932
35081,44.53815881523964
35111,9.908954267881395
35112,14.122005934421962
35113,18.52305105723542
35114,21.65448986028052
35115,24.97302709927149
35116,28.72926321268431
35117,31.213644685607715
35118,33.448306539882
35119,36.39230472482797
35120,37.72973909225614
35121,37.919923765232625
35122,44.38839588741351
35177,33.98002969713625
35178,35.132667533990556
35179,38.9616359170544
35180,41.967116714624865
35181,47.49272434862024
35207,22.676268789537023
35208,23.171052451087665
35209,29.323036580360032
35210,30.71578663401689
35211,36.0660649762867
35212,35.32216774834639
35213,37.063708110337295
35214,40.14866203699033
35215,42.62038002581639
35216,47.25754303886529
35217,47.342009558206115
35218,45.22993614255602
35277,42.52829472862593
35278,46.52078837843569
35279,47.67181174689219
35280,51.674558936943974
35281,55.00684233631063
35282,56.349416956593
35283,58.47355172943116
35284,63.8308026401899
35285,64.43695394870508
35286,43.98159479627862
35287,45.44086697120287
35288,46.045501908365225
35289,48.578082486552795
35389,23.83492677299936
35390,25.368343929111177
35391,26.72472504741656
35392,29.872775557747467
35393,32.497270651402935
35394,30.611249921630954
35395,31.33476294910873
35396,32.178727400749494
35397,37.05471588116132
35398,38.95129072340672
35399,38.42711425673723
35400,40.360973307284425
35401,29.13941380880459
35402,33.508805147437904
35403,35.018504709716225
35404,38.84114804181367
35405,43.578993356586885
35406,44.3381524707892
35407,46.055708254525435
35408,48.8940659209897
35409,50.48881413915568
35410,51.93198099159736
35411,55.700704567552506
35412,56.091700957100755
35438,29.3593706387583
35439,33.27780976599776
35440,39.854841768754234
35441,42.09098457086549
35442,44.94747919007122
35443,43.65796262911328
35444,43.97475124936351
35445,44.60786102976231
35446,49.33179006818899
35447,54.056457962460954
35448,54.402181840491366
35545,54.46958907761421
35546,56.28604847918781
35547,61.23704131160618
35548,57.166166540604095
35549,61.58875487722185
35550,60.58124209924994
35551,62.424786788048046
35552,63.113798842035024
35553,62.70262293190475
35554,63.72561960142514
35555,67.68539609570573
35556,67.61553238246483
35557,29.04625719501396
35558,38.209993145082244
35559,40.419506810922826
35560,43.61697534483695
35614,39.90002762210824
35615,46.172495711777195
35616,50.45421107879308
35617,53.61758526261657
35618,50.24403488545766
35619,47.82512749653468
35620,52.480494971404866
35621,24.57399508754847
35622,25.451536366787874
35623,27.034770372074448
35624,31.680519488942206
35625,28.780819882861863
35626,29.10247458228195
35627,32.32949728131696
35628,36.751204317095095
35629,38.0432348110169
35630,39.0748003077299
35631,38.52816980137202
35632,37.14727294310835
35676,43.50748776184483
35677,47.30437645741822
35678,56.07897011602109
35679,52.300789805650446
35680,56.18410960258456
35681,56.89360075195902
35682,57.34063148093797
35683,56.90653295022387
35684,60.765628844339
35685,59.20169431152715
35686,63.15551644197541
35687,61.478456533205915
35706,25.1565045901101
35707,25.801841198382373
35708,25.40517876380787
35709,24.810922883984205
35710,14.727137030907102
35711,20.82630733938232
35712,24.357937925831248
35713,26.766017185151746
35714,29.243007472085335
35715,28.98012447020077
35716,30.860355626304624
35717,34.63745120344849
35718,22.89567409917006
35719,29.568805783578217
35720,34.95027156811178
35721,36.81194933728757
35727,17.870644574509594
35728,20.94279191252587
35729,25.202239596513717
35730,26.444236621227763
35731,31.28200268434909
35732,35.54930430375342
35733,35.18288745283858
35734,36.7407120340759
35735,38.55320837722557
35736,39.437420130590375
35737,43.61684424759679
35738,44.263007704049045
35745,14.596519518402989
35746,13.043974351016802
35747,12.75723003917172
35748,14.016813712075784
35749,12.682331275042074
35824,17.975912590921887
35825,16.6428763117936
35826,14.751217581442766
35827,13.431865847934432
35902,1.5079914057857515
35903,8.402459812079483
35904,13.056992272249609
35905,19.334575939542983
35922,19.858870775490995
35923,20.40874164850984
35924,23.40816882829344
35925,25.698336676890527
35926,29.503314175317428
35927,30.43947176881777
35928,29.897638069380978
35929,31.225567082788746
35930,32.51932289258798
35931,34.788543340083926
35932,37.4691342796741
35933,38.70545983411552
35974,21.032797763999852
35975,19.716996983250056
35976,21.19220744505758
35977,28.416240827629434
35978,27.126965656033697
35979,32.066155406168434
35980,33.84047682064868
35981,35.7895277445364
35982,37.70163092720878
35983,45.62266532238384
35984,48.9201969228633
35985,47.47479938020622
35986,8.641028491582976
35987,16.055458968849322
35988,21.952576627369215
35989,23.375586069142297
35990,30.427243612070114
36068,21.686424027529554
36069,24.814126654566042
36070,29.421276112727572
36071,33.06831964866339
36120,32.892693758647155
36121,38.20408497994912
36122,45.04778327023263
36123,46.99061632016128
36124,55.23423939547307
36137,19.54133581393193
36138,23.658862435904144
36139,26.66277600872975
36140,27.79282781465439
36141,30.632371495187297
36142,34.66813118722361
36143,41.269178156853165
36144,42.35658706468553
36145,43.86842045108373
36146,43.975050629215
36147,47.33763460002391
36148,46.5886894812375
36192,38.920204164737264
36193,38.8543377260466
36194,43.05974323799825
36195,43.88284961790431
36196,47.30405344933904
36197,58.65609602245039
36198,57.184706667632426
36199,61.486149263384256
36200,60.128299037021925
36201,61.28734062209741
36202,64.63408735730906
36220,24.636882755342107
36221,25.724278226303447
36222,28.708677140583017
36223,31.944994164545392
36224,33.644779637638564
36225,36.89800062665339
36226,37.75325874768441
36227,38.78577828844275
36228,40.813416212493614
36229,42.350841254693336
36230,48.35300247214955
36231,49.289680674794376
36245,41.01264342954485
36246,40.77104122091698
36247,47.62510437668023
36248,47.71718371928183
36249,44.40331852458844
36250,49.17727535021939
36251,45.40547654764438
36252,48.14079424269449
36253,48.4631374918039
36254,35.59640812388651
36255,35.25299779849781
36256,39.50533155210935
36257,36.7986893585026
36258,38.77962327598044
36259,38.49307915845765
36260,40.58047634294462
36261,39.21435200009339
36262,43.00840806900916
36263,44.55543083594146
36264,46.750315821792135
36289,1.2279331639372004
36290,0.5508543772632705
36291,1.1256200854564282
36292,2.640189897714668
36293,4.61986898217973
36294,7.992539564447216
36295,9.33785166960681
36296,11.537491930828898
36297,13.39943823613077
36298,15.19452800398018
36318,24.454319752115584
36319,24.808630161678494
36320,26.792896648814352
36321,29.206171134167995
36322,36.49099875886726
36323,36.87571372988223
36324,40.7954550452041
36325,45.59174430956766
36326,49.139274601394476
36327,49.6659825833389
36328,50.19563303816104
36329,50.82289701119115
36330,54.203486173837966
36331,56.283840348482705
36332,58.47146825098528
36333,61.99789690303944
36343,13.821398045522958
36344,22.36015543183445
36345,23.459620268525153
36346,27.007725262971178
36347,27.9187707910552
36348,28.87053463997117
36349,31.09383415804348
36350,31.633857608966782
36351,32.69384172809191
36352,35.311110805432975
36353,37.19152854987666
36354,39.59488724402682
36367,18.294511238608106
36368,20.51762091290409
36369,21.540164987362886
36370,21.8723496225743
36371,22.529874126947295
36372,24.6836191963391
36373,27.89169061732525
36374,34.429003270538146
36375,37.393583541237106
36441,31.962857620831738
36442,43.561519962252454
36443,41.64033786728095
36444,46.267167058532216
36445,47.30467186627563
36446,50.608724082645004
36447,53.12271393334924
36448,59.97868075542332
36449,59.22100889140285
36450,63.55041191563392
36451,63.586232515497514
36452,64.46708237758581
36453,24.44669561155897
36454,26.331496790069227
36455,32.75276372939136
36456,33.94185122346983
36457,39.33700182217238
36458,37.60180448573898
36459,47.271024936361236
36460,53.50538414605426
36461,52.905693464031174
36462,52.87683935652403
36463,58.76031706929234
36464,57.32300830433606
36523,2.0157256166720336
36524,4.951258613127017
36525,9.729531041781561
36526,17.831317923928992
36601,26.48785608657227
36602,26.97046280832105
36603,30.823837731476598
36604,32.819353262835776
36605,34.33172726917527
36606,34.82208092783073
36607,35.936280931353956
36608,37.33898327402914
36609,37.6338393842789
36610,37.712301230564165
36611,38.94159518871041
36612,39.97313823601348
36618,32.60485405714681
36619,34.09791558527903
36620,36.63907415196831
36621,44.08230704812776
36637,41.76571195302087
36638,43.9412320136648
36639,47.54774021633537
36640,52.25573479032321
36641,53.16479300727713
36642,54.1846864309404
36643,54.68742978793873
36644,58.46494880822862
36645,57.02834382797152
36646,61.10433702102261
36647,3.3715832489736894
36648,6.6622110944778745
36649,8.0762791742811
36650,12.38838203002081
36651,13.858943722056326
36652,17.861564144403424
36653,19.457012567956774
36658,38.17416310304941
36659,37.0856890626429
36660,43.22215079031605
36661,45.668692491468576
36662,51.294785690783115
36680,31.629308313353395
36681,32.84335025015359
36682,38.32858404632232
36683,41.003321006999336
36714,14.450267403550649
36715,17.93817022391536
36716,22.323866528980457
36717,25.600185616533015
36734,47.52487685468931
36735,47.78243778814047
36736,56.63667947935328
36737,59.84932255460176
36738,61.65859649771586
36739,62.720950500596594
36740,60.98666719030765
36741,66.87738417851233
36742,66.86560094121587
36743,67.1477389206861
36744,68.91493094099654
36808,31.3925354888411
36809,31.441792875151705
36810,35.20810214735178
36811,37.25423887849202
36852,19.677711609610455
36853,23.814222893822794
36854,25.237912912507014
36855,28.21102356290202
36856,27.78331630238274
36878,6.942872502484434
36879,10.22764455271145
36880,11.441792080904227
36881,14.793523752220072
36882,18.273606261738166
36883,21.36393040689049
36884,24.796146740750167
36885,27.51833350352102
36886,26.48677448329325
36887,25.46452369342868
36888,29.292615841925777
36889,30.356421527706075
36890,39.759534306113444
36891,47.624554214370704
36892,53.4916352567838
36893,56.51929775319265
36894,57.5354103158882
36951,30.533210025721942
36952,33.34283753299835
36953,34.852958982748106
36954,37.56820147000827
36955,39.773938382549055
36956,45.04067772815905
36957,45.90390942489271
36958,47.118644589628374
36959,46.70711561128446
36960,48.11613540011755
36961,51.01669697343021
36962,52.03427409101317
36975,32.94831446383585
36976,43.90651285220091
36977,47.155315894353755
36978,55.06770476569094
37010,3.3855154456850625
37011,3.833418024869576
37012,4.911351452950639
37013,7.229172190278122
37014,11.596372238844078
37015,13.324149263557812
37016,15.432806994203323
37017,20.71396643055553
37018,25.48352266166777
37019,28.612028625106852
37020,32.14917607619409
37021,33.83357604710048
37022,46.82130614826876
37023,47.740537710717504
37024,50.28696289170028
37025,50.250428362043706
37026,50.455721892624425
37027,52.19963136532982
37028,56.102494707107574
37029,57.18030339856249
37030,58.87192524126212
37031,61.37060103518066
37032,63.01809268157706
37033,62.73797410973078
37034,25.29790432053029
37035,25.569883114877406
37036,25.547962760476235
37037,23.731417256630852
37038,25.930721981603764
37039,29.20018107369089
37040,31.87410469289318
37041,15.969021578385037
37042,16.458528523849573
37043,18.48487243123527
37044,22.387220126430528
37045,24.876675726105017
37046,26.733401100835593
37047,30.703660560062318
37048,30.183421248532856
37049,32.31453604870733
37050,36.947921859744724
37051,39.7392988260021
37052,39.85513300605802
37053,36.170628858807724
37054,42.522607522771125
37055,44.795823898324144
37056,44.398762309753344
37057,66.21273498686809
37058,65.03958862206295
37059,68.06536577292871
37060,68.31948945145834
37061,68.86346102694276
37074,29.599025541559342
37075,33.49797825273505
37076,33.44010357836373
37077,32.899655893566404
37078,29.968304550043314
37079,32.95713613981359
37080,34.91231299854546
37153,25.30037590114721
37154,24.266193084181122
37155,31.47736930738328
37156,32.09282448322097
37157,35.60542891825351
37158,36.16425091202328
37159,38.14388264860208
37160,37.38714565260607
37161,40.47450384956436
37249,25.499301626439173
37250,26.50086081780858
37251,26.677739811024416
37252,32.061206979227165
37253,32.49050870222764
37254,38.37108364509265
37255,40.20043279707106
37256,41.94811887865149
37257,42.59949664501187
37258,46.49268988661057
37259,48.58060381676123
37260,48.79282686988809
37261,7.940696379934229
37262,8.079949039663898
37263,11.761028768081124
37264,13.046012055288628
37265,13.560252771172255
37266,19.58530490910297
37267,22.335727047734295
37268,24.594726654266886
37269,27.745359424734804
37270,29.866939406739355
37271,31.88145918509707
37272,34.71912941780016
37308,36.516443001592286
37309,43.42757646912268
37310,45.0672672866924
37311,46.342569764182215
37398,37.65287941600938
37399,37.15347755162405
37400,42.31367672088173
37401,46.39956494357279
37430,21.87221890350478
37431,23.98321454864113
37432,26.13710451048602
37433,28.394103047600694
37434,30.94425253042085
37435,35.918635696058075
37436,37.64824313014451
37437,38.72678986705805
37438,39.68968727284131
37439,45.084624338927334
37440,47.860935104787956
37489,40.12496541928295
37490,49.366986543161666
37491,53.72228886022967
37492,57.6762918749491
37493,54.13608265325615
37494,58.652171661452975
37495,59.30726157597986
37555,14.919124994019345
37556,14.51947441826782
37557,16.997687177465757
37558,16.961987994425826
37559,17.27813698590265
37560,19.861198315738335
37561,35.788660605588184
37562,36.03536831108033
37563,40.174497863803715
37564,54.31445136665927
37577,31.154680727481935
37578,32.31378085823263
37579,33.22415202452159
37580,36.22577798377632
37581,41.80977892885387
37653,23.08552936308353
37654,24.590171265096227
37655,28.230528921819236
37656,29.478055373846008
37657,31.584888035428012
37658,37.974958625480305
37659,47.769315071580664
37660,52.24728580475604
37699,49.05828777496417
37700,49.70051017935377
37701,50.265934013014515
37702,52.8979036449075
37703,54.15752512926266
37704,56.63028531291677
37705,60.13214647818953
37706,60.04778716559095
37707,60.59938072090939
37708,60.65616327233408
37709,59.049833588906175
37710,59.84687626661565
37756,48.42885704154493
37757,50.809769440977
37758,51.23344812095749
37759,54.01915340527958
37760,55.409363047895354
37761,58.136452756509875
37762,58.48202567204704
37767,31.478922380813113
37768,32.80846691197971
37769,41.569214732811375
37770,45.450622872617174
37771,46.18415704928284
37772,48.38390407226558
37773,51.73179561472469
37774,53.043187996327596
37775,57.629784139831166
37776,59.22867508160637
37777,62.46806115984339
37778,63.51014213921973
37816,14.975297956174716
37817,17.66738219505876
37818,22.03259915295346
37819,24.497670166956933
37862,20.224029228968146
37863,20.587794193375597
37864,21.73660662314404
37865,21.30515100092086
37960,24.739451203674935
37961,23.27151953236247
37962,24.528893194936675
37963,26.902823879828457
37964,29.316400004453275
37965,33.01248166383488
37966,35.13645345275234
37967,37.53059404750134
37968,43.190631926119806
37969,50.47880833278609
37970,50.58598453106264
37971,51.954488880001705
37994,31.1610788485788
37995,33.48501213967486
37996,41.94735323471223
37997,45.800726539421156
37998,53.04990837087369
38021,28.655525076640846
38022,32.47061327973221
38023,34.92455255409285
38024,36.062879388156695
38025,36.89189228894066
38026,40.71040707670103
38027,42.037488214877655
38028,43.83741915357066
38029,48.272889066198324
38030,50.905563721936524
38109,27.41817865825096
38110,28.52442126188604
38111,31.398003901864687
38112,34.047293782357436
38170,22.96540300945031
38171,25.436333032854833
38172,30.405071012110906
38173,31.572567922944142
38174,34.91154986727571
38175,36.140879032889615
38176,36.39886111083074
38177,38.60565321943066
38178,43.18289126715908
38179,42.40042094228888
38180,44.762063975522885
38181,44.48866169620582
38197,32.789668369798015
38198,36.33031072233945
38199,38.675119455711126
38200,39.98391449566059
38201,44.50349807098104
38202,46.56189963974376
38203,46.653855867113386
38204,49.91479633837419
38205,53.096479708926445
38206,58.40966243242946
38207,61.19716791460894
38208,60.454910221186736
38209,64.43755833765762
38210,66.15232281275911
38211,66.20097070377636
38212,67.44722534257797
38213,66.86563296947809
38214,70.51184279462693
38215,42.00102777129697
38216,51.3203913050994
38217,57.111456002110984
38218,58.6264381266063
38239,11.418239448623469
38240,22.663920723791165
38241,30.187710361684935
38242,30.094056290129934
38243,35.12148079011279
38244,35.106405203500785
38295,15.009022436804992
38296,22.10097570886665
38297,25.685680950401412
38298,28.912337379146912
38299,30.321146060664443
38300,39.072913408085526
38301,43.84389511364486
38302,39.28899576257322
38303,40.35353219384585
38304,50.13586043016474
38305,47.11197443030005
38306,49.58023808771423
38307,54.18663894340531
38308,56.24519584348735
38309,61.72686457071704
38310,63.04710857552027
38311,63.98283436335323
38312,17.371017452288996
38313,18.1969387164701
38314,19.65582740261448
38315,20.09617350472436
38316,20.74128327523816
38317,22.41537490022966
38318,24.462863075845473
38319,26.26807888727813
38320,30.801566240226652
38321,31.088285364797706
38322,32.103022041196624
38323,33.15037953772067
38324,25.951959413976056
38325,30.116429768509082
38326,34.17602398624592
38327,36.302894172888486
38328,36.45177439670284
38329,41.57769860224871
38330,42.53670711752763
38435,26.03868308335454
38436,27.41313968693498
38437,28.96765661498465
38438,29.94022413378115
38439,32.07306520093456
38440,32.14469170070499
38441,34.296559730404745
38442,36.34408171705884
38443,38.971521804936266
38444,40.08351947149702
38445,41.782751823145674
38446,44.016537957303825
38447,34.46278038876553
38448,37.752567023455356
38449,35.56933125616516
38450,33.22633873059759
38451,35.77283594107156
38615,28.36352399443509
38616,31.39728783598319
38617,32.44746251876196
38618,36.083046572859864
38619,34.45678527770711
38620,37.16505940125001
38621,38.13379845629949
38622,41.843803706382324
38623,44.23408228141905
38624,47.30210505008891
38625,49.80494040801183
38626,51.55474229551766
38627,21.294081049226985
38628,22.522845047386006
38629,26.193727315651095
38630,32.41376455146924
38631,14.377767071157905
38632,21.31678864272495
38633,26.516001452699285
38634,33.74574239622722
38786,41.72025494187988
38787,48.78607987818625
38788,54.77235722025245
38789,60.97706267408643
38790,63.977117132555726
38853,34.244457424931305
38854,38.260360801962015
38855,39.27782007532969
38856,45.42337119488288
38857,48.94741067251662
38858,49.32710504072741
38859,50.24464870005967
38860,54.55069743727012
38861,54.94848623649895
38862,57.09249507949647
38863,58.0925298873296
38864,61.0482997412864
38869,29.846440725092513
38870,36.9136348961451
38871,46.93731002225912
38872,47.538598734542425
38916,30.597128198565066
38917,33.080221532631114
38918,33.68777064940852
38919,32.4224789095448
38920,33.26371401954218
38921,36.341670467241144
38922,36.78477664497613
38923,38.11807557426596
38924,37.804709517261735
38925,38.28638860119944
38926,39.404720107366956
38927,37.29890940090441
38936,41.30382792033313
38937,43.69055361426257
38938,50.1648167287434
38939,54.24233305672143
38969,18.90307545373743
38970,20.0907684954195
38971,21.76341094029486
38972,23.21800353186025
38973,26.128793213485082
38974,28.184639009970258
38975,29.175625588655556
38976,29.203343719706698
38977,33.02016442116358
38990,4.205009488439612
38991,10.431979632253086
38992,14.689158194799003
38993,17.31870573232695
38994,23.06404438091434
39004,39.31431790079867
39005,42.60502791528061
39006,45.2810310130991
39007,44.999637871969966
39008,48.70533173309028
39009,53.47419196099763
39010,57.1564840894537
39011,56.757170268930146
39012,58.513545909832004
39013,60.95558142938657
39014,60.40429836460766
39015,63.24850656017553
39040,19.46034765263072
39041,25.94020739853384
39042,33.158210217548394
39043,32.91699128957626
39089,33.55518032404774
39090,41.84119180036927
39091,47.47573382044131
39092,51.08038029096676
39222,20.401129160071605
39223,22.198152704333175
39224,26.545613471685808
39225,29.554867403606305
39226,35.93983462384166
39227,36.69614584802437
39228,44.2573785245214
39229,43.56745005977507
39230,43.75973223533906
39231,45.2980719372562
39232,47.13419230466627
39233,49.19197908453711
39252,34.7378352469814
39253,37.34864825290868
39254,40.771843045181285
39255,46.32803134709837
39256,47.14354595975732
39257,49.77874040776721
39281,11.428682848954205
39282,15.866653228477423
39283,17.933673904436844
39284,24.137395557093864
39285,25.85169752109434
39313,16.784468488475902
39314,16.015642846311717
39315,21.821722764667985
39316,26.72074441192777
39338,28.373624134953783
39339,27.36508501712188
39340,29.89175460001312
39341,32.30358401977935
39342,35.586032860142154
39343,38.84368220540017
39344,41.12862696478996
39345,43.836990240999505
39346,46.435088556329006
39347,46.970745728433926
39348,52.52220790951379
39349,59.00031891663708
39408,21.879587355669685
39409,24.88120663735649
39410,27.509103308058197
39411,30.063067010565575
39412,34.836676157724256
39413,37.18338480923601
39414,41.344054809564845
39415,43.430735335985894
39416,45.761884503716395
39417,49.214959243537095
39418,54.856707432055316
39423,23.437190265700174
39424,23.65755401660248
39425,27.350422894387403
39426,28.710484667788872
39427,31.58219192700227
39428,32.59154751987353
39429,32.974983746470436
39430,34.63928700259594
39431,34.836456840684235
39436,27.94729052241652
39437,29.36130526543423
39438,31.643804626929033
39439,40.16080981650321
39440,44.40329228613563
39441,51.13660863231521
39442,50.42216760376109
39443,53.048139288156165
39444,53.76323740757659
39445,59.1161916281181
39474,10.414258101796449
39475,15.614754368128203
39476,23.813230649495324
39477,28.246636366584635
39478,15.863525330524315
39479,16.76623414489445
39480,20.800917699634763
39481,23.774096468523286
39482,26.686319004749098
39483,29.46783739350008
39484,32.18248800867987
39485,35.89552841452389
39486,41.93603599132645
39487,47.45497393133313
39488,48.347506207794076
39489,50.52620501963448
39522,45.87269125086087
39523,49.748800428344055
39524,50.48984703274169
39525,55.21500911508322
39537,13.812073018890413
39538,21.963933280690142
39539,25.93899108298894
39540,27.11868590753447
39541,36.96410338590639
39542,37.24633329129465
39543,40.60400004394383
39544,49.88433422203412
39557,24.338266853614705
39558,26.077320997586828
39559,29.80033608893988
39560,32.02011450423075
39561,34.96127172168981
39562,33.68040059984638
39563,41.2015655126636
39564,40.28213455877176
39565,45.523025009282094
39598,21.379189419513597
39599,24.999657139762903
39600,34.301263032902234
39601,40.09562087407473
39634,13.240209109021112
39635,12.630191456937556
39636,14.115761663460706
39637,14.762501417413285
39638,15.685048862658668
39639,18.183773944806834
39640,24.859204952257592
39641,33.9904153409938
39642,35.22259310356953
39643,41.229945461680614
39644,46.50006637886954
39645,45.98970827130713
39708,46.276914189515026
39709,46.52532978521159
39710,52.41006713711941
39711,57.99070141681395
39724,30.010568479030567
39725,31.287472954649463
39726,35.530430511462555
39727,38.04591503517398
39728,40.07599190109706
39729,40.96054242982125
39730,48.41238016227057
39731,50.417686403964865
39732,53.01621185709608
39773,37.48783337380254
39774,35.827674589152934
39775,39.56620570840725
39776,32.66518738971411
39777,39.87053389881835
39778,44.79664263072367
39779,15.677139034563625
39780,18.8331238851857
39781,20.40677299804282
39782,22.716859860109768
39783,26.40107118206255
39784,27.302389908017393
39785,33.37726532721118
39786,33.741362725321345
39787,40.102334111604705
39788,42.06198551515631
39789,47.09469234087918
39790,53.911262343605
39803,35.7042174834009
39804,43.58566023894733
39805,54.523543166259984
39806,59.828779652310914
39807,60.88439062586481
39808,60.547750237143376
39809,62.69436876990667
39810,66.5672383149162
39811,67.47180442183884
39812,71.37249249865636
39813,70.11294502771344
39814,69.97806137668798
39815,73.09779419518158
39816,73.32600401725486
39817,74.33227618201552
39818,73.81313787722993
39819,75.3396325559826
39860,34.27554681259883
39861,37.21262071255092
39862,37.63060829172731
39863,37.17760168047323
39864,35.5536771120373
39865,42.66016236691005
39894,29.418398381806952
39895,31.43178115442576
39896,33.13501695950953
39897,31.801839159654875
39936,12.240906148978093
39937,13.174017199824005
39938,14.624455956996135
39939,14.453435724023638
39940,14.428634404700002
39941,14.7732593947593
39942,16.450419459430115
39943,19.249213710574157
39944,22.46014076072587
39945,24.63298604599736
39946,27.91352981597917
39947,37.63026944208571
39960,21.11634358496308
39961,26.869443153801182
39962,34.489293736952504
39963,37.91753498018073
39964,41.49692686581888
40034,33.360799389773845
40035,39.171939318521694
40036,38.16972542074809
40037,47.34196709227919
40038,46.744647109862306
40095,34.824036520451216
40096,39.86796270143616
40097,41.1359446049
40098,42.561040395508286
40099,45.45829892342165
40100,47.11981614635947
40101,47.239556627062264
40131,8.402121014599828
40132,9.156595854520885
40133,10.59946851011235
40134,12.425577859170444
40135,13.238581001910278
40136,14.71169482963802
40137,21.09891229394779
40138,27.329059786564567
40206,7.895499925922804
40207,8.239243677753532
40208,8.779967276151227
40209,10.749466532686277
40210,8.629060969440001
40228,9.280864023936694
40229,11.572873432772305
40230,12.508497369289111
40231,15.151868943341537
40232,18.701097249784407
40233,23.021067663589065
40234,25.15698076190959
40235,29.53621588059329
40236,29.62371571263109
40237,29.45049946417017
40238,29.453812819585156
40239,30.61052913297351
40252,22.462020957594998
40253,29.75271874792708
40254,32.964236031530014
40255,38.922971461595296
40256,45.825684974283035
40257,52.94877629312867
40327,29.469347086275942
40328,33.77063869694807
40329,35.52131742993483
40330,41.759735249248465
40331,45.00956499542002
40332,48.694890768644605
40333,48.98835283877212
40334,53.90505265168751
40335,55.05124372563243
40336,55.05177220283132
40337,61.82356424835474
40338,63.45522399425143
40394,29.639354535761345
40395,30.372191037359322
40396,32.364670781712825
40397,33.74244019824477
40414,42.61565977792307
40415,48.28375316519676
40416,54.8264879536964
40417,53.5054525517833
40418,54.52078079523672
40419,56.34319041088013
40420,11.808717937076025
40421,13.203624534356104
40422,16.64052323495291
40423,18.309910920690097
40466,24.343485533526906
40467,25.257640102288274
40468,27.48043318725525
40469,31.572008703800442
40470,32.92160003044941
40471,37.364092436583014
40472,38.05913739972412
40473,38.5481883875499
40474,44.056043477888764
40475,45.21349025697492
40476,48.567411438927394
40481,36.67481854423907
40482,37.76029009540631
40483,42.96482119257126
40484,41.41621542541621
40485,46.30210265711948
40486,49.24389255765054
40487,53.70317983668591
40488,56.01592600017936
40489,57.34896435568004
40490,57.9414315713986
40491,61.630867140469505
40492,62.7594576995171
40493,26.181096703842712
40494,29.665954919354924
40495,37.34188009019943
40496,44.382128668847756
40497,45.646001828051176
40556,37.750894450819864
40557,35.83408846362626
40558,40.19587543788278
40559,42.15430064677635
40560,45.32049072273682
40561,48.79402371590651
40562,49.15446817950416
40563,48.41515991202682
40564,51.4077304124176
40565,53.30917923467973
40566,53.57314352705889
40567,56.62088251429726
40613,27.882338788095705
40614,33.58132856482739
40615,35.08246150887647
40616,39.47023330802206
40629,11.85053481096629
40630,14.139860765681044
40631,17.097066366390475
40632,21.595051501840313
40633,23.38548495527008
40634,23.725011719676417
40635,27.622400552294074
40636,31.908898119892168
40637,32.98384873097322
40638,35.73665528150153
40639,36.610223950559075
40740,7.688708980790569
40741,9.679872527064022
40742,12.175216439090303
40743,14.93604466341345
40744,17.0302104573867
40745,19.859145537975042
40746,23.236527220405986
40747,26.495351741895995
40748,29.345694308053968
40749,32.62509564863465
40766,49.592728448309025
40767,49.71717732589792
40768,51.54527956784613
40769,54.24596629143546
40770,37.38582188115786
40771,43.27578079166942
40772,43.36218669100336
40773,43.91189299405001
40774,49.37310762557508
40775,51.063441793460406
40776,53.64033286115635
40777,53.745041353178664
40778,56.235374215384184
40779,55.09695233525082
40780,60.14806378482323
40781,59.935213248156494
40837,18.412066936302562
40838,21.564227934534895
40839,25.692814691016743
40840,26.64150761292197
40841,31.501991839412625
40863,7.5342308610752635
40864,8.921798084455826
40865,13.281781203379396
40866,14.411657297016585
40891,15.60630358457547
40892,16.100323061369558
40893,17.426120231410813
40894,18.369480249581056
40903,35.76902150128191
40904,35.85187156668756
40905,34.994199475356325
40906,38.1700083005879
40925,4.178651959703983
40926,7.190229788030537
40927,8.849952109165967
40928,11.758439896458086
40963,28.847856318677465
40964,31.805990291496027
40965,34.32416147991528
40966,38.18229047079991
40967,36.14680995353919
40968,37.06203693790526
40969,36.144964018761755
40970,43.2192036651213
40971,46.6484938061669
40972,47.531262912945806
40973,51.13077926788733
40974,53.674958479262656
41003,27.38142118871198
41004,28.921401056883646
41005,31.91257354493081
41006,34.870398980321355
41079,42.68498694735966
41080,45.028751335481594
41081,46.889789693296365
41082,47.403965241430534
41083,48.13160504144811
41084,52.62413961643199
41101,24.257435144678265
41102,31.092631437114854
41103,32.040470730403726
41104,37.82544775237952
41105,39.154552830026546
41106,40.96186573705937
41107,42.556845535621264
41108,42.67237133251154
41109,48.07909375623818
41110,47.97535997872022
41111,48.54911904628794
41112,46.801679620097886
41129,30.50339329722138
41130,32.97571785076857
41131,38.29492041996391
41132,41.997416865946676
41133,43.774089370739254
41134,46.16113186673665
41135,46.53098318498881
41136,47.62498717215531
41137,46.89028408070299
41138,48.115598226479214
41139,34.60188750195623
41140,34.71720388276569
41141,35.283458952669406
41142,42.16242558270671
41143,45.338839263255366
41144,42.53942123020507
41145,46.79131095273636
41146,50.596586363868866
41147,51.23151908125485
41207,12.176477784738319
41208,12.859460397649645
41209,16.03828513446534
41210,20.24783144153867
41211,23.66736968695884
41212,26.260568650437865
41236,14.570571068072736
41237,16.653354149178863
41238,18.46737395431366
41239,19.765998826828643
41268,28.626915163530274
41269,29.583586066630573
41270,31.62162072078036
41271,37.674494192867485
41272,42.803985351797124
41339,29.945391542931027
41340,34.5839071683918
41341,41.93730802618766
41342,40.000557126725
41377,28.880570319733547
41378,32.93667493307715
41379,34.33939100932217
41380,45.219428221643945
41381,47.49919853142341
41382,46.39856684740089
41383,49.7974918270889
41384,49.547479968166066
41385,54.136448676473805
41386,58.48588489637954
41387,59.08086211602452
41388,59.41209603140199
41401,25.022479623963655
41402,28.42389375892273
41403,36.39544557539064
41404,37.79462949366208
41405,37.57008467622185
41406,41.10432537011891
41407,39.92504611215517
41446,50.29932832577651
41447,53.60815510785275
41448,57.943140140148564
41449,58.68439275109879
41450,55.21709514230046
41451,56.47468897403661
41452,59.117288024755396
41453,62.533822644173
41454,63.677539023348125
41455,65.72013812581781
41456,65.85447272033306
41457,67.12534710266284
41484,31.114613898160776
41485,38.595222755578156
41486,46.306142498629676
41487,47.38525374954545
41488,55.489403197872356
41493,14.969263733257472
41494,16.12151757766308
41495,18.559445058512207
41496,20.870596526901167
41497,23.905711230984018
41498,27.596082569826372
41499,26.82687021672164
41500,30.687590425716547
41501,34.63653182258495
41506,32.17200828256852
41507,36.205620266561496
41508,40.06706824122078
41509,42.60560573624226
41510,2.3521626789149077
41511,6.316468681156281
41512,9.035789189855738
41513,10.496976398730544
41514,11.934808769670848
41515,13.5177431508305
41516,14.737468549477565
41517,20.214902646452867
41518,24.29165454874145
41519,26.136517442530646
41520,27.306628489184067
41521,28.193265550780595
41530,2.1594085150089595
41531,2.316353673546418
41532,3.4944504663268723
41533,4.659663780316525
41534,9.815251252317765
41535,17.057068962689595
41536,19.833065080701424
41537,22.212457540369467
41538,25.673245115963823
41539,27.702056338569005
41540,28.89105400397468
41541,32.24314249052762
41559,33.97793589083256
41560,37.52332551035419
41561,37.93617552213882
41562,38.73321625481117
41563,44.7206822340711
41564,49.14266924101757
41565,49.31481845027999
41566,53.01429480867074
41567,53.64047641770545
41568,58.52683707882884
41569,63.67930743635517
41570,64.20055826976653
41579,35.164067474400575
41580,36.91855730766154
41581,46.5007231394571
41582,50.30648076918734
41595,22.40262367596792
41596,26.954662366185485
41597,32.620345009596576
41598,32.264332714713774
41599,33.918552051140416
41600,36.038492320369656
41601,34.84503566292868
41602,38.820385024991474
41603,48.840550622445384
41604,47.502102090874274
41605,52.52868716793472
41606,51.248095182792746
41652,53.98263763797019
41653,57.024834906845264
41654,58.39372004105404
41655,61.45224956920856
41807,18.934696095980776
41808,20.554069855528564
41809,21.74949471883562
41810,24.054986601382456
41811,25.826151466596325
41812,27.767309516179715
41813,31.794662126910374
41814,32.798954731248294
41815,34.491640410751614
41816,35.90027955065918
41817,35.42859898694891
41818,38.300304822172464
41856,1.1515883177889594
41857,1.1515883177889594
41858,3.6188153937054452
41859,6.818531498777639
41860,10.000978844089868
41861,2.3742726135999983
41862,2.3661088348918446
41863,5.112612289379307
41864,9.487770387393857
41865,10.992967842607083
41866,12.276285023086238
41867,14.014351763949662
41868,15.409988759246838
41869,17.190884766339124
41870,20.975661802479976
41871,22.79259707643527
41872,29.033119484019874
41901,13.06350220190312
41902,14.807145977496925
41903,17.956261491012853
41904,20.154624534789992
41905,22.99158648793468
41906,28.665613460054256
41907,30.720371682661767
41908,35.84197723721204
41909,35.10991698240186
41910,38.083808153833516
41911,37.356346952881545
41912,41.379422541211426
41929,36.70442628826203
41930,41.449932465718824
41931,48.61014670368375
41932,53.86374636258453
41933,31.135808568983947
41934,32.46617610980285
41935,36.64159784635222
41936,36.96842760755863
41937,34.59786374951474
41938,36.411832273382124
41939,36.32030045709437
41940,40.229365555374685
41941,42.26009528127564
41942,43.32625120041847
41943,41.13788011713492
41944,42.74341495367941
41972,22.906005976582346
41973,26.873533194182663
41974,29.301049310536367
41975,30.43922828702433
41976,33.06683914754798
41977,38.39805338247864
41978,41.88469521150503
42010,39.43882697831233
42011,49.60469535106948
42012,49.337189858654554
42013,50.23120627787802
42014,53.68058498850507
42015,58.51703231943813
42016,61.37462104566919
42017,60.71857411901158
42018,63.90730681754183
42019,11.575126566196962
42020,12.873629584702469
42021,13.847217389926337
42022,15.724230008836964
42023,42.41321140567364
42024,45.4394187984314
42025,47.17081786653009
42026,48.42332280902807
42027,47.773819333599114
42028,47.9243407075908
42029,49.26088043416121
42036,6.747898442031594
42037,8.592029273388558
42038,10.590625658746413
42039,13.049386526765016
42040,16.70651835847563
42121,24.286372529441525
42122,26.515213394386997
42123,26.974359657111982
42124,29.54166548671122
42125,29.10491990307266
42126,30.492450389997103
42127,33.31315032646617
42128,39.13359607656254
42129,41.28952477946598
42130,44.08149870436687
42131,44.90703060533349
42132,47.982134709775984
42133,17.795843644849207
42134,19.526559680550463
42135,23.984581008661035
42136,28.128571900683255
42137,31.752918444249623
42138,34.76682065584868
42139,35.339528844705335
42140,38.29209808528924
42141,40.22167150065013
42142,39.28065241790996
42143,40.968640213884804
42144,43.87572774301508
42181,7.344090058849469
42182,9.070761080763257
42183,10.353441986912006
42184,13.03909809706663
42404,34.05771953959974
42405,43.37618026912836
42406,43.697066635336114
42407,46.30107920858498
42408,50.060646825991036
42409,47.32717548875126
42410,52.14503679739568
42411,53.341637782395935
42412,56.76293966341547
42413,56.92132931651531
42438,17.478100949971104
42439,18.74077554284431
42440,21.37439467738199
42441,23.35833566601228
42442,24.62702976277929
42443,27.091985028737177
42444,30.78433541136589
42445,32.79022666697469
42446,35.557626881973434
42447,37.88533326098011
42448,40.45537635840485
42615,29.50384406917985
42616,31.13462783707985
42617,31.621948612286275
42618,32.32977164549427
42619,35.81793798507961
42620,40.20269806372029
42621,43.73316207403542
42622,42.032177494126294
42623,42.79073562172678
42624,46.51292580947623
42625,50.25525864165318
42626,54.69037420915807
42639,23.406487846356058
42640,25.580636874735884
42641,25.997806384929312
42642,31.030838287709447
42643,30.228215350538832
42711,6.041304567751396
42712,8.456716076752164
42713,11.263191997761373
42714,12.35150876341592
42715,14.31981702601287
42716,16.95289230631832
42717,18.658371109005394
42718,17.665247147575023
42719,21.12335421192706
42720,25.894877811984706
42721,34.78414941218729
42722,38.88698782868078
42749,28.087353070544378
42750,32.45269171090653
42751,33.94275307665849
42752,45.946886036300576
42778,26.920241128043966
42779,26.55072679066993
42780,29.32327915556269
42781,31.024446106598152
42782,33.407695339409266
42870,4.556929631448821
42871,6.620556769957947
42872,7.9201820967357754
42873,12.3970761167657
42874,14.828757945360792
42875,17.454090895074362
42876,20.729813954940067
42877,24.716062812982482
42878,28.57579015952042
42879,32.06620964458394
42880,35.08561160950165
42881,36.26541040447471
42977,2.302190733709933
42978,6.07022792869112
42979,11.129659689844011
42980,10.948388557943781
42981,15.032539398887817
42982,20.062642813341444
42983,25.126803769257513
42984,27.210097157981306
42985,32.512437856712985
42986,30.954269893252523
42987,32.07704607628247
42988,34.748797337707174
42994,51.93738969213137
42995,51.726492979888945
42996,57.878560105750296
42997,58.68413831403203
42998,59.979395923424896
42999,61.1644459390647
43000,65.27206791783537
43001,66.39296653217559
43002,62.00802842859257
43003,66.97470873704548
43004,66.66134502503738
43005,70.36081103448954
43018,14.581568385902088
43019,20.285670997089156
43020,27.163967694605372
43021,31.691211245111592
43038,20.49126123355595
43039,21.555581639371262
43040,22.653752549110248
43041,24.964705197021242
43042,27.50866030140509
43043,32.834239955095214
43044,33.410363605738034
43045,39.00409752981351
43046,42.4389617987047
43047,45.918060958359895
43048,45.50563124939995
43049,47.94672676170482
43050,35.409022885715714
43051,32.88315076365996
43052,35.084313360577376
43053,35.05064347662036
43058,18.53761253945292
43059,21.38146035508243
43060,22.23264093254986
43061,23.663352565641173
43062,27.492696137149483
43063,33.39916891957049
43064,33.68863429252572
43065,36.848195930300555
43066,39.344666232995095
43067,41.445160002974255
43068,42.6781510014268
43069,43.84309416682215
43120,18.75065933796133
43121,20.822718171792037
43122,23.357125866290325
43123,28.753574063103727
43124,27.02430181594071
43125,32.23160748504063
43126,33.87603853735979
43127,34.60360581045013
43128,36.29362845203201
43129,38.3945160090164
43130,41.01947158648617
43131,42.781621079469794
43132,12.552913207726025
43133,19.639407160448844
43134,26.352917775077103
43135,30.131257002241878
43145,32.252225721852476
43146,37.82019532906268
43147,41.135526209190864
43148,46.579651066490854
43149,48.1616591046028
43150,49.71842256368351
43173,25.157528722216295
43174,28.44882066642458
43175,33.31465908143806
43176,34.54713483956708
43203,43.148076004548955
43204,42.08516641540465
43205,50.63747300794203
43206,53.88021114497696
43223,22.95219608422368
43224,23.871133254834792
43225,28.929639861903915
43226,28.897623546641494
43227,31.28136217852101
43228,30.39716338325406
43229,34.16972960082977
43230,36.95388699017104
43231,36.60113263119871
43232,40.95138644220864
43233,42.83000205460201
43234,46.82539758872285
43279,23.47249335849269
43280,25.537713436162576
43281,27.718393013715982
43282,30.72492492587417
43283,33.6918464795806
43335,24.131190399893228
43336,28.244957337552137
43337,32.603675693671356
43338,33.698407625224775
43339,35.355395385186995
43340,37.82302062543216
43341,45.19892610711863
43342,46.73355096600607
43343,49.32002676023948
43344,49.739420432426144
43397,32.06573841945704
43398,36.377077914090364
43399,37.859382128705846
43400,34.67206222107641
43401,36.76471494396231
43402,39.665165436983905
43403,46.012586475437935
43404,47.656722232444345
43405,49.67332670792249
43406,50.45268789024889
43419,34.921789879054245
43420,36.834700464217725
43421,41.80811497229332
43422,44.163000033304066
43423,43.31943564022065
43424,48.810070287839046
43425,47.880235978187415
43426,52.40546564531171
43427,53.49676721713837
43428,53.094268229366136
43429,55.032830187039295
43430,56.818186014446276
43457,21.32567862142958
43458,22.835245855409113
43459,23.452121270807403
43460,27.410838553912512
43461,28.173015021931906
43462,36.36219600153093
43463,38.148570904770175
43464,38.270506356842766
43465,39.31582627146687
43466,38.29339447222498
43467,40.691454121042625
43468,41.63519582578267
43506,54.95600961129228
43507,53.494123101078586
43508,59.045275349802324
43509,60.379426082549266
43510,57.518194426469115
43511,58.36028405359351
43512,59.92692299272693
43513,62.59214361551838
43514,62.85439010045704
43515,64.72563663189571
43516,65.66032797216997
43521,3.1957869061223554
43522,5.448207806247991
43523,7.292021388944604
43524,8.66872025929164
43532,22.314819461489233
43533,23.715194808397868
43534,25.923743178203775
43535,26.894967097469603
43536,29.48264692302005
43537,30.450724534571815
43538,31.25660319753841
43539,31.789346894316093
43540,31.067740386817785
43541,36.68606346143627
43542,36.296237474129796
43543,41.126403411045196
43616,28.26823842617043
43617,27.760628897088573
43618,30.71691314963735
43619,29.684435880272318
43620,32.63891340215108
43621,33.55626845652177
43622,34.23726647285082
43623,37.72243715096089
43624,40.84584102789443
43625,43.75238372695079
43626,43.299975665826636
43627,44.0656223783308
43776,14.899781076505763
43777,16.586457935152424
43778,20.05180155943588
43779,24.596026371014545
43857,29.623886648181983
43858,33.83730083894095
43859,35.52521056308212
43860,40.383296182058814
43879,1.1997186492372278
43880,1.8053497132733212
43881,3.6837951174204835
43882,6.042261372096528
43883,7.885689187660009
43884,10.200270858866208
43885,12.268190692772134
43886,13.683525637046293
43958,46.819047999301795
43959,50.047924295930684
43960,52.00155806373501
43961,51.82738974213857
43962,50.85313625532518
43963,53.36518120205535
43964,55.45003924729554
43965,58.36468404013536
43966,57.60182507226009
43967,64.84251541146385
43968,65.83279589500438
43969,66.78413198825729
43970,15.99651541905687
43971,19.28981295226566
43972,23.522538669717246
43973,27.17432871018536
43974,33.41485863401237
43987,21.917390102803445
43988,26.65335950162668
43989,36.64865891659295
43990,43.276362469783614
43991,35.688527428061235
43992,37.165606742843735
43993,38.639224645912016
43994,43.62003299672807
43995,46.52941990234818
43996,49.06076294721872
43997,50.63325406725846
43998,52.831378289313434
43999,54.10033557210714
44000,59.11353412326233
44001,60.55978906459232
44002,60.369548360523595
44074,27.467411028935906
44075,29.23004802890708
44076,34.48606757954583
44077,33.70063596195504
44078,34.66883299598297
44079,37.52823985220038
44080,39.705091160546424
44081,40.532805429112635
44082,46.75233664488147
44083,46.77585511265156
44096,42.140870486921166
44097,47.373460509300116
44098,51.120434459571946
44099,53.18690506101633
44125,21.279145897036056
44126,28.148289191880394
44127,28.8497363627266
44128,31.606783079805574
44129,33.48002186667069
44130,39.9941412150386
44131,39.18899046177101
44132,41.47761590491169
44133,43.66410628088779
44134,45.61631429401114
44135,49.892696970760205
44136,51.27643934388375
44188,10.150388901295836
44189,11.360359514593016
44190,16.300241960265105
44191,17.372198844473246
44192,18.58878420558132
44193,22.939033372205802
44194,29.197294872583534
44195,28.27394535620834
44196,30.485123227728902
44197,33.01729346819598
44198,35.5715236467765
44199,38.002448367965236
44200,5.8138541623144215
44201,9.90684149242486
44202,13.060524715308642
44203,15.714869388815393
44262,12.21106540717512
44263,13.394339794125164
44264,15.335711925407104
44265,17.126758891454536
44266,17.50821091209212
44267,19.94249062536366
44268,23.085135005713077
44269,24.818077783598223
44270,25.33498740753376
44271,28.38703050524113
44272,29.65748956764944
44273,29.60799157024186
44274,7.492750689247541
44275,11.604718733543217
44276,13.184432394236424
44277,16.65693601032505
44278,17.96826330912357
44279,21.846332966426417
44280,30.071468474441804
44281,33.99052028290279
44282,34.988665945810695
44283,34.55051775676383
44284,33.038537843653806
44285,38.95943903129499
44286,51.824042633790825
44287,53.600693154885825
44288,55.05158428516221
44289,56.098751646415415
44306,35.545747953478006
44307,40.42170261572517
44308,41.90223721994177
44309,46.75173976227714
44310,47.977248215464044
44311,50.94116400118061
44312,54.41754764250746
44313,52.579307485306224
44314,59.46180705614555
44315,59.84428227596341
44316,1.3021417978727579
44317,1.7313773979580378
44318,3.3253421091483006
44319,4.3168938669442944
44332,23.831847685039207
44333,28.29806462728379
44334,27.96705004304756
44335,30.886594070770343
44336,30.819005109045552
44337,37.71285751025702
44338,42.37324831736858
44339,43.663277504946876
44340,46.318127714411986
44424,46.545091836787904
44425,49.30811430480118
44426,50.72151050221913
44427,56.31755552294448
44428,58.12217476293547
44429,59.37542213165844
44443,38.584762379058105
44444,42.12879319697966
44445,50.555239875964645
44446,52.1360079184169
44458,4.704572247946018
44459,6.096827223750558
44460,10.796523223726162
44461,14.032585905813816
44474,47.88252035533993
44475,47.71455067998884
44476,48.72692243929568
44477,42.37267432597726
44478,45.428589472602134
44479,46.37647302174436
44504,52.69862121919237
44505,52.227124778157894
44506,54.62286321066878
44507,56.21855604104254
44508,57.74436135193979
44509,59.03838738889521
44510,62.58695887047833
44511,63.99569563033061
44516,36.4413510136717
44517,41.088850180350164
44518,50.79923422227269
44519,53.17703531823588
44582,5.554752067245009
44583,10.993930753241422
44584,16.539373127661182
44585,19.599809560581704
44586,24.069056785375057
44640,46.32356885259277
44641,47.95976218965921
44642,52.379594446874165
44643,52.754813690916315
44644,52.724508884085516
44645,52.460636830991945
44646,58.84827015073377
44647,56.24685552314104
44648,58.06622706468237
44649,59.98496782963621
44650,62.564992883754535
44651,63.52299283839332
44669,34.11458674939762
44670,41.38954660400063
44671,39.55981432774467
44672,44.83349916519088
44692,45.15488303255757
44693,46.90835611439825
44694,51.0226943393856
44695,51.52769861117681
44696,56.03722704354883
44697,58.27111850400849
44698,59.79427317796789
44699,61.49423998194018
44700,63.92791832584192
44728,16.783889017358977
44729,22.3167613438098
44730,26.9405876613495
44731,28.919409477371698
44732,32.04687728425818
44733,30.736429052125786
44734,35.21406763912503
44837,17.65424120414529
44838,21.25518539444805
44839,30.431766513476294
44840,33.75013804506271
44841,31.725491668411237
44842,37.190808807105874
44843,37.42386573980128
44844,39.50069529615236
44845,41.34580957582434
44846,45.2560308926003
44847,50.06502028667419
44848,52.02828908636662
44849,53.64496611351634
44850,55.32677898991878
44851,60.04555133178187
44852,59.1337432925251
44853,27.72575562863959
44854,28.63074835599846
44855,31.066315362580507
44856,35.231998456068446
44857,36.737977695719565
44858,40.91938299827487
44859,40.418455929354714
44860,44.77702786287265
44861,44.833736392360905
44862,48.7352967349945
44863,48.609585772683765
44864,52.95125727769779
44885,28.498606159674736
44886,29.263216963277273
44887,28.620263750543483
44888,23.928484325812178
44897,46.470014838844655
44898,55.72434717506889
44899,60.06815900247658
44900,63.69300950531038
44901,61.46482159058609
44902,65.0251457445945
45041,25.112683873518577
45042,24.519924261847347
45043,25.852352687623508
45044,27.221253805101608
45045,32.21696939488062
45046,35.118648448950076
45047,36.18383774546432
45048,39.47875252279786
45049,42.947842416566075
45070,11.94238443672193
45071,11.979249467490162
45072,12.115222644755761
45073,13.26762452144718
45074,20.89681830260527
45075,30.861077322933866
45076,30.853887434307833
45077,34.760804965088546
45078,39.737359309139215
45079,44.675920062388705
45080,50.452878972687266
45081,49.500550890286014
45082,52.90501345471039
45083,55.779566751928265
45084,57.280013890397655
45085,58.99140005588175
45086,62.394998908555074
45087,63.64276619207903
45093,48.54427423862647
45094,51.965709405032825
45095,54.45863964192846
45096,54.39650737169856
45097,58.735804311377805
45098,60.94071174694193
45099,61.80940083074236
45100,62.17963585879988
45101,63.156075297613945
45102,64.05529739080865
45103,67.51494464318085
45104,69.52947058326347
45105,30.49659102243952
45106,33.266436391516635
45107,45.30590876770933
45108,45.154287203210785
45140,19.575592810375436
45141,22.84647955971754
45142,24.54762102343597
45143,28.43853435986113
45144,28.855873920807593
45145,29.17028577962373
45146,30.965545415941314
45147,32.184709966816825
45148,32.02309183954461
45149,32.920940214902174
45150,33.05388673896426
45151,33.327924178911424
45176,27.88770909656942
45177,28.120626802255035
45178,30.303525323267092
45179,37.78148807186367
45180,40.996227910167555
45181,40.16848409773194
45182,38.26113727923147
45183,40.32002043904436
45184,52.679896624016806
45185,49.65625778547001
45186,49.449493247144325
45187,51.84871062508326
45253,17.62819602545987
45254,20.700806289003847
45255,26.101585748282684
45256,27.945137676266302
45283,41.69148562749224
45284,42.986415250420066
45285,43.488445038618366
45286,46.91489784970987
45287,48.04694365859901
45288,49.28252492727656
45289,53.31103637460958
45290,53.80285009122114
45291,54.788243806595595
45292,56.78753458845392
45293,58.02093401011468
45294,60.308712310141956
45354,9.762666602632184
45355,10.341002831993023
45356,14.025592414180293
45357,15.397236442389548
45399,19.019939301034718
45400,21.846905088298065
45401,24.591887438576315
45402,27.50230956016769
45432,14.779513022605245
45433,21.288390677615393
45434,24.561052470193548
45435,27.949603335523086
45476,28.03328102017333
45477,31.007935219123667
45478,34.649995648235404
45479,38.75942908400337
45480,0.29654523101529034
45481,0.7939411168543589
45482,2.9092201184766266
45483,8.171428758572976
45484,8.275356937921066
45500,17.790313913322702
45501,24.06688585715357
45502,25.611273093230817
45503,29.139518433756948
45504,27.633841178403603
45505,27.912799214810356
45506,31.177077487662974
45507,32.30253226262664
45508,34.70422534924822
45509,38.605125107130014
45510,38.04630707927892
45511,40.531282986629755
45512,40.63182274926035
45513,46.525351346903506
45514,51.07605143842142
45515,53.524699291621964
45556,25.008830740215807
45557,30.26713170581122
45558,29.22642841168971
45559,32.373024203340236
45560,27.593483694984904
45561,30.791194635494456
45562,33.515449833320496
45563,36.33663363660579
45564,32.624635057784296
45565,33.75888194917941
45566,32.15784146838182
45567,36.277811367388345
45568,39.20413178243722
45592,20.243434522293125
45593,22.67440631804278
45594,25.188162434266122
45595,25.932053750916626
45662,32.15958729018775
45663,35.95199951716694
45664,36.24590969412847
45665,39.95479267414875
45666,42.21296859141206
45667,44.295458892291144
45668,47.81683913586738
45669,49.33217214574732
45670,50.70317324797963
45671,53.446160360962715
45672,55.538853549552655
45673,57.35220393924794
45690,22.138189960289843
45691,25.686188584021878
45692,32.069248189492
45693,38.72119860278111
45694,38.39857508111475
45695,47.78263470945491
45696,47.24063914973543
45697,51.51572407599037
45698,17.695527397956866
45699,20.248298704582435
45700,20.985975612500578
45701,23.11364619685857
45702,26.836064915735676
45703,29.875044619004992
45704,34.13763606106004
45705,36.60578814967283
45706,39.87187294848585
45707,42.79634799847597
45736,15.847956515793983
45737,15.935962740571586
45738,18.94270579187678
45739,21.36636445988764
45740,23.085133706126175
45741,28.02169233052365
45742,28.869609095585393
45743,29.73548416456306
45744,30.674481718251226
45745,31.234362002826007
45746,31.489205755462702
45747,34.890241364361955
45820,0.6384281894691006
45821,2.9793850439893617
45822,4.689675177068672
45823,7.032413913952075
45824,10.172379687319657
45825,11.45693220022521
45826,15.37395578543612
45827,16.99324398427868
45828,22.549581442376468
45829,28.581357260254162
45830,30.184113658861747
45831,30.882866642612512
45832,44.08259605062085
45833,49.496713794982874
45834,55.789694009022874
45835,56.62266894666403
45836,60.57640195322244
45837,61.01884146076991
45838,61.40300252109705
45839,62.0420170521853
45840,62.392893055094376
45841,63.604303380157546
45842,65.57414214923183
45843,66.05466246971928
45873,39.00934639725656
45874,47.17220354908323
45875,49.02520871491753
45876,53.853048744139926
45877,55.76366616178348
45878,58.249203565240244
45879,59.707448327286976
45880,65.76033268590146
45881,65.13709816891472
45882,63.76460472171453
45883,65.12387561309073
45884,69.25585788919516
45920,47.27657951983107
45921,51.84302800671873
45922,50.02249262869322
45923,54.5456965397587
45924,55.56014527295408
45925,57.558497987044994
45926,59.396816755614346
45927,61.205988009229316
45928,63.01953973110447
45929,64.89210814634164
45930,67.40158456725821
45931,67.05125065578572
45944,36.29103111201301
45945,41.94845279104461
45946,40.347296211645656
45947,44.852891445971586
45948,40.868461863801144
45978,39.926068138573186
45979,46.73259623993541
45980,47.710696559069845
45981,52.69089870613396
45982,53.19258704795549
45983,53.27732973726821
45984,55.88883612302086
45985,59.408270431871145
45986,60.16157347905646
45987,60.05049293054782
45988,61.268538646960415
45989,62.20839184640265
46068,26.12168287749625
46069,30.719473739594974
46070,35.161951436397416
46071,39.71076368989697
46072,41.66886468661438
46073,43.87255578672108
46074,46.82625035624073
46075,46.32761635851744
46088,40.69700056758522
46089,41.33916019716369
46090,42.93829338994441
46091,46.51823026276558
46092,46.35900068665237
46093,53.46926447212541
46094,54.98759245688799
46150,35.52052058754376
46151,36.01453723431583
46152,32.2664728316787
46153,31.760412039612113
46154,33.45897047948023
46155,35.8252756069748
46156,43.89097093594479
46157,47.383561627766596
46158,49.2019961049238
46181,39.33525334600994
46182,45.483066231142374
46183,53.729396294653796
46184,55.11590400545382
46216,49.539812282056126
46217,47.724127940203104
46218,49.168378798696935
46219,46.45407629970326
46220,50.83023770654909
46249,42.980339494794066
46250,46.82727528317251
46251,46.62986184206429
46252,48.454012347674905
46253,52.918697157525976
46254,53.84518959211891
46255,57.44906374269805
46256,57.119514720422465
46257,58.923477091184516
46258,61.55651530419031
46259,64.82898252210605
46260,63.11398351710631
46272,9.501234192626999
46273,10.835115527075953
46274,14.472075774131858
46275,18.067150462803152
46276,24.151691548220526
46277,27.20173240527623
46278,29.878577518587612
46279,29.6870450277898
46280,28.542648237990644
46281,30.606772141809294
46282,33.86212938591564
46283,31.932659445122866
46288,11.343892590927442
46289,17.6577094321289
46290,22.472426399380243
46291,25.257148156258843
46312,7.554554625344735
46313,9.450171817807933
46314,15.607218859134207
46315,19.801620167375713
46316,50.60171469415467
46317,57.17324448547185
46318,58.18668120359092
46319,60.978814713262715
46320,58.63428302973956
46321,57.30397893098584
46322,62.087551858618305
46323,62.50308021584812
46324,63.751108211857364
46325,65.6758733717004
46326,66.4658301840537
46327,68.6516773417942
46340,38.32968959244601
46341,41.94776975201988
46342,44.552992454281934
46343,43.07274490639139
46425,11.300421384751408
46426,14.192741603093681
46427,21.530605025751452
46428,29.978927003528575
46429,41.219589055389825
46437,34.265812762401396
46438,37.702089205295174
46439,38.676566885232376
46440,45.23754402677111
46470,18.006759359375362
46471,20.331376330807885
46472,24.244518037774522
46473,25.46650633787257
46474,28.351171504104656
46475,29.52091097857558
46476,31.84051291549694
46477,35.233760590586826
46478,36.97661983943954
46479,41.8560159977646
46480,43.527102375677494
46481,46.66989178235892
46530,31.853668472772
46531,32.8057795322693
46532,37.22326292601863
46533,40.77973884986584
46602,39.16776742882408
46603,39.94464766816775
46604,39.11469065172987
46605,42.62329730661842
46635,25.291729158691602
46636,27.677280375138995
46637,31.307006359084905
46638,32.697641411223294
46672,22.85351306609432
46673,26.62605885889745
46674,27.354628584954845
46675,31.19914224076459
46676,35.45492442505578
46677,41.498508465797514
46678,48.10883193022906
46679,48.75613293695081
46680,16.668194871599958
46681,21.220699419193554
46682,26.28976995960314
46683,32.609033143378596
46684,36.18990378413229
46685,38.71951474385449
46686,38.76839145590251
46687,41.86029611274195
46688,45.04483869910122
46736,50.920107144520955
46737,49.09322725065
46738,48.70339165079923
46739,50.28064462966537
46780,20.064167034446342
46781,19.918388491073
46782,21.646814062529707
46783,24.818842853029203
46784,29.518071534548532
46811,32.754056799167834
46812,45.40365805385105
46813,44.49620901667687
46814,51.71348799821437
46815,51.811814008885165
46816,52.99549192491926
46817,54.74282225570721
46818,57.09286277759009
46819,58.834781182795425
46820,60.85761669807551
46821,60.50549812544213
46822,62.99746419909131
46839,18.757109221808008
46840,20.13762540740472
46841,24.27765871634192
46842,26.69743087294347
46843,28.452470393601747
46844,27.518973156478012
46845,33.20573758026774
46846,37.469530466909404
46847,41.08351883695189
46848,44.74846216902024
46849,48.4043515787375
46850,50.78499763792631
46977,3.614540210445831
46978,4.235087166056032
46979,5.9312362981520845
46980,8.358123314335442
46981,10.293103951249986
47007,14.354395350374183
47008,17.788710894230118
47009,20.157787126268204
47010,23.657493658611212
47011,27.235698453725842
47012,9.164442815414402
47013,13.44761943741214
47014,20.43221292973375
47015,24.65521085207214
47038,19.860436928688816
47039,22.186183399313258
47040,27.015684786499115
47041,33.12159382615189
47042,37.78254593951534
47043,38.516891726944216
47044,42.03771442576643
47045,45.602852399005045
47046,45.58846637628299
47047,47.571770890036284
47048,48.80065884794491
47049,50.66982599403667
47141,39.92302224882752
47142,47.917956417683826
47143,50.502121852676986
47144,57.2261817675333
47145,58.295578487752664
47146,58.62140186264762
47147,58.4078591729019
47148,59.62712299200718
47149,63.65651072946641
47150,67.8980623570321
47151,68.59851590798311
47152,67.46776635733859
47211,-0.22373896557555797
47212,0.22449517347584394
47213,1.0377868689715937
47214,2.921216036452259
47215,5.31473709059691
47216,5.5420684374131355
47217,9.068061608934535
47218,12.5801502065994
47219,13.96065037762594
47220,17.260282662574063
47221,20.934045079028817
47222,20.877009844079616
47223,56.08612431540416
47224,58.82529397066896
47225,58.37483671089854
47226,56.2571960039249
47227,17.493206418374076
47228,22.13096774022366
47229,26.503140988854373
47230,29.437263545386283
47231,35.97811984073838
47276,1.334990016558213
47277,2.437389896461655
47278,9.487128727033625
47279,16.646841241780447
47280,-0.12094367867521429
47281,1.6222828945234933
47282,0.5749902954345781
47283,1.536347591211138
47284,4.290031190336069
47285,6.237957409498969
47286,10.141956394892524
47287,11.6549339232557
47288,14.436977849997508
47289,17.930914096269298
47290,20.946914777632553
47291,25.194200327380678
47292,27.806245107684667
47293,28.85300772791903
47294,39.07810677113401
47295,42.42959060328075
47296,7.682560102998831
47297,10.342893209264416
47298,18.05369658771097
47299,23.210734869714283
47300,25.265114096595696
47301,30.414365378164383
47326,54.119273713881654
47327,58.480674022727335
47328,63.339822161431584
47329,61.17521629206716
47330,62.85678776119658
47331,64.20767952792042
47332,67.3299439782458
47333,68.80443186869833
47334,69.66240139968492
47335,70.55993398736878
47336,70.51041343004664
47337,75.7079335583433
47377,14.416201235128757
47378,16.626999648345052
47379,17.507113682467732
47380,18.244591828000974
47381,19.30811655576818
47382,21.21555147487918
47383,24.332604032558013
47384,26.917318835206895
47385,32.32147054453415
47386,32.221585952250365
47387,32.09094686955826
47388,34.07965513633361
47438,37.18510696651434
47439,36.87348397400877
47440,38.65821185304494
47441,39.15964165144101
47442,29.635557988346804
47443,30.582831532274948
47444,33.2375177210334
47445,34.393521879330464
47446,37.79014359363992
47452,50.72019364128747
47453,55.37056271995647
47454,54.10893668932349
47455,55.184705418209745
47456,54.534189059571304
47457,56.90569217554888
47458,57.93571468812565
47459,13.937844176474417
47460,16.095229011463132
47461,17.837182090688376
47462,22.715859123484215
47463,28.738814093887285
47464,36.80312994413714
47465,39.551874367727685
47466,42.48854825491585
47467,44.5419942004918
47468,45.25476524182315
47469,44.36048902473568
47470,44.098203026638934
47490,12.925907452800356
47491,19.56968287692292
47492,25.10397431509087
47493,29.72931024153393
47494,35.89251445503384
47511,41.67864956095414
47512,44.377394965799304
47513,49.08660633106494
47514,56.54431485943139
47530,23.859429317199645
47531,31.21087877567417
47532,29.130481171527585
47533,37.00160289535361
47534,36.84863144266173
47535,41.21164792724003
47536,42.53354522369933
47537,44.8752722713663
47538,47.88621210532896
47539,49.99255069520262
47540,53.28867905238182
47541,55.68658067347175
47551,9.1993927955242
47552,9.505035749479884
47553,9.966190757793347
47554,11.362285485758779
47555,13.125778444584142
47556,14.996873873623311
47586,42.62632333546906
47587,45.49689653637563
47588,55.17067190360478
47589,56.239051208962856
47590,58.28447206465664
47591,58.80325619021319
47592,60.387529948749666
47593,62.10186083496808
47594,62.985207107526094
47595,66.90354785178452
47596,67.51554881457852
47597,69.02154625440843
47598,28.061762454194355
47599,31.362296861482736
47600,32.031442158281465
47601,36.503951467494
47628,10.521669657805209
47629,12.247579275670594
47630,15.688813171640025
47631,18.265651578247045
47638,19.560673263218128
47639,19.93483066929387
47640,18.1384279814157
47641,14.928637859592541
47642,15.05853722539731
47643,14.864113041240683
47644,23.705386336924352
47645,24.923563139959345
47646,30.445827814784696
47647,30.402533135788985
47648,31.747754452092707
47649,34.53031795221188
47697,11.353288348377086
47698,11.478962175923881
47699,13.854619144889076
47700,16.166036517724613
47701,19.550153646124272
47702,25.08979808762717
47703,27.08964114123028
47704,28.249772893590684
47719,12.966568790906795
47720,13.422340116617674
47721,16.72224612794507
47722,18.902515334780507
47723,22.60177951924732
47724,23.736385439347345
47725,25.461287428694423
47726,32.31998900138704
47727,12.252928292536948
47728,12.763907370870946
47729,17.10006583053795
47730,19.130807988915855
47731,22.430687528917375
47732,24.96787891212906
47733,27.090739864310237
47734,25.958680793217486
47735,28.047493916357716
47736,30.649510390610995
47737,33.02340307127774
47738,37.47020364796424
47739,46.418281886563676
47740,46.24978888032274
47741,50.50242349442925
47742,50.8324465260949
47743,54.16134620268861
47744,58.31217235464831
47745,58.36486869605127
47746,58.96430154355183
47747,58.42788731208247
47748,58.65333504822788
47749,59.621792467460075
47800,40.027922681631544
47801,40.402651368115336
47802,41.81183934830431
47803,40.13596882051792
47804,43.89866204669729
47879,27.441181932473746
47880,35.38943972689571
47881,37.91944236752462
47882,36.737758170987426
47895,11.730623188809817
47896,10.919208240858751
47897,13.695869894286908
47898,16.284325799342245
47899,17.477854567109972
47900,21.280108829243858
47901,23.780796720945244
47902,25.10606080651291
47903,30.30923984455069
47904,29.909968238470576
47905,33.420967383284655
47906,34.47699437909954
48043,17.449393999179637
48044,20.02575637549243
48045,20.886232983911956
48046,24.392207248723775
48047,31.513954488179188
48048,33.604655706757356
48049,36.692931715228326
48050,37.72208914398614
48051,40.346177594994984
48052,38.01558685393338
48053,40.89183334460292
48054,39.85520275251164
48055,48.84949745720454
48056,52.094215883097945
48057,54.38341797180614
48058,50.3594973885143
48059,56.649544903579816
48060,36.910581048745925
48061,37.4052950319934
48062,41.31727538676531
48063,39.2010477364178
48064,41.53738705687263
48065,41.454074840187474
48066,49.77433882991051
48067,50.093633361824395
48068,50.837590154424184
48069,53.47078291851763
48070,21.118952992599976
48071,22.142940380358937
48072,23.278818836810963
48073,26.09074593323773
48074,27.578460133292737
48075,32.528405859597015
48076,34.56934714747932
48077,37.88229849132215
48078,43.13513114072039
48079,48.02692798195265
48085,40.12406600228221
48086,46.04190620608117
48087,48.37272598323613
48088,52.61497524492975
48089,57.20554154454242
48090,55.76156877268503
48091,22.275676507651276
48092,31.446824850015194
48093,35.40290517800325
48094,40.43090918688637
48095,38.41753972780232
48096,44.35316191087496
48097,46.13655006723996
48098,46.497097145833884
48099,50.23173675820744
48100,53.3393144878006
48101,55.74099195475358
48102,54.99163583117321
48128,3.11751363734225
48129,3.499727990288449
48130,8.357973784780311
48131,11.612108884673278
48132,14.29225489519029
48133,16.90510214885927
48134,19.427050655929282
48135,24.349379151163443
48136,28.12961083150949
48137,32.309614984383636
48138,30.939828700297948
48139,32.498957695468334
48212,28.015488706127613
48213,30.317173816622812
48214,32.634484854002615
48215,34.27076721103673
48216,41.47412193419273
48217,40.4407250296502
48218,42.83866672182438
48219,44.42546631986715
48220,45.8288152119786
48221,46.6990960429577
48222,50.817401517740834
48228,7.69097755639499
48229,8.837709899508855
48230,11.527107254297261
48231,14.654549341758752
48244,34.132574216492586
48245,32.77785659099655
48246,36.415517699172405
48247,37.14604660373957
48248,41.128519254314504
48249,43.36143075758927
48250,46.51119955589559
48251,53.03218716878828
48252,58.57431841011056
48253,58.16487792193703
48254,58.962233187045285
48255,63.59546793436705
48256,65.06144773649396
48257,64.68427480828332
48258,66.51842394237245
48259,67.96024846163469
48272,18.88247156338777
48273,20.82772476653629
48274,24.526245524956988
48275,26.181163151951356
48276,28.83823722585143
48277,29.84961454321706
48278,30.90589115885769
48394,52.403459123520975
48395,48.18215279798625
48396,57.08131796755385
48397,60.85107263383761
48398,63.214262232188126
48399,64.8353113211553
48400,68.10524697274158
48401,66.51921321636736
48402,68.81960091483037
48403,67.66040677506291
48404,69.37774341330564
48405,69.58577260570918
48406,42.79216154938256
48407,40.525673876567865
48408,45.15070316503436
48409,49.29073029854484
48410,46.54042122394537
48411,48.82776905677726
48412,55.181122741446856
48413,55.532844902272195
48414,55.71077778226919
48415,54.890438128831896
48416,53.28319420848077
48417,50.748835512219735
48418,54.41302930376135
48419,51.27621577601249
48420,53.61808868799955
48421,53.74834253373188
48422,55.673615084845565
48423,58.29894317525581
48424,58.85917563066235
48425,58.96967819102458
48426,62.78816933827271
48427,64.0598992175695
48428,12.968844387230883
48429,12.572102449754116
48430,16.333839810213906
48431,18.46913623235355
48432,22.726590171112896
48433,29.232283490526314
48434,33.330270402623746
48435,34.46810944380289
48436,36.21481325865119
48437,36.20484528145473
48438,35.471372755564715
48439,35.926021494604925
48475,4.241685681262708
48476,4.0773130826561985
48477,9.030008889779403
48478,11.051795949578253
48479,15.588379634987144
48480,17.43279766389145
48481,19.341222760977864
48482,23.308079981168742
48483,25.746322711447775
48484,27.256929494769633
48512,15.09264871628903
48513,16.70476215795008
48514,17.686487564510568
48515,17.16417960254493
48516,18.022001493662795
48517,21.871364988609272
48518,25.17923131971095
48519,27.748039903397437
48520,31.770720202498286
48521,35.067669610813766
48522,38.283556592657426
48523,44.596443894323265
48528,17.617777681419774
48529,18.853454486322114
48530,23.888150046608263
48531,25.322370157663297
48532,27.531042245587077
48533,35.0442744329428
48534,36.50144842770497
48535,36.932035413672146
48536,40.52431764907123
48537,44.49546266288654
48538,48.05933287173095
48539,51.864693263745146
48610,25.48409883288512
48611,28.472863473588145
48612,28.001244118330273
48613,32.97961598131507
48614,38.65500563526062
48615,36.40484138273981
48653,16.614209654357513
48654,17.573942559343674
48655,19.371171091112195
48656,22.9267811810899
48662,11.995014423747353
48663,13.749248698790247
48664,16.536117069493447
48665,19.811337891387247
48666,24.4841578597658
48667,27.092010826172437
48668,39.524513666205934
48669,39.723093391978026
48704,24.854520245181416
48705,31.489180087343893
48706,34.308803869287345
48707,34.44484306820499
48736,15.374299640003821
48737,17.428111091318915
48738,21.41428334542552
48739,24.13747021293897
48740,28.642025278912236
48741,31.16700410536953
48742,33.5586739241278
48743,36.294340941327164
48744,40.06607277920562
48745,34.92075393084008
48746,43.695970857449474
48747,43.63201456874372
48748,39.83948950498372
48749,41.50950250718576
48750,42.83695422023848
48751,47.645756570604114
48752,51.09210554323091
48753,53.07843937386794
48754,56.0237341572262
48755,58.19307218504646
48756,60.34411819732382
48768,51.77393200277437
48769,55.794581048944636
48770,59.552983462550415
48771,59.59102230789419
48772,58.30523485435328
48773,61.91112268078237
48774,64.21707348603641
48775,65.74429740843841
48776,62.94923100288072
48777,64.97486959339669
48778,65.5698059013155
48779,64.31906968589348
48828,25.731380281798433
48829,23.728422097143696
48830,27.962904706957687
48831,28.704419105112386
48832,18.82178737493371
48833,21.809320162211083
48834,24.414369513627122
48835,30.819459189738136
48836,32.65942436949627
48861,25.390138466691322
48862,28.185932422370943
48863,30.654288466483326
48864,32.31173681807319
48865,35.081697752623455
48871,36.37432207357639
48872,39.47328164510083
48873,43.698646630725044
48874,48.76502332714919
48875,52.78931005721256
48897,11.959501816287393
48898,12.917077571202059
48899,14.218117703650806
48900,17.538968079565816
48901,19.21709457991466
48902,21.16727666052996
48903,24.69000134357976
48904,26.685246534661548
48905,35.01972909035316
48906,36.53390769273669
48907,39.48730184204929
48908,39.44934638603804
48918,12.027405524388518
48919,15.933332314955477
48920,20.038057361312962
48921,22.819972779583015
49051,23.844644862465334
49052,29.526270518218226
49053,38.89966342485154
49054,46.14938855504859
49055,37.88075671951417
49056,38.79960526409948
49057,47.17859070679244
49058,48.31059677875579
49059,45.82139920098402
49060,42.5847457956289
49061,48.87030205059365
49062,53.37249626270827
49063,55.19837382460238
49064,56.55781917916773
49065,60.509983756752874
49072,6.321277689499768
49073,11.789290178777796
49074,14.680372315418328
49075,16.90763090262194
49102,27.25992018941513
49103,33.97730378266914
49104,37.02875511888935
49105,43.3847734905494
49106,47.11183442971515
49107,47.23834037674104
49108,49.385543389116364
49109,51.68749006205253
49110,52.287502465206856
49111,53.69380563077473
49112,55.72186459295614
49113,57.71749092136828
49126,23.930399598037685
49127,27.750995674008852
49128,28.9816015507692
49129,32.03672445259658
49130,36.00887047800988
49131,35.66903668089895
49132,39.70906734708863
49133,41.95885814384646
49134,43.42612535407492
49135,47.292267915170456
49136,50.835619275640596
49190,29.25434115975785
49191,31.62001381173954
49192,36.31755672240293
49193,41.5444057739937
49194,46.767727806683595
49195,50.54654481450231
49196,51.64782630596615
49197,52.18149784914504
49198,54.658023413616036
49199,55.53043754325071
49200,59.738552903720645
49201,61.90172702556084
49212,35.55950790661753
49213,33.23950097029943
49214,43.399323738248086
49215,47.77349577239732
49216,48.56872129517298
49217,52.671355341027684
49218,54.79593253698769
49219,57.625456791711336
49220,59.47650671933122
49221,61.78942792157639
49230,19.45492523113266
49231,23.4241270669471
49232,27.9366619825646
49233,31.48260050345757
49234,38.24767796309606
49270,50.40564345247302
49271,52.64917869522773
49272,55.319121058546436
49273,55.60758298165805
49291,18.805149628455265
49292,24.101215886577766
49293,34.407770260337635
49294,37.077239471865234
49342,20.75373285361407
49343,23.190519873234297
49344,25.378019263346328
49345,26.92509082594348
49346,29.424874779549864
49398,7.10475449445363
49399,13.275977714355095
49400,15.918681414899297
49401,18.87114473356459
49402,20.45294859973593
49403,21.875979617273053
49404,22.611958876592844
49405,26.791890327125707
49406,28.358177086375537
49407,30.817063329728718
49408,32.90594319743956
49417,20.61989191483812
49418,21.932460557426978
49419,24.45712771842461
49420,26.259928532551523
49421,25.481332713461505
49422,29.473294981434112
49423,33.93006769280647
49424,34.46148205343944
49425,37.497228096863964
49426,41.31834769630633
49427,45.441821693086496
49428,46.36285132490121
49429,64.33517739169017
49430,68.22315822942953
49431,68.59568921951133
49432,69.89137400892632
49433,13.321825769214234
49434,21.65348724343434
49435,25.338220282103762
49436,29.25737670911669
49457,22.102791725546876
49458,27.280867271172706
49459,31.20413008669942
49460,38.428721843423716
49485,41.77162625374095
49486,50.0456568038394
49487,49.15595815320284
49488,49.51233950385175
49489,47.67456919233038
49490,50.20420229120091
49491,59.79728390203779
49492,63.26043190135653
49493,62.01764226952506
49494,61.77803756478903
49495,62.40445162386219
49496,68.62468972847236
49497,44.70860940341647
49498,49.833970300642804
49499,52.24109627997768
49500,51.03791169428626
49501,54.00336828995838
49502,56.5773110386079
49503,60.930127590875614
49504,60.684774741945624
49505,61.10171752354556
49506,64.87951162045167
49507,67.59025690469356
49508,68.53049806882358
49585,18.32511113757723
49586,21.194363655637655
49587,21.138450985031096
49588,23.48891961784998
49589,26.747722483075357
49590,30.77135464467336
49591,32.6809780288285
49592,39.57135984023411
49593,45.72273168789265
49594,44.44185309588904
49595,48.191732206125984
49596,49.34474686471721
49647,4.487847072113842
49648,8.987273697082584
49649,13.948365870681513
49650,17.902916921851308
49651,23.329761399679604
49712,42.3782683613927
49713,43.41457615244495
49714,44.70290235282306
49715,45.122369587355934
49716,47.62286612011792
49717,53.643886191494026
49718,54.105877670098316
49719,56.746266273550994
49720,61.21389497545505
49721,61.80583965802574
49722,63.08336043249
49723,64.24862671817624
49770,45.014589742639856
49771,44.50753789079256
49772,47.39817943501884
49773,49.50025962111853
49774,51.17949288542855
49775,57.38917013071636
49815,15.915912801766101
49816,19.742015613874077
49817,22.357947742151154
49818,23.735444479940785
49897,21.742476117833746
49898,25.41178006744417
49899,27.125443027036766
49900,30.76741913660143
49901,41.38914529273958
49902,43.755644518437414
49903,48.732313636793904
49904,51.70620547200723
50004,2.611025008627203
50005,4.078183280827536
50006,7.235878231050042
50007,10.219741887729414
50032,24.804744861322295
50033,27.807011218531123
50034,33.45501252535749
50035,39.98998022429724
50036,24.925548976465457
50037,28.966967982522913
50038,31.802613726471545
50039,34.20165080032431
50040,37.32403494611081
50041,39.88125852424048
50042,39.02514683922412
50043,42.57562162633534
50044,42.987117193792564
50045,44.877542320349065
50046,48.410075563186524
50047,48.512803668414314
50096,49.17636272634244
50097,54.510503223935245
50098,57.97449829775368
50099,61.90116303534918
50100,65.25487069029427
50223,44.44508904643151
50224,49.76924446292884
50225,46.85455264235468
50226,55.02942691869061
50227,55.759185843042914
50288,20.955221282380844
50289,22.54249754048394
50290,22.570661572202784
50291,23.669187912513173
50292,26.42510240343523
50302,8.081383036112527
50303,9.750518004106887
50304,14.576091806271968
50305,19.640978413347415
50306,25.46892971528896
50307,27.412359028682157
50308,30.539860922665472
50309,30.567495957168145
50310,29.431358351213802
50311,31.47039406741775
50312,31.640652892144526
50359,30.868456214061005
50360,32.90276897939249
50361,36.75166632510334
50362,39.36552897324062
50363,20.146770613660546
50364,22.066040789372604
50365,27.39133170195526
50366,31.95501661086523
50407,24.825033149079477
50408,26.37836328042288
50409,30.05072820825344
50410,30.582635664814966
50411,31.716998952339534
50412,33.013543651285566
50413,33.733895469177995
50414,37.39266984066844
50415,39.27920701944677
50416,47.36645147060269
50417,46.96606180097319
50418,48.874860370351456
50457,37.70100394369221
50458,51.30870356947982
50459,62.94937181769959
50460,58.622621651139546
50507,14.864236302911117
50508,21.26371905670025
50509,26.402224221208197
50510,30.53424295017226
50511,35.834548050445484
50512,39.70015788613427
50513,46.124879927045264
50514,45.32683370999474
50515,45.93573132299428
50516,51.532539735026056
50517,52.45723231388898
50518,56.38790751715119
50519,54.48465526441984
50520,58.70474856707988
50521,61.5911419619193
50522,61.248714126689805
50558,23.35718386834335
50559,29.116449249466093
50560,35.01303678720908
50561,35.19323704875136
50635,53.29944696890729
50636,58.99330711777925
50637,65.98806892894753
50638,61.411237028947056
50639,66.83312212690281
50640,67.6507805249316
50641,65.22689667486073
50642,70.07888767834724
50643,71.41215631976428
50644,68.71955835235842
50645,72.5136416518024
50646,73.12467424880069
50656,20.52091850932081
50657,23.576469584132642
50658,28.39545047172184
50659,28.497343874462068
50660,23.866755421195833
50661,26.000849738010874
50662,28.55432519125903
50663,28.553881325657365
50664,31.3962390615788
50665,32.06561433629691
50666,38.610016284296286
50667,40.74220098752871
50668,43.30458616015855
50669,47.16514501890803
50670,52.65000503137527
50671,57.17812440281883
50686,22.526333310538888
50687,25.19250706025723
50688,29.940372670479793
50689,32.290209801553594
50735,8.343787878578931
50736,9.31840117480088
50737,12.024140115693742
50738,13.342497894040136
50739,16.314730974047098
50740,16.77106803626082
50741,19.1056470498817
50742,22.596253659583233
50743,25.12044661185016
50744,27.142188696041885
50745,29.025337528994683
50746,32.351600793764234
50752,33.68886625754662
50753,38.550778477295964
50754,41.30947407378077
50755,38.820130505382544
50756,43.285658254378305
50757,46.25415676536108
50758,48.02798106177521
50759,48.47415992529727
50760,52.36161276321108
50761,53.80961519206971
50762,54.99511720779247
50763,57.1363921902928
50768,7.242635910874265
50769,9.901612313453068
50770,13.500334203459722
50771,15.21203421838562
50772,16.31497956686697
50773,18.658137730664823
50774,20.142490714870736
50775,25.81339161468604
50776,26.953902515164433
50777,29.1198583535258
50778,29.50052566385624
50779,31.627723338913725
50792,45.29827221876279
50793,47.80839308942479
50794,51.64731337285722
50795,53.37279839608684
50796,54.847054268491085
50818,33.63892654271357
50819,35.04744025930971
50820,35.89914629871468
50821,39.02619213083072
50822,42.12393286566996
50823,45.61100176625128
50824,46.54969028596351
50825,47.540727642802764
50826,46.86694698321985
50827,48.03928723400747
50828,47.117891645121446
50829,49.538184565138096
50848,47.119256678280905
50849,51.87678684338217
50850,54.6564237757267
50851,57.670108292251804
50852,60.242262421009514
50853,61.60819702018242
50854,65.27255212477674
50855,68.31749622041977
50856,66.85076985158707
50857,68.05095168476885
50858,67.28725127895025
50859,69.78666216394906
50860,35.30889308592118
50861,36.97361415084043
50862,37.587433533329104
50863,39.410223295622096
50864,41.97317632729689
50865,48.381238669916954
50866,49.97039449148137
50867,50.49046350177266
50868,56.25821648813172
50869,53.5963819410326
50870,58.33704376354515
50871,59.83755527329744
50890,17.94560021886644
50891,19.791480181859384
50892,24.840276899970547
50893,27.81572822104029
50894,35.38941039366356
50895,34.95943022302893
50896,36.80797225470096
50897,39.745630204097885
50898,40.684894016278925
50899,43.37235241036751
50900,45.19850078811674
50901,46.09211928188183
51021,37.81054125116202
51022,40.91146697393402
51023,41.977053214043615
51024,40.86504089712826
51025,42.38044415094673
51026,46.959800632087244
51027,53.42581885550405
51028,54.13495284989845
51029,56.6419679814189
51030,58.32867832156962
51031,60.20404583457216
51032,63.10035700830571
51088,42.826155968501794
51089,52.15006472355757
51090,59.367639060182185
51091,58.75217280368628
51111,23.302049209725837
51112,28.799854120678155
51113,34.908910459846425
51114,43.170399131237104
51122,42.595957079847345
51123,47.5479432137057
51124,46.0546431496158
51125,54.12171297053061
51192,10.855971367972952
51193,14.878667906973734
51194,22.840574633906456
51195,33.405186735928524
51204,45.57906959724459
51205,48.39316152338007
51206,51.25620102326198
51207,52.30375593952392
51208,55.35475769494943
51209,58.98635969158919
51210,59.54381467884138
51211,60.499455580681904
51212,61.56300590024844
51213,62.656440167405684
51214,62.60609623254163
51215,64.4915217153988
51221,13.007805441085926
51222,13.72622620081352
51223,15.78171277607156
51224,17.94817681589873
51225,19.666105111174993
51226,19.78396617815679
51227,22.613631341393113
51228,24.40811399146366
51229,28.054424048056184
51230,28.758918410917342
51231,31.2432714038221
51232,31.38673716399793
51334,9.845878649342527
51335,13.589996024024293
51336,14.721805307768491
51337,17.01609731730631
51338,16.605099449704767
51339,22.661918802954506
51340,25.973764026549954
51341,29.901654286555054
51342,34.31272093080816
51343,37.497921890984514
51344,40.89338222772164
51345,40.39109384864562
51400,15.73250926543008
51401,15.57424873007588
51402,17.19675176957997
51403,18.74085345729695
51404,21.423573809160853
51405,24.15061166831704
51406,23.994398743866086
51479,16.700948324766106
51480,15.702592916397695
51481,16.07058064997591
51482,16.141246188849077
51541,20.88072482820041
51542,22.86901149453369
51543,27.85492062572675
51544,24.302524152802498
51545,24.200336002923915
51546,25.44850902530676
51547,26.48511910698701
51548,31.884515973477924
51549,36.14685024262299
51550,34.437398100574285
51551,37.76414222087572
51552,40.85819061728826
51577,38.22194890008376
51578,43.15636261871937
51579,45.70129780249093
51580,48.39649739732805
51581,54.888910530333234
51582,56.45092565867035
51583,56.681828109858984
51584,57.12377740825266
51585,57.23104896442607
51586,59.240282896310454
51587,62.57253986563598
51616,44.010349940723394
51617,49.97728816546704
51618,54.46299486988562
51619,56.61658423779243
51620,60.560234996061546
51621,60.283915915470715
51622,63.058075268312734
51623,65.59817254110453
51624,64.76136311710718
51625,67.92183579997015
51626,69.7712325262457
51627,68.25683463379974
51674,31.61754457360033
51675,33.29676133687436
51676,41.83834586522296
51677,43.89998899228484
51678,47.42160460813111
51679,50.26648505198424
51680,55.62201931291673
51681,60.5929648584698
51682,60.97122504108912
51683,59.780299712501325
51684,62.26526255255216
51685,64.83148219891453
51702,33.68195314603325
51703,33.54505614422846
51704,40.16275828880385
51705,48.624537019179755
51706,54.20102762799034
51707,58.31964754231844
51708,61.51520755836557
51709,63.265269108822395
51710,63.55174577696784
51711,66.84690629662877
51712,67.17913457591648
51713,67.78330644030972
51718,19.088968160211433
51719,21.424724606790768
51720,24.199730854549006
51721,28.211579276210415
51722,32.274536280660406
51723,35.90151500718693
51724,33.85435400110235
51725,35.15853284974951
51726,39.917982645932796
51727,39.54147291352775
51728,40.14191913131523
51729,39.6157857958324
51730,35.78042058518927
51731,47.77231415165669
51732,47.01464247937218
51733,54.298388667691086
51734,55.691202423245436
51735,59.491886588373355
51736,64.11205876239764
51737,65.61466594717025
51738,66.47617153624127
51739,66.24242005563785
51740,68.29604820034085
51741,70.24511543871029
51747,19.630659102435818
51748,21.560077035294178
51749,24.994274254508607
51750,29.008220514826775
51751,32.21847517452339
51752,32.43711298233425
51792,27.141362789330085
51793,27.792824513143998
51794,27.383984679361095
51795,30.161347559766043
51796,31.785582384844645
51797,35.45027711932577
51798,39.51485146185155
51799,41.612553032492734
51800,46.19054388953844
51801,46.54437404049505
51802,50.18008855062639
51803,52.43801414959139
51812,8.525782646151152
51813,12.034194410316632
51814,13.762918638689545
51815,16.315203035150052
51833,26.942420798390582
51834,26.91128125277562
51835,30.51499949830849
51836,33.76659010396099
51837,37.730984599671395
51838,42.09409830163756
51839,44.99974356870793
51840,29.5598192850438
51841,35.35524515969755
51842,36.00805434134406
51843,38.331555401123886
51844,39.56840994604784
51845,40.55305304478838
51846,43.848950371983804
51847,46.60214814600112
51848,47.5816625716277
51849,48.473609125800756
51850,50.9292193487538
51851,52.09703351079361
51864,32.13377987270746
51865,33.79244622064837
51866,38.04165976397196
51867,37.88046664113494
51868,37.767058411440146
51869,39.39232183202971
51870,44.96163362138185
51871,42.16216696629015
51872,46.38725809698141
51873,47.31855674171826
51874,48.877133265805945
51875,51.28019207969652
51891,12.474514429216862
51892,14.834771362489649
51893,17.89249374338273
51894,20.238113350381457
51921,22.50313260489968
51922,25.263052821279693
51923,26.58921266961692
51924,28.67255110575184
51925,30.895835126255694
51926,29.26124193164604
51927,33.71577910207017
51928,34.441527358313316
51929,38.319735373855444
51930,38.13736826759389
51931,41.22320808609307
51932,44.565998495332465
51937,38.12409471793805
51938,42.09317546644154
51939,48.3533163063948
51940,50.745634865991754
51941,50.11286062861686
51942,51.591350537680185
52202,39.78722953020193
52203,43.57320526145978
52204,46.673243486846104
52205,50.6183254780037
52206,13.835802023477692
52207,19.336494607667955
52208,23.362636500864383
52209,27.290589898998714
52333,27.849483103108643
52334,31.26487085564386
52335,35.123362538560734
52336,35.35618365245993
52359,36.09122979977061
52360,36.77247524730101
52361,40.421809091871616
52362,41.15659194864158
52363,48.10817667668858
52364,51.69887774332111
52365,51.0127499605836
52366,51.83685786174249
52367,52.68102376693839
52368,56.73330589318952
52369,57.04892713582301
52370,59.13247828435556
52377,6.094761770378768
52378,7.485131386433012
52379,9.089275837545262
52380,11.928917149578961
52381,13.287467809229371
52382,16.45614917794685
52383,19.094336452818656
52384,22.776149414982566
52385,25.787171471310494
52386,27.56902453557587
52387,28.730468072994658
52388,29.434427137613078
52413,56.018852029797294
52414,57.35260119476866
52415,58.28140192316101
52416,52.73474029557928
52417,57.560820021193024
52418,59.61525304946673
52419,60.05597686124457
52420,60.71565040754654
52421,65.04060985702372
52422,18.282212479125715
52423,19.18586356648569
52424,19.092944620501864
52425,17.446937985415985
52499,21.787651781881152
52500,23.598023431879803
52501,28.83303937230324
52502,33.267591301211375
52515,33.521497822674824
52516,41.671458032683134
52517,45.947682688739434
52518,52.87690290766579
52524,12.491522003017481
52525,15.694068687475294
52526,19.968352192424742
52527,23.87719362266428
52587,26.874229037505536
52588,26.171575065486145
52589,33.08814187944263
52590,35.71946626053682
52591,35.8235949432649
52592,37.92268747837393
52593,39.474770474729326
52594,41.82577748081609
52595,45.45508955136766
52614,28.19471237341287
52615,30.333337516513595
52616,31.277590862731852
52617,35.64988852453744
52657,2.4212122978644968
52658,6.678102785259763
52659,11.066033546893589
52660,13.882324900552572
52661,45.997452773518035
52662,50.92012360536292
52663,57.491153645890435
52664,62.49653153696382
52719,38.57369503860388
52720,40.06043372197296
52721,41.49669810777287
52722,38.94448626114771
52723,39.209529684260794
52724,43.290537083739586
52725,46.23968377439289
52726,49.32108568784937
52727,50.101125609288104
52728,52.29564623142124
52729,54.13061671933087
52730,55.40595732739035
52753,11.005514609043031
52754,11.77087801483249
52755,12.717042710590437
52756,14.573122835351905
52757,15.939077811944271
52758,16.77550013697362
52759,19.00858333141496
52760,19.421912230682743
52761,21.302929720051875
52762,24.68963350224863
52763,27.074289090428334
52764,31.23266493577869
52802,58.04421907069073
52803,58.17250291005977
52804,63.045810870621615
52805,65.83692849137456
52806,68.12794279186829
52807,68.50698940191552
52808,72.13151226028015
52809,72.49255084082968
52810,71.98785122964561
52811,69.75690222629687
52812,72.06961181098116
52813,76.46879358737384
52861,22.644887187693048
52862,24.842836705081144
52863,27.97893061199195
52864,30.163146343371846
52865,39.93878029270813
52866,43.5831611629707
52867,46.21700680097982
52868,45.033790268427246
52869,48.07904254318274
52870,46.67064102571812
52871,52.340923405623464
52872,47.89538019790364
52913,11.622254799268285
52914,13.42131613166547
52915,15.421401013218754
52916,16.153969124390088
52917,16.475762067310686
52918,18.828208841400972
52919,20.87469171373156
52920,24.13203916594938
52921,27.257340169337674
52922,29.704241250395963
52923,14.627128069886645
52924,16.993208663345918
52925,20.39259779513933
52926,22.5964125314664
52927,25.16171853047042
52928,29.75646774888524
52929,30.923637182641656
52930,35.90233533693932
52931,38.986595917235896
52932,39.79394941573596
52933,43.61571196550846
52934,44.88672690109611
52955,27.653386145869273
52956,30.686518322739765
52957,36.24287184189695
52958,43.38429822672081
52959,46.39953565435546
52960,52.830459031290715
52961,49.514328756580895
52962,51.30790987440196
52963,54.57992563814286
52964,57.195812106727864
52965,60.72570665195955
52966,58.934669278553976
52998,35.32228812150571
52999,39.82842666703015
53000,40.82932857691718
53001,44.77406451803104
53002,30.022699053463725
53003,34.118173286175754
53004,35.906021216887794
53005,39.13687443961589
53006,42.6788098086072
53007,44.02593105468216
53008,48.26604597820687
53009,47.35277960645034
53010,49.44025949525882
53011,51.84942715303386
53012,55.027103401069155
53013,57.98581450097053
53014,20.553752459879355
53015,24.050857889525425
53016,25.151995076427696
53017,27.40090237178941
53018,29.20158889469118
53019,30.92225793115955
53020,36.79290070151932
53021,39.15245743815065
53022,38.986057835566065
53023,39.59969142094377
53024,42.47182112861096
53025,49.08870919063457
53141,28.242716950384565
53142,33.47789977909887
53143,37.105303076418174
53144,36.52543383437002
53145,41.48653090599055
53150,5.092593612814307
53151,7.658815495456346
53152,10.722607145105115
53153,14.264213783138608
53154,16.203746106350874
53155,18.326728364371
53156,20.20467983123016
53157,24.43499829777732
53158,31.167036153114804
53159,30.802262752037258
53160,32.074724474668415
53161,35.756770229638136
53162,24.353923300928848
53163,26.611797338435057
53164,29.51375487923569
53165,33.97475749222145
53166,26.558783601900693
53167,27.969626909417162
53168,28.442424203885075
53169,31.722221894506877
53170,31.662599115910048
53171,24.75557069119174
53172,28.402264855282315
53173,27.927400383300796
53174,30.552606455900673
53175,29.433069865848775
53176,29.351684808915945
53177,30.99259287326374
53178,34.55942937600962
53179,40.80793749342362
53180,45.12085868647769
53181,46.590307574097906
53182,49.95387240489418
53183,47.945117456586395
53184,45.93149688948305
53185,46.03281324600855
53186,48.23373754536905
53187,51.76542591520343
53193,33.82849796742409
53194,34.66196639079081
53195,37.29631900441018
53196,41.335336962672976
53197,39.765064063930325
53198,47.59430049428613
53199,49.36291244816187
53200,57.68163369673617
53244,25.76465181171906
53245,31.331729144045596
53246,37.42897912365363
53247,41.74472944245256
53248,43.753735159398005
53281,22.65963697105818
53282,21.13099139428846
53283,26.4506080026839
53284,25.579703327455686
53285,29.130177669579123
53291,42.6198860733234
53292,52.37822271552305
53293,50.824078470354955
53294,50.35055720585858
53295,56.72812702582614
53296,56.9093350466279
53297,58.46822919633717
53298,66.00782632250525
53299,62.868662557051046
53300,68.52749635388352
53301,66.65125391489995
53302,66.73784777217591
53318,40.020187142495075
53319,37.21544091972585
53320,45.24172674709113
53321,48.484978927315034
53322,54.6200635164991
53323,57.23060148054383
53324,60.41727713509778
53430,33.16218634682112
53431,34.233808916652805
53432,34.87693715110817
53433,42.12892472199418
53434,44.105571683095135
53435,42.78585950618422
53436,47.70306580674892
53437,45.206234337571246
53438,46.72762788459486
53439,48.90893977918635
53440,51.26952539271037
53441,54.88304142695084
53442,27.22799249039288
53443,32.5298132592569
53444,35.02496586535839
53445,34.65056490618938
53446,41.576545795199536
53447,41.461984627950194
53448,43.19880223212486
53449,44.60120334871032
53450,43.29075007968281
53451,46.43801734051525
53452,48.24183672294281
53453,46.82809510068694
53483,26.874190740249475
53484,28.47211091553665
53485,33.26286313982496
53486,39.24928051888875
53487,41.19615023371352
53488,41.58542077371567
53489,43.15297292766219
53490,47.450452047391984
53491,48.94385819985645
53492,50.69651787074689
53493,53.370002910111765
53494,57.68852171210889
53527,42.33102841961416
53528,42.060533678801484
53529,42.93646852721833
53530,43.68292236377667
53531,48.0159979569524
53544,27.394287812002155
53545,30.53681331897487
53546,35.725843342713475
53547,46.557758561035186
53589,51.57516856735739
53590,53.19795703560392
53591,57.6879332671034
53592,60.36643430613937
53593,58.46842689412513
53594,63.20538453051907
53595,64.6337302235578
53596,64.35861126275809
53597,66.94139311573642
53598,65.60080727503956
53599,67.75489648077067
53600,68.0941575799175
53651,46.863040900901524
53652,54.044858014283214
53653,56.747231239955426
53654,59.461552288930726
53655,53.107982579297634
53656,57.101460222140815
53657,57.89774566492155
53658,60.801059905467525
53659,59.9844415998351
53660,63.23970985765143
53661,65.50529305930263
53662,65.73629166379834
53663,66.46209604632385
53664,66.92714048904035
53665,67.69439459046143
53666,71.02659423525951
53667,27.923974220621968
53668,28.310081632386467
53669,30.22922563783505
53670,32.07400712805564
53671,34.2936373779115
53672,34.74879782060644
53673,35.91780430849259
53674,38.5844402590757
53675,40.06571837516679
53676,46.38147839533455
53677,49.36682473187232
53678,48.71847904736266
53703,31.459278304794186
53704,36.710045885344975
53705,41.17271145961574
53706,48.398347417294836
53707,54.03090346578134
53720,5.400982145030494
53721,5.0031646152717775
53722,7.767538186272333
53723,10.676638066632721
53724,14.129063218215498
53725,15.368305428303165
53726,18.237394884632742
53727,21.0758301694054
53728,24.521966567730555
53729,29.70502708599622
53730,32.05978410552942
53731,34.680768174739825
53732,18.670126123592247
53733,22.682505920242033
53734,24.758873472270942
53735,28.18687831752612
53736,30.824583433417487
53737,30.71016236731043
53738,30.505935062896413
53739,33.55102028082522
53740,35.404008906746846
53741,37.12837610643328
53742,36.96842415484663
53743,39.917983979538725
53794,16.93951514825069
53795,16.960494127136936
53796,19.930993375719495
53797,23.277128424571977
53798,26.842604565232396
53936,47.688668730935724
53937,50.82268488717207
53938,58.802743766753885
53939,60.1819658631055
53940,62.652528867549904
53941,65.54231184425362
53942,65.72610504362767
53943,64.25088588069622
53944,67.58665200193207
53945,67.63850588631293
53946,68.61140100461243
53947,70.15946162163142
53954,0.5870521536134183
53955,0.6161982009016502
53956,1.0530470931655584
53957,5.229997111951033
53958,6.423485979577795
53971,25.44994067622267
53972,30.040892563914962
53973,29.9752037090203
53974,31.14950104224755
53975,32.10660470917873
54001,24.245273233764564
54002,28.244482221102043
54003,35.71952981319454
54004,39.495724763712104
54017,22.000778898752188
54018,25.612343565328306
54019,28.547445807140495
54020,30.220080225942308
54021,30.43215553294103
54022,32.52391851832385
54023,35.1812034509476
54024,37.40408422817409
54025,38.237341829575485
54089,35.175813420275134
54090,40.059040209528575
54091,43.257240117172074
54092,43.94322537162178
54093,53.210200716019045
54094,52.63455996402149
54095,58.19311878181966
54108,52.375186851270435
54109,50.98633489912031
54110,53.36076681018498
54111,52.6043104198018
54120,7.4598385722296285
54121,8.4254067208037
54122,9.665878657211982
54123,13.207557517052557
54124,15.610119503623077
54125,18.718874748942145
54131,5.991498480838278
54132,2.5584766494901263
54133,10.818810097456096
54134,11.727436802575228
54135,16.291199569757598
54136,16.618337330752
54137,21.760829530399146
54138,25.27117050309584
54139,26.696767086952192
54140,32.10627926524349
54162,28.826700216088685
54163,34.88933275769675
54164,37.75001833120799
54165,40.223720766789874
54178,0.3988896703528571
54179,1.569891844041605
54180,3.8912938683678817
54181,6.835001413272337
54182,10.5411176527523
54183,13.067340033906214
54184,16.651676371470472
54185,15.708870743632444
54186,19.443177727623056
54187,23.858485097290558
54188,26.659822580891287
54189,31.113648957806056
54202,64.90333600502053
54203,66.88992690500845
54204,70.32980787278369
54205,70.19940251285126
54206,72.09446679744964
54207,72.65878671138137
54208,71.9734152511928
54209,74.55706105071063
54210,75.60476057644811
54246,5.177922981853858
54247,5.875813892526791
54248,6.800551406635474
54249,9.699673407315544
54250,13.761144466614356
54296,45.80988222373291
54297,49.69726694536137
54298,54.03124555785955
54299,46.29952088079633
54300,51.560588942548236
54301,58.949731792547304
54302,52.988332809724405
54303,55.79890736358117
54304,61.857822395455486
54305,61.593660543052025
54306,62.4590768475078
54307,70.0059302607527
54323,16.00549166157526
54324,15.871028310764789
54325,18.896550506522555
54326,16.95997465052461
54327,15.707982977053215
54328,17.67395452158232
54329,22.620799273528522
54330,25.394278376608195
54388,25.871661467125353
54389,31.34840615345991
54390,34.352707172338135
54391,37.87011938612956
54392,42.56907239760185
54475,6.199954938890724
54476,7.371434155229734
54477,9.652548337022615
54478,12.778058381761175
54479,13.894243393128756
54480,15.391457889184188
54481,16.55624320618797
54482,17.80151442143669
54483,17.7085874845548
54484,19.714043842835235
54485,19.763763641980265
54486,21.165260761903777
54493,29.4010087123389
54494,31.701680694560295
54495,32.55193949274682
54496,32.265519907479096
54549,13.544295853454583
54550,15.833575286434058
54551,19.32361253302864
54552,22.64305783410104
54553,26.33121585023866
54554,28.773726776163837
54555,31.456212570335932
54556,34.30540926710018
54557,36.28837730422804
54558,36.188210029503495
54559,36.575873447301454
54564,2.018749775770307
54565,5.720859492625882
54566,8.083328921245837
54567,12.566580652679336
54659,12.16900960993038
54660,16.895454204355634
54661,20.34904581287811
54662,23.84257402643504
54674,19.556337828750436
54675,22.3604570297752
54676,24.903979399324932
54677,28.83285621081298
54714,18.456331860011858
54715,22.90513099619118
54716,24.996284100928637
54717,30.06108280674331
54718,34.907551748724785
54728,34.411217084844964
54729,36.00512187780575
54730,39.13625258380482
54731,40.38962800369608
54732,45.74516100500571
54785,26.09265556266122
54786,31.595382734503314
54787,34.7531232467233
54788,32.43981700930626
54789,33.59224284608547
54790,38.51165025996062
54791,14.562102934579125
54792,19.166062528116978
54793,19.981092555678448
54794,19.8432666018359
54795,24.838533682400566
54796,28.889242511979855
54797,32.42750131091399
54798,35.39960397841118
54799,31.908676790526485
54800,35.25126760604339
54801,40.04528371745341
54802,42.1873348474511
54851,24.16824295325219
54852,24.612836239619043
54853,30.056158165552407
54854,33.19367634004589
54935,37.477830131975765
54936,45.12936794460867
54937,55.082493618966
54938,53.10584067898543
54953,55.943412922104905
54954,59.85705223559753
54955,61.718371791516304
54956,60.28217506511673
54957,63.780000817834924
54958,67.1574802708975
54959,67.25295945560867
54960,69.07222799973073
54961,68.16198439377474
54962,71.01083589652201
54963,72.99124477229137
54964,73.72404567177158
55017,32.7918832340866
55018,35.775246052546365
55019,40.83569512868783
55020,39.596883361453884
55021,42.9840254859852
55022,46.035316468595376
55023,45.19609592920306
55024,46.12879850447685
55025,46.36968605388349
55026,48.339033982522366
55027,50.579083949480804
55028,50.55816602179058
55041,34.85746599266739
55042,36.33501049597477
55043,41.07985449131968
55044,45.574634179979206
55045,44.417163217524596
55046,44.88542546298706
55047,43.645991320366264
55048,48.23896397371492
55049,45.57315700544791
55050,48.70688426403976
55051,46.79904393235809
55052,52.755765733802676
55060,44.473220752300314
55061,45.816704512599884
55062,49.90840779500819
55063,54.97546355424929
55095,33.47442044422048
55096,38.23608931579207
55097,49.46988829722599
55098,53.05430702271302
55127,27.74344881354973
55128,28.968354054520223
55129,28.764364248069157
55130,27.81060059597079
55131,29.787558046840164
55132,36.87304477621538
55133,36.28663935659864
55134,38.13536843667305
55135,44.101079766607214
55136,46.66030606297552
55137,50.4072918962092
55138,52.753048940777404
55179,26.92827195926771
55180,30.288947360029557
55181,35.11522071755148
55182,36.37648705622708
55183,44.6104411773213
55184,44.516105668082744
55185,47.619579628522324
55186,47.911701043007724
55187,51.46258932628476
55188,53.59675915192475
55189,51.02893312546286
55190,50.27335779065373
55191,53.88591185519487
55192,56.94117470590205
55193,55.80486166737651
55194,59.045412481659966
55220,15.47429784033002
55221,17.037000673984902
55222,20.96984718367263
55223,25.329544547491007
55224,28.993099117594472
55225,32.208316141270146
55226,34.091271762100945
55227,33.94710251940174
55228,35.09448168060864
55229,38.49773585741695
55230,39.506542345241456
55231,40.66125802882892
55261,7.738819317618426
55262,10.295103588794445
55263,11.255164794409824
55264,13.84921490062481
55265,15.69261135728328
55266,17.127157636579774
55279,45.23085669976404
55280,52.50613693067722
55281,51.392510353877945
55282,53.41693723098706
55283,54.53806482141136
55284,58.807886328316606
55285,63.064734743776945
55286,64.49012032939
55287,67.39051769891802
55288,66.88949103046237
55289,69.52092792228359
55290,69.37239713072417
55349,51.773547422706265
55350,54.50986304138221
55351,57.86683767732675
55352,60.13567188695183
55353,58.93596558785773
55354,61.310536252761665
55355,63.76952161582118
55356,67.22551843160262
55357,68.60608728698396
55358,68.59509875522544
55359,69.82012998651241
55360,70.12368127047739
55517,10.47242947442111
55518,12.416158414449024
55519,12.976013181013032
55520,14.036854157141091
55521,14.816054936702248
55522,15.194980999488875
55523,16.931843822575654
55524,18.99244077069707
55525,22.435079277576126
55548,25.474492136624214
55549,23.80402195890962
55550,25.900654389598223
55551,27.18785504288227
