Index,target
66,23.25498372534644
67,28.71118850408795
68,28.94208973364794
69,31.728233479241105
70,33.355511804618935
71,37.01078149359763
72,38.81842793031209
73,40.31756349743464
74,44.27382955543946
75,46.279030187221196
76,48.339407575432816
77,52.08508256990221
141,25.451570170324448
142,29.32862592659519
143,33.32618086178686
144,35.85936307946064
217,27.14375472999245
218,32.96020334463318
219,36.64877992098674
220,40.75528444158059
221,10.12176245879961
222,11.547794385831052
223,15.099131247988396
224,16.965722744623992
225,17.67782640716419
226,19.76835773143766
227,25.740986506846724
228,27.9300464676945
229,31.131726079219877
230,33.02098628143368
231,36.258009694253964
232,37.72315346506496
233,41.54892716795182
234,47.33527715559428
235,49.28315241071386
236,53.131246515746426
237,54.86498558410888
238,58.715482037984955
239,61.38670664174824
240,63.64059643207966
241,65.64139583854951
242,66.88963964355911
243,68.31405009815998
244,68.2812699434803
423,17.90901975802226
424,19.719455185218823
425,25.81512253891564
426,27.695443133876758
427,31.089450977057847
428,33.93300546695778
429,34.908243163490184
430,36.70742765975243
431,37.14881725790445
432,38.12045427831935
433,38.58151698954425
434,40.34901355503584
447,15.812711295658676
448,19.604745877933063
449,21.613544353568088
450,24.632965593305595
519,27.490602047745195
520,33.401656312425864
521,36.63736757932785
522,40.033645442516296
554,20.138204340001913
555,26.77279362646487
556,36.50357760941092
557,41.70529320069809
558,47.38630754064688
559,13.591206233784632
560,16.90231352738164
561,18.754862614630845
562,21.11227981366215
563,23.25469297528999
585,27.56056490592723
586,30.26900133375513
587,31.81469589132104
588,33.835679823521914
589,36.27554700508904
590,37.52018293373663
591,39.16192309679913
592,41.56731547939598
593,42.21205449865685
594,44.4370521208688
595,48.13512431863324
596,49.30047880047268
606,22.297453750252135
607,25.19055785818379
608,26.95718847409322
609,28.166075613229317
610,30.651554387929448
611,33.03746861565985
612,35.14623552308144
613,36.27081525528309
614,36.99351983309737
615,38.95663665446272
616,40.670279179008844
617,42.69603184602212
618,29.073838259021127
619,32.24403606381674
620,39.65740075366801
621,43.77566036403282
622,42.774196908296005
623,45.343091201366526
624,51.432095828857534
625,55.470002641093146
626,59.59686886481499
638,41.97383557717195
639,45.32270328892122
640,48.060850513863215
641,52.227468038952296
713,45.87417328268118
714,48.99808786443168
715,52.31592621694872
716,55.72187419167012
717,57.88452668762778
718,58.137470313896486
719,58.80673363818091
720,61.02104887372364
721,62.18681505227672
722,63.5695643564653
723,62.81474957945394
724,65.44912230523175
731,26.407507464999924
732,28.839370324449746
733,29.77393846366734
734,30.253921280417686
735,30.20871042040008
736,31.690368938122365
737,34.464400253644285
738,36.401324392243374
739,38.135425939575946
740,40.915653044802866
741,43.53777896415906
742,47.454739542619265
759,28.621451549114024
760,32.76296935897843
761,35.90939493794707
762,38.49386434455686
763,40.5652483646989
770,31.97946989144164
771,36.99837701521965
772,38.574637385633466
773,41.78110076334175
774,46.04445418587365
775,19.775625311738896
776,23.869383340563775
777,25.28544079784799
778,27.512757242166426
779,30.81901300990867
780,34.713836903696695
781,34.360977423002986
782,38.37338607936294
783,42.130434404004404
784,48.443373680578695
785,52.49062073015016
786,54.43054179503673
787,54.403093476801224
788,53.67682552208913
789,54.57318652086306
790,56.2200804368838
791,58.30627676558318
792,60.41631721128415
822,41.03284580169538
823,45.384260516978046
824,46.56898574732051
825,49.56012830033122
826,53.59540163638536
839,24.43037233726141
840,29.417982428943777
841,32.682059361711936
842,35.56113491147416
843,37.68798872099846
844,39.72051437916026
845,41.60212891414315
846,42.81751777434386
847,45.32243154483653
848,47.23232040623505
849,47.32148239601476
850,48.949292755712136
911,20.716418384367827
912,23.70626196707203
913,26.664423763839316
914,28.345023127140223
915,30.54301020721667
916,35.244547946297295
917,38.51676793863111
918,42.437334985136374
919,44.812875039365785
920,46.69581113430719
921,47.73659509405713
922,48.64735078963704
944,21.581563785011298
945,27.94130780406228
946,29.914890558149224
947,31.588712666029046
948,34.28817193740357
949,36.330811327568334
959,49.044486244966414
960,51.93432591054847
961,54.32286952830852
962,56.17086976113049
963,56.96569842831264
964,58.7704093641166
965,60.65541180745175
966,62.35352273283333
967,63.21422272601102
968,65.61730842773284
969,66.87966895647381
970,67.98641937709168
1097,25.46908439547052
1098,28.065112958217842
1099,31.430472068070863
1100,35.78541937486237
1101,37.54777634324686
1102,40.27560024690435
1103,45.86677438464151
1133,37.359861195246
1134,45.209153244167695
1135,47.16473375113767
1136,51.39262764709114
1137,56.16073588873255
1138,58.94206338650412
1139,30.980009333046432
1140,33.54693752537932
1141,35.08856712948735
1142,37.298223402113706
1143,40.75188351197161
1156,31.804373990732756
1157,33.446797482639106
1158,35.117595420223694
1159,37.074152618067224
1271,24.107787037130215
1272,25.739094425564947
1273,28.55124173329054
1274,31.329747525461563
1275,33.879429125149926
1276,36.19307483992774
1277,39.57090663678587
1278,41.262892815074885
1279,42.81460630118984
1280,44.58696704304198
1281,45.98131289529094
1282,50.21276198228115
1294,62.09712263921835
1295,63.57809839908617
1296,64.54915709536871
1297,66.73540864763001
1298,67.67422641960158
1299,68.52489876357839
1300,69.22840718000569
1301,69.01959184236323
1302,71.6122588905014
1303,72.62101917538071
1304,74.94192173237451
1305,75.08719173522616
1318,10.97084215069254
1319,13.145637496933638
1320,15.592715500316789
1321,18.266672843196922
1322,18.831829538696564
1323,21.566691883731814
1324,26.827705606402102
1325,30.060374839738255
1326,34.57940153782135
1327,42.56244060354763
1328,45.62061924870471
1329,49.959018889691485
1443,27.290116466099402
1444,29.60862609475999
1445,32.5862223907416
1446,33.358372038805435
1447,33.30638456837121
1448,34.569175255957276
1449,34.27773970625542
1450,37.1448497457533
1451,39.42711957223751
1452,43.07802874599643
1453,49.2917334748664
1491,26.141418612616242
1492,30.79493186590051
1493,34.94622859924268
1494,39.29633123274343
1495,41.395544824768415
1496,46.0127959632268
1497,37.649571244819825
1498,42.406654107982085
1499,45.41293002216166
1500,44.63983664187615
1501,46.61981627359097
1502,47.648535442897774
1540,45.33436098042492
1541,48.855420731310176
1542,52.028740897824925
1543,53.812613268491354
1544,56.64348493236109
1545,56.79636122810949
1546,59.21694820438399
1547,59.97763801623136
1548,63.14462310064008
1549,63.62385653858257
1550,66.24071259503448
1551,67.3371490650012
1682,40.70810549737982
1683,48.7943176196405
1684,51.99467037515137
1685,54.31014703412457
1686,56.48672074390296
1687,57.95490542986968
1688,59.157319420554465
1689,62.18801549625212
1690,63.49751715812713
1691,65.3125850533105
1692,67.05500867600244
1693,68.04481657059283
1788,0.9707839923468888
1789,1.056993326062809
1790,1.0670200494259363
1791,2.1041032359797605
1792,3.7962566641852007
1793,6.701562029747875
1794,9.858191854341694
1795,14.093971054336203
1796,14.824008674584299
1797,18.02467949069816
1798,19.039805158098766
1799,20.20827598913697
1823,19.533720961436387
1824,27.14718648583096
1825,30.102762653391324
1826,32.81174379823724
1827,37.44124723600843
1828,39.35126757994927
1829,42.19221007337498
1830,45.8486010360065
1831,48.478205738837445
1832,50.06083073833708
1833,53.74526665934871
1834,53.27108831075232
1835,14.842354096946634
1836,20.804929102136757
1837,27.9255663813326
1838,31.65666490130874
1839,37.21799182159292
1888,11.713817915720805
1889,12.395008600879223
1890,14.649172609912638
1891,16.944060277365132
1892,19.268713788728114
1893,22.173533424771605
1894,23.561088929296144
1895,26.43780116312538
1896,28.614122745382673
1897,36.58742908818452
1898,43.199075426280125
1899,45.788752991680376
1900,19.17170044014512
1901,29.31393565234082
1902,32.22867410689923
1903,33.62291222277753
1921,23.907192495733604
1922,25.833030750684557
1923,29.746025311684598
1924,30.79519232997032
1925,31.699758857495723
1926,34.13082896908561
1927,35.55938074170047
1928,38.46565580720737
1929,41.23338784358094
2057,20.40932893498004
2058,20.763658191727373
2059,24.23767356085291
2060,29.41676523708637
2061,29.825892904288658
2062,30.809350743766355
2063,32.07540613211584
2064,35.35055955899375
2065,40.63143589358726
2066,44.2594309718319
2067,47.86785112257285
2068,53.791893122808446
2139,56.02446526801462
2140,60.34010058897615
2141,61.21734367352997
2142,70.65647110858046
2218,28.47814794590664
2219,33.50902568192004
2220,35.17616581070029
2221,37.630696331168984
2222,39.946885588906625
2223,41.08835550417187
2224,42.6986912008454
2225,46.54326701531958
2226,47.4253513411412
2227,48.08444958268486
2255,36.17081127509086
2256,36.3979265380034
2257,38.312765008199165
2258,38.74127579801988
2259,39.59488399706561
2260,40.91380071714403
2261,43.272328337536145
2262,46.242916583330064
2263,48.03008822239616
2264,49.71247896245857
2265,51.78128562217189
2266,54.19514880206428
2271,28.96598571141432
2272,30.83522330693356
2273,32.291222072686686
2274,35.065844414267836
2287,24.728692013617415
2288,25.701072238805203
2289,29.352262034756922
2290,32.2080192835069
2336,21.0282755860655
2337,26.938327832540786
2338,29.119056246662414
2339,33.73119783856779
2340,36.1038001921525
2341,37.275972419872524
2342,41.303161616231264
2343,43.778710596817675
2344,45.00892700707502
2345,44.92304513518392
2346,47.083689574663104
2347,47.34892348781264
2413,18.94814734087469
2414,22.1781497414794
2415,22.816561115220146
2416,23.12421077241973
2417,24.788173864509957
2418,26.559204810405245
2419,29.00870246884068
2420,31.096155200332188
2437,37.19934440304087
2438,40.67829059830825
2439,46.840655009347245
2440,53.07921550110502
2479,34.76971755733386
2480,38.58824822899978
2481,40.901729126748855
2482,42.14933341112953
2483,19.358832030634545
2484,21.078880327887905
2485,24.258304977803647
2486,25.67226858811539
2487,27.68075473490057
2488,29.941475560965532
2489,34.977021327632634
2490,37.37637555918745
2491,39.76144649235071
2492,40.16240321585954
2493,44.46854180208122
2494,45.9835624855864
2535,45.40245481201634
2536,47.91456103097811
2537,51.62823263672913
2538,56.22756523783559
2539,57.03455362183034
2557,23.65976879092436
2558,24.790957442924103
2559,27.175730206386795
2560,31.104508961795776
2561,34.823248438300695
2562,35.98068396321139
2563,39.07019454336028
2564,46.38872279758229
2565,49.33320602914667
2566,51.41068229782888
2567,51.46751297969264
2568,53.006946612249166
2573,37.236017529389954
2574,39.34575719342828
2575,43.288093624446965
2576,47.2733860869789
2577,50.350963051296645
2578,50.649344570224144
2579,50.72860571817081
2580,51.69807584490375
2581,53.39305777568717
2582,55.39916974680567
2583,57.84789072511922
2584,60.67369948425811
2585,15.5663605417635
2586,15.54494694431126
2587,16.867607566623796
2588,16.829316453294073
2589,35.738574604113694
2590,39.53300879767529
2591,43.512290300838885
2592,46.918997119738144
2593,52.5124878080233
2594,24.646649849470876
2595,28.30182803187286
2596,31.29249062331125
2597,33.40891776185398
2598,38.07777135903799
2599,38.74852105823368
2600,38.99644624240606
2601,38.95250210869653
2602,40.76624360985777
2603,43.02314000946186
2604,43.82379630893555
2605,46.78379422222161
2606,10.343675834757354
2607,11.124260335985293
2608,14.643448794142564
2609,16.91982106113011
2610,18.20634305720991
2632,51.56332615587892
2633,53.42368345781592
2634,55.7406871344185
2635,58.79135574733034
2636,24.322497750321595
2637,27.13385074863968
2638,32.531351498313605
2639,35.88600533805096
2640,41.4457895439131
2641,45.44447212865465
2642,51.91932697206979
2643,52.22309203329403
2644,54.43756919630563
2645,56.16741253615532
2646,56.81844118919915
2647,59.17272610833211
2672,3.776065317294147
2673,7.064492690361311
2674,8.942267672947269
2675,12.093814432543212
2676,14.460278163410754
2677,18.80071172790128
2678,22.625875692222255
2679,25.81444434465086
2680,26.020818495084082
2830,29.416593171657293
2831,29.21205631777186
2832,29.775985057181284
2833,30.28802588923177
2834,33.09936612413734
2903,4.291547925153319
2904,6.181649782469446
2905,7.425642493804673
2906,9.545132585352183
2955,38.70957346231898
2956,42.597342838833136
2957,43.87906805907492
2958,45.55367419763413
2959,46.75430862056923
2960,48.48024092314267
2961,52.47092991730332
2962,57.64198457307105
2963,60.29909694553281
2964,42.04364124022449
2965,47.28543893290282
2966,49.64006748918836
2967,49.99206623593399
2968,52.427924608502025
2969,54.51104404655568
2970,58.66673471956448
2971,57.43942270312421
2972,62.02363852466881
2973,62.36714770018859
2974,63.38495290431095
2975,64.97857064282711
3006,58.91188882059835
3007,61.95297240334691
3008,63.65786919914655
3009,65.64612605715595
3010,66.62542896991717
3011,67.30936227975407
3012,67.5411529962932
3013,68.90247178198615
3014,70.94528176485728
3031,30.76351018464021
3032,35.38496834144668
3033,41.843263359338515
3034,48.12019863049399
3035,50.389360506432645
3036,54.88133920635149
3037,58.2287896520665
3038,60.67681381289542
3167,17.002836051049677
3168,17.81872963469045
3169,20.17984408906154
3170,21.608745182487183
3175,28.62356505685855
3176,30.606978492484547
3177,33.27935337283498
3178,37.247756954917655
3179,40.84507547986498
3180,42.229993573980074
3181,45.212702308137665
3182,50.643793846200595
3183,54.292520750112764
3184,57.26246175566085
3185,58.72959387065731
3186,61.75448434047729
3192,24.891783424205602
3193,25.69730330376683
3194,28.657899439122083
3195,32.255196875245474
3196,35.350782116972006
3197,5.33630961485721
3198,9.599263918687663
3199,16.74910954600542
3200,20.496794908839924
3201,32.29939685946776
3202,36.07347745755766
3203,38.1376858408976
3204,43.94694414854637
3293,37.19254316894877
3294,40.37975849698232
3295,44.65523147229492
3296,47.80668756447249
3297,39.448825393352486
3298,42.47955585292652
3299,45.692332613135285
3300,47.662967695870094
3301,49.570847253561304
3302,50.958517138967835
3303,52.669362138564004
3304,54.63280624386075
3305,56.175746914724876
3306,58.345585304701224
3307,60.04251901452781
3308,60.906009496239285
3309,16.187136280720754
3310,20.85395258477667
3311,26.928548872800498
3312,30.924924006350754
3313,34.09938506040816
3334,24.35244093671532
3335,27.9628734463214
3336,31.64498806316707
3337,33.89211448155145
3338,34.96891488384379
3339,37.03657973703382
3340,38.195681215362264
3341,40.58235882403836
3342,41.72921301372251
3343,50.71666491722835
3344,51.73983843028125
3345,45.11091606955417
3346,51.79144926284141
3347,56.12617865778717
3348,58.367682423441636
3361,19.59703806415578
3362,21.74564646261621
3363,23.08044973497969
3364,28.24280253171672
3393,14.972277983871718
3394,17.105643932976633
3395,21.522099671539944
3396,26.137634270701362
3425,35.54610898476594
3426,38.33558816280981
3427,42.94414221687253
3428,48.38979057110031
3429,51.59471348062259
3430,52.723173176058204
3431,57.599716094794836
3432,58.99475346559746
3472,16.320282200638875
3473,18.23360339505014
3474,20.536633805583808
3475,20.497085286898404
3476,23.325629713687853
3477,31.311635940124404
3478,32.86895826196881
3479,34.25870574236869
3480,36.966662349564444
3481,38.46220601911827
3482,39.451635609751015
3483,41.2986229748324
3521,11.280388260337118
3522,12.737572384962478
3523,16.558694127568064
3524,19.851236736282107
3583,16.73570398697031
3584,19.25320776115742
3585,21.431666380342694
3586,25.332318549599794
3587,29.572963295604666
3588,30.743955583629113
3589,34.593403452456066
3590,40.30352101506124
3591,42.767665417230496
3592,44.27773248720094
3593,45.0839924198983
3594,18.211554762348175
3595,23.84078969828316
3596,26.271011963026602
3597,32.309438214923865
3598,34.4650767728252
3599,1.5078576503418006
3600,4.330434471330449
3601,6.556855542635105
3602,9.749692438294478
3603,11.251930667734714
3604,13.953455078209293
3605,16.956158655894026
3606,23.17317914551892
3607,24.580037391700174
3608,26.432981414695924
3609,27.34240597011474
3610,27.736474180374127
3644,9.833305822128453
3645,11.204904831475158
3646,13.89315720316239
3647,15.39786678829333
3648,17.53208492691179
3649,18.82459293027642
3650,20.689628499357788
3651,24.15200225770391
3652,25.91627102819104
3653,28.699119185051924
3654,36.42970101750619
3655,37.132521112172036
3812,30.944228275607653
3813,33.20523430948148
3814,36.310365457604306
3815,40.431504856104546
3816,47.97486542023542
3817,54.858298418382525
3818,39.195625016044986
3819,41.2279184225997
3820,44.043833279482094
3821,43.8859703691916
3822,46.28948246294884
3823,47.61053474666789
3824,50.097681361392
3825,51.83904017034252
3826,57.122993622670954
3827,59.21781740274249
3828,60.205346537948124
3829,61.264645168611416
3886,29.869907786356368
3887,33.55731381300296
3888,35.05417069265882
3889,37.44409219395723
4051,16.450934121777262
4052,18.275958546921824
4053,19.23815588540581
4054,21.24675611739831
4055,22.45802970034547
4056,22.447847823055803
4057,22.34972070379916
4058,24.68917389695471
4059,27.819109838258935
4060,29.177239214055398
4061,32.121763830422815
4062,34.50111620207186
4128,16.893192172326952
4129,18.273360060403256
4130,20.480166616105553
4131,23.337749660792458
4132,25.30102677025948
4133,26.923351667820658
4134,28.437118171420707
4135,33.47025860423478
4136,35.743420806913925
4137,39.145430503092385
4176,17.66336315583974
4177,22.48545877285108
4178,25.485116401032723
4179,29.764750027775424
4201,46.783452096515745
4202,48.584375077312565
4203,52.939848559909294
4204,55.04015541200878
4205,54.85253206149584
4206,59.97668851125546
4207,64.77450862339312
4228,53.6923191738855
4229,56.45269503796005
4230,58.94689581799957
4231,61.20816028704591
4232,62.86334741187025
4239,24.40329298832871
4240,29.00408586896012
4241,33.46038305424799
4242,37.066182760022755
4249,24.79749352925587
4250,26.06578308542109
4251,28.656383958332885
4252,30.829907523255425
4253,33.54163757359556
4254,36.962622870107374
4255,37.918000649385036
4256,40.83674979946122
4257,42.885175933237086
4258,44.56132293936905
4259,44.678706625470745
4260,47.190172970130654
4270,40.94008672192161
4271,44.46724101699817
4272,46.43812153602194
4273,48.68272488032807
4274,46.020351264896654
4275,49.212165539702795
4276,50.300065268066156
4277,52.06961498259787
4278,53.32898686202198
4279,53.495926598117855
4280,55.34068129395284
4281,56.98837192790828
4282,59.32809880640074
4283,60.21203803216774
4284,61.771720072288204
4285,63.90726984385539
4323,20.00075399971572
4324,23.26559145050077
4325,27.152816861474065
4326,30.208405073447818
4327,38.36032762230268
4328,41.418178100070726
4329,43.15353700868675
4330,47.07270053437199
4331,49.47727573035358
4332,53.008215853800344
4333,53.82621929615356
4362,12.702660654912176
4363,13.397864518545639
4364,13.843920709233402
4365,13.529176196322776
4366,14.808586927916311
4367,40.124703443160065
4368,39.01625173624678
4369,41.924235756278165
4370,43.138646672927045
4371,44.26357908775214
4399,34.8049471788657
4400,40.08269484014672
4401,45.9918881473889
4402,57.29309192628089
4403,62.52728120781809
4425,34.0348798217361
4426,38.0118713486033
4427,43.979623675491666
4428,44.75866105641404
4429,45.736322690686194
4430,46.084166482626145
4431,45.45625665298547
4432,46.5471423202437
4433,48.33061831543612
4434,49.89316291067085
4435,51.52667894668614
4484,12.016747633072029
4485,18.428979388875934
4486,23.17743859118814
4487,29.15965172804305
4545,20.875356471191743
4546,23.950746478789526
4547,25.782339099172834
4548,34.541052723800576
4549,38.76924361638882
4550,42.573344868691805
4551,43.911985000469556
4552,44.1964023599423
4553,46.83169141510833
4554,47.53535409614974
4555,52.763241934413834
4561,14.247349001788365
4562,15.560594403038644
4563,18.190623791616396
4564,19.123129597679835
4698,26.418309473547247
4699,27.43458923953944
4700,31.290005843022296
4701,33.315691808080544
4702,34.8947151383104
4703,36.600970635861515
4704,38.70609436676351
4705,40.14276311658247
4706,40.24100684986427
4707,42.82341122573791
4708,44.06184864143253
4785,17.223756952101645
4786,23.07720094144407
4787,30.287135083962564
4788,34.25044545205598
4828,30.670124999583816
4829,34.77116838263309
4830,36.70842164371896
4831,39.35311545330152
4832,42.22977763461119
4837,5.071997377001277
4838,7.964666588870607
4839,11.820497360569037
4840,36.32081547143219
4891,19.41305207369351
4892,21.222325709680263
4893,22.37825923485963
4894,23.786730972974443
4956,57.57104621688024
4957,61.16556662859316
4958,64.024947391075
4959,68.0611742825599
4997,19.492556831662238
4998,23.174012668202877
4999,25.360010916241766
5000,26.583666320662388
5001,27.661347359874316
5002,30.964198707343076
5003,33.65639977086289
5004,33.79942644408717
5005,37.217247382506436
5006,40.13486314136969
5007,43.415482045139164
5008,47.58291380179675
5045,2.4062237997183846
5046,6.305396765725546
5047,9.19548603334576
5048,15.025994959171195
5085,10.143649828663207
5086,11.482054828811126
5087,12.305322960128622
5088,18.405531897218918
5089,20.419863667504806
5090,24.177696809715425
5091,26.480780786701082
5092,28.78457241492822
5093,31.23781820342112
5094,32.96749968343832
5095,34.36021998571497
5096,35.66293724462118
5097,17.929879156110847
5098,21.015508638185118
5099,23.694786313215147
5100,26.909950595867624
5101,31.10832437478367
5102,34.393697667568425
5103,37.323247146369376
5104,42.846135865940994
5257,6.960010012417307
5258,9.079825197686171
5259,11.396058006504312
5260,14.08806661636932
5261,15.885498255660934
5262,17.043062115861566
5263,21.013468789303058
5264,23.81937398645076
5265,25.40633387169779
5266,28.49399153950142
5267,31.494154242251213
5268,33.680835930681376
5372,52.46456125145468
5373,55.6344460512695
5374,57.593912841555166
5375,59.63261408162576
5376,62.85182277924929
5377,63.52531433795696
5378,64.07327855188053
5379,63.686033482591306
5380,66.58917572424117
5381,67.17974956633245
5382,69.04643783178571
5383,69.99723891302891
5419,20.46994599092679
5420,24.27339433379708
5421,27.287858885942402
5422,29.87630193979814
5423,33.41757235440056
5424,36.152801792260675
5425,43.0589609918621
5426,45.19408138704406
5427,48.20810055686405
5428,50.65111864490648
5429,53.02729736666148
5438,46.70739082099043
5439,49.2201270169901
5440,53.20850176645609
5441,58.67369303829346
5454,47.258038127590645
5455,47.843954736152945
5456,48.863018362152445
5457,49.48781917587667
5458,59.92354417502552
5459,67.18408266912122
5460,71.39066844452515
5461,72.21193481994308
5494,13.825162393124998
5495,17.87808223183128
5496,21.76965978886085
5497,24.948428873588266
5498,26.392532256228694
5499,30.739080411025746
5500,33.07122213392081
5501,35.6502842121232
5629,4.194794180480272
5630,5.916620218169595
5631,8.954962414336539
5632,12.072256731600664
5633,32.87018512727482
5634,34.70290615974797
5635,36.76883060409089
5636,39.01918413906372
5637,40.77954233682249
5638,41.926861744811696
5639,43.95888403579182
5640,44.305718393338985
5641,47.16230801235126
5642,48.76914130319718
5643,49.51586300058349
5644,50.25379308493787
5645,8.274057013101052
5646,8.83064674650956
5647,11.910157390435138
5648,15.767364694507162
5649,17.317285119341726
5650,24.198835822006764
5651,26.509777971557604
5652,28.15179604850118
5653,30.425883107278153
5666,37.82689911069664
5667,39.80121380661381
5668,42.722464369101594
5669,43.402458434987814
5670,45.44771770086119
5671,47.07368534717861
5672,50.22551776646725
5673,52.0246143046572
5674,54.96309363409552
5675,55.95547308275191
5676,56.84939756619793
5677,59.74237855554869
5732,25.60963108433906
5733,29.27221485202883
5734,29.377198887846145
5735,35.65888848132151
5736,39.110095067857195
5737,42.59717680307635
5738,43.09560892072579
5739,46.041275465245526
5740,47.919303066348895
5741,49.90704414393483
5742,50.82229844574763
5743,52.749268936022844
5863,48.22368565157618
5864,50.21770988700332
5865,53.84262306856804
5866,56.53786801664674
5867,58.401218702274754
5868,60.154241403307275
5869,63.31387890481638
5870,63.921015829574
5871,66.31674777957727
5872,66.12961165804471
5873,67.22512147757536
5874,67.37878769946941
5907,36.23268879624044
5908,39.30567074992851
5909,43.33888818855203
5910,49.21717704615796
5911,52.28309367944434
5912,55.13693907200863
5913,53.6824834979496
5914,56.02600927864575
5915,57.52447316877729
5916,60.30014744708794
5917,61.6251547531712
5918,62.90464343399415
5940,27.730701954838665
5941,30.51273757672871
5942,32.19026150267598
5943,34.81273035475922
5944,9.930623256485315
5945,12.685833180738896
5946,19.31980287950057
5947,22.741410158904344
5948,24.752198013040083
5949,30.09933528487147
5950,32.13107045435193
5951,34.47832238887297
5952,39.5419954138941
5953,41.362032249023024
5954,44.341509364023366
5955,47.90363705970733
5980,27.81155629948986
5981,30.744070989313496
5982,33.70366695578266
5983,37.76552151824892
5984,42.267473989913206
5985,31.5098158832923
5986,32.64944906357864
5987,34.76705042921506
5988,39.06582441912221
5989,41.663286102396235
5990,43.70387737814112
5991,45.9670499384666
5992,48.124279822832975
5993,49.667790664058785
5994,51.50862203259315
5995,53.08427579696756
5996,55.23083906588646
6001,29.43485002540806
6002,29.54628325294491
6003,34.54815505275725
6004,41.40297414978905
6005,53.68623938245921
6006,55.852249927519814
6007,63.829428733007
6008,68.14133937740995
6021,30.912562843672447
6022,32.85243018197131
6023,46.28213602044761
6024,48.41680123593113
6025,51.997465528187234
6026,54.03811121736451
6027,54.30797121820891
6028,55.12732666590063
6029,55.47484542043296
6030,58.219373968386
6031,59.68213952708441
6032,60.49006112708138
6122,31.115120944707087
6123,35.37581437068639
6124,37.97395312072864
6125,40.74583612884106
6261,36.570176816714174
6262,40.59518818198131
6263,45.15267790111783
6264,48.20973394745472
6265,50.28140742224029
6266,52.38019398737345
6267,54.502042284132216
6268,55.88712234631956
6269,57.15343634848893
6270,58.25689340970859
6271,60.076023723389696
6272,61.544778579020644
6313,44.1360939670924
6314,47.27281468172351
6315,50.29673750374351
6316,51.02696455118625
6317,55.47924722709809
6318,55.49883249277807
6319,58.253766669371174
6320,60.60862577831144
6321,1.6099464743000829
6322,4.173202749766478
6323,8.08348690771611
6324,10.366351869257233
6325,12.887004830159125
6326,14.725557288710249
6327,17.009694806516887
6328,22.227695882253926
6329,27.10071314961656
6330,30.615731528955337
6331,31.032017647000206
6332,33.808215015588566
6348,4.933766648408519
6349,6.807319676349023
6350,8.249279630326654
6351,11.418170593386998
6352,13.193808523027045
6353,17.37296008396663
6354,18.903647753752487
6355,22.361689404900662
6356,24.271345526268036
6357,27.599278629839105
6388,26.966574166075606
6389,28.361291056440983
6390,29.59495618880101
6391,30.565592029629325
6392,34.146760292659245
6393,34.928788708568476
6394,36.9913456638174
6395,40.2424469884628
6396,41.397701782975645
6397,43.267910715150556
6398,44.290147937474586
6399,45.45120523779772
6462,8.59820631305784
6463,19.875528627420337
6464,26.256575200627484
6465,32.17292980693181
6486,14.683413052198118
6487,15.382228094809713
6488,17.88856661076619
6489,19.63940647306112
6490,22.790835071520792
6491,26.881326552021825
6492,28.46907521399163
6493,31.998457276578765
6494,36.33590168341906
6495,39.515783039236254
6496,41.23095968751922
6497,43.76577097226159
6538,28.061571000413128
6539,30.226747472860236
6540,33.68914129629688
6541,36.74688010894158
6558,34.15946990813507
6559,40.93420071582166
6560,43.45331177325573
6561,47.895618941005445
6562,13.590338201250033
6563,15.814236914362153
6564,19.489307570358232
6565,23.82981276461941
6566,26.44147103120055
6567,27.537282301800396
6568,30.29693689023714
6569,32.459975413070914
6570,34.47186067359916
6571,40.11278751482188
6572,42.36681060929938
6573,44.92158730674945
6574,27.6792802863946
6575,32.9129575957951
6576,36.06316209201054
6577,38.47576837374753
6578,44.84935060782691
6579,35.350528035512646
6580,36.0869893600003
6581,37.684877213320114
6582,38.20720413221318
6603,28.195042774707048
6604,30.055833017583943
6605,30.918014031712623
6606,31.65008052661272
6607,33.33723870518226
6608,34.54824248238284
6609,39.11641473054743
6610,40.2804498611106
6611,42.143594307544106
6612,41.93141350315238
6613,43.95849732290547
6614,47.56638187154706
6643,5.496971096053198
6644,9.904743235667034
6645,12.202412361087548
6646,13.661844802411238
6647,15.476907598947653
6648,17.020438897000446
6649,17.574184529288225
6650,18.41731201917203
6651,21.86836596026614
6652,23.15935859566346
6653,24.891830103699977
6654,26.245642355747425
6663,24.83461415746466
6664,26.637193394265434
6665,31.686355791291334
6666,35.23214870062944
6667,37.68286332942535
6668,40.27289116108852
6669,41.88640910026256
6670,42.990794371003574
6671,44.52134199855249
6672,45.84467146683301
6673,45.86130699724379
6674,47.82269790887745
6675,24.452464578278363
6676,28.57560932558533
6677,31.729667553608266
6678,34.164044191208276
6753,47.070005189188926
6754,55.26758634915954
6755,60.89654647201188
6756,63.12951159395521
6757,35.62071214434354
6758,42.4431097771057
6759,46.927939937991646
6760,52.55486361695822
6768,44.2369019416581
6769,48.099133930239766
6770,56.65406363256078
6771,58.394643628022195
6772,63.097822441177364
6773,64.69086684231645
6774,66.08742808525113
6775,67.54747707003078
6776,67.50456269093493
6777,67.54790923850618
6778,68.4031028623413
6779,68.73923420244785
6788,10.580045515074723
6789,12.125978653043953
6790,13.65087536709372
6791,14.271804007579771
6792,15.50434797563379
6793,17.55301029457597
6794,17.593131536370464
6795,20.647642440739226
6796,23.40646460349732
6797,25.543779861448375
6798,29.573387071993466
6799,33.18405602282905
6842,35.01426266111555
6843,39.44488450874747
6844,44.44520165575147
6845,47.77016586894983
6846,51.73812277602988
6895,30.025012845648774
6896,36.154459215691055
6897,40.11455726003099
6898,44.47936700009771
6899,43.60015800489017
6900,46.451997949209144
6901,48.563790721953964
6902,50.162956138263006
6903,51.62813201747366
6904,53.20721076416033
6905,57.1143593784731
6906,57.98952912185164
6907,58.89706072742511
6908,59.61060132699165
6909,61.33264283208775
6910,62.541935289684055
6956,34.93133731730547
6957,39.11298343024785
6958,41.237226094805905
6959,45.1197847359792
6960,47.0703737445823
6961,49.065043740577536
6962,53.0491646089078
6963,53.6821452723914
6972,21.334823036826567
6973,26.836043682733507
6974,29.44232035069149
6975,32.60606786777958
6976,35.78659411909123
6977,37.41785191339733
6978,38.22714110533305
6979,39.977789167734905
6980,41.76026819089082
6981,46.26935492588335
6982,49.443593511792514
6983,50.712388944407756
7052,35.76251269383277
7053,36.790457564971476
7054,40.474197181713706
7055,44.14422466405862
7084,0.9010550690040956
7085,1.0008535058907533
7086,1.306702315792211
7087,2.6343548964786905
7088,8.613179418830214
7089,11.442117775286958
7090,13.720740547135485
7091,16.846404720092277
7092,17.289724972972255
7093,18.92891002674479
7094,19.331372101665988
7095,19.962123476436194
7096,27.319738076853337
7097,33.74663108726065
7098,37.08079377626662
7099,45.35022532789243
7100,51.84157417208472
7101,36.39704758707625
7102,38.35538609958541
7103,39.987588102252005
7104,42.91998557619227
7121,20.416368782740182
7122,25.18343478715158
7123,32.50569810034703
7124,42.27072447518004
7134,47.26155932954654
7135,49.695128197293116
7136,53.2337644524845
7137,57.28901748716111
7199,22.08382032372484
7200,27.504082013997284
7201,34.56217656415489
7202,36.65861820104533
7203,38.05650042174939
7204,39.379604404971246
7205,42.09529079668928
7206,44.150621668960966
7207,45.007839937009734
7208,47.163804023722385
7209,47.55285894783666
7210,49.46075442710546
7279,18.064314203799047
7280,20.351568481335857
7281,23.951937064847996
7282,26.622687332399497
7287,18.89571443299035
7288,22.265919677013144
7289,23.05099103447451
7290,25.685887391087746
7291,28.154056275138824
7292,31.885283134314303
7293,34.92842910352487
7294,38.10644224082012
7295,41.279248291837085
7296,40.82450240438937
7297,43.688234967051514
7298,47.71009247870964
7371,5.074289158731589
7372,5.920876241991667
7373,8.338662247719428
7374,11.681265549863157
7375,13.820479274189081
7376,17.1885982156377
7377,18.960627733694714
7378,21.38889096440936
7379,23.579831068156192
7380,24.13285915344453
7381,26.56918059630724
7382,28.0302673041238
7510,40.56441040240176
7511,44.65605157424
7512,47.74433937059704
7513,49.57632501572577
7514,52.98635400118139
7551,0.7366975840595478
7552,0.9156992627102651
7553,1.3310034469789873
7554,3.668065877156694
7590,24.631971139582898
7591,27.334764570958836
7592,30.044522874751365
7593,33.66376471166904
7594,43.41696309051734
7595,44.470183526725094
7596,45.22889486857426
7597,45.551329419412106
7629,25.788399532367613
7630,28.098605367331288
7631,30.149854646823965
7632,31.6042965147263
7633,34.58847621771814
7634,40.54950849935194
7639,30.838674427699768
7640,37.20646249890678
7641,42.62488900513849
7642,46.89411233999181
7643,55.104370591221915
7644,56.76315581877557
7645,59.04097122748312
7646,61.69498184682358
7647,63.49219121646076
7648,9.703775902054106
7649,10.316128179913543
7650,11.410625789502005
7651,12.571581998412258
7652,14.522406166010395
7653,16.165864027530233
7654,19.076120778318675
7655,24.074377110540187
7656,26.038151246420597
7657,27.77690796381441
7658,27.687627696186414
7659,29.258888297928028
7690,15.075025692372366
7691,16.194410697503525
7692,19.756485991879742
7693,22.60059940864199
7694,24.19438426517813
7695,27.333801368452146
7696,29.590818652037353
7697,30.625456903749544
7698,31.989388532875715
7699,34.09789135964303
7700,35.74688615537943
7701,38.996156257166874
7734,10.101356895504189
7735,13.209990876642925
7736,18.28568358016153
7737,23.29499770490212
7738,25.224998996356238
7739,27.393592532714088
7740,31.721798786481475
7749,5.022207750393412
7750,5.549191253544626
7751,7.273162880064206
7752,9.300689831510958
7753,11.227037032756723
7754,15.491892714622816
7783,23.71716863027384
7784,25.40994676139027
7785,28.199606601641328
7786,33.04018392973314
7787,34.59137904178854
7788,6.109996433431638
7789,7.817265833832605
7790,9.381042346642305
7791,10.79862394372521
7810,40.32048339084295
7811,44.59488893837736
7812,46.34580819026339
7813,49.46524219821476
7814,51.90956724205731
7815,53.687285916450634
7816,56.12732146757599
7817,58.258635003448674
7818,59.55205611908165
7842,29.509788046787516
7843,36.30815357309986
7844,38.32864539871183
7845,42.597606738856406
7878,30.326308468028323
7879,32.66253868113191
7880,35.280084960902876
7881,38.14669634044975
7882,40.367260356069465
7883,40.060965843155664
7884,41.32078242446385
7885,43.63852714796219
7886,47.946110981651834
7887,49.06296587305158
7888,50.86392480939832
7889,53.07531889260158
7895,27.47148561185986
7896,28.378830131618336
7897,30.62109672097438
7898,31.513849502314894
7899,33.581815659924224
7912,14.146727145523949
7913,16.897410760133184
7914,19.07054041247701
7915,21.567524499289885
7916,27.331708777338182
7917,29.425243857710342
7918,31.970120614288437
7919,34.699315285443355
7920,37.3636231294734
7921,39.625952383145254
7922,40.752740506610394
7923,41.435001211144986
7957,33.41721884217937
7958,36.42833605940187
7959,38.315273389151116
7960,39.7356852679196
7961,41.89607397720834
7962,46.853953699316115
7963,50.74934397552241
7964,56.75996094807561
7965,59.61070397056294
7966,62.26991422254345
7967,65.10161974394963
7968,40.94729870331266
7969,44.45674647089476
7970,50.347591698138565
7971,53.274978047904966
7972,55.021328067654736
7973,28.94659820479712
7974,33.24803830895584
7975,36.113192849083454
7976,38.797652827489564
7983,4.7916825379893595
7984,6.391875244715315
7985,8.021462813031793
7986,10.699476327610254
8027,44.08370171780664
8028,49.559720089436134
8029,50.66662421437559
8030,51.84039809823354
8031,51.81260782982398
8032,52.91952305527483
8033,53.736493597444294
8034,55.10858254769815
8035,58.884714935950164
8036,60.4431843166409
8037,63.7393484901935
8038,65.37849011262674
8101,20.687183368589526
8102,27.979873713386866
8103,29.950947605452598
8104,34.1169189081448
8105,4.988607422525309
8106,6.131568145928265
8107,7.478235781191691
8108,9.232431702605991
8126,40.730343530653855
8127,46.27942512518148
8128,53.73507312356113
8129,58.84176515073296
8139,31.31473769960474
8140,32.28881446029434
8141,33.36398293802501
8142,37.652051568168666
8143,40.71083051222067
8144,40.528310344423375
8145,41.458302817928804
8146,13.850302732917433
8147,13.836827506980317
8148,16.711964290418912
8149,17.434119958696197
8150,7.631879338087053
8151,8.971540747923608
8152,10.536436024483141
8153,12.538318883559386
8154,14.381130019414195
8162,44.32292344117379
8163,47.1367800218859
8164,48.94722536560882
8165,49.733387435803124
8166,49.707906039490275
8167,51.84490211854672
8168,53.28518446377022
8169,55.21528145274904
8170,56.73408403439665
8171,56.84606082476851
8172,58.257045189893695
8173,60.52360769225809
8203,17.515523255543457
8204,20.22450512116579
8205,24.222247143370932
8206,30.217800437248048
8207,32.49869250461945
8208,39.46705525249528
8209,41.08128530315744
8210,43.697776024251496
8211,47.036226815721044
8212,49.47771085193133
8213,52.08554663887491
8214,55.06176338664575
8215,1.656421470842488
8216,4.276644461479186
8217,10.31457909785974
8218,13.524038016377151
8219,19.311028514509335
8220,21.02660325654084
8221,22.294421102585396
8222,24.0119281852483
8223,26.10840666921736
8224,28.696822471625197
8225,32.20094045681011
8226,35.231165696353095
8305,15.330747336611063
8306,17.255171374977177
8307,20.2324937544874
8308,22.58295486278795
8309,25.521109116295364
8310,27.9807182548603
8343,16.424872214027282
8344,14.428191820493106
8345,14.37204809335531
8346,12.949322897505109
8468,26.71617511735528
8469,28.911239235536897
8470,32.33022584721064
8471,34.910796542377895
8472,27.321385288032356
8473,31.299783426303343
8474,35.07445471640474
8475,39.33709690186217
8476,40.99856572338652
8477,45.68397234442845
8478,46.79988328755108
8479,51.11262810313186
8480,52.354714761974776
8481,53.43209991067703
8482,55.27087615156695
8483,57.37279485964236
8536,25.41284991099947
8537,31.943159434298327
8538,36.09185339204639
8539,38.07708676946415
8540,11.472193727927342
8541,13.144045980315324
8542,15.099332237646914
8543,16.090353464625775
8544,17.50113535920482
8545,21.81628160793278
8546,23.260449229423376
8547,24.231539153666933
8548,24.127349035283235
8549,26.209410759264284
8550,28.51767153515469
8551,30.2811043310868
8564,29.61327099452386
8565,33.04734618880611
8566,36.36919769258854
8567,38.824685493336744
8568,45.6792217745113
8569,50.11276240214633
8570,54.171669585958035
8571,55.863678783621374
8572,57.79248561439171
8573,58.82729632044548
8574,61.3565282733681
8575,62.40394650218921
8604,12.912654665134937
8605,19.80002965508531
8606,22.133237324330562
8607,24.006604411206784
8624,16.150335189044462
8625,16.61009444504677
8626,17.866918712256815
8627,20.391728336437936
8677,24.374829230197562
8678,28.874522328676015
8679,30.684225943444112
8680,31.357489639824234
8681,32.41130298412303
8682,33.60978921221484
8683,36.008703890957044
8684,36.74775770907519
8685,38.178522918232716
8686,39.294643677441236
8687,39.88793906560177
8688,41.35320977819405
8732,56.08864042498219
8733,61.01943207839125
8734,65.47666020434906
8735,69.74464250316628
8768,38.297565748109854
8769,40.10029181991694
8770,41.58042996445345
8771,44.06772955909223
8772,51.55856382050444
8773,53.081397912147835
8774,55.60035003710661
8775,28.681928949947576
8776,29.61735516022807
8777,30.250790572801897
8778,30.827463926122928
8840,24.789543133806976
8841,27.67008591226656
8842,30.010098641103106
8843,31.69629135127295
8844,33.866037338207796
8845,36.90678341282506
8846,42.03562738277641
8847,43.685602091930484
8848,44.90710619253106
8849,46.82221204906763
8850,48.14002945696001
8851,49.541949826166025
8852,35.90631248817503
8853,38.308920475449696
8854,50.03447522624293
8855,58.17178300364035
8868,43.446961076983584
8869,46.31510976718101
8870,47.63485935563732
8871,52.26971991627386
8872,53.49581746385607
8873,55.38458999920369
8874,56.12496979152659
8875,58.657603796806896
8876,59.6195890105095
8877,61.16211539209258
8878,62.936553378429316
8879,64.34470549712367
8898,34.140898149076385
8899,36.31290653177567
8900,37.99456755412914
8901,39.77805914833296
8902,39.94205987729954
8903,41.36402305874437
8904,43.006532846235835
8905,45.67955234526554
8906,47.330891168957606
8907,48.86978213800393
8908,49.761915330071105
8965,33.133861077017634
8966,34.87588105824889
8967,35.33368140641591
8968,36.25583447898974
9070,28.510619446594582
9071,31.071801657372607
9072,33.94778476919717
9073,35.265535329757206
9074,36.916439143800126
9087,25.58371758241306
9088,33.44040403087473
9089,38.753617373599624
9090,42.85970865953256
9091,15.971640476230762
9092,17.990114439852846
9093,20.27131856936616
9094,22.876530181684565
9095,23.310311587371512
9096,24.816845314682645
9097,26.789572659606428
9155,20.522800244521314
9156,22.139941010515596
9157,24.34626246114256
9158,27.43532257667764
9159,36.181658502837145
9160,39.12176140658907
9161,41.22310099245567
9162,42.129167803567135
9163,44.6532251339555
9164,47.58992042509486
9165,53.23253449387429
9166,53.97928621533197
9167,31.8698746127541
9168,35.87981394580448
9169,37.583799908092075
9170,40.11553233529093
9171,43.9123072143848
9172,49.058881002658765
9173,52.20444437850681
9195,10.28079450048081
9196,12.52997228300702
9197,14.009065292226518
9198,17.747226579397932
9282,24.20436510258972
9283,25.946668333659275
9284,30.539730446894986
9285,31.897914157703813
9286,34.12452186145772
9287,36.252311658187914
9288,38.43726660725505
9313,16.505379905744196
9314,19.56821194794774
9315,21.75934129693989
9316,24.05322793164942
9359,36.29412569995099
9360,43.98096260714377
9361,49.73601519566903
9362,52.983733413806625
9363,30.289808120131884
9364,36.48265412611106
9365,42.944993102784814
9366,54.81579061118267
9367,62.68739869230428
9368,33.77712630211991
9369,36.51770788837481
9370,40.576191160428124
9371,43.59529627037983
9372,48.16785686149046
9373,49.84266301809357
9374,52.92416138365147
9375,53.80196082420246
9376,56.77808734614473
9377,58.08308721479564
9378,58.47249104555857
9379,58.41186604830113
9380,25.636685543631582
9381,28.4777829979456
9382,30.42338904273048
9383,32.087105014949216
9384,33.65301765752794
9385,34.34788858152991
9386,34.84459646820404
9387,35.02437794619562
9388,37.425677967705894
9389,39.769500500102
9390,41.5461652389915
9391,42.40759361038966
9392,25.891152046247075
9393,27.07252108482529
9394,28.758420577441267
9395,29.157859134969446
9396,32.00875283311373
9397,34.97374753223599
9398,37.29482814785766
9399,38.55677852718864
9400,42.240681290299094
9401,44.26677204571186
9402,46.76899621572138
9403,48.85230574364791
9502,23.782897311776352
9503,23.979980959557096
9504,26.20204450036723
9505,27.44441913218992
9506,29.008287926208258
9507,29.168213031445205
9508,30.39043785709517
9509,30.133060855280885
9510,30.806295992176878
9511,32.46627281836729
9512,34.28919737947392
9513,35.991705878921636
9514,37.13772429181337
9515,38.547698466806
9516,39.46922384174498
9517,39.98550508860301
9518,42.5816249133973
9519,42.54823388725784
9520,43.26366821754326
9521,43.63833185761876
9522,44.855453911771775
9543,52.84778002245434
9544,54.85907932557105
9545,56.83520417334926
9546,59.19540799156898
9547,62.13184295487867
9548,63.476388314922254
9549,67.52269875568734
9550,67.41880051700139
9551,68.78556159117961
9552,70.30848487540118
9553,71.56202181819334
9554,72.29471723571845
9724,26.46007681601986
9725,26.31937825394713
9726,28.95635997049649
9727,29.091287159136165
9728,31.09244676572565
9729,32.02225334977604
9730,34.86501369494204
9731,28.601563330948395
9732,36.81947274356159
9733,39.74976082976276
9734,43.01604794327394
9735,45.772057632739205
9778,23.954852903792048
9779,28.93618204833815
9780,33.44264111402211
9781,36.349831060538406
9826,32.347898921546665
9827,34.217041205177274
9828,35.85507749107613
9829,37.0800514808915
9830,38.58941011813253
9831,39.73968068744231
9832,41.13746468308609
9833,44.29426823651042
9834,45.444437791407935
9835,47.98861208463888
9836,47.53099066435402
9837,49.36515300632407
9850,25.663005328953474
9851,29.452331571802763
9852,33.627825726002726
9853,39.499885452190945
9854,41.861435211696325
9855,44.12500410432795
9856,46.09223206202664
9857,48.44728134192741
9858,50.1416445260156
9859,22.795122697301657
9860,28.302979330664904
9861,31.24311102336708
9862,34.14163123795929
9863,36.87958368591525
9945,38.1347850469464
9946,44.97218992662115
9947,49.45190660680315
9948,51.08770009617428
9949,51.70174187569826
9950,54.10355656943092
9951,55.181479397282956
9952,57.48278280984603
9953,60.055209470634765
9954,59.14095066161793
9955,60.13451023509336
10058,15.89990668681108
10059,19.10190849730249
10060,20.400959180005568
10061,22.327415388305194
10062,24.20973862267148
10063,26.204997864390563
10064,28.357537984968577
10065,31.334005692197294
10066,35.138479180691554
10067,36.94493545996621
10068,38.48382715131057
10069,40.1532831798177
10070,42.2150972240535
10071,42.96942849773857
10072,44.37947660003517
10073,46.138238832660655
10074,51.31073810561174
10145,20.926674503745883
10146,23.294856126863174
10147,26.03355691802953
10148,29.77654259066869
10149,32.78523719348349
10186,44.18861298093663
10187,45.73865815848779
10188,47.21592726922617
10189,50.63889281543662
10190,51.91170107816711
10191,53.210283744473905
10192,54.57351107568486
10193,58.008798967130275
10194,59.69345729597114
10206,27.328599004678917
10207,29.562568590250898
10208,32.44565662822114
10209,35.85618130764737
10210,37.87003156795245
10211,39.9567093145619
10212,41.65267949619072
10213,43.8658211001324
10214,47.18869971535565
10215,48.77293301934017
10239,31.509658821670865
10240,35.058247099961626
10241,37.52752096182213
10242,39.89691354016701
10271,11.138265716191869
10272,13.621006883204016
10273,15.762454301210557
10274,17.933939694824918
10275,20.349153012874524
10276,24.15827617406702
10277,27.350518220393656
10278,32.784859745887694
10279,36.31992582997601
10280,37.20497961878999
10281,39.068091721334326
10282,40.04029611110704
10283,9.34510409671753
10284,17.090114525145413
10285,20.3556443037119
10286,24.390080770968943
10310,31.909652736929278
10311,34.61789368239301
10312,37.80695155822695
10313,39.51169843774119
10314,41.45172455219153
10315,41.93174016787146
10316,44.824419282795894
10317,46.30337906466514
10318,48.8416415745991
10319,49.64256930105061
10320,50.54139576521738
10321,53.78331151389382
10322,23.376328504792575
10323,33.11762103594109
10324,36.848873333987285
10325,39.82794052430434
10326,42.309389649290566
10327,31.303069698923178
10328,33.06777196649914
10329,40.795252277456974
10330,43.52488534105828
10331,43.758010819665174
10332,48.85698291311635
10333,51.86349416337948
10334,54.5188260795448
10335,56.58808999206123
10413,29.99581050595744
10414,37.6051674061759
10415,42.40862566457072
10416,49.24678282547936
10477,25.162260033119086
10478,27.637114634544403
10479,31.162956999615893
10480,34.882938163073334
10481,39.60159565457908
10545,23.33122496942793
10546,25.751516161655182
10547,28.562830680005607
10548,31.0422691810291
10549,32.97404058675266
10550,36.73592096564828
10551,40.78660376332133
10552,46.0701589403958
10553,46.90344755132506
10554,48.362344260578354
10555,49.04174725112993
10556,50.01052888163575
10634,35.81741694582983
10635,38.320912242034474
10636,44.32670699994037
10637,47.650530148232974
10638,41.852800364062745
10639,46.26794718434949
10640,49.405824768143354
10641,54.68270620764016
10677,19.15732357320912
10678,21.939608101290176
10679,23.68408313229958
10680,26.178887233520168
10681,29.4192299199382
10682,32.17141795153912
10683,34.107900122335764
10684,36.15447820924318
10685,37.790159134580705
10686,39.82278837615386
10687,41.3166548468695
10688,42.17084347145815
10689,51.93915535197942
10690,55.70729127522283
10691,60.02939453387097
10692,64.23778462506847
10699,23.74397315424557
10700,27.85672894921951
10701,35.716871445989334
10702,36.54263203019481
10703,39.14530473611115
10704,39.11006202417437
10705,42.42430523321355
10706,47.0785037146313
10707,51.56703040747837
10708,53.69709703918644
10709,53.10907656238057
10710,54.88662779480375
10772,28.602111905285653
10773,31.31573948662937
10774,35.49836659608074
10775,42.38855766487251
10776,43.76067918424433
10777,45.5820307766536
10778,46.89795938990725
10779,49.28959158450542
10780,51.97734860486962
10781,54.479965684101636
10782,56.305382388916435
10783,58.44232254473154
10793,9.702887724088274
10794,14.914671941887349
10795,19.555182981545144
10796,23.877870670383363
10797,28.139685070778707
10824,47.64254800849267
10825,48.51594516195777
10826,50.717060461224776
10827,49.81635373808915
10828,52.08170145586671
10829,55.324258166960696
10830,57.276348133426296
10883,7.640889355931059
10884,10.812223914996556
10885,15.0161812859038
10886,18.06254221331629
10934,27.42288814942497
10935,27.37770011648655
10936,28.29209669879014
10937,28.09751588619755
10938,29.33554503278946
10939,31.394647941689904
10940,33.396887723721434
10941,36.00145499753846
10942,35.913165703298795
10943,37.535509669933944
10944,38.58721571193735
10945,40.49976757062334
11128,21.746206040051106
11129,24.12300474327979
11130,28.525627335288696
11131,33.76897610742176
11132,35.984431879411346
11133,36.387091595142564
11134,41.648895984576114
11135,45.77981481521458
11136,48.51392122868816
11137,51.4075034176896
11138,52.954508233167054
11139,54.09697442448148
11189,29.92583832167477
11190,37.68410720052016
11191,35.8421531957359
11192,38.66969666353802
11193,44.85999014502452
11194,46.532076175240555
11195,47.78271002685699
11196,48.75574158244321
11197,49.94322004191336
11198,51.18530161003781
11199,51.587077150806124
11200,53.534368887497834
11236,4.295329052983716
11237,8.360338410169383
11238,11.893034388694362
11239,16.6846199605477
11240,19.43997105488595
11261,3.129836743719045
11262,6.535343447954085
11263,10.034751712666564
11264,15.193244047836911
11361,46.43782220852424
11362,48.71119031682855
11363,53.5023074590393
11364,57.610915539398924
11412,10.937413267123452
11413,13.433080777252565
11414,15.189384754443267
11415,18.132411007090827
11416,21.043097942436983
11417,23.448028583275455
11418,25.015555264689368
11419,27.430257555384298
11420,29.619494548892487
11421,39.65693940406806
11422,43.27113635155465
11423,46.384704749876846
11424,6.806490318357027
11425,10.137106881428409
11426,15.917162073627955
11427,19.93844107489036
11428,23.446788455777444
11429,35.41166163808678
11430,38.64311911313265
11431,44.97683808000148
11432,49.19773166072236
11466,13.955175545242593
11467,14.939327945736116
11468,19.282499752278095
11469,21.015570563608307
11470,23.79626746454386
11471,25.566008668808927
11472,28.703842542318977
11473,31.68537040184487
11474,33.42111136835812
11475,38.35575882637558
11476,39.79269859106557
11494,24.63613030019276
11495,29.55364948548065
11496,32.342324416008346
11497,35.33549584032074
11539,27.911680204571987
11540,30.73710930154173
11541,33.681679193599265
11542,35.629994772706354
11543,39.34152872716628
11641,1.5765385339364848
11642,1.4971710628201838
11643,4.211834299814537
11644,5.632221627136843
11645,7.780438419594846
11646,9.23882460064542
11647,11.511095790114707
11648,13.757261861309654
11649,14.94545257511112
11650,19.127676175983748
11651,22.57131521812399
11652,24.376602602653502
11757,37.21251680704459
11758,38.268447897938344
11759,40.908224862046
11760,42.29231217474756
11761,43.47708555924055
11762,45.98126712789062
11763,53.60752599930094
11814,35.19026297017754
11815,37.50580339126327
11816,40.03833292249925
11817,44.10686598999508
11818,45.89140639828639
11819,49.013223336681946
11820,23.632901529222693
11821,30.316044447808743
11822,36.773092521937606
11823,43.39352807045668
11833,2.018339225001727
11834,1.6264016125913103
11835,3.4981459228404796
11836,5.448830641606282
11837,8.500796077248483
11838,10.867454293443075
11839,13.925058824460349
11840,16.376324918993934
11841,17.916375764432566
11842,22.51874985607942
11843,25.91248194923286
11844,29.756145959898685
11995,0.9140637021408551
11996,1.8183535300646954
11997,4.027763025328491
11998,5.7061128517209685
12009,37.130609977974636
12010,39.42619076479319
12011,43.758265980732226
12012,46.774155440841405
12013,51.13134324115356
12014,53.364071528828624
12015,54.89122869106522
12016,54.931589547334276
12017,55.66566954452778
12018,57.75343003911017
12019,59.07024129454976
12020,59.59709530269961
12032,40.861383451469926
12033,44.17874767795063
12034,46.73706851104689
12035,48.19932397619396
12036,49.22189927609531
12047,24.133064873195423
12048,25.308583063474906
12049,29.681171528379217
12050,36.506811482332985
12051,43.35997989717933
12106,62.59880138549953
12107,66.40629944675489
12108,67.48248438995437
12109,68.23540842447379
12110,68.49054376165098
12111,69.79576769811446
12112,70.0827847394574
12113,72.6018218398635
12114,74.27665956662746
12115,74.20941862737398
12116,36.006278172477586
12117,39.32374931750379
12118,40.11684315668136
12119,42.65858501125471
12120,46.89488402161701
12121,48.71534739911031
12122,51.17390651229897
12123,52.426990059505094
12124,54.12686573896121
12125,54.99924398740506
12126,55.732204039138885
12127,57.9994116793959
12132,55.62142100848751
12133,58.89378227019455
12134,60.98885495974899
12135,62.52117382166685
12186,25.307670647193664
12187,28.186532208175507
12188,31.270180035448288
12189,32.85270577258653
12190,34.87649052250933
12191,36.02818195679883
12192,36.691589102540284
12193,38.765624446339636
12194,40.39871243358266
12195,40.897493400158545
12196,41.33199368097958
12197,43.723098545403445
12210,36.61533690551573
12211,36.45537675241109
12212,38.093842295166326
12213,38.12815592816015
12233,11.11827200896865
12234,13.076900064069202
12235,15.092584605214261
12236,18.300021868934593
12237,25.140987996270162
12238,26.478968463272583
12239,28.40130143229238
12240,30.307027145400188
12241,32.04737491456478
12242,33.067741834326284
12243,35.2043921234857
12244,36.32564970843616
12245,43.951809564303026
12246,48.744295646082826
12247,49.74053165571033
12248,52.81241264529522
12249,53.488763237620034
12250,55.27964273650557
12251,57.15873591417634
12252,58.11291412901992
12253,59.29456531353492
12254,59.58279610932281
12255,63.90595882606406
12256,64.18936198943722
12269,39.31709725079346
12270,41.840908311901636
12271,44.52523670934698
12272,48.87197349962278
12273,51.33424739775005
12274,51.35356932212395
12275,52.10060728536431
12276,54.560720186887266
12277,56.004805586612385
12278,59.070193608592795
12279,59.36683285489449
12280,61.29323753764995
12307,13.934644390570588
12308,17.45101620642277
12309,20.423781181463283
12310,25.697508312790756
12311,29.512597696251476
12312,33.56271938780233
12313,35.36754653463018
12314,40.809142749785686
12315,44.19166925782006
12316,44.697341960406476
12317,46.13162157515595
12318,48.047141842497865
12363,16.171959812673634
12364,17.071925954998868
12365,19.77303354401064
12366,21.51409526424033
12367,24.175361279338414
12391,32.38246917397395
12392,36.99216871276813
12393,39.24650291219788
12394,42.32383720354146
12395,45.072199619979884
12396,47.11317870210221
12397,48.79121700470448
12425,38.629660568893826
12426,41.77836002420158
12427,45.02787556832706
12428,55.34373455158853
12429,56.99387183663691
12430,62.148000254011414
12431,64.14469769057932
12432,65.44520446763772
12441,19.77256240796927
12442,24.36468388318444
12443,26.336905082860504
12444,28.671930248164813
12445,32.644123577314
12446,34.652000295518796
12447,36.429012937956664
12448,38.6631975286388
12449,42.428946508364994
12450,45.06799035568658
12451,47.8523013874442
12452,51.75072153996898
12514,7.751173755012825
12515,10.654617711636675
12516,12.07295585098487
12517,13.703966370501002
12518,15.307477590320662
12519,48.65300990214134
12520,49.800005017574094
12521,51.41284871702864
12522,52.28819459609596
12523,54.47237128149248
12524,56.87188167528923
12525,61.15580661145734
12526,63.793095757792365
12527,64.14488334768485
12528,65.37565045120252
12667,31.391655423084465
12668,35.95262412429758
12669,40.16411234287516
12670,41.73473986757751
12671,46.31995353658161
12672,48.55765862330067
12673,51.37435371330413
12674,55.31434565767797
12675,58.10215124759864
12676,59.90573974129661
12677,60.437397520850375
12678,61.38698403208923
12711,31.198381487305635
12712,34.45201587152548
12713,37.87840050176093
12714,45.32429214634421
12715,52.11428057078744
12716,37.84832428116462
12717,40.002796673559324
12718,41.37781711209935
12719,42.277975916879605
12720,44.514183078081516
12721,46.77253723186309
12722,50.99225466379771
12723,53.57632849872865
12724,55.53937647827578
12725,57.24701099332641
12726,59.442807533730026
12727,61.3972206270662
12733,11.95676426477141
12734,14.263086586686528
12735,16.443329642638837
12736,19.00135023103079
12737,23.080966729321627
12738,24.63553926552864
12739,27.41742736590632
12740,31.39935558819099
12741,34.389396706334374
12754,29.093761092789602
12755,29.372215193114197
12756,30.78230437157823
12757,31.1343499521212
12777,1.9474184129420984
12778,5.340788339293262
12779,8.892400234222897
12780,10.066279217017868
12781,13.302283710580975
12782,14.943075826710304
12783,15.85443864897082
12784,19.974883758386564
12785,24.442777289985543
12786,26.64986485502927
12800,36.64484525452032
12801,37.39139394014815
12802,39.662575131913194
12803,42.71388859119078
12804,46.09074459001193
12805,48.79493412430332
12806,51.377400061080465
12807,51.692687863938055
12808,53.20660853821912
12809,55.84343362036432
12826,13.410292325064331
12827,13.47917806269815
12828,16.014121125461028
12829,17.669700714578397
12853,7.253010914052459
12854,14.382358547123404
12855,19.819724623703614
12856,24.4366996890963
12857,27.113695339696207
12858,47.64302674134016
12859,49.99181353510403
12860,52.55604863321974
12861,54.15731916118438
12862,57.9584506552124
12863,57.31575554429697
12864,58.22462544622537
12865,60.37459625440158
12866,62.18520319120603
12867,63.27631126735748
12868,65.16703231237017
12875,18.03876928168974
12876,23.27014443010842
12877,26.595567210425553
12878,32.99509475843918
12879,37.641202111950975
12880,40.49537107081636
12881,43.33149936988575
12882,46.301611629806395
12883,48.466009997936816
12884,52.51686377093412
12916,24.41702148413034
12917,26.198508832877394
12918,29.738665568918524
12919,34.36440383612391
12920,37.06894740719591
12933,13.744310478566284
12934,14.93235715628489
12935,16.569188125995034
12936,22.417266562842816
12937,25.913187908841305
12938,27.841706063007347
12939,29.910472476208874
12940,31.264914624474354
12941,33.96473339509418
12942,35.93003067488915
12943,37.07263223324712
13020,30.129333487830124
13021,32.69500395508617
13022,35.92155135188595
13023,37.775884905432505
13024,45.531443004924206
13025,49.74754077996526
13026,51.01174351202555
13027,52.744506932003425
13028,52.5058930543292
13029,53.69055658545856
13030,55.825708726601555
13031,52.26638175307364
13032,61.06121205385809
13033,63.134539323371754
13034,67.11932158530466
13039,12.937862231366934
13040,15.67782375343122
13041,19.716922618103116
13042,22.382661015131468
13043,23.770305068900296
13044,25.284476866427067
13065,10.094634183128463
13066,15.4813008253569
13067,18.680474813294232
13068,20.2305870063117
13069,20.44586547208693
13070,21.988627243510834
13071,24.86548332748937
13072,26.29561020102906
13073,29.92997186604218
13074,31.794728915664518
13075,33.48676660043094
13076,35.37710281122513
13077,8.248730141275908
13078,12.781315863051578
13079,17.301105152273912
13080,23.662871867804917
13081,26.556047369703347
13134,8.74190663813058
13135,16.969228151570302
13136,20.872657281160922
13137,26.048167987586368
13162,21.572917330042625
13163,22.4527078204782
13164,25.33107219892771
13165,27.356266988127125
13166,31.343151862086312
13167,38.76283194059364
13168,42.68622159492877
13169,45.77773895731212
13170,47.37363658782298
13171,49.946957229874236
13172,51.935554434058595
13173,54.202002162050285
13195,37.63462290246671
13196,39.55462427341936
13197,41.151953825104805
13198,41.76613167623751
13199,43.4275428691223
13200,45.95657594722428
13201,47.19950292487292
13202,48.52479488567116
13203,49.933451461900496
13204,50.04948273491564
13205,51.75217398219977
13206,52.30468448629665
13219,17.074921841391546
13220,20.405953428393463
13221,22.47694721008259
13222,25.982963625432802
13223,28.706990464078054
13224,35.06812568224534
13225,41.90508326317818
13226,46.336792430541344
13227,51.95378521079528
13252,20.667634542090305
13253,21.617994879853764
13254,24.94167069605413
13255,27.0846758528858
13256,34.26196063226747
13257,36.6399911902501
13258,41.14846044136522
13259,49.84272105050279
13260,53.126530247069596
13261,57.63057707066565
13262,62.059295074887864
13263,64.8448363049819
13294,33.51909918799518
13295,37.24512038809042
13296,40.76601655415782
13297,43.15501138552007
13298,45.34735324974486
13299,46.375660852960706
13300,47.67234689410704
13301,49.02066990238105
13302,50.40323704579663
13303,51.88620577103854
13304,52.55808092136463
13305,54.42834830146824
13332,47.51041682822498
13333,48.09956627885638
13334,49.517298077011745
13335,51.13298576209039
13336,53.236800784860264
13337,55.70594168648413
13338,57.14972831543681
13339,57.04354564997834
13340,58.30085295928377
13341,59.49104092645712
13342,60.423358876433035
13343,60.59430774149335
13344,1.9678476531204012
13345,3.4268297333295985
13346,5.439576268494555
13347,11.245441399564967
13348,16.66020050428162
13349,20.40487192681594
13507,12.109942328578061
13508,18.22531324751208
13509,23.16745522162191
13510,25.964021148870575
13564,56.458979593558375
13565,57.146757331791754
13566,58.423207799933024
13567,58.968065445225335
13568,60.66055231027101
13569,60.33130701036063
13570,60.864194442017116
13571,64.6354191566265
13572,68.05346222244765
13573,70.83993962507641
13574,71.6735244503756
13575,71.51524542439833
13674,7.673294026018905
13675,9.038338828604672
13676,12.476138004577425
13677,14.351660655936984
13720,11.407595686366289
13721,13.499011890432724
13722,14.846354187736674
13723,15.911683979581268
13724,16.080545037503928
13725,20.206169898915224
13726,27.31405926365502
13727,36.346581076293084
13728,44.59414880983957
13729,32.29985459063723
13730,34.55247260827971
13731,38.43116268666398
13732,45.76390449435669
13750,38.04283023067576
13751,41.71956264401211
13752,42.9568048455946
13753,43.573698227415875
13754,47.89722975234136
13755,50.42904346661714
13756,52.40994134702417
13757,52.23247531872128
13758,54.495237910809266
13759,55.858056220777364
13760,59.79211040027567
13761,61.47450803027834
13867,23.122145591503806
13868,24.978273615932913
13869,30.23336556610972
13870,37.298596660384
13871,38.83910282603766
13872,41.56302757865763
13873,44.86487888324689
13874,47.49255775549843
13875,48.12248895456896
13876,49.33425600755737
13877,53.362685807912975
13878,54.64575455913859
13896,33.84976756980104
13897,38.65344688784027
13898,42.92764506455701
13899,45.50099792977863
13918,36.32223879549741
13919,39.06011852940674
13920,45.28999639697005
13921,46.5401077822116
13922,47.59208068104704
13923,49.39407151932453
13924,52.47671131592225
13925,53.61808486133481
13926,54.16691653422323
13927,55.89917992432298
13928,59.39241714717945
13929,62.14459721407938
13946,15.430145727257804
13947,18.537731662484585
13948,20.35921647003531
13949,20.92438925809858
13950,20.83301759662408
13951,24.2406180214884
13952,26.122812466424623
14097,14.715426736111375
14098,20.278863492645357
14099,26.29518479859427
14100,28.768523950836222
14219,23.455088356420642
14220,24.8901233291956
14221,28.240335572759918
14222,30.52154039296819
14325,46.216615345477024
14326,48.94467550971531
14327,51.37923747785126
14328,53.89475610718361
14329,56.28171781876263
14330,56.99289727305617
14331,58.64477112976357
14332,60.111706894683806
14333,61.64870649533805
14384,10.728502350586774
14385,12.175405672931655
14386,16.162311686365914
14387,19.566301843191326
14388,21.30688815175354
14389,23.672577580547458
14390,26.28474674714172
14391,28.602104020232833
14392,30.719935217264414
14393,32.21209579245799
14394,34.73096898383069
14395,36.856117254736716
14396,31.77380789541266
14397,40.67228532236585
14398,47.202381540294944
14399,53.02747674307717
14400,3.769435452084016
14401,7.1023998924376865
14402,9.947773330402706
14403,13.14632682592956
14404,15.075892657543807
14405,17.73149844752311
14406,19.464572135015857
14407,23.388438589306574
14408,28.83927573998034
14409,31.48423458514202
14410,33.172923986937796
14468,22.2520732919903
14469,26.43310411194938
14470,30.60643854880284
14471,33.667369247655124
14472,35.8431404033227
14473,36.65775767420005
14474,38.80437700495797
14475,43.8245479046682
14476,44.40971143850039
14477,46.17272772154879
14478,46.11335318798211
14479,47.598268776599724
14498,0.9569751016544442
14499,1.0081170215596422
14500,1.1510878367265187
14501,3.9242428823736044
14502,5.727006661360594
14503,7.649271493340595
14504,8.754091941398062
14505,10.672308271709722
14506,11.899424072785912
14507,13.848855383148424
14508,17.02587254380303
14509,17.59086975733745
14510,11.700775813211983
14511,12.501682116641895
14512,15.545166693916496
14513,16.881975225443632
14514,18.375186876471187
14515,20.570560298405294
14516,23.09621333658513
14517,24.978408731077508
14518,26.264637014148956
14519,27.416306036019837
14520,28.261582686250613
14521,29.72315223712429
14535,8.103999552010329
14536,12.337708904708668
14537,16.64056234247024
14538,22.997808083076944
14539,28.29329025348825
14540,28.71544694938738
14541,32.41955822038747
14542,35.71096901260696
14543,39.77451490649633
14544,41.70165671495297
14545,42.99444783033455
14546,43.394305315476394
14547,25.438101992084526
14548,30.782396232984237
14549,32.98531657188278
14550,34.40891167144134
14551,37.119143840242735
14552,42.09063594570173
14553,47.4275470010394
14554,49.7629784028128
14555,53.54290768548203
14556,56.1049063587887
14557,59.147404785623365
14558,61.49248057872406
14563,54.02899313552392
14564,55.926182848225885
14565,60.75077136525954
14566,62.725143429899596
14567,63.63048306058224
14568,64.78167173443767
14591,17.556837827987
14592,25.323774964814856
14593,32.081739019210204
14594,45.56117819330158
14602,39.6247788982676
14603,44.38147130373145
14604,46.52816270655966
14605,48.327930682936234
14639,13.942963317064793
14640,14.648302664251577
14641,17.880388289284554
14642,22.863248054699174
14663,13.213355205916214
14664,15.696872066363518
14665,19.30106867037284
14666,20.838759370098387
14667,23.79319219565891
14668,24.785818896535265
14669,32.96948213483943
14670,33.824029887208525
14671,36.607038634713156
14672,37.862745409578494
14673,39.79556137711522
14674,41.290028988092665
14675,58.86414891687216
14676,61.639263089264595
14677,61.76983189835846
14678,62.012734712317624
14679,63.498538519450705
14680,64.73920661683215
14681,66.11255997536517
14682,67.07201691974605
14694,39.08367303600052
14695,41.73499349009744
14696,45.59131349808758
14697,48.147853526936
14794,20.01812483146435
14795,23.8418728217176
14796,30.506916387410506
14797,32.97192349338559
14831,2.202542571490925
14832,3.275990565520994
14833,4.648702040615915
14834,8.709022198276504
14835,18.36644017053151
14836,20.366502154398912
14837,23.552323073702986
14838,27.646016321940188
14839,30.771272492886123
14861,43.9587141941669
14862,45.3245144154635
14863,45.96358046819683
14864,44.4878316211965
14865,42.84544442907204
14866,44.18821422788366
14867,47.38495633855964
14868,48.24293601450116
14869,49.56882094068404
14870,50.810124685233426
14871,51.60943557765003
14872,52.096649971036584
14873,36.01419453500435
14874,41.20275947388049
14875,45.09329351143173
14876,47.46786145540637
14877,7.506345492040138
14878,8.947731942675034
14879,11.50499631539999
14880,13.58335772469372
14881,15.630070488228347
14882,19.700044523799892
14977,2.934904013145414
14978,4.452131797079502
14979,6.889451199661692
14980,8.965300629852573
14981,12.334082951638631
14982,13.562209821565414
14983,15.615447116832126
14984,16.933972272610955
14985,20.102361710865026
14986,23.07860672996786
14987,25.269825407362262
14988,26.90769911871927
15001,39.2714178922711
15002,42.1428759776809
15003,47.70300710377566
15004,50.12082494285443
15005,52.31573606970282
15006,52.54401807182722
15007,55.49908752002026
15008,56.7264941677191
15009,58.28424342427301
15010,60.29271349210071
15011,31.73387957013523
15012,37.44939852472705
15013,40.098886411456085
15014,45.01438223735139
15015,47.86223172262271
15016,49.98313778144027
15017,53.116959728976674
15018,55.72139063831264
15019,58.212099294891466
15020,56.38203336443091
15021,58.33815350585627
15022,60.009278799151964
15039,23.753788114191302
15040,29.07015671673896
15041,32.50954604721375
15042,34.38993532878275
15043,34.77704087472187
15044,37.18086048495635
15045,40.9314574551298
15120,50.07723853297068
15121,56.81790748397903
15122,64.98538948238672
15123,67.03875492937978
15136,34.14362883808703
15137,38.1425341849058
15138,38.888496405675475
15139,39.89543082482752
15140,41.474549199679664
15141,41.87005502601642
15186,9.503780028902003
15187,11.092566663737712
15188,13.833253225744297
15189,15.890076573121325
15190,19.28661913369104
15191,21.352228004891376
15192,22.54840276640758
15193,24.51401920431988
15194,27.47556858654126
15216,30.60000444723668
15217,36.50321292934528
15218,44.33163640958504
15219,50.184215447032095
15220,34.210204158441314
15221,37.187729898831115
15222,42.330353412246595
15223,45.06471751279208
15224,45.191858312553755
15225,46.1730265940905
15226,45.87334990516796
15227,47.61109012756061
15228,48.21637265373735
15229,49.06378984686345
15230,49.733303121548175
15231,51.310194044573144
15232,20.627235162067706
15233,25.516363344475266
15234,32.37293612842111
15235,33.842486146551344
15236,35.80956472949741
15237,38.08770300901111
15238,40.23462195790565
15239,43.129248351129256
15240,47.22443884049282
15241,49.29671372966429
15242,51.17035143784106
15243,54.07968517435958
15260,27.469392276595215
15261,29.977359265365852
15262,33.07267853908984
15263,36.453371489152694
15264,39.94896454047233
15265,44.1791695493738
15266,46.87226690295067
15267,47.92647006445242
15268,49.36435023484119
15269,52.49736623486562
15270,54.27188780867543
15271,56.84930972113176
15281,17.99893411265972
15282,20.63397009218999
15283,22.64307334808841
15284,25.54114360736732
15285,27.18655389664881
15286,29.901675566135662
15287,31.901547876022864
15288,34.877021816264566
15289,36.32562364180349
15290,37.16344913406674
15291,39.19115631337149
15292,41.91698677804237
15574,34.02788316325404
15575,36.92549367797963
15576,39.93756944131303
15577,41.42208266029325
15578,43.0951342435173
15579,44.6678145352869
15580,45.72067507179325
15581,47.74884459961327
15582,50.89651369959369
15583,51.106123671517345
15584,51.64809528837647
15585,51.69483539520704
15606,21.196927363013163
15607,25.457936957031556
15608,30.175926298973398
15609,37.75484507312031
15654,10.514598859616822
15655,13.466939567913958
15656,14.746152245371368
15657,16.250580107784327
15711,46.362355403775375
15712,47.60717297231614
15713,49.03833319983603
15714,50.06739048473155
15715,52.27625754259084
15716,52.51772381651028
15717,54.51672237676013
15718,55.669407050927404
15719,57.91405488996013
15720,59.369394197453126
15721,13.8305895912298
15722,17.370079647218184
15723,19.195379584403568
15724,24.881180151042795
15725,33.0737262816931
15726,75.32767432824785
15727,77.29351339643212
15728,81.67251698359321
15729,81.51254770974319
15730,82.40014742183362
15731,82.86211590901817
15732,82.67380962215616
15733,82.35283996111114
15734,82.74122601005126
15735,82.79517432645537
15736,82.49067813362012
15737,82.95100495998241
15762,24.78388509446548
15763,31.530235014590755
15764,32.993667105421565
15765,34.85424562809197
15766,37.71427653204281
15767,42.183407452128435
15768,43.71529514067201
15769,45.61106400807967
15791,34.79973649764595
15792,38.44795256724757
15793,42.33745536574969
15794,44.31361520936394
15795,46.26640425092376
15796,48.72717510545822
15797,51.53529057914962
15798,51.51949094026674
15799,53.30060200215361
15800,54.29917911477857
15801,56.61411978550282
15802,57.156404753236636
15815,17.540294800485967
15816,19.43420976307695
15817,21.385579365296486
15818,24.29925007478679
15819,28.418540128528427
15820,30.692654522690077
15821,32.345404237506294
15822,34.05019195584965
15823,36.75757730182628
15824,38.40566498526187
15825,41.489016605313495
15826,41.05258429626605
15882,2.4717082016457566
15883,5.145506592635522
15884,11.064412717003597
15885,16.27302107362456
15943,39.21097216352213
15944,41.69614650398043
15945,43.22349747022124
15946,47.55789909849327
15947,49.64865955155247
15948,0.9335104757764888
15949,1.3163002882107697
15950,4.1867936093669424
15951,6.052601836912775
15952,7.780438419594846
15953,10.897943209529174
15954,12.112429220779505
15955,13.20357013412575
15956,14.614149508000372
15957,16.80244268609848
15958,20.468254873263863
15959,21.50664062548122
15960,33.380924398585755
15961,34.71510347905885
15962,36.788970041431945
15963,37.69398669641135
15964,39.79602587923167
15965,41.318071011237286
15966,43.37492359909667
15967,47.97595282626853
15968,49.69976297554411
15969,52.957130615737796
15970,55.04449454471589
15971,1.1140406947624326
15972,2.3226797102313337
15973,4.391732637671227
15974,8.394982128510241
15975,9.837416629041968
15976,12.98114782941215
15977,14.642823881990372
15978,17.467617362221166
15979,21.26154816559882
15980,22.67504965084627
15981,24.178119453655786
15982,25.041026741292455
16004,25.754069598854645
16005,28.14753923570706
16006,30.199736829106975
16007,33.734550226769066
16008,35.378779714962114
16009,36.32877345835878
16010,36.44764365775139
16011,40.07534521371048
16012,44.70543446493604
16013,48.45480753438343
16018,10.557584064780075
16019,15.974249466753353
16020,21.047805909314565
16021,25.742339810515915
16061,61.44753059710503
16062,65.0063683818308
16063,66.59693113364625
16064,68.65078623757391
16065,69.04376520099794
16066,71.43763142947958
16067,70.20761001945334
16068,73.4275767792844
16069,73.69602919319898
16070,73.21194583109042
16071,73.89408476663623
16072,75.11424492358745
16073,10.079640175910988
16074,9.980620219148427
16075,10.844236125913474
16076,11.602994003713059
16133,6.101036915395928
16134,6.922497803089758
16135,8.865890976101541
16136,10.653709723901201
16137,14.600686308847145
16150,39.555554496817585
16151,42.98235561914923
16152,44.531679883741994
16153,46.51209182008788
16154,48.6885663812158
16155,50.59731993798191
16156,53.869344338059356
16157,55.44870758629156
16158,58.59855648822092
16159,59.47574088274011
16222,30.135742340800483
16223,33.42794191671845
16224,37.84328750505916
16225,42.90449639336768
16234,34.152642022556044
16235,36.84173663508843
16236,39.76042320953374
16237,42.17853058308175
16238,46.707312223686266
16239,49.289502762675134
16240,52.20367187669904
16246,25.469172958526226
16247,29.923902473364144
16248,32.75216555571614
16249,35.260554418058106
16250,40.72541040773821
16271,49.630464306867395
16272,50.5942250197085
16273,52.63056860492197
16274,55.51486646630441
16275,58.50563286448273
16276,58.874418780302435
16277,61.96200012008555
16278,63.38543172780473
16279,65.29697730456513
16280,65.9980557160018
16281,68.3617839068167
16282,68.95324737055364
16354,34.03066429038513
16355,37.586468302292516
16356,39.147137975271114
16357,42.00421976142223
16358,44.923683868732624
16359,46.02896001575066
16360,16.78819332304617
16361,18.789340325682883
16362,20.836882533882353
16363,22.08056178425878
16364,23.91673529470422
16365,26.515847472405117
16366,28.87804662625837
16383,19.43000743855837
16384,23.494552183109587
16385,26.259953420221443
16386,28.242207884378054
16387,30.900310665933482
16388,32.4418294546208
16389,35.040153551188304
16390,37.021916582011585
16391,39.16065157971995
16392,41.920635115008565
16393,45.57243512957642
16394,49.698367435859566
16395,51.100016096453054
16396,53.390320099457966
16397,55.7811687624457
16398,57.421669408747384
16399,58.97487052816269
16484,16.26156544479712
16485,17.00972749731368
16486,18.968158157346526
16487,19.79483443425176
16488,20.417346989445452
16489,23.227235821828728
16490,25.926302832668576
16503,0.8206687868878288
16504,0.8591905044363088
16505,1.5526668153594207
16506,4.148404564498869
16521,14.131584134105188
16522,16.2642133174152
16523,17.164560139052558
16524,19.225593230734777
16525,20.07791975665754
16526,21.270877546506775
16527,23.297104044285724
16528,27.003158850418473
16529,31.265909538669714
16530,32.61331978300038
16531,34.71723782696933
16532,35.62075262630864
16538,23.369937195249218
16539,26.617413754467528
16540,32.66090874022838
16541,35.767625205843416
16542,40.425600981350065
16543,44.364044040690786
16584,1.0402592907466046
16585,1.0051918769358823
16586,1.0754373762643992
16587,2.94078606674415
16588,6.696296600234752
16589,10.601918324936763
16590,13.279902865924173
16591,16.763240701565994
16592,20.370243107191044
16630,31.38386697714394
16631,32.92242371249598
16632,34.06117465913923
16633,36.3664291980562
16634,37.54001739976534
16635,42.38784292694988
16636,44.14523475585013
16637,46.212960344373464
16638,48.31760838113492
16639,49.84258270806498
16640,51.50747494506204
16641,52.73238947363661
16676,38.678548396559144
16677,43.136861042778314
16678,45.351475498443016
16679,48.24042360127575
16680,53.26916205479358
16681,56.094609756316125
16682,57.90937773503694
16683,57.82611040944893
16684,59.63919597370774
16685,61.249012282577816
16686,63.89954620634836
16687,66.62931537024832
16712,45.12507540329162
16713,47.10207274675686
16714,49.102167203176585
16715,51.08274864116897
16716,52.8915059164927
16717,54.7301232307052
16718,54.62354622568813
16719,56.71322525888842
16720,57.38431706909412
16721,58.769367362723415
16722,61.561940917491064
16723,63.67928227690707
16743,52.78741582897375
16744,52.3862855120748
16745,55.0951586909067
16746,53.51840083887896
16839,11.214044619730036
16840,14.30100093694451
16841,18.010507652717628
16842,19.10030065537348
16843,20.989830766755645
16844,24.490566075920924
16845,27.5936565994065
16846,31.257310734833197
16847,33.635406104853935
16848,35.712355320021736
16849,37.6706600961291
16850,39.634181135835696
16855,39.339813993820506
16856,40.56542144779817
16857,42.94012849810187
16858,43.81033872693828
16859,47.595895995090004
16860,48.64674095492936
16861,51.28587772389492
16862,52.463734975822746
16863,56.01369752147745
16864,58.852971141118786
16865,59.994647931535596
16880,41.89434599094113
16881,45.63229243272869
16882,47.50815661157117
16883,48.84383088895539
16884,50.201659632533755
16885,51.188416988212204
17000,20.252497546233812
17001,23.428829889755693
17002,26.199453583605358
17003,28.939204632168483
17004,30.50517265958368
17005,33.33321070575961
17006,38.908300877427884
17007,42.35182295305365
17008,44.76321812741706
17009,49.14463781109256
17010,51.95589182848828
17011,55.49406791524819
17072,41.36960837482044
17073,47.08291767978623
17074,53.16032711017138
17075,59.073515791436044
17076,43.05198760641916
17077,44.303665527175355
17078,45.8869292144783
17079,45.9699888593023
17162,12.952032795998253
17163,19.03858908178912
17164,22.952357410957788
17165,25.00649260172504
17166,28.99772076172177
17167,36.32415300293317
17168,39.02855989554223
17169,42.90682604195594
17236,7.636998176113095
17237,9.001668715484575
17238,11.965999139342197
17239,14.267633690255904
17240,17.62944159806802
17241,19.673625576118877
17242,22.05750975472384
17243,25.09675681651057
17244,22.636563186602718
17245,24.638356245385644
17246,26.33847172844088
17247,28.621059960320405
17248,31.267018481351627
17249,32.72013086466953
17250,34.897912805879386
17251,37.12812593654122
17252,38.86696825686191
17253,40.47866738967466
17258,38.617548970844226
17259,44.199462373928874
17260,50.21828628133333
17261,54.53758683114708
17262,59.97606053149792
17300,22.73002221112308
17301,24.693508914411982
17302,30.063946367805087
17303,31.48814704643739
17304,32.4954089605483
17305,34.51232501773984
17306,37.08571081227881
17307,38.12686852005784
17308,41.15476782201746
17309,45.499138741177774
17310,48.228812893906415
17311,51.17581379148475
17324,20.140330941603736
17325,22.84442942032686
17326,25.491825076680577
17327,28.72758649681903
17328,30.626218675759738
17329,33.31748966101132
17330,35.30589540302255
17331,37.03532463511941
17332,39.92281981672554
17333,43.9425396227779
17334,45.98838794340455
17355,5.067224659246261
17356,11.959380462805091
17357,13.979135111498328
17358,16.92563561591876
17359,18.948443424985978
17360,21.808450197631853
17361,24.42831510876908
17362,26.690202834970627
17363,28.978325480128966
17364,29.228492499016465
17365,30.954230536417764
17366,32.40758314201419
17371,7.218387609327885
17372,12.345461071045959
17373,18.26625788093607
17374,22.120779802941936
17541,23.356833637233287
17542,24.982220524333723
17543,29.149353075707985
17544,33.13732528314491
17545,35.40947141061128
17546,37.65404818794422
17547,39.450700338661555
17548,39.907320693154915
17549,42.078525158404865
17550,43.69058834394076
17551,46.30650313961117
17552,48.86447673659586
17557,21.075771540633063
17558,25.589619416122694
17559,27.2056163255163
17560,30.022302624688983
17561,34.405725475707776
17562,35.92340797178248
17563,38.27389256330688
17564,40.29075571512546
17565,42.38236286417439
17566,45.297245196942846
17567,46.89812841430958
17568,47.781347059977705
17653,6.6456643941282465
17654,8.881554475254397
17655,11.561885087759133
17656,13.218298316078215
17657,16.905644635333587
17658,19.965749526264432
17659,21.906244278306108
17660,24.67600582767245
17661,27.83419849838342
17662,30.20180758435569
17663,35.72689428781362
17664,40.01637104029743
17681,31.081128488065414
17682,33.12434028674295
17683,36.76543688847118
17684,39.42971095005788
17685,41.48052940835945
17722,12.103332738787731
17723,16.058535329471553
17724,18.57166506148883
17725,20.961275149698913
17726,24.049789534251314
17727,26.954888879158517
17728,30.793868437157638
17729,33.191052496373345
17730,34.47245227201285
17731,35.831277990154106
17732,35.6674394840649
17733,36.92954969701035
17765,4.890752353835777
17766,6.594729094508678
17767,12.750936337458436
17768,14.439781278569242
17769,18.386375435240243
17770,20.003993099494327
17771,24.123383073426098
17772,26.176436189515776
17773,28.92524650415054
17774,30.547807578291017
17775,31.40045897460865
17776,33.21569877761991
17797,29.291518711391927
17798,32.190111781325555
17799,36.964364692037336
17800,41.941045456012596
17847,28.773543660061293
17848,31.119608693439876
17849,33.46463789386742
17850,37.21196368712919
17851,39.328858235716
17852,42.39558788967433
17853,46.1526882267391
17854,53.59079577394273
17855,56.7308738341464
17882,26.101276766326077
17883,27.477977063645756
17884,31.286172258768605
17885,34.810590109497774
17886,40.957293840069696
17936,8.655514017931115
17937,14.943205455700367
17938,19.8389214458449
17939,23.877359226011823
17940,27.22961795902601
17951,32.629572144721074
17952,38.60471643404097
17953,40.82226405285825
17954,42.58863616332078
17955,43.649895559599734
17956,45.62368117710047
17957,47.603989548832295
17958,49.23151954199274
17959,49.779029627932175
17960,50.35061844164662
17961,50.56223177861958
17987,30.136182342740124
17988,35.46857452738578
17989,38.220228825419134
17990,41.17649156542846
17991,45.070716116403624
17997,36.70730441795864
17998,40.49028441769982
17999,42.399317688506095
18000,45.507610794395106
18001,45.69153740157652
18002,47.87485060120861
18003,49.31464092842142
18004,53.58790957310401
18005,54.904512249909104
18006,55.776193792740344
18007,57.06345954563639
18008,58.35042367219875
18096,19.07594564426463
18097,22.091659573922716
18098,24.600235768757933
18099,26.54547913895375
18100,30.145908615735102
18101,31.494911472959622
18102,1.6068691300117008
18103,3.3351882931300834
18104,5.182524516543193
18105,6.662458161723522
18106,7.896062722596112
18107,11.387942777563769
18108,12.4887716158875
18109,14.423014697346726
18110,16.747177960950587
18111,18.261590958518184
18112,25.134366932149874
18113,25.676840271233832
18124,14.825614769281708
18125,19.055091635509125
18126,21.693657081123412
18127,22.90565349505615
18128,25.120458746669765
18129,29.709376570999172
18130,31.153358336968072
18131,35.27164436657295
18132,41.9950576485515
18133,44.17631889694368
18134,47.483989682637606
18135,49.38383113054182
18184,3.7923803232410984
18185,3.6173397663554803
18186,5.427962247775325
18187,7.126594180887977
18188,9.03086471723713
18189,14.305194957195715
18190,16.78952916762963
18191,21.943407653346046
18192,25.281485417106257
18193,26.770708802241582
18194,29.14233996181084
18195,32.19480272206054
18221,34.82933953548328
18222,37.79120896109789
18223,40.560033528243686
18224,46.75357666014126
18321,17.457942769836148
18322,20.000851033391907
18323,25.164120399223297
18324,27.346703801208943
18325,30.132856312255885
18326,29.047223550598993
18327,31.376493208884114
18328,34.06420379452383
18329,36.76772531812948
18330,36.51037590580372
18331,37.92263328419161
18332,40.63931955197004
18391,33.67409835424495
18392,35.13075437334836
18393,37.18277651852123
18394,38.25628356958105
18395,39.02564417624161
18396,39.96758932254659
18397,22.33995921671754
18398,24.198215779560943
18399,26.345285023990638
18400,29.491555711540492
18401,30.790433460512133
18402,32.44718540060504
18403,38.98123705186558
18404,45.258890178173345
18405,45.9409443325174
18406,48.24184771388153
18407,49.74830156361557
18408,50.355054652556056
18479,0.9010550690040956
18480,2.305382987434148
18481,5.85779388259086
18482,6.726575535117868
18483,7.600640310642957
18484,12.155493711162372
18485,13.820997418335095
18486,16.949175750864814
18487,18.405142099762923
18488,20.469928944412423
18489,24.101362974998967
18490,26.82705340328622
18566,13.57291296272375
18567,17.32898649519077
18568,20.84190599728196
18569,23.724057519419997
18570,32.7091119710965
18571,34.727268898907916
18572,36.2952252687877
18573,38.62297278374576
18574,39.74456577407195
18575,40.06383531825835
18576,42.03564247249802
18577,45.00599776123166
18578,47.78169179823949
18579,50.15799538382765
18580,53.339561958409185
18581,53.37221542481676
18653,37.24667715329101
18654,41.146407313214006
18655,43.719842373762255
18656,51.400843164786906
18657,52.68404344229281
18658,54.966622740209836
18659,57.50294063523353
18660,62.34742759028662
18661,63.510657553070146
18662,64.84460359273486
18663,64.96423291323893
18664,66.49830848422604
18665,26.83835128031242
18666,29.979741826101353
18667,31.94618278182727
18668,34.458802742396806
18669,8.444980219202709
18670,10.010770836363914
18671,11.117985780327592
18672,14.641159479811057
18673,16.6331574100229
18674,19.294173299383985
18757,24.801975979258437
18758,29.04311754888073
18759,33.64764481152948
18760,36.64421898890752
18761,41.13695513961005
18780,17.225348994159695
18781,20.058647593825313
18782,23.926564818550226
18783,27.65139720604924
18816,16.25647032637318
18817,21.70500679422237
18818,25.13680981254511
18819,27.928708967652703
18841,35.22280118325974
18842,37.43467554658321
18843,40.396189893704445
18844,41.93847929455595
18845,43.79852483654594
18846,44.223653698343554
18873,33.53832950432907
18874,42.343510407645375
18875,45.22351520814277
18876,49.3898005295272
18947,27.746224828332547
18948,29.271590647312
18949,29.13087154358054
18950,30.086555178375825
18951,31.166660968287886
18952,33.03488790063006
18953,35.85546826051972
18954,37.231426262278774
18955,39.30568307078585
18956,41.169521970997835
18957,43.469140263314124
18958,47.63969363792539
18979,37.364036090490764
18980,40.289345684558846
18981,42.30834938246418
18982,44.18976910387099
18983,44.11768424316411
18984,44.92994260588769
18985,46.34886178220226
18986,47.827498224925925
18987,48.86647037729408
18988,51.10172931403711
18989,53.1087937646418
18990,54.42851534695633
18991,18.420258656970756
18992,20.614039172490124
18993,22.91405338470326
18994,24.3297416093292
18995,26.146669261294
18996,27.717036384705324
18997,29.65849503853286
18998,33.83863822843503
18999,35.96749850927633
19000,37.74458768636076
19001,39.16712841620819
19002,41.682832745371265
19003,47.388550695115136
19004,49.64511718338421
19005,51.46219674484397
19006,52.253350149215294
19007,53.91268207110815
19008,56.84991329503725
19105,4.157493893442915
19106,4.5830922977097845
19107,6.790972334724228
19108,8.992078245095884
19109,10.412700755666565
19110,14.938110436385966
19111,18.62523465552159
19112,22.87689951959119
19113,24.983168546830914
19114,27.49796750585497
19115,30.239448710736667
19116,31.575910503810498
19259,57.751505328147815
19260,60.13232605939939
19261,63.11090952305781
19262,63.934579005128526
19263,64.89182409224132
19264,64.20747775229044
19265,65.13944699428733
19266,68.29230873391984
19278,33.91373369877962
19279,36.1288227968665
19280,37.69619868488211
19281,40.92356359947609
19312,22.415141533080334
19313,24.6162057246118
19314,27.50340568975048
19315,30.85243188952859
19350,50.12971989643945
19351,51.66658760375216
19352,54.4125218930556
19353,54.83525652891072
19368,25.332895683959585
19369,29.3065122422018
19370,31.04212290427877
19371,34.312064264437616
19372,37.50143748096328
19373,38.852175167313305
19374,41.37030073873279
19375,43.19748889361591
19376,44.136032074549156
19377,45.707280635871484
19378,46.631069038227295
19379,49.081733615591105
19397,15.187944077978127
19398,16.8859923361774
19399,17.882024218413996
19400,19.110435621986948
19430,19.68367677301496
19431,20.831150178162332
19432,24.021030071196687
19433,29.443546629017227
19434,30.030818276964233
19435,31.201398375683702
19436,32.51894431368135
19437,32.14779603059594
19438,31.808887161127974
19439,34.97033051372781
19440,34.55914954291612
19441,36.24660249265891
19454,17.414926630474437
19455,20.66916866391669
19456,23.433400357459533
19457,26.242487389873833
19458,29.350029023691903
19459,30.845064372003872
19460,34.3271146394296
19461,36.14857108888194
19462,40.85709243491718
19463,42.67004536882932
19501,30.547194007282172
19502,32.935030745518155
19503,38.53670940729205
19504,43.105043486425416
19505,44.11181217442235
19506,46.20003366413716
19507,48.676973499262886
19508,50.758465338610236
19509,51.346275373565625
19510,53.667734790002164
19511,53.98596643827991
19512,56.09870319471588
19566,1.6861386024961063
19567,3.1697220589832495
19568,5.808273328974342
19569,7.702078414381918
19570,12.394543617137339
19571,14.852522042501736
19572,16.76243685548109
19573,17.518541169232474
19574,19.84003935627423
19575,22.56198415045277
19576,24.599815676103578
19577,26.624410818590047
19590,5.747764166190086
19591,7.12523471453886
19592,9.564986718649726
19593,10.893216983039084
19687,13.55862594031341
19688,15.884025453510333
19689,18.9430590922369
19690,22.012453473218855
19691,25.062649355065066
19692,26.92448116238024
19693,30.73511838668207
19694,32.84666052595793
19695,36.17872062246985
19696,40.13757688801976
19697,44.26561730661933
19698,46.7810425050921
19759,43.005061720884534
19760,44.13167742543263
19761,44.1763887459675
19762,45.56236618747853
19775,42.845477320133085
19776,45.86733770620236
19777,49.49084968073838
19778,50.9469846153128
19914,4.57897759950223
19915,8.54466606664154
19916,12.502646016438337
19917,19.379772523265615
19926,26.525308290929825
19927,31.218548626805756
19928,36.38673082733153
19929,38.61913232764579
19930,40.738857213411336
19931,42.69114058355913
19932,46.35967539284886
19933,49.87979028548778
19934,51.39399549994179
19935,53.785779519937776
19936,53.79127409153157
19937,54.70251887732322
20000,25.05087251079849
20001,28.288605971458864
20002,33.99128441182568
20003,37.75168495372356
20004,38.64177958648251
20005,41.62377951203177
20006,46.30206821425459
20007,48.429036120973954
20008,49.69118994385881
20009,52.65075767517675
20010,52.69577655600337
20011,55.28454659246869
20012,2.537077498082157
20013,5.673781499348488
20014,10.480340590758852
20015,13.544090610844739
20016,15.09837192136575
20017,18.018913242159073
20018,20.666991450174883
20019,22.57186074070544
20020,24.94744250780301
20021,27.88884093919533
20068,25.84713197134653
20069,30.88555993034893
20070,33.73776568542424
20071,36.90011270195943
20072,39.44249457950091
20073,40.105230946877526
20095,13.886073952698037
20096,17.412043986164743
20097,23.589087669986966
20098,25.82012691479175
20147,41.4897731645286
20148,46.949621750127804
20149,49.553060835779185
20150,52.111662537059416
20151,54.67337233947603
20164,21.64147082613362
20165,21.78660670001814
20166,23.472200899959976
20167,24.388409140501107
20168,25.605360227839338
20169,27.71133578166155
20170,29.722594091285778
20171,31.464965108057413
20172,33.87798302733618
20173,34.73712899331272
20174,36.74449650550485
20175,38.81873503173702
20245,7.228604409492171
20246,9.065324325872288
20247,12.058126961402793
20248,13.036146460216724
20249,13.896378040437327
20250,14.742956923955825
20251,16.76462874467597
20252,17.48601395812531
20253,17.8952090576279
20254,19.7795289721177
20255,20.740549921491
20256,22.108640813817075
20285,18.760912584012676
20286,21.904599856490492
20287,25.554473748658484
20288,29.926416940588936
20289,32.37082205564166
20310,10.393869396699188
20311,12.85806569373768
20312,14.941470945635025
20313,16.865817029063273
20343,4.967071719305531
20344,5.12857003056343
20345,7.186741547847946
20346,8.4020541967285
20437,0.6613104606139976
20438,0.7215292365793871
20439,0.7575465176930452
20440,1.5920429329563512
20441,7.446614006890205
20442,9.198550053559071
20447,0.7944495135267895
20448,0.8229445077121421
20449,2.8598137407011834
20450,5.819422520039739
20507,10.556939463679857
20508,10.50057037782741
20509,11.744924351263506
20510,12.600511500355779
20557,32.213029991408156
20558,34.09016234921185
20559,35.273909440110124
20560,36.97273633965788
20561,39.87072110389867
20562,43.633415368081046
20563,48.37970110203342
20611,42.419835973540934
20612,42.48205907943107
20613,44.90707757629444
20614,44.14329811058928
20615,44.56873953360059
20616,44.87814065024848
20738,21.15551118950269
20739,23.225535798297795
20740,25.72324097525166
20741,27.363644312891314
20762,23.172325834309373
20763,26.33547130599702
20764,27.468598451682873
20765,28.070494511329635
20766,28.46452007252927
20767,29.33186854135392
20768,31.156362732914143
20769,34.45800274398174
20770,38.685231574758035
20771,40.053763600736076
20772,41.55710146224557
20773,44.978897072001914
20790,49.670906092141244
20791,55.00384113655558
20792,60.72742931835235
20793,62.90830706586036
20888,9.698043101402478
20889,13.826187823229098
20890,17.462415466745853
20891,20.343665420563102
20892,43.264124926599344
20893,48.150438482965534
20894,50.142729719246354
20895,53.31285772880303
20900,14.132026294693855
20901,17.783494824215328
20902,22.49157045983386
20903,25.500711234328318
20904,27.775006741708435
20905,32.19566092822023
20906,34.820479049929226
20907,37.88186356960117
20908,40.109906742530484
20909,41.24683894214274
20953,8.428459793972651
20954,12.470355318150661
20955,18.185557816238635
20956,22.240755399612905
20957,24.451591369930505
20982,30.75685251870809
20983,35.30516310809785
20984,37.01088343543797
20985,41.4233218684027
20990,20.1051653437323
20991,23.467606862203873
20992,25.83488562160693
20993,28.44597731189259
20999,51.696887688140194
21000,54.17186438235037
21001,55.665675810101504
21002,56.6782872430535
21007,19.836623583591436
21008,22.029542950320295
21009,24.55018221315526
21010,27.367199646829267
21047,31.597392261091326
21048,32.542306443751826
21049,34.457743512480306
21050,36.2544310642852
21051,37.652619283585885
21052,39.04440476683149
21053,39.909079935382486
21054,4.96469568132921
21055,6.786658780802941
21056,9.231881097101985
21057,11.177128876497394
21058,15.035108221183961
21059,17.07815521022245
21060,19.79639848642761
21061,23.300511007272977
21089,42.460742597382314
21090,45.025799472366906
21091,47.41214872469378
21092,51.94877343130271
21093,56.74268881228205
21094,57.696017974593516
21095,60.085618821508135
21122,14.543306778186082
21123,17.418036244362728
21124,19.064606070671235
21125,19.643674210072376
21126,20.90606449904004
21127,22.739534087888842
21128,24.218890821840443
21129,26.81535460590086
21130,28.02425521720237
21131,29.434371256132735
21132,30.655141073339852
21133,31.242344911954735
21189,20.285881722103593
21190,21.57442827958662
21191,24.263549414661178
21192,35.72029564602603
21193,37.209029062785824
21194,41.57566290997543
21195,43.69237530490601
21196,46.15840079636576
21197,48.28731767089944
21198,49.92313644407244
21199,51.065419554995024
21200,53.834263590456274
21234,22.38218738973467
21235,25.524588852517073
21236,30.16609356384601
21237,33.8936977167564
21238,36.68515123420356
21239,39.0356358845254
21240,39.204250180081516
21241,42.47460911830864
21242,47.59348143295404
21243,49.16476913587416
21244,52.425212813906995
21245,53.90320744608914
21246,25.642277112600677
21247,26.294710114095416
21248,26.278993729821917
21249,25.874658472346326
21250,26.855625133225825
21251,28.61865112395495
21252,30.905739056420597
21253,33.0024276713466
21254,35.04581036070201
21321,36.781146891055926
21322,37.46378173549771
21323,41.36814838188045
21324,44.725042561130074
21325,50.527794043654026
21326,52.86802530303733
21327,54.14318640569734
21328,57.69166549118002
21329,57.956720713213464
21330,57.1696640622538
21331,59.13137737434278
21332,59.41954583288377
21421,26.901054502176166
21422,28.54902032056792
21423,30.302582802100382
21424,31.802104924366365
21469,21.82794477410777
21470,24.05047197264142
21471,26.97143550518114
21472,31.469033791008666
21473,34.58876942472418
21474,37.70656806250408
21475,41.011035613747616
21476,43.93425940435101
21477,45.579934926160014
21478,48.14895374862643
21491,24.366017829717364
21492,26.578152625345805
21493,28.717480123512125
21494,30.427581322928443
21495,32.760533596988246
21496,35.154720995065226
21497,37.374778005223526
21498,41.075732451019846
21499,48.38847512192979
21500,50.31874553874279
21501,53.6191361356422
21502,55.74848618002563
21553,35.395659981504096
21554,37.746842002497935
21555,45.188733736482966
21556,48.240480254690816
21557,51.33284355736748
21558,54.52034414649256
21559,57.003273278997106
21560,60.28687054387072
21605,61.01251188777101
21606,64.42743746115282
21607,65.4461582965442
21608,66.29719190475143
21609,66.17294395153036
21610,66.90189986915341
21611,68.00999739335634
21686,23.23549782372869
21687,26.635183200297835
21688,28.51805436582461
21689,32.10686646674452
21690,24.383849769937697
21691,31.20432036418444
21692,35.81215436485289
21693,40.96094796937292
21694,42.663064900492095
21695,46.02285143950574
21696,48.54089986880081
21697,52.829164993313604
21698,54.18080808224122
21699,55.7196615336903
21700,57.83961745387248
21701,59.39705955387171
21735,15.65443418499748
21736,16.894790211628436
21737,20.268551950311323
21738,23.109474182470663
21739,24.88891958998153
21740,26.93445848256173
21741,29.451955136928767
21742,30.171503098674187
21743,31.77589203201592
21744,34.05589181216839
21745,35.93243865594056
21746,38.30571134505454
21840,24.60595206590463
21841,27.443369203992695
21842,30.07629064528356
21843,35.31417883345445
21844,39.026003686066026
21845,44.06957275058517
21875,7.744894818996944
21876,9.421361437129066
21877,12.751561443387368
21878,14.618592695720126
21879,17.082219039785816
21880,18.500535677556044
21891,13.848029849354145
21892,21.236783194592093
21893,24.71582018802675
21894,29.474072322375175
21934,28.100827266537575
21935,31.674636285148047
21936,34.58976648306921
21937,36.7454914898219
21938,40.038322628487784
21939,42.665957230344056
21940,44.8686746821156
21941,46.36182447426149
21942,48.86785586670492
21943,49.95509659766621
21944,52.134858877319715
21945,53.166668990958776
22029,64.0430936695797
22030,68.98537028718917
22031,70.85362978301939
22032,72.92096058643799
22033,75.46449190259949
22034,76.92388396219137
22208,36.29901492113254
22209,37.49329480396442
22210,39.40227269370414
22211,40.40511240937672
22212,42.06035692459322
22213,44.69410772094443
22214,48.23393004864108
22215,49.889197961640825
22216,53.527680220498205
22217,56.02706343075821
22218,14.749774495526752
22219,17.77678374778787
22220,22.41796425173616
22221,26.39243927421298
22222,29.869069792637838
22223,33.90601606694851
22224,36.25250653074194
22225,40.904482675377835
22226,42.31714342769296
22227,45.022753862898576
22244,28.077890440277596
22245,34.10459924909701
22246,38.01635434691118
22247,41.601512785649206
22248,39.94200892385193
22249,43.01010050237768
22250,44.996761655395076
22251,46.90266923736342
22252,48.76661866803968
22253,51.05620695497074
22254,52.19814700159023
22255,54.94619958527564
22256,56.52824964879304
22257,57.6586634515686
22258,59.028328918047066
22259,60.55981682564843
22296,0.8588195214695074
22297,0.9541057112456192
22298,1.4641323027911344
22299,4.309129787136513
22300,6.000026076960232
22301,7.532845488010235
22302,10.8212031904221
22430,36.96126297144006
22431,44.10172211395522
22432,48.09084354675655
22433,49.91762703411643
22450,8.673454896577308
22451,9.49817030348202
22452,12.897782518545034
22453,14.415706246464534
22454,17.61988451527401
22455,23.326113226001283
22456,24.99589163069137
22457,27.835231757791686
22458,29.825815987823674
22459,32.19795089289797
22460,34.33939175523449
22484,41.91181114246606
22485,44.17436755459247
22486,46.5657644045082
22487,47.86206158108337
22488,49.69040735239126
22489,52.227585988772255
22494,15.863131247273225
22495,19.79134278809431
22496,22.407819035939823
22497,28.627587936584675
22498,32.71156314619864
22499,36.47867364325028
22500,38.61547277141869
22501,40.2268084210165
22502,42.426363161950505
22503,44.54417889005599
22504,46.140628116117085
22505,47.29289618159489
22518,8.414539980033535
22519,10.953081859610348
22520,17.90917118764334
22521,21.61128381602031
22522,23.869710521273497
22523,26.65743415502793
22524,30.21331010923318
22525,34.00595633857545
22526,35.64397229943136
22527,37.22552270394708
22528,39.778971152708124
22529,40.46801482651183
22681,7.0953258410423
22682,10.988908109322095
22683,14.884461074180976
22684,19.339556391952343
22685,24.1891159047035
22686,1.6447376733220078
22687,3.8086204919431053
22688,5.33234964330531
22689,6.033372018398537
22690,8.296170694789462
22691,11.192704682972227
22692,13.987135645366493
22693,16.07147508120126
22694,20.46702354459939
22695,22.412481736334396
22696,26.083831807350425
22723,31.34111663489082
22724,34.79934765851019
22725,36.870328835150886
22726,46.863698495707204
22727,53.32232085801305
22770,42.85933651973242
22771,44.66747992114518
22772,48.4477107087583
22773,50.5847473252019
22774,55.319046006116636
22775,59.59892167607421
22780,28.8370270431856
22781,33.23382033171236
22782,35.38950157170123
22783,39.213865884608545
22784,40.78895915513122
22785,42.29986261538915
22786,44.66391660136801
22787,46.97480930138205
22788,50.77901793179748
22789,54.33256198649571
22790,55.73510612830698
22791,57.35949767682206
22792,52.235465102927144
22793,53.62525541265481
22794,57.10024401157919
22795,57.54932135712928
22796,61.680587231156736
22797,61.3743862220017
22798,62.261273225094136
22799,64.154219818217
22800,63.863945110146
22801,67.1438281984071
22802,68.46799809052034
22803,71.71087336016335
22839,29.415853032466647
22840,33.00849743843359
22841,35.18328361040525
22842,35.786201723962726
22843,38.77681802811593
22844,41.26774392642846
22845,44.137969761605405
22846,47.4918299965136
22847,51.21414540414296
22848,53.132167755526844
22849,54.076119348195235
22857,20.620683645670475
22858,26.739740576515377
22859,30.626424119109505
22860,34.03636215027656
22874,24.088153408159325
22875,30.729499339340578
22876,35.45443696714757
22877,39.051670874200894
22878,42.081612277027574
22879,44.96163709663639
22888,46.253220562449556
22889,48.70143601014167
22890,55.81374627991216
22891,59.92349659789377
22892,62.869641571418164
22893,64.5723577718698
22894,66.97019534164846
22895,68.33710017465476
22896,68.36216821448727
22912,41.97590096968847
22913,47.91157817876438
22914,50.49490760331343
22915,55.36308713354027
22916,56.0825446448884
22917,59.57809443857784
22918,60.88191355379467
22919,63.09655164692396
22920,66.49706633963662
22921,67.81513916065624
22922,67.40359973416216
22923,70.94605469624696
22964,37.24207400797243
22965,37.73662255183122
22966,39.139008452131755
22967,39.906121572828006
22968,42.940693030650664
22985,32.82004115700639
22986,37.92251621500185
22987,42.13838810792564
22988,49.67227012372782
23022,18.65084282744742
23023,21.22357170798895
23024,25.5371132742641
23025,31.27314281457576
23026,34.07193588129064
23027,42.78699758697509
23028,42.933184510810825
23029,45.6750047194246
23030,45.192943083969716
23031,47.08821435416866
23032,47.415577400319364
23033,53.39970020925001
23034,55.458958343906964
23035,55.67544901271814
23036,56.45761147561783
23037,58.71915754303353
23038,58.66329055532087
23112,9.722212230688331
23113,12.124882823633518
23114,14.303912903114036
23115,18.32344756172282
23144,25.360993431472632
23145,28.626617520249965
23146,30.609542155184467
23147,33.32444930551349
23148,35.347265577306736
23149,37.682690560241404
23150,40.4997022999641
23151,44.88124134887766
23152,47.643121096723576
23153,52.01703136113099
23154,55.86192704123926
23155,57.47642780872122
23178,33.14821758725849
23179,39.09087730304604
23180,48.37461294652904
23181,51.97669053918124
23182,56.95473646646175
23183,9.411340040970138
23184,9.5576493509782
23185,10.989989039467543
23186,11.36562915287792
23187,12.84627980174637
23188,14.79322733330516
23189,12.763918945285415
23190,15.685855458219029
23191,17.94627153911774
23192,19.023316430454543
23193,19.960293158533762
23194,22.264807440606624
23195,27.103654898080926
23196,31.089981601730596
23197,32.89865974689261
23198,35.45890307650832
23199,38.42704104608791
23200,40.65898252335545
23224,18.976693751628048
23225,23.090669292480086
23226,25.113312372124426
23227,26.506648268151014
23261,32.94605875621563
23262,40.87357545268133
23263,44.565713827369024
23264,46.86596067824921
23265,51.14134956990311
23266,54.014818938523526
23267,56.8778682949581
23268,58.2547372012318
23269,60.272132404199844
23270,61.603832414914805
23271,63.18853915787956
23272,65.35635661586444
23301,2.865579563937924
23302,5.994569916707196
23303,7.546181218502933
23304,8.876358348096808
23305,11.043708869409809
23306,13.536788546596583
23307,15.524879915623243
23308,16.28606228697417
23309,21.93338498641323
23310,25.14462270978481
23311,27.807642019509235
23312,29.482315272651356
23313,37.98361485995339
23314,42.50102927971144
23315,44.82397013002546
23316,44.991475398061176
23317,47.126340477905586
23318,49.55938825010206
23319,50.83335936427032
23320,51.72146955713402
23321,53.05399566805664
23322,55.34506079810609
23323,55.240470417850126
23336,57.40696340162277
23337,59.255703653923746
23338,62.223446997232294
23339,62.818090036643454
23340,64.73060923481819
23341,66.26519437422994
23342,68.90801527690469
23343,70.84786463157296
23344,69.3544369068904
23345,73.13669263942366
23346,72.52404059294203
23347,73.92936167096667
23360,7.432481237190329
23361,10.41914091723075
23362,12.454297845303074
23363,14.753440291999386
23364,17.356143986835466
23365,19.497094789914417
23366,22.23562767923291
23367,25.21596164993599
23368,30.04310597263854
23369,32.84921279528079
23370,36.83508240358062
23381,18.6455331939775
23382,22.405178146961752
23383,28.097695183720603
23384,30.50128124565338
23385,33.956797558042254
23386,34.81622171968498
23387,36.3065234684129
23388,37.43542424843231
23389,39.57065787000698
23390,41.59905768783322
23391,41.46540004786498
23392,43.847181868423284
23442,47.80102656966795
23443,56.00461048516144
23444,58.83247929110568
23445,60.787791615615944
23506,20.152462666449313
23507,23.307075128768293
23508,23.117366013145766
23509,24.76216706487857
23510,27.230286792394953
23511,29.442000408383883
23512,31.033930603720435
23513,36.70940141069024
23514,37.54122627361794
23515,40.44585398200295
23516,43.81269994129333
23517,50.06635539229171
23552,17.818164235070952
23553,21.356597804593875
23554,24.79685241088094
23555,27.362771477688966
23556,29.495836534760713
23557,32.3851333538833
23558,33.68200389591451
23559,35.95193326251975
23560,37.117593394321716
23561,41.46543287095049
23562,42.59778825757204
23563,45.606083962807624
23564,55.34843544251318
23565,56.746071278533876
23566,58.149284432291665
23567,58.10128638662371
23568,57.90008778542204
23569,57.19911233586431
23570,58.35647982020669
23571,61.47078248412388
23572,62.673509051787654
23573,63.50933660631381
23574,65.03506518946851
23575,65.77220757113632
23604,16.386067602721862
23605,18.248063922151076
23606,19.982393097084305
23607,22.267371558775746
23608,28.980108612612092
23609,31.645682207234852
23614,30.335919756382253
23615,35.16428359909721
23616,36.84417906739956
23617,39.3223476279229
23618,43.34347858362281
23619,47.483975693102444
23620,49.13905876409612
23621,51.17475842034632
23622,53.745539648386114
23623,55.3763479247959
23624,55.89592700637271
23625,56.94549591631507
23655,46.03471932671114
23656,46.956189896372265
23657,47.49003308700375
23658,47.21616488412826
23659,47.35062219055603
23660,47.59214657600291
23661,49.59903440938057
23662,51.744325161914915
23663,54.77268587506887
23664,55.03270753611465
23665,55.425243088213534
23666,56.11573316195544
23667,22.15695051540439
23668,22.490723150846275
23669,23.424811612776658
23670,25.135288586559266
23671,29.250811502151823
23672,33.449436516554314
23673,36.322897806647646
23686,30.312334513777834
23687,31.313522028437557
23688,34.019612855420355
23689,36.19827146684689
23690,36.83235514637618
23691,37.70194225770059
23692,39.28802454332085
23693,40.634232951438776
23694,42.07558081874078
23695,44.502007232093284
23696,45.800889169753326
23697,48.361465876516014
23711,57.137619767603795
23712,57.97187733516481
23713,60.026196683198926
23714,62.803963252235576
23715,64.0033129883598
23716,64.10569253373718
23717,67.18068937086136
23718,68.23418208624128
23719,69.97501649561087
23720,70.4650651625812
23721,72.07711009176793
23722,73.74942645438121
23809,39.32398726216069
23810,45.81815209363437
23811,48.07632478004285
23812,49.540748164474685
23813,57.75551231569705
23814,58.74204583303994
23815,61.302942727332976
23816,60.32412774986018
23817,60.305699826856774
23818,60.266903470199395
23845,32.71226749851222
23846,34.9061719721186
23847,37.49712006792692
23848,40.34611181040012
23849,42.64071971423297
23850,46.85203021310979
23851,48.407244338543634
23852,50.067567922036936
23853,54.69649497941941
23854,56.28509629062399
23855,57.9876391894751
23856,59.33260753303231
23890,23.411658300355676
23891,26.629704336783767
23892,29.00855858443186
23893,32.410018922625255
23894,34.991367220727824
23895,41.41861861129775
23896,47.20069942223085
23897,50.54558318148694
23898,53.366764166474
23899,55.27514636078088
23900,58.51333922758192
23901,62.61341538505018
23946,43.450219725367916
23947,44.20674156103965
23948,45.50315143560037
23949,47.281357252620985
23950,46.83209424217439
23951,48.63094046521671
23952,50.17512512779648
23953,51.72538645294894
23954,54.12317544783072
23955,55.9703201218473
23956,56.80663781236614
23957,57.41374432369275
23958,13.522565241539763
23959,17.364374803097153
23960,20.677251313949654
23961,24.24045411439431
23962,25.592868635041917
23963,34.1763951826176
23964,35.998451622955386
23965,38.339368015246414
23978,16.152434296858043
23979,21.33313980496454
23980,23.640602615106477
23981,26.054961499581676
23982,28.385040431034195
23983,36.41482601001816
23988,23.215738918852008
23989,31.358775844152667
23990,34.738044346935396
23991,36.67950892382774
23992,40.37755578373473
23993,41.75073058014203
23994,43.40357290521517
23995,43.94978685420797
23996,45.59876597630832
23997,48.109123783083035
23998,50.7852014679704
23999,53.36349638449624
24034,18.251579993057483
24035,21.400680302565856
24036,25.45127281980935
24037,27.231835297940346
24047,25.50443238051296
24048,26.455770544369035
24049,28.711406280170515
24050,30.74412612069977
24051,32.8308931116437
24052,36.07017978219933
24053,37.21466744423705
24054,38.83619291008918
24055,41.33179744520913
24056,47.748951301049416
24057,47.814712388700336
24058,50.04362340868329
24147,20.323733170217388
24148,22.39055418929467
24149,28.10501947567298
24150,32.88102010159278
24151,36.401999642697966
24152,39.71197320619098
24153,41.39916285646628
24154,41.941262258634886
24155,42.43868014644409
24172,25.404720947105016
24173,27.974704407466533
24174,30.491694220392404
24175,34.37043120879509
24176,36.41671170365909
24177,38.392516126800736
24178,39.653804904832825
24179,41.17010644459771
24180,42.41991666002886
24181,45.20628764454473
24182,47.27058491854741
24183,49.2362781645071
24184,23.339279231821713
24185,28.028976084317822
24186,30.64975420588283
24187,33.0098503421128
24188,37.067325687256506
24189,40.268051214551065
24190,42.2324356402744
24191,46.87236021317944
24192,49.77231400142122
24193,52.26100087644598
24194,53.64124548658522
24195,56.68550163319059
24201,6.56146686859117
24202,9.91658945938194
24203,13.095289242491962
24204,17.403470658085247
24224,33.61207231053141
24225,38.02467166889123
24226,40.459208156969964
24227,43.81850750037141
24228,47.39978694132103
24229,49.47215521867852
24230,50.9354566787886
24231,53.43322568940037
24232,55.65670963553562
24233,56.30739753588062
24248,11.600629250289693
24249,14.909317468451606
24250,18.8605196923133
24251,20.763222489406573
24252,24.516946666432112
24253,29.006981072658533
24254,37.35544904241758
24255,33.479856638153954
24256,37.314175087182385
24257,40.9344293499624
24258,41.68608518916511
24259,44.701442428507825
24260,51.109878550025215
24261,53.71564867582241
24262,56.957280487679505
24263,56.68558503772622
24264,57.530082289798926
24265,58.74453850645866
24266,64.6952001989752
24303,8.70087340986958
24304,11.589507820904805
24305,13.584067803341725
24306,18.60868222898212
24307,20.651699312286798
24308,22.4605266509283
24309,25.728660495492473
24310,28.923188305845876
24311,35.329995008609664
24312,40.68283505665329
24313,40.10277396195562
24314,41.23534715762359
24315,49.36120717866123
24316,50.37678346695215
24317,51.8784979775121
24318,58.759658096197164
24319,62.74287448574267
24320,64.07163307544862
24321,67.46159344764133
24322,15.426308998765688
24323,20.942318371951476
24324,25.419874337619515
24325,29.26359809662004
24326,30.701038905107502
24327,34.412878197021875
24328,39.39655791699989
24329,40.89357244048951
24330,31.08174165626539
24331,35.92975986191085
24332,39.52073155081694
24333,42.41697532150033
24334,45.17299301290383
24370,14.75713974418182
24371,17.21696792884518
24372,20.82059481268965
24373,22.920663346054855
24392,27.091683485725387
24393,33.883576605219524
24394,39.67408886420034
24395,43.61202764740283
24436,26.662986879851257
24437,36.03443241871369
24438,38.02962082868389
24439,43.438326907085425
24456,30.840783165893246
24457,34.88149902396415
24458,40.49033682376835
24459,43.089598695301724
24492,26.751483257625473
24493,33.32850007031359
24494,34.675272884650965
24495,37.49949610512381
24496,38.84672796000524
24657,53.68311994023227
24658,54.59471024985783
24659,59.42988590938321
24660,61.035171423676196
24750,17.135423312418855
24751,18.68157054968152
24752,20.713279122925343
24753,23.927593871257688
24754,24.855462582525067
24755,27.186823820453046
24756,27.76243671573277
24829,13.155343219829591
24830,16.824995553745918
24831,19.57922139497517
24832,24.007012768397413
24833,20.08283359791439
24834,23.499035604327062
24835,24.487302611387538
24836,26.534979632668254
24837,27.69923878423349
24838,29.746425599108235
24839,32.76307048653081
24840,34.27929368103826
24841,38.24259568426514
24939,33.76098190440154
24940,36.81078134604784
24941,38.29678168018005
24942,43.15532085280585
24943,42.76540753083255
24944,44.95383765863547
24945,45.082364863557736
24946,46.747457898144425
24947,48.49369674296061
24948,51.085744714517126
24949,53.65839623241476
24950,54.829237806537876
24989,29.605019557507674
24990,32.67707690792876
24991,35.33401206155899
24992,37.96473602819646
24993,40.22064353232493
24994,42.84952916932399
24995,44.09734407224478
24996,46.036004102053866
24997,49.327184630012304
24998,50.866341359555875
24999,53.60271603472811
25000,54.009289753866774
25076,53.56787615928788
25077,55.6074781253528
25078,61.073763975617275
25079,60.92270906420493
25080,64.14911695702777
25081,65.41478687391096
25082,67.2497937692123
25083,66.87791463353103
25084,68.68097926925518
25085,68.71105752910636
25086,70.5300878279742
25087,70.42782847036213
25144,45.62189213205802
25145,46.85673994756892
25146,49.10649623623656
25147,52.32704839711328
25148,55.46278112556367
25149,58.114180927928956
25150,59.12809824616636
25151,59.699762414132906
25152,61.627196662423145
25153,63.94549492770745
25154,65.38169801427371
25155,66.21945109350149
25182,31.70227335358192
25183,34.54150291863692
25184,35.78752631764378
25185,35.5137880934524
25186,36.87847785461475
25187,38.30328980185364
25200,30.42320791174686
25201,41.24595724370263
25202,47.203122332966096
25203,51.574952741777736
25204,56.71265964726576
25205,58.13364088910366
25206,14.541097473773839
25207,15.63172438171426
25208,17.730451583995556
25209,19.734427896846586
25210,20.9327920615734
25211,24.851102913061283
25212,27.605165963335892
25213,29.851767269781785
25214,35.576820563504455
25215,36.5113160207498
25216,37.60364313991437
25217,41.824446428637124
25218,11.64905064389742
25219,14.16146199734689
25220,16.792838469741596
25221,17.218767653550177
25222,20.219461577044274
25223,21.71418489277065
25224,23.729842457511438
25225,25.87866818370444
25226,29.919463516783843
25279,0.8288996519718865
25280,1.0726960805314987
25281,3.3252502960739445
25282,6.475709555380963
25283,7.6140401492725776
25284,11.221171194868342
25285,14.642122991004369
25286,17.484356711893525
25403,28.141738807432176
25404,28.089355448786165
25405,30.603608880257564
25406,31.191062582436366
25407,33.47218972978719
25565,31.442544243921137
25566,35.402346943827766
25567,37.3142554384139
25568,40.917487576231075
25569,41.88064589790741
25570,43.933712208458275
25571,45.748823821000016
25707,14.009691928490666
25708,16.5404514352888
25709,18.120003676830567
25710,19.660635936443086
25827,12.950340317891065
25828,14.975231652775383
25829,15.746071485423341
25830,17.330669198950034
25831,17.5911751468657
25832,20.039945461933456
25892,28.357348714684623
25893,31.340140150589793
25894,34.39938197457907
25895,36.75249562437738
25896,23.660707009425433
25897,25.840697920048616
25898,27.814302307422132
25899,29.204377863928563
25900,32.939501457270815
25901,35.028413707405804
25902,36.34177727418862
25903,37.84028768849978
25904,42.118702065441525
25905,48.56499995049663
25906,50.365769098754015
25907,50.65503981895282
25949,36.877130084008954
25950,39.07311313599648
25951,40.50997840211163
25952,42.78810675378543
25974,15.970463833584084
25975,19.23962083941817
25976,23.61825800050421
25977,26.0025243845639
26011,29.90199480264214
26012,33.851180589013445
26013,41.52663080437423
26014,48.62960188345707
26113,2.034639486217366
26114,3.8180599427711486
26115,4.611196333276409
26116,6.395459794734316
26117,9.40038433300633
26118,11.065370285852199
26119,12.755648298166856
26120,13.918019169911801
26121,16.40748503800147
26122,19.69736713666898
26123,21.870627191277002
26124,22.91054891910108
26140,35.09784388185984
26141,41.44814670766346
26142,42.73635545403123
26143,51.11154461296786
26144,51.86474089302565
26145,54.478475699334886
26146,55.505005535154645
26147,57.73304822748928
26148,58.666348523859
26149,61.26041015847188
26150,61.89159990635269
26241,54.28786992451591
26242,57.12885514717455
26243,61.58723325867051
26244,64.27566818001472
26245,64.95384212240216
26246,66.56952231022878
26247,67.03781025448444
26248,69.74190750819167
26249,69.72603838288617
26250,69.5312047899186
26251,70.17522924729737
26252,70.61914306014009
26289,17.86133164364528
26290,19.39701438212985
26291,21.41270431653768
26292,25.136998787016335
26293,27.053688482480148
26294,28.714840601773304
26295,29.84103497241721
26296,33.02632017712285
26297,34.53560008459457
26298,35.23512321446072
26299,36.451878945183296
26300,36.72933481483479
26315,32.694629651669146
26316,34.37986185755627
26317,36.315452389289796
26318,37.52323269685247
26319,40.13226987747578
26320,42.770590510613935
26321,47.515747297878264
26322,48.00304776561983
26323,50.34607661326017
26324,51.28081231848963
26325,54.07741411622983
26326,56.84009610402393
26455,27.80325635627822
26456,31.0779767100228
26457,33.99447248676325
26458,40.702299450337875
26459,21.754614056556147
26460,23.37596210691052
26461,24.987526631299307
26462,28.523447517725618
26463,34.28524302246818
26508,20.455823934784174
26509,21.698876765159834
26510,22.31234623478312
26511,22.501673744237717
26512,23.283045416427395
26513,24.396404244532537
26514,25.14706523732872
26515,28.312719741367737
26516,29.052737896090832
26517,30.908905971633562
26518,31.663234405836526
26519,34.38659542232318
26520,26.460792219717383
26521,30.524985307885068
26522,32.94654502912738
26523,34.665989550400354
26524,36.27426263599476
26525,37.96118421167564
26526,42.07379769163559
26527,43.58322968697094
26528,45.7623422963271
26529,47.65222503200748
26530,50.286107758652726
26531,52.450857191334634
26564,17.65606712537496
26565,22.171061103586794
26566,25.23291063295307
26567,26.260942259904777
26568,28.530328796681992
26569,30.396396044643414
26570,32.365110425704984
26571,35.45481433821019
26572,38.79731719317474
26573,41.56414193127303
26574,43.768825453097314
26575,44.99922232366457
26576,26.6551367832455
26577,32.334035151032964
26578,43.49220355733187
26579,46.129165641736286
26580,49.52550685776354
26581,51.19657831597875
26582,55.28550901548039
26583,56.12300053261811
26584,15.540943932318028
26585,16.9820884158235
26586,18.913174499458783
26587,20.46538177691071
26629,14.498570798426746
26630,16.44782499572971
26631,17.233749818340588
26632,18.4883470101063
26633,21.064868006518154
26634,23.928785481857823
26635,26.741834822150167
26636,29.269643709916
26641,49.274517011075226
26642,49.3178575364057
26643,52.37753579956359
26644,53.67227215531482
26645,54.97694214185118
26704,14.514464517671142
26705,20.845929123188334
26706,25.984269422694535
26707,34.58318266244963
26708,42.73634980721177
26739,54.30510170332525
26740,57.537875660735324
26741,62.87739421821177
26742,64.92256611801012
26779,20.298419654428933
26780,22.238029084266433
26781,26.862209232233635
26782,29.90352365206361
26783,32.006498345246655
26784,35.82993006668908
26785,36.32951260274922
26786,38.9716697195746
26787,40.72434623807158
26788,40.333988975992945
26789,43.084123143922504
26790,45.17400506680821
26819,49.362425813510235
26820,55.98011517760979
26821,60.167474792963006
26822,62.63448827135765
26839,41.10341549370213
26840,42.61828112469718
26841,43.558893173621286
26842,45.057386986277315
26851,23.294303398547566
26852,26.218043931157887
26853,29.269110289634835
26854,32.97214201332673
26855,35.12915617919455
26856,37.278063579743
26857,40.28515076943458
26858,43.06125697843088
26859,48.35412449724432
26860,51.2624313653176
26861,54.09006387313709
26862,54.634771397347706
26863,24.516037224463446
26864,26.223773797577188
26865,29.089034819302373
26866,31.809789141894992
26909,4.490055884074357
26910,6.735875761018484
26911,8.565625095294166
26912,10.895603691358819
26913,14.780402970641012
26914,16.916473495084553
26915,19.002711109062982
26916,21.215460077944822
26917,24.704930192727176
26918,27.454513610074983
26919,31.359207567876975
26920,37.482423643854155
27006,31.82194290958112
27007,35.06051743110891
27008,36.99743158887621
27009,38.986831046055045
27028,15.662476985519902
27029,20.971622151243352
27030,25.596826160455116
27031,28.4914975004335
27047,28.701676178497703
27048,30.674854913831762
27049,32.85679803813067
27050,36.158239399152535
27051,36.81510497635368
27052,40.255269509685036
27053,44.07025968526976
27054,46.07212753617847
27125,56.71985988865852
27126,61.05066242749681
27127,61.63597337587619
27128,63.99360524369012
27129,17.069237231528582
27130,21.81566434324823
27131,25.699580376501512
27132,27.0611342263502
27133,29.776199927518338
27134,31.44184218988655
27135,32.36554357472158
27136,35.91049922449547
27137,37.997619232152815
27138,43.70331272221673
27139,47.51874052936111
27140,49.94843611506577
27177,33.6928658357318
27178,38.29336568174336
27179,41.001367786674784
27180,43.75724098106874
27181,45.595093073090325
27182,45.843134537402825
27183,48.24068745028466
27184,49.69424071752483
27185,50.83552099055125
27186,53.03832361772715
27187,53.164309140790465
27188,54.49158600980326
27189,27.333064403188004
27190,30.75464015852065
27191,32.2338182478916
27192,34.66422041856749
27193,36.67339737076367
27253,18.75928453013794
27254,20.191093865881797
27255,20.82734980830285
27256,25.375182019834853
27257,26.576435981619248
27258,29.29813537697774
27259,32.04979617205992
27260,34.1859573774779
27261,23.252101597037388
27262,29.879993241624863
27263,35.463715520235716
27264,42.81856368527292
27285,42.70865669702339
27286,45.39749250109715
27287,47.53712237689177
27288,48.956391912111
27289,50.81642755879336
27290,52.328021486961596
27291,53.10502307173545
27292,54.53817235137449
27293,57.18915600049169
27294,58.030871302414404
27295,60.88374990043803
27296,61.30430113902308
27349,20.972362542943152
27350,23.25215084967311
27351,25.340464347384255
27352,27.34340787345587
27353,36.0656815416115
27378,33.823822083807144
27379,37.96253180340897
27380,41.543201889907856
27381,45.681945756294255
27382,47.82285780072906
27383,50.70969407634812
27384,52.95983182761265
27385,54.67001421283463
27386,56.21245876862998
27387,60.688862474064
27388,60.984839849671424
27393,50.66771582766864
27394,53.76744026789786
27395,53.121744658189826
27396,54.091942216197566
27397,54.61338239208749
27398,56.01649564548101
27399,57.46169107897187
27400,57.43082219079007
27401,58.21144725429042
27402,59.4056022402791
27403,59.564000468959854
27404,58.90324760042159
27425,26.500590487622368
27426,29.75473427541378
27427,34.68629902573605
27428,37.116767312628596
27429,39.872738751629214
27430,40.88998575875551
27431,42.46605865289204
27432,43.00616222687384
27433,29.203374108469742
27434,31.621730491926797
27435,33.768094789288895
27436,36.700307056190425
27437,37.62259003215561
27438,39.723504808029475
27439,39.03625211110925
27440,40.73875339168187
27441,43.025046810648284
27442,39.549578083328434
27443,45.161580034256545
27444,46.96079564583626
27445,47.02031633622049
27446,48.69077235619927
27447,50.326560481524666
27448,52.177951448671166
27449,53.02494367159374
27450,55.59168632843847
27451,56.13751790769711
27452,56.6923534283698
27453,58.26582070626538
27454,6.754758718499893
27455,7.505367064302206
27456,9.470706862647285
27457,10.754488397803199
27458,11.308656845779023
27459,14.198209258873826
27470,27.033057770915928
27471,28.731158307513507
27472,32.145717856563856
27473,35.115410392004065
27474,36.758075004050724
27475,38.93577771415495
27482,36.75111993961413
27483,48.2750133260972
27484,52.441726607026695
27485,54.35025713439209
27486,57.2356381501474
27487,58.56745960887765
27488,61.87846039139908
27489,63.4895551907395
27490,63.63620603320145
27491,65.60082997428596
27492,66.92694798485302
27493,66.39619368468657
27500,35.25742108364775
27501,43.46016776094557
27502,48.54370931911575
27503,53.59985372179875
27504,58.44039757865088
27578,25.284922674998736
27579,31.640273985349534
27580,43.45377862254075
27581,45.80048698183668
27582,48.07321326174638
27583,49.77606811191608
27584,50.3186142835281
27589,58.01387408080673
27590,60.51376650167758
27591,63.490823559571155
27592,64.03849587909897
27593,66.56245220173261
27594,66.29858279767664
27595,67.64617120341703
27596,67.9228290706487
27597,69.43364354039232
27598,68.49255044281804
27599,71.79330548289671
27600,71.38833213879596
27719,21.580121133068737
27720,23.69562260425323
27721,26.71593407078086
27722,29.071772861912255
27723,31.06790844676062
27724,35.547675549681564
27725,37.096751825717945
27726,38.93566786240229
27727,41.70697548459607
27728,43.84658707307722
27729,46.021202645560464
27730,48.531054394636726
27795,46.06194622585992
27796,49.628298556994984
27797,53.05940358459103
27798,57.2136545577906
27799,58.13001275817776
27800,60.021126290463194
27801,63.61020416634471
27802,64.81811846222571
27803,66.38771835415783
27804,66.70444662493587
27805,68.34172482778938
27806,68.18234234241416
27807,21.578077143130926
27808,24.66394997738016
27809,27.400368305086065
27810,29.969714201720674
27811,32.53184005426755
27812,36.34599011473712
27813,37.80537007130609
27814,39.229267939454246
27815,47.13677065420038
27816,50.109906337678424
27817,50.234834095789985
27818,51.877273956604995
27848,11.93581412962992
27849,15.918588540681174
27850,20.446148935234476
27851,25.913145726362703
27852,31.389053193970874
27863,45.585749637603975
27864,51.76527558731201
27865,53.234536902814874
27866,56.533356936117706
27867,58.162944764404706
27868,59.37055562286162
27869,61.352114314397504
27870,62.771961765073875
27871,66.39794680329304
27872,67.73574114882446
27873,69.82645872217338
27874,69.47987719574354
27898,25.285105970403077
27899,29.86530129367477
27900,31.967004316131646
27901,35.78869492286119
27902,35.17844715354828
27903,35.738806932726824
27904,35.98019563457067
27905,40.306465730030695
27906,40.9845678487336
27907,43.99875852345023
27908,46.33684548649664
27909,48.18261055116939
27933,5.213706066185161
27934,7.934380590980473
27935,11.070832340502324
27936,13.976503507858132
27937,15.942648079885384
27938,19.848780433128873
27939,22.93045193523424
27940,26.54559813081998
27941,30.51433289785273
27942,33.33088616841232
27943,36.850168669806806
27944,37.6465242609948
27945,43.91725342211852
27946,51.35706453533039
27947,55.87417567977736
27948,58.59897604584681
27949,42.31787066657028
27950,47.909475785681344
27951,51.78849079461661
27952,56.31452716849355
27977,63.74380111622665
27978,64.95074790383347
27979,66.34747088077063
27980,66.29817508156762
27981,68.7289270352421
27982,69.42594185313492
27983,70.0606278515054
27984,73.46273878141302
27985,73.66794119497065
28002,39.3866425942073
28003,41.462828684727775
28004,43.27511233485708
28005,44.343061451636586
28006,45.19945912434103
28007,48.27855277328407
28008,53.607052044102325
28009,55.11715784890878
28010,58.398907172584394
28011,60.29683096973016
28012,61.88306829447235
28013,63.49767513779866
28037,40.89868949733453
28038,45.89612913422027
28039,48.993149435030304
28040,52.474031665474655
28041,58.675629049876996
28076,28.572499653535385
28077,33.28895926354418
28078,46.10173493627486
28079,48.225882422623016
28080,50.09435839875342
28081,51.693324424278266
28082,51.74343786728283
28083,53.27463495545309
28084,54.922245206883765
28085,57.24030338935141
28086,57.96590563059749
28087,59.048333314696364
28124,36.64476371252713
28125,37.616697696899365
28126,43.5423690852406
28127,44.58608771941431
28128,46.046750598181454
28129,49.44216127696646
28130,52.501012470890764
28131,54.957129330657665
28132,58.70979065176814
28133,61.138353620336005
28134,62.204718268342056
28135,63.32383584152215
28169,30.36030198960622
28170,34.4519419372747
28171,37.161382937194375
28172,39.817656934896576
28173,43.79037505209841
28174,19.37752094919989
28175,25.83900377816896
28176,33.47362821455927
28177,35.44905590341488
28178,38.210983739306094
28179,40.7020698756175
28180,43.122501988025405
28329,21.3520597620581
28330,24.43229968843899
28331,28.123793801123508
28332,31.552146713428048
28371,58.44231459512224
28372,60.70350710805809
28373,63.42771247715714
28374,64.92326081066679
28375,67.02699131345997
28376,67.40292971721469
28377,68.4492767492799
28378,69.39316214697494
28379,70.54666093873155
28380,69.73543941877115
28381,71.79261403430918
28382,72.42584354456889
28399,51.06647883007049
28400,53.63498852139505
28401,56.45262289391736
28402,59.40711255906405
28403,61.055425494969434
28404,62.89885127214314
28405,66.33387587523127
28488,46.99460888095621
28489,52.50503354661732
28490,58.860169716537314
28491,63.550289854083296
28594,26.030598103581973
28595,28.70669014628611
28596,31.09016674854372
28597,32.610406137786825
28598,34.60774426011827
28599,36.71183729691359
28600,38.305722788593656
28601,40.786394244974886
28602,44.10726820577087
28603,46.32827976177408
28604,48.34858292157652
28605,51.11330644735598
28618,22.274235725632483
28619,25.439766454023804
28620,28.133930567468482
28621,30.45573163378665
28622,30.35422419343407
28623,1.0098340305775997
28624,1.4552245720144248
28625,3.7685445334397305
28626,6.4390576157029455
28627,8.780424271754582
28628,11.110711222392899
28629,14.328258543502201
28630,15.789324394157315
28631,18.043279978925266
28632,20.207675537667903
28633,24.687957006323423
28682,9.25223114893645
28683,10.226630919971392
28684,15.697703005108787
28685,17.41977235732761
28686,19.32484199948548
28687,21.118231478762674
28688,24.1382583070869
28689,25.921481919260735
28690,29.29442247466579
28691,32.75381629485409
28692,34.70828702149687
28693,37.959481040523066
28711,4.915124499491359
28712,7.910277066158368
28713,10.81958410194528
28714,13.772771836045152
28737,18.30862822482284
28738,23.42877261188776
28739,26.184255595434607
28740,27.167470415558718
28741,1.3282061225836608
28742,4.117335412182957
28743,7.260619910232408
28744,11.804732375600919
28745,40.77302622910265
28746,44.27670178455525
28747,46.68213589329164
28748,49.411610806922376
28749,51.411694496283054
28750,53.904035712042194
28751,55.44598325464178
28752,57.82220167137887
28753,60.433532683446124
28754,61.30837243797526
28755,63.896015661750766
28756,64.34889095710551
28761,29.658454291981435
28762,32.80354809097891
28763,34.333814868209835
28764,35.564970344522706
28765,37.42331483223737
28766,40.183666998677275
28767,42.971441563103035
28768,46.48279638686749
28769,48.88192147281071
28770,50.71249792995767
28771,53.4679860033896
28772,55.11286092984305
28825,20.321773116454402
28826,22.39566555272778
28827,24.480417670794576
28828,29.597865042244724
28829,35.14135670744968
28834,25.820127179046047
28835,28.041799805226557
28836,32.25591088333488
28837,35.312473031972154
28838,39.28219228423791
28839,41.17298524982913
28840,43.95195265708368
28841,47.50641655158763
28842,49.047927690888784
28843,53.867623704738065
28844,30.933028540607484
28845,33.612472022093044
28846,37.47839886669126
28847,41.239453600840044
28848,45.63827380672973
28849,47.0218314735581
28850,48.90455362635787
28851,50.41977659386943
28852,53.61628938329366
28853,55.087533842791764
28854,58.512969479069476
28855,60.671697379190064
28901,26.35621057512015
28902,25.903352248823982
28903,27.177778785935768
28904,25.772051836028616
28905,26.556996549760456
28906,29.02911577650423
28907,33.15174649342739
28908,34.509102251352516
28909,36.74209255815894
28910,42.13399235547103
28911,43.35503868454346
28912,44.35093551869232
28913,23.37776035111233
28914,24.311056415842124
28915,25.903704469702088
28916,26.783093445832186
28917,29.014331803887732
28918,31.548765405026977
28919,32.546166120994286
28961,32.04547234346291
28962,34.1758656641157
28963,37.908742686003926
28964,39.89927991975828
28965,39.37845123907093
28966,39.793298266058656
28967,39.9261412178503
29047,23.8035870939688
29048,26.74371383211621
29049,27.568090051360215
29050,29.471817092687814
29051,29.533912918893222
29052,31.489507702580124
29053,34.482050209855
29054,37.71368363519509
29055,41.112886755947855
29068,16.870856331244596
29069,19.08201802588825
29070,20.708650484971912
29071,21.755332961284413
29072,27.255975375420878
29073,29.09926148712843
29074,30.083441156450878
29075,32.6840938522945
29076,33.922272744911254
29077,35.08595863696122
29078,34.9675038633524
29079,36.237250908541014
29221,9.606313350106268
29222,10.766825440542961
29223,11.767629609647084
29224,16.353328284952603
29225,17.460818410430377
29226,19.770012341164247
29227,23.810717974029693
29228,26.413092198563874
29229,28.855221839192005
29230,32.16929497043207
29231,33.968699187317455
29232,38.49820964540897
29341,13.202728210547443
29342,15.009021939663963
29343,17.62237157186965
29344,19.724090969081043
29345,20.87944546271693
29346,20.992604976339766
29347,23.269874626883258
29348,24.774954800041524
29349,27.518226892704277
29350,30.312779890356726
29351,33.40110187402711
29352,35.51376669104959
29384,56.73222865927658
29385,58.85879947704867
29386,60.608431650153165
29387,61.85185592092797
29388,63.72049660514954
29389,63.92548446907659
29390,65.27235685583128
29391,67.79555445083965
29392,69.83291555742707
29393,70.00379275016846
29394,70.29333554977437
29395,71.3743575350851
29417,55.48238057443474
29418,59.98901508602877
29419,61.26373752070201
29420,63.85477116601921
29463,36.91435362901206
29464,38.83260394451149
29465,40.66607879240485
29466,42.684401658950975
29467,47.79945059677843
29468,50.9858244759879
29469,52.3318221582236
29470,53.16941129684112
29471,54.83636494421212
29472,56.11478976094109
29473,56.47598030783187
29474,59.11231669431114
29475,23.820720362777386
29476,26.294184390879565
29477,27.492003409766035
29478,28.810374836815004
29479,31.549222308984948
29480,35.31346728438085
29518,51.06531091132795
29519,54.85807706867821
29520,58.279022498965325
29521,60.99429793167054
29522,62.67220420268287
29523,64.19280568947777
29524,66.1499726319638
29525,66.82392822517575
29526,68.67042218483674
29527,69.3164345074058
29528,71.26372124362568
29529,73.39344378273415
29557,29.256429328804966
29558,33.1184923634225
29559,36.51984272414979
29560,40.16117832617594
29561,43.66140775589482
29574,21.115118148143885
29575,32.21660158723267
29576,35.45687257594646
29577,38.09408376576795
29619,48.832521606530136
29620,50.39777207696068
29621,51.97791374831004
29622,54.42001795623395
29623,40.4143308143619
29624,42.448948851572894
29625,44.88828237235143
29626,47.34625709334745
29627,49.417165262460834
29628,52.37853051206152
29629,54.36417556522801
29630,56.26898503556525
29635,20.353695676769547
29636,23.640171789778666
29637,24.5098114068353
29638,26.533842560258062
29639,28.97018468934584
29640,31.74854067078044
29641,32.54551360302979
29642,35.495344333368834
29643,37.3595941323605
29644,40.00781151037384
29645,43.653327703030804
29646,48.03053967644595
29687,51.71112533360348
29688,53.95479153847815
29689,54.12455900137985
29690,55.532370713178096
29691,60.85210435783516
29704,24.936600319340876
29705,27.50443268675332
29706,31.03234512732582
29707,32.794178424798886
29708,34.422333501250286
29709,36.234825680945455
29710,37.12915523529907
29711,39.54444958638822
29724,6.736518958702573
29725,7.962558401184047
29726,9.575699372504243
29727,14.036956799699205
29728,18.36458027364492
29729,23.852784540831376
29730,25.534348645570077
29731,27.5848817836825
29732,30.842592655171256
29733,34.02974397615388
29734,36.67243926739902
29735,39.9563273138867
29736,20.486299302618285
29737,23.099336921189835
29738,26.65411235175138
29739,27.119407669979875
29740,28.23137700510996
29741,29.842906530742454
29742,33.0379948327233
29743,35.65420209519746
29744,36.98586126398987
29745,40.91240100784948
29746,46.30231413432351
29747,47.38058675161631
29796,35.24298178183748
29797,41.30130622838431
29798,44.37454160385698
29799,47.90381327843313
29800,50.67937887678649
29801,52.94818042744721
29802,56.799530960589344
29803,57.51172032829627
29804,58.65170655106368
29805,59.49515246102378
29806,61.21165953778785
29807,62.615306796550634
29817,0.9140637021408551
29818,1.2457115946699382
29819,3.3695422167468876
29820,6.886677906774398
29826,40.54164921830447
29827,44.625605678213894
29828,49.83027844796579
29829,52.873533973669296
29868,0.43693112778856535
29869,0.48807304769376325
29870,2.179262622964421
29871,4.280433481498218
29913,20.932338082462092
29914,21.370175070836247
29915,23.286635488553376
29916,25.175293778535107
29917,33.21956913541637
29918,34.92466254931146
29919,39.24110506560901
29920,40.44398835676613
29921,42.876430022584465
29922,43.721630380070884
29923,47.198485349331236
29924,48.96835296981183
29998,24.664242712098996
29999,28.111110399903247
30000,31.69461689644682
30001,33.89222187378568
30028,6.920341255455633
30029,8.470652648794564
30030,11.668966097990136
30031,15.051624040443983
30056,2.4947788870943644
30057,2.9850325650104703
30058,5.027398426451499
30059,7.555344699356681
30060,10.88177249253152
30061,11.80704063455041
30062,13.86271013213384
30063,18.191882200566607
30064,20.955688252017705
30065,22.794629596145725
30066,26.256730483567342
30145,26.945692711957122
30146,31.13434036100887
30147,33.19455403993561
30148,35.818906057391615
30149,36.874376079889856
30150,38.60181129185962
30151,42.94765462880979
30152,45.612791460566726
30153,51.117203481093306
30154,52.205301317126654
30240,27.474421452734653
30241,31.11564377903109
30242,33.538767867188525
30243,34.71669543481867
30244,33.32891685676653
30245,38.583838005930524
30246,39.27597108041103
30247,40.81193089548032
30248,42.60020739216913
30249,45.71176991240652
30250,47.45654199142059
30251,49.99816305058427
30252,20.107941304450904
30253,24.72097660121775
30254,27.357244858378227
30255,31.64815017814704
30256,35.98888420435992
30292,9.79025345076639
30293,12.911312764195836
30294,17.366150368616363
30295,22.359636295358296
30415,19.177673562678827
30416,23.00903502307768
30417,25.99735532815405
30418,28.126585520118127
30435,10.928159510823036
30436,13.676030281428519
30437,15.67558829623748
30438,20.00242042290915
30439,21.848996717314435
30440,23.943921560294932
30441,25.864145889681087
30442,28.85902419698526
30443,30.66538602746739
30444,32.394077769374235
30445,34.50544258826366
30446,37.147851412701115
30452,55.982576341984576
30453,58.65869955953442
30454,61.56398552832375
30455,63.9088490415931
30456,66.68592744594996
30457,67.82942380593686
30458,67.6274987082219
30476,1.0072220235392704
30477,1.6846252594907076
30478,3.8763076408939567
30479,6.3468452780049525
30480,8.33161228905679
30481,9.327475918565424
30482,11.015448410977289
30483,14.032141613258807
30484,15.294256832581702
30485,16.88944118913286
30486,18.73741050637631
30487,20.89874979299899
30500,33.9237161821146
30501,39.37081033443792
30502,41.62593027805313
30503,43.85857801753078
30504,45.34329184336078
30505,45.784401190898784
30506,46.14360447379097
30507,48.2469764697193
30508,50.9418144468386
30509,55.14635249549612
30510,58.21629365980615
30511,59.99902857145938
30517,17.90081011430599
30518,26.496382882155306
30519,32.036950269834215
30520,38.94412343535461
30590,31.952882934784274
30591,36.081110423573854
30592,37.924113457955656
30593,43.19137381547414
30594,26.42959633797614
30595,31.201185882619082
30596,38.640558506373324
30597,41.32027126368371
30608,35.23018021971946
30609,39.15857174911801
30610,42.682662910628586
30611,44.48149798306436
30612,48.82655149607191
30613,53.731436641841114
30614,56.724315276627486
30615,59.36060734977062
30616,62.011269937606805
30617,63.569970328576964
30618,64.48073426708505
30619,63.8534767782665
30655,21.953705058651945
30656,27.37285297728241
30657,32.81588150705753
30658,41.760867736848745
30769,7.06641394539132
30770,7.919808248452687
30771,11.104111435759949
30772,15.708357683492405
30773,18.71901181325624
30774,22.610113983099083
30775,25.13836955770714
30776,27.23174158130708
30777,29.36159879070747
30778,31.597386032940275
30779,35.63369400494009
30858,1.7226458169722887
30859,2.6166945276348796
30860,3.824636929432936
30861,6.9134169748018905
30862,8.651550949209925
30863,10.669374502149678
30864,13.291070419000409
30865,15.136483125133221
30866,17.371626492707403
30867,21.070457330352035
30868,24.5891963325168
30881,34.18376802975937
30882,39.563789932263866
30883,41.69193665120205
30884,44.484813730171176
30885,46.96474649237173
30886,50.43481069576296
30887,54.18799254223079
30888,57.46218855610768
30889,59.614216680253364
30890,60.97560427765401
30891,61.9086017949974
30892,64.92643770006481
30893,26.970784206504227
30894,29.604033812776937
30895,36.34282198887673
30896,38.56836874962549
30897,42.04102278589981
30898,46.22448340476673
30899,51.001935077287
30900,54.30321609364972
30901,56.58226866430535
30902,57.46058516683265
30903,59.29810283162453
30904,59.32918443000673
30993,28.209487128186574
30994,29.984923127037074
30995,31.462357397430733
30996,33.328054264678855
30997,34.78564699320214
30998,36.7599549651381
30999,39.93135624900334
31000,41.289426910816104
31001,42.36882412269834
31002,45.8606299423767
31003,47.92685973463282
31004,50.68644135177318
31005,25.094643570822427
31006,31.76730693414914
31007,34.465098854042346
31008,37.50334352365101
31009,2.998133089614883
31010,6.920958805386339
31011,10.253079147907163
31012,13.074294479263173
31013,16.701180525568848
31014,19.520633027236286
31015,22.12784850909474
31016,24.35356641954175
31042,28.67315311826437
31043,31.51979172411365
31044,35.62035489642252
31045,38.545259463937214
31046,41.27315315032971
31047,45.22359742613711
31048,45.94529367832266
31049,49.70124996453031
31050,52.13193179083065
31051,53.67679037117447
31068,21.214924090818204
31069,24.92702199594912
31070,31.152475873499547
31071,34.870135824034385
31072,38.56513442229001
31073,43.836953454169695
31098,9.316784755762963
31099,14.355915351242645
31100,16.90889503412628
31101,19.281907624189383
31102,21.307599659819374
31103,23.897842170164374
31104,26.392344999310815
31113,40.04812256551823
31114,46.05199032864645
31115,49.45906248756396
31116,52.521010380603286
31117,11.298994901580595
31118,15.312564009213245
31119,19.943783404197422
31120,24.996483879387092
31181,5.2005019557525785
31182,8.871168963105234
31183,11.390260664365726
31184,14.49395284529014
31185,16.639790771130247
31186,19.011173444835137
31215,26.61005546638422
31216,32.33529819321097
31217,38.316342801828306
31218,41.212706759696836
31219,44.5524220552993
31220,46.08760597410588
31419,26.977243871380832
31420,30.312796260398237
31421,34.92830040354591
31422,40.701033055702474
31443,37.35397855992318
31444,41.79907605508815
31445,44.63773144425371
31446,46.82198154395492
31447,48.84804096388052
31448,50.92718158548864
31449,54.27456321479552
31450,56.326094957626225
31451,57.9972127355092
31452,59.68691611164016
31453,61.789208177686334
31454,64.41145417742966
31483,51.04207824656787
31484,52.85104176613532
31485,54.222734649671324
31486,56.2383811609093
31487,54.99211336328508
31488,21.73592897916836
31489,23.646309399889525
31490,26.218937879908903
31491,32.04049612576989
31492,35.9023522589689
31493,39.93412856693006
31494,45.02124796093427
31495,46.977543347612524
31496,49.04328437932237
31497,48.24177915849288
31498,48.79459169574251
31499,51.34796099534272
31536,41.562273743939414
31537,45.02012232407759
31538,47.32156040780202
31539,51.004443655483996
31540,53.054339253911095
31541,55.21709193159593
31542,56.73349452472036
31543,60.037888654045744
31544,60.03390135659062
31545,61.6795698486728
31546,62.684607503467504
31547,65.46546913258042
31548,22.068365628095975
31549,26.675642621061492
31550,34.34890724501081
31551,38.300125780385095
31552,43.10785642900817
31565,27.985813806439975
31566,31.42095093260693
31567,36.15722431534995
31568,38.41606887886459
31569,42.18210029767483
31570,50.60827047341353
31599,20.89278303066449
31600,22.553606484417067
31601,26.445967744516917
31602,27.548673102203622
31603,31.248046333742188
31604,32.41402091771918
31605,35.57975562964532
31606,37.404742776934405
31607,37.990269704469696
31608,40.11983197093137
31609,41.36970040367934
31610,42.00405890839732
31627,25.558199736671888
31628,30.780056093911675
31629,31.964288052833435
31630,34.78288292012063
31631,40.418935604062824
31632,48.788976392971634
31633,51.66195635160178
31716,18.824261245307472
31717,23.135531382806978
31718,24.495101568520315
31719,26.486750791052252
31720,27.763737743094637
31733,2.8454775322258072
31734,5.164447333012042
31735,15.20942114111529
31736,20.17296663218148
31786,5.048465591234673
31787,9.612004833214161
31788,12.53650989344122
31789,16.165329906317226
31832,54.1747178955696
31833,55.66555639186377
31834,59.446131657515
31835,61.10548841744007
31836,63.7440608007664
31837,65.54266497296479
31838,68.04796627162798
31839,68.71677420848542
31840,71.9159189215613
31841,72.03814382029019
31888,32.703020202490436
31889,38.97924449186176
31890,42.795743376066056
31891,48.734185313854205
31892,50.5203799380474
31893,52.21712846267139
31894,55.559992300076075
31895,58.70669346610973
31993,33.56718519434449
31994,39.628080119678955
31995,44.58043400642901
31996,49.5983940957717
32014,17.083473413681865
32015,19.261521062636454
32016,20.0007375996973
32017,22.630400227586023
32018,24.21509574407653
32019,26.32731851500015
32020,28.265544008660463
32021,32.367397581564305
32022,34.692865697010916
32057,26.22498694192927
32058,25.602484399527587
32059,27.629678360938325
32060,27.828079685069948
32061,28.59817837500517
32062,28.51158939525029
32063,31.385083943853356
32064,33.725130599176566
32065,35.64461241326264
32066,38.96843370299223
32067,43.51990553968657
32068,50.63821292819778
32119,1.3818278002457236
32120,1.6758177907471687
32121,3.752707785059038
32122,7.946860547820348
32123,12.977417516069643
32124,16.211256069331874
32125,17.581529562257494
32126,19.88474723434483
32127,22.647155249245206
32213,33.600597769509854
32214,34.464410533644696
32215,36.027069553092076
32216,36.68799517059934
32217,37.75151091476771
32218,40.79423794922542
32231,27.424762480894916
32232,34.185746347854945
32233,36.960921908079065
32234,39.335001455287234
32235,42.961465612694326
32236,21.64901906898971
32237,24.490387795268397
32238,28.31308623238306
32239,30.126349269681448
32240,32.73962357055702
32241,35.795880325451066
32242,39.630310716375774
32243,39.93246038403125
32244,40.21288488675897
32245,40.61806448040221
32246,44.65435411395895
32247,46.6975028149356
32353,11.058694043302268
32354,11.194924029868739
32355,14.91037785708415
32356,15.998628644485745
32383,0.8306955102509562
32384,0.8591905044363088
32385,1.1195796356881151
32386,3.7341859119904353
32449,5.007388567958082
32450,6.525215680428207
32451,7.50294834809746
32452,9.33543028234279
32453,9.833221771979993
32454,12.632883392148239
32455,15.521330156905195
32456,16.460985116055042
32457,17.917096418688498
32470,30.9618100978417
32471,35.940128418415846
32472,37.34894051089688
32473,40.19458208589266
32474,44.11584052075275
32475,47.65421389914549
32476,51.869698107170365
32477,58.35302798919988
32478,61.35041175423716
32479,63.64401869194914
32480,65.26007392021064
32527,36.239978956004954
32528,39.37730011709844
32529,40.62074613699368
32530,42.234965457553244
32608,5.828186077263888
32609,6.2488476374476685
32610,9.14279947977407
32611,13.865478770986602
32627,14.783062496828892
32628,22.916924610952933
32629,29.735858682094523
32630,31.95214142626136
32713,25.67345940142134
32714,29.983717121343012
32715,31.879356901963558
32716,34.63281946503647
32717,35.84173580857001
32718,36.43179933957034
32719,39.36513762422726
32720,40.52982095610168
32721,43.424287603460456
32722,47.58879342973014
32723,49.325447559601926
32724,51.39113357872146
32725,28.75552185765199
32726,31.54246430326947
32727,34.064219713176165
32728,36.28381756249263
32729,38.932868535547705
32730,40.50541418466799
32731,45.08182679713774
32732,48.5849785561647
32733,52.629201234736854
32734,55.135997822766704
32735,58.15592569633882
32736,61.45658837509756
32741,13.017727448657464
32742,16.510247880981666
32743,18.21591559952436
32744,22.06162781002817
32745,27.43591739531627
32746,32.376703619760065
32855,25.784060990482313
32856,26.516414842812075
32857,26.603921467641733
32858,27.380357227200143
32859,29.157015182341983
32860,30.25592275850903
32871,1.2266146904309598
32872,1.3303306159755746
32873,2.995691316575666
32874,7.752955971645372
32875,10.172883023111513
32876,13.363035083824986
32877,15.075781294214654
32878,17.346999961770287
32879,20.24512947550489
32880,22.41086617160165
32881,24.379019344380445
32882,26.87587175329866
32901,12.817457682365898
32902,13.936558498417888
32903,14.95432472663184
32904,16.110614826771272
32905,24.329219161623183
32906,26.784346939541905
32907,31.353747964997797
32908,37.05344464298146
32909,46.99813168539606
32929,45.91646827227337
32930,49.24243742684802
32931,51.90643118416509
32932,53.456118464978225
32933,55.06322730785077
32934,57.345999726733766
32935,60.06364610805653
32936,61.56447189569071
32937,63.053301646506505
32938,64.04148998448879
32977,0.7851535940491174
32978,0.918888189241937
32979,1.1780419487499931
32980,1.8276167116713475
32981,4.560036449968332
33029,37.26081836592417
33030,38.72978975042664
33031,41.15872215385549
33032,42.836000479212416
33033,46.14624328953708
33034,48.975835790103304
33035,49.83121296717114
33036,50.92577026388215
33037,51.30781858004638
33038,52.667183594776525
33039,53.46967743383174
33040,54.46735044878207
33107,37.57340867491426
33108,41.046481819188934
33109,45.154508850134086
33110,47.236279272956715
33111,49.08367024954748
33112,50.00881994392671
33113,51.57709069988929
33114,52.47668202633402
33115,53.645850531272984
33116,55.21481280571465
33117,57.779800350879995
33118,58.77423019738008
33119,22.11622716221921
33120,26.812703147584177
33121,27.758239527305584
33122,32.46436040836877
33123,34.033825938091624
33124,37.037889003787065
33125,41.67713595286021
33126,44.76087871804075
33127,46.22211932085112
33128,51.324928216299334
33129,52.74299954450815
33130,54.71208308724169
33135,25.94799334844885
33136,27.77990082274177
33137,29.770479175443313
33138,31.553478117793734
33139,33.89971719845179
33140,35.956763955262886
33141,37.52787467551
33142,42.05073448842071
33143,45.20391518837524
33144,45.94207800733353
33157,25.795095979243793
33158,29.11372863972039
33159,31.144474295683857
33160,33.41073098421618
33161,35.43828774719609
33192,9.696115266041518
33193,12.955150478468964
33194,15.251853472822905
33195,17.13536352941228
33196,19.067191837043723
33197,22.69063858379819
33198,23.182357636473306
33199,27.81518935138858
33200,30.657378487217443
33201,32.71112421179739
33202,36.54067278687546
33203,38.4706696466893
33204,25.106335709226922
33205,27.24352629226826
33206,29.462327612624726
33207,30.76349071732983
33208,34.79035116835851
33209,35.849375388250294
33210,36.97565781534606
33211,38.661540160386025
33212,39.190458571950344
33213,40.74729986035091
33214,43.21137190348926
33215,43.77820847436868
33228,14.437707791891995
33229,15.546870286815205
33230,16.34871396074639
33231,16.125286508973826
33232,16.865317145549138
33233,18.21930547533356
33254,16.963860260228472
33255,22.22946001840283
33256,26.432232434262357
33257,29.5257761664054
33258,0.8206687868878288
33259,0.9156992627102651
33260,1.4022120681535801
33261,4.5654228079696235
33262,13.089917058997893
33263,14.34062702704794
33264,15.82841029721308
33265,17.73455603027412
33266,18.212993202513985
33267,18.962128925230004
33268,19.151954494010152
33269,21.57030751867618
33270,23.519484703388844
33271,25.216594673625007
33272,28.06037640900644
33273,28.970321163870818
33274,13.29402181335233
33275,16.914300349778063
33276,21.132858037803196
33277,23.980632084615074
33278,24.67892148559601
33279,26.391418316075505
33280,28.028659236416978
33281,30.824653581907636
33336,36.523207112364524
33337,37.87755703767934
33338,40.2386947851843
33339,42.0508146541458
33483,2.9718560595557606
33484,5.033344193063102
33485,6.101864740110492
33486,8.937741805879272
33487,13.103127369648599
33488,14.901017690108075
33489,18.521113153448045
33490,21.607567599503938
33491,36.51837184438515
33492,40.902025129019364
33493,43.05190258557439
33494,47.067213236036814
33495,48.61517831701503
33496,51.816391755615214
33497,54.35495740741411
33498,57.338912705365075
33499,59.44001240379582
33512,28.607594159174983
33513,30.338602828821315
33514,31.325663159281742
33515,35.43651390208328
33516,39.1025671523061
33517,40.93199750047737
33518,44.251396082188734
33519,46.70642174574999
33520,48.845247443653506
33521,50.62894757959816
33522,53.41434166176265
33523,54.82749789966252
33528,31.62992221508098
33529,36.40580557609372
33530,44.74565375587162
33531,52.2090322625336
33639,5.799615570424235
33640,8.05726232369589
33641,11.247700426041774
33642,15.457719605136989
33659,36.49576095677694
33660,41.44021568187562
33661,47.95564779884308
33662,52.582584048826654
33716,35.936441964575536
33717,40.59450088800537
33718,43.735725830620446
33719,45.36882053334593
33720,45.44700521138265
33721,47.08470381910359
33722,53.564206933198655
33723,56.10265543500142
33724,59.021530912245396
33725,59.11335772069089
33726,61.39111817116802
33727,62.49277442519669
33958,14.398913903447955
33959,16.483950593519356
33960,18.162045142001233
33961,19.821151808318213
33962,21.444355580527887
33984,8.953689858943786
33985,13.170115390801815
33986,16.319194839842673
33987,18.79332124267858
34035,0.983354383401754
34036,1.0435731593671436
34037,2.0029160917928936
34038,3.5187658449389874
34039,6.0237929263155365
34040,8.432125873970747
34041,11.612722683510176
34042,13.581066313022175
34043,15.683540101264871
34044,17.717832848979796
34045,21.024674665770664
34046,25.769927388052736
34047,57.01148833482848
34048,62.53076173198507
34049,65.65801772423887
34050,68.65746872371135
34051,70.03841603865153
34052,70.07935753923631
34053,71.1403988399614
34054,71.50869525026302
34055,74.50191197267037
34056,75.29807289463407
34057,76.5476923511116
34058,77.16317578460828
34063,29.694235226092996
34064,34.328234128019645
34065,37.65134370771285
34066,42.6015710586113
34067,47.1546883128856
34084,8.16808764319419
34085,10.290445868709655
34086,14.344112514702198
34087,16.89882126544798
34088,19.81174163439762
34089,20.756116159783335
34090,24.21306630657038
34091,27.176143587996435
34092,32.383034830018836
34093,34.85777860495229
34094,37.25717477554229
34095,40.55944997462136
34108,25.456037421008403
34109,27.961381367769793
34110,30.249729850595813
34111,40.02902869248555
34112,43.24719093084622
34176,17.67036017724837
34177,18.476581317138333
34178,22.191183340243764
34179,25.29180148823653
34180,27.913530897042776
34181,30.738489494511196
34182,33.46324282248259
34183,35.75174318725992
34184,38.05519168119711
34282,13.10564648427685
34283,14.409841880322594
34284,16.743990341490726
34285,20.25365745527289
34334,8.242633394324308
34335,13.572686701631495
34336,18.30814346878746
34337,22.681375101922974
34427,42.949685970704365
34428,46.365456136369474
34429,47.89682666842105
34430,50.4383819572513
34431,51.77227295729541
34432,54.13469578424675
34433,56.27971390820494
34434,26.786457158642804
34435,33.56171510402626
34436,38.904970136150006
34437,45.24423713157767
34486,29.484708589747644
34487,31.48908167940139
34488,35.16028417725603
34489,35.97502640745431
34490,36.84347672256683
34491,39.30625755579788
34492,40.088655212198695
34493,41.22384902912144
34494,43.29727036804849
34495,44.3027988911625
34496,46.34903278198533
34497,46.98958147274218
34538,0.711504022555831
34539,0.965681577421367
34540,4.145962413422644
34541,6.830303386163679
34594,35.14485384635029
34595,37.805553432038934
34596,42.96945052500247
34597,47.84175243793749
34598,6.568321620255586
34599,7.497938215439957
34600,9.516010637413622
34601,12.567032591062974
34602,14.364452265662889
34603,16.57391979251062
34604,18.155562197865777
34605,20.24739705287209
34606,22.517760822090956
34607,24.50748463235258
34608,27.611334938518922
34609,36.35857245828589
34610,24.74092965938967
34611,26.889295653569945
34612,30.156019170068923
34613,32.60288752992702
34614,35.052295523624515
34615,36.71313932060104
34616,37.81321280629467
34617,10.796946050896658
34618,16.022636397006792
34619,19.040661050598274
34620,21.848052182644196
34621,25.609048916946634
34660,8.885566761605663
34661,11.024063622696122
34662,13.795633192788525
34663,19.697260811636948
34664,26.914330779137163
34665,31.32584210275412
34690,3.285844636055868
34691,6.283499651184803
34692,8.60364891408357
34693,10.63703130160573
34694,12.732362393383886
34695,15.37977058358752
34696,19.771204006872832
34697,22.88571259060759
34698,27.896267935687387
34699,30.26949616603818
34753,8.891374442616137
34754,13.034504599079549
34755,18.045751444396885
34756,23.379432063470425
34757,23.94019788403423
34758,27.77063256010429
34759,30.42412909147927
34760,32.545021174439825
34761,36.8597797970227
34762,37.29419681636384
34763,40.71798716591413
34764,41.71897337926784
34806,9.75080911034277
34807,15.03502212949882
34808,19.44707602832701
34809,22.964051681819484
34810,27.50974098859256
34864,20.20059641895827
34865,23.44438651041805
34866,26.326581582028055
34867,28.537610983515133
34874,22.717196101946193
34875,24.632257504473195
34876,28.77425266136083
34877,36.475437356550735
34906,27.562997926901645
34907,28.352209080812095
34908,31.088934744457557
34909,33.41518007926715
34910,34.77115445221469
34911,36.8391892279434
34912,37.52841381399882
34913,39.768992651061815
34938,39.96665708737324
34939,43.80848419780557
34940,47.224637659471725
34941,51.583194962281034
34942,54.89713834022544
34949,17.421056120819454
34950,19.635004506952452
34951,23.225178284989322
34952,24.634604560989146
34953,27.589281300448746
34998,40.12112262373276
34999,43.12331783396956
35000,44.45122827896986
35001,47.047562230475705
35002,49.05093842602501
35078,47.26028178716933
35079,48.74573836085553
35080,49.542809171244066
35081,50.694850689547636
35111,9.800497241300002
35112,13.676274094551344
35113,18.194183737290906
35114,21.988628171773012
35115,25.197326329223667
35116,27.926583269318865
35117,31.878063974379646
35118,32.575332407182664
35119,36.077054313310825
35120,37.73418066689376
35121,38.807995561705326
35122,43.96136783800407
35177,33.061281985963944
35178,36.142024527771746
35179,39.77306818353055
35180,42.9879281687639
35181,48.63714444854479
35207,22.44824601922272
35208,23.55172639514101
35209,27.80223738073243
35210,29.500075690921136
35211,32.71981236698456
35212,35.885272657675735
35213,37.454894163351604
35214,41.25290249775367
35215,43.833863452357406
35216,45.664397578207804
35217,48.95545990131208
35218,49.479311787883795
35277,43.88005537318467
35278,45.61800463072193
35279,48.31328564722165
35280,50.877900179134045
35281,52.66743153233711
35282,55.99670047200856
35283,59.05361680290598
35284,59.94098333399824
35285,62.612795186229086
35286,46.131359092944365
35287,49.150028067851174
35288,51.024783202536426
35289,53.04937890619238
35389,22.818850177724826
35390,24.142216392085498
35391,26.029053950141588
35392,27.126466668473263
35393,28.689158892711397
35394,27.905298150324516
35395,29.477668898780486
35396,30.376907703339075
35397,32.859621935644064
35398,33.576327124624136
35399,35.534244532092345
35400,36.48793745069459
35401,29.096371774411853
35402,32.148948301544415
35403,34.163771740858614
35404,37.64676773071081
35405,42.181815720131176
35406,42.729171808563365
35407,44.96907779977612
35408,48.44832895272839
35409,49.36863851505644
35410,51.83564926047317
35411,54.147058641048716
35412,57.48349175492446
35438,31.015381679182813
35439,33.38869580187466
35440,37.93047609565575
35441,42.146254451533615
35442,43.109592861322234
35443,44.78867126465972
35444,46.29561315209899
35445,46.65304836558323
35446,48.43656799202612
35447,51.18306181155155
35448,54.10116428404609
35545,55.95380602039481
35546,57.66917592862767
35547,61.58182724549197
35548,61.73033689843072
35549,61.79994249785356
35550,63.16729248398139
35551,64.04503831612989
35552,64.43606546851078
35553,66.32111844878528
35554,67.66712224017002
35555,68.70159527841705
35556,67.95301960642281
35557,28.503471393569175
35558,36.81204982695364
35559,38.700508254510886
35560,44.99596306261343
35614,40.655077066814194
35615,46.82364233257617
35616,48.68684549177244
35617,50.1088589000148
35618,51.662717840479274
35619,52.38859472596537
35620,54.136436520260034
35621,23.023614407588628
35622,25.094462985042117
35623,27.521239470042445
35624,29.707127160047975
35625,30.597609846679745
35626,31.30267342096237
35627,32.93759031872146
35628,36.219084392200116
35629,38.15938133367281
35630,38.67500175918421
35631,39.1278816301371
35632,41.45386678591096
35676,46.200864162284915
35677,51.21945681737897
35678,52.513995996159736
35679,52.332627029506114
35680,53.649230251029145
35681,53.417428627181685
35682,54.66282675095377
35683,56.3127237915118
35684,57.11393583778309
35685,57.64259828917042
35686,61.35225274717862
35687,61.38760693054438
35706,24.633865286232915
35707,25.64448233161789
35708,25.774744187983543
35709,26.80758982532538
35710,17.12229721818738
35711,19.65484300615675
35712,23.773487451614177
35713,26.011894167057466
35714,28.277689268939834
35715,29.483103766441737
35716,32.82726164987678
35717,36.422281939166545
35718,25.162934033668506
35719,30.07133624732269
35720,32.946597764373664
35721,36.37459502824366
35727,17.817431349627835
35728,21.618188840467425
35729,23.774834883531653
35730,26.71479961152724
35731,28.702555239478805
35732,34.607107513265
35733,33.81937527774194
35734,35.86448327611526
35735,37.76908312740472
35736,40.71484841063457
35737,42.41470122937463
35738,44.182550734225806
35745,14.28925225813559
35746,14.05812656463724
35747,14.225283871937814
35748,14.921271682325177
35749,15.335779804016752
35824,18.34843650651523
35825,17.326839828471023
35826,16.232895450635965
35827,16.792563625474095
35902,1.8600874765923203
35903,9.816804446713192
35904,12.524332305224966
35905,18.673561447868614
35922,19.798047098901367
35923,20.916520248966034
35924,23.312423809246535
35925,24.86200824511832
35926,27.389876927052168
35927,29.49224235160391
35928,30.214018204557195
35929,32.303601437784366
35930,33.947881341983354
35931,34.856377329833485
35932,37.01413957127701
35933,38.12158182302684
35974,19.41519618364301
35975,19.67192316591007
35976,20.89499278834856
35977,26.58544599952837
35978,27.84472450456951
35979,30.50074074422253
35980,33.802404537638324
35981,34.9846151255246
35982,38.875812088130324
35983,43.967342526427885
35984,47.963747000938795
35985,47.14897754840044
35986,9.390044059836338
35987,17.083125177111032
35988,21.860651001285433
35989,24.437727612203105
35990,30.393258829075556
36068,21.830141429353482
36069,25.419682341947034
36070,29.071925206829647
36071,33.731624993453444
36120,35.9579142098957
36121,41.147498699151676
36122,46.67056361161134
36123,48.960872522276425
36124,57.99851873465477
36137,19.437599704841702
36138,23.938742007930372
36139,24.97517443901059
36140,27.75756977579264
36141,32.19626790467975
36142,34.337068841811444
36143,37.376299127464875
36144,40.405406566677385
36145,42.54487223204686
36146,44.37485541122874
36147,46.55871239506843
36148,48.209689889741846
36192,39.626592752532986
36193,40.182046629517615
36194,43.44457221997205
36195,46.60614352935067
36196,48.736142040045394
36197,57.06569258226483
36198,58.109315075119795
36199,59.8995522287265
36200,62.3707395547093
36201,62.87864437438651
36202,64.61166353811758
36220,24.53641625264199
36221,25.70460114383438
36222,27.867420082381003
36223,31.06462820528083
36224,32.31345763792779
36225,35.85346755290655
36226,39.21728002716172
36227,40.57262014447395
36228,42.467880052569946
36229,43.737670049090184
36230,47.383663687878915
36231,52.897293219339645
36245,42.199408574478454
36246,44.141690331399786
36247,46.44644061151998
36248,46.95401811687703
36249,48.08986814361972
36250,48.06414609654292
36251,48.72638242743808
36252,51.98301002634045
36253,51.479009306348246
36254,36.01269430215702
36255,37.68260526374951
36256,40.36405319714235
36257,41.42623903534776
36258,41.27246137263693
36259,41.70142846672052
36260,42.38468912695998
36261,43.34110137472485
36262,45.770556141504954
36263,47.58750889487335
36264,49.73458286803786
36289,0.9316395136151481
36290,0.8965720998044258
36291,1.0268824189264034
36292,3.0995706420667597
36293,4.813364166245655
36294,7.62947737716029
36295,9.020861875227014
36296,10.982597513195696
36297,13.968771200740234
36298,14.923528927093203
36318,23.88297287394271
36319,24.377788739695625
36320,26.038046858664607
36321,27.95319296355894
36322,33.84548411221325
36323,37.3178016336717
36324,40.399714436393275
36325,43.07960565741448
36326,48.08887756820874
36327,49.35201673222698
36328,51.44032009528561
36329,52.76502797870728
36330,55.22070457889252
36331,56.53995686520458
36332,58.90882959067548
36333,60.54747592824922
36343,16.715612122434816
36344,21.500840494597924
36345,22.79927996712525
36346,24.796269589520517
36347,27.026407555755853
36348,28.04495705759983
36349,29.821217800940435
36350,32.31954345238109
36351,35.61553989625527
36352,36.85424601674945
36353,38.381152611178656
36354,39.82816960025338
36367,17.891836121975654
36368,21.255343475031875
36369,22.30093680838205
36370,23.266913771421578
36371,23.633276164415996
36372,24.97447362044739
36373,29.071317560094336
36374,33.17934695674034
36375,36.33077332029508
36441,37.53611671612239
36442,43.70797513322349
36443,44.1441019943173
36444,46.09073458340343
36445,48.79245963147913
36446,53.10664206512838
36447,54.76698154789692
36448,58.42778143959485
36449,59.85438908553026
36450,65.92305979485582
36451,68.04360954845926
36452,70.05323503802708
36453,24.401446119018477
36454,26.927860964294712
36455,33.94776279829437
36456,36.54801205449921
36457,38.35118732340055
36458,41.25119174234631
36459,46.909271944372485
36460,51.545876462923424
36461,54.644027727306295
36462,55.81396487481422
36463,57.76521603582574
36464,59.43189181028053
36523,2.670066504878155
36524,5.612467673831488
36525,8.706754486307451
36526,17.417642862555038
36601,24.92387998633686
36602,27.570692660497365
36603,30.457400689330868
36604,33.137593296044166
36605,34.19397417541924
36606,36.20927385107035
36607,36.79854458148185
36608,37.32599258545381
36609,38.46615918149614
36610,39.31320380148738
36611,40.39306991312919
36612,41.687027480830736
36618,32.270494239834264
36619,34.007153129483186
36620,37.540897988369316
36621,41.69971899173664
36637,41.97622291395134
36638,45.96438077514685
36639,48.31541417943515
36640,51.268943558151314
36641,54.01594680854297
36642,55.84566266378001
36643,57.40525168942854
36644,59.29177830157053
36645,59.23896072652021
36646,60.76984426431045
36647,3.078896093463119
36648,6.421620856132639
36649,8.494183751843995
36650,11.256733774945657
36651,13.411795413203263
36652,16.58643974747891
36653,19.146445544816537
36658,38.66069010594338
36659,41.58059125905264
36660,44.270184831877806
36661,46.795190025284846
36662,49.97862197137812
36680,31.53765290477999
36681,35.47434775737081
36682,39.84696880600701
36683,43.97635930719832
36714,13.685119035159675
36715,17.987676295052623
36716,22.849243951444475
36717,26.396485504614695
36734,46.87419554413592
36735,50.99644399033928
36736,55.88422887893933
36737,57.10699599151829
36738,59.37912103005208
36739,61.0731881994966
36740,62.032044054027715
36741,63.872210966573505
36742,65.19189386009656
36743,66.93098561586572
36744,67.44319635709351
36808,29.905086485527196
36809,32.53969642273851
36810,32.988747389831246
36811,34.2522717495319
36852,20.098191990964068
36853,23.11049231597806
36854,26.10281936437968
36855,30.28409111755324
36856,31.840667478499505
36878,8.522057689187962
36879,10.705584430151895
36880,12.544409265800622
36881,14.95832869987647
36882,17.974015801431403
36883,21.42831340559851
36884,24.682814567541808
36885,26.38965840890295
36886,26.633167290085137
36887,25.75412530493779
36888,28.06413249905821
36889,30.296369847690396
36890,39.810222507101
36891,46.85199085602715
36892,50.60100221155476
36893,55.50545256348185
36894,57.6178451496437
36951,29.82814346387205
36952,33.56430857980386
36953,36.119792057520634
36954,37.13322645374344
36955,39.78518211197925
36956,44.54013283189295
36957,46.58437084405451
36958,47.42244254006164
36959,47.8166063702833
36960,48.520004329553394
36961,49.37846405332189
36962,50.69459578580471
36975,31.43295888777522
36976,42.14514123835367
36977,46.61453521327562
36978,53.26198775538209
37010,4.023544652912476
37011,4.379112762364556
37012,4.9923244881781565
37013,7.869100189981277
37014,12.810083204873559
37015,14.453494736209453
37016,15.97822854711254
37017,20.226652195931692
37018,25.56226771278375
37019,26.822446627879568
37020,29.430547428811835
37021,32.43278637914503
37022,47.93699258451673
37023,51.20804473770111
37024,51.227986893104145
37025,53.60781971356588
37026,55.52754714408337
37027,55.92402512983453
37028,57.418097585240595
37029,59.97098903770925
37030,60.97113755371745
37031,61.760243498331114
37032,63.852752953064886
37033,64.90896188344931
37034,24.39995485338611
37035,24.085688306536596
37036,25.621015770570715
37037,25.072665805138303
37038,26.520326051494575
37039,28.668144176614625
37040,31.427404545888294
37041,18.088779484490093
37042,18.199973899897774
37043,19.37011162154749
37044,22.54267434539862
37045,24.875363273162304
37046,26.80957086414494
37047,28.95211839375966
37048,30.6741877933226
37049,32.5404275734313
37050,37.24293233358385
37051,39.24794864526946
37052,40.80858772463804
37053,37.11424632958276
37054,40.37929904468205
37055,43.93017309083376
37056,46.84104510211254
37057,62.40625281278398
37058,65.01351391318049
37059,66.97389762872126
37060,68.87807696112466
37061,70.24313659265457
37074,29.844288213875718
37075,33.088404576375716
37076,33.67743170667683
37077,34.43932616525695
37078,33.236382297188456
37079,33.74815611415565
37080,35.807527410415965
37153,24.674106436519413
37154,26.14289208826455
37155,29.260741560604604
37156,32.00149491829106
37157,34.68893415163696
37158,35.8961690248296
37159,37.40917712082758
37160,38.69039886044491
37161,40.67139117425786
37249,24.2887919453449
37250,25.82901236440537
37251,26.61787023951531
37252,30.74570001153701
37253,32.91189600886035
37254,38.21614263770456
37255,40.611522949164396
37256,42.481182853421
37257,44.717386855124424
37258,47.988191564221616
37259,50.3819085090791
37260,49.916760737783186
37261,6.695822087397918
37262,7.5964539383368805
37263,11.248373721682063
37264,13.831034697210178
37265,15.129726611670659
37266,18.98172101854688
37267,21.640498247896364
37268,23.647835668589103
37269,26.530735676963765
37270,28.603041422660162
37271,30.665231326100606
37272,32.59109873220835
37308,36.440966667660035
37309,41.69421474348179
37310,45.67525434443229
37311,47.612965195117546
37398,34.928264973581705
37399,38.20202526502099
37400,41.71798703353639
37401,45.161524783002015
37430,21.036551459875458
37431,23.651952124578585
37432,25.704948063190656
37433,27.980900381757102
37434,29.75961664823091
37435,34.23837155133223
37436,37.19175729839859
37437,38.49052093099859
37438,40.28258224798666
37439,44.29136398155135
37440,47.054449346397405
37489,39.85502890134822
37490,49.1579763214943
37491,51.805738418945964
37492,53.95641375519504
37493,56.83852584465559
37494,57.847196846158184
37495,59.59909780129489
37555,15.032642784948669
37556,15.128628032646075
37557,17.466977258036742
37558,18.062423426936395
37559,17.96991935226883
37560,20.5122213936419
37561,33.37994345467075
37562,36.973132774705924
37563,40.56303640088878
37564,51.21151378575313
37577,28.064141703141907
37578,30.78563779786683
37579,33.10249256099848
37580,35.882131728014805
37581,38.959480130317274
37653,21.89115100634259
37654,25.088726042804073
37655,27.5132889781563
37656,29.049140828450483
37657,31.569452270155693
37658,34.961228639201614
37659,47.883876018012046
37660,50.49025214020384
37699,47.10542111683564
37700,50.38130599625062
37701,53.26992651844374
37702,54.052978999604704
37703,53.64257266887134
37704,56.54397918559016
37705,58.18202268289777
37706,59.455926285381295
37707,60.10347354832405
37708,61.32453093592033
37709,63.03901030269712
37710,63.82625432909597
37756,46.66133086038587
37757,50.35848141161528
37758,52.14089569598741
37759,54.19502089238268
37760,56.87539843705262
37761,58.862545346568474
37762,59.840292432345365
37767,31.720313501539586
37768,35.10424869091806
37769,41.08456301057258
37770,43.91635020011046
37771,44.74245734942902
37772,48.39077154198028
37773,50.75978854893185
37774,53.10539945262924
37775,56.11935612197341
37776,59.81405534816126
37777,61.50806337633736
37778,62.737888579746695
37816,13.99246358926053
37817,17.33753788396916
37818,21.881111386504312
37819,24.394562921399412
37862,20.61165167576528
37863,21.02305412111554
37864,21.277911672330376
37865,22.48200831701216
37960,23.917498766538966
37961,24.34868165874503
37962,26.118909050118596
37963,29.060287221196592
37964,30.16839059571232
37965,32.02480000280233
37966,34.844053218500406
37967,38.209439533958964
37968,42.104605475734466
37969,48.93346925433629
37970,52.059021408182375
37971,54.05755198407749
37994,29.86863326263546
37995,34.081608429604145
37996,41.458980596740744
37997,47.31094226146445
37998,53.51622336155204
38021,29.269706712376422
38022,31.901981590352815
38023,34.12407036919944
38024,36.542970966426836
38025,37.738651551454794
38026,39.52984316234191
38027,41.594931323256766
38028,44.77270740202219
38029,47.637944384241926
38030,50.79427549427016
38109,27.685407071353143
38110,29.18147716163955
38111,30.907971963555127
38112,32.33631828413025
38170,24.902782453218066
38171,25.786126451160715
38172,29.342637732465256
38173,32.24192402183917
38174,34.47753801017309
38175,36.60089869260823
38176,38.92432748844368
38177,40.105639613093004
38178,42.86385299760698
38179,43.91838114723074
38180,47.493111633901236
38181,49.270648413130104
38197,31.090294964729985
38198,34.398164793422474
38199,36.43487065058903
38200,41.09090922914862
38201,44.21643680206549
38202,46.23261065959849
38203,52.009451311537745
38204,57.75300343425643
38205,59.623240900955985
38206,62.120450487577784
38207,63.377674156809725
38208,64.05532865091683
38209,65.44691855140326
38210,67.20599657495956
38211,68.57886600124904
38212,70.51118735990298
38213,70.18986433335624
38214,73.74560981824209
38215,41.251087654326824
38216,49.90917122528951
38217,54.26249287676601
38218,63.0875225987897
38239,14.462421281570636
38240,22.11121194457474
38241,29.555274840098765
38242,30.776728167753
38243,34.224780174345334
38244,34.88075646259526
38295,16.30741850709813
38296,24.291770240465148
38297,26.045189099421815
38298,29.98420792687758
38299,31.326459240971417
38300,36.902486580652756
38301,40.52304981324295
38302,41.81496255424849
38303,43.686242589839516
38304,46.08720830723494
38305,47.411014595631315
38306,50.70710103611704
38307,53.305719436688136
38308,58.10629152851645
38309,63.0218279242128
38310,64.31029798220409
38311,66.10272410549464
38312,16.62388374754421
38313,17.8798836298618
38314,19.72489478775575
38315,20.20403395327979
38316,20.62694061304376
38317,23.077457498172233
38318,23.842284730014047
38319,26.08286757988311
38320,28.80517057239972
38321,30.771492263068204
38322,32.54218358008456
38323,33.759375060322206
38324,26.35407382277456
38325,29.151701852557547
38326,33.04781429338606
38327,35.38179163224637
38328,37.32498101691778
38329,40.472444058339505
38330,42.64406867773867
38435,26.349855522888653
38436,27.305778141373064
38437,27.713305696882493
38438,28.49891707684054
38439,30.782440957835394
38440,33.08213540322899
38441,36.07263247815228
38442,38.124002263397045
38443,40.00244576795638
38444,42.47646511938822
38445,44.52815837051172
38446,46.015963217597665
38447,34.68819980199125
38448,36.5454177368795
38449,37.32320506294573
38450,37.318434736788845
38451,38.27346957853957
38615,27.408982957714038
38616,30.94172320483158
38617,32.27630635142621
38618,34.76044883704673
38619,35.54920350237923
38620,37.188179457979146
38621,37.754560771944924
38622,41.56759718448259
38623,44.02321207801592
38624,45.15352300211705
38625,48.461319205290266
38626,50.412321046943276
38627,20.763272423753907
38628,22.596774443151805
38629,26.63156500667558
38630,31.53529044751611
38631,15.064818122850452
38632,20.40847816296576
38633,26.89540474112794
38634,33.04567718486073
38786,42.387173409431135
38787,49.154234713238615
38788,57.48515277187354
38789,63.61339355809452
38790,65.13082139991108
38853,33.7757580721038
38854,37.463914474372395
38855,38.91622624157367
38856,44.091577856412506
38857,48.161646585310166
38858,51.03316930080492
38859,51.66535881024648
38860,53.417137199633906
38861,55.69361733557312
38862,57.01408284946589
38863,59.94517122006869
38864,61.07372273273044
38869,31.106220129758622
38870,36.04510011949593
38871,42.89178912620161
38872,46.06648223575671
38916,31.066857252024075
38917,32.301790369210465
38918,33.63806348735126
38919,35.12045043642981
38920,35.20378163466005
38921,36.90401453672351
38922,38.592305761683285
38923,39.4111851394827
38924,40.890236672974034
38925,41.37541661891598
38926,41.5529736704873
38927,41.765527215517345
38936,40.68348359000173
38937,44.31965783848271
38938,48.00044768590173
38939,52.74565699128775
38969,20.136301614107715
38970,21.217568714521416
38971,22.29375765911692
38972,23.467785729219173
38973,24.760137839879736
38974,25.987708310886426
38975,28.209283861678518
38976,30.668389402509405
38977,33.10849707100729
38990,4.281711977349162
38991,10.606672566047047
38992,14.224804714510324
38993,17.08226994350876
38994,23.770002441222445
39004,39.0138101243283
39005,41.39856374455335
39006,44.413303903568085
39007,45.9337629911771
39008,47.80805697453412
39009,50.54908239156107
39010,54.991516907205934
39011,56.287918024196195
39012,58.82242296880148
39013,59.339835608200694
39014,60.497506737301514
39015,61.626231964870044
39040,21.051004547332028
39041,26.15648326455729
39042,31.01569164794525
39043,34.6334383859405
39089,33.10553884491307
39090,41.52562023568808
39091,49.17011589011407
39092,52.94335340491228
39222,19.77638055316579
39223,21.810048784729744
39224,26.79074558506688
39225,29.118615480150275
39226,34.32721122038973
39227,38.487466359462786
39228,42.823485918602564
39229,44.046798424672325
39230,45.791620285653586
39231,48.462215744422174
39232,48.667082281266936
39233,50.45391072529713
39252,32.97048410996242
39253,38.1418352562597
39254,41.57227463685926
39255,43.484816468867095
39256,45.95419251639211
39257,47.23366128772827
39281,11.926224763034423
39282,16.406604744457443
39283,19.344011806287643
39284,23.48907862202177
39285,25.841393764583138
39313,15.674773351627245
39314,17.05127251224334
39315,21.002822902325946
39316,25.72888165259203
39338,25.98740166540595
39339,26.644572028598773
39340,27.516767562295865
39341,31.088699712808864
39342,34.53796320932896
39343,36.01460864959626
39344,39.09388738668728
39345,42.20005261768838
39346,44.67182047691045
39347,46.760338508968275
39348,50.97484829975172
39349,54.54374312490704
39408,20.67802063567736
39409,24.16742546782401
39410,26.36828793722053
39411,28.872975047884704
39412,34.91678895149521
39413,36.63548362020361
39414,39.41477630514323
39415,43.261767961559386
39416,44.3891022103034
39417,47.65927774691534
39418,51.39416302560973
39423,23.372108259498305
39424,24.38267747487562
39425,26.74392896055283
39426,27.73469315696108
39427,30.559188395943576
39428,32.68986940462777
39429,34.14129411810159
39430,34.89954910968543
39431,35.29760566050225
39436,28.139357529045224
39437,30.158083061645208
39438,31.60362458934702
39439,40.071761306809606
39440,42.747840228220234
39441,49.261520503271704
39442,51.790529257310524
39443,54.30881155711296
39444,56.088578815064245
39445,57.969377222407985
39474,11.658763444429194
39475,15.844528468397145
39476,23.024010330895212
39477,28.382664919461977
39478,17.377338933090265
39479,17.70106190083258
39480,20.597848948790563
39481,23.30671027421402
39482,26.153935033512806
39483,29.170579541514957
39484,33.39272623147516
39485,37.25610258024811
39486,43.54161608823832
39487,46.60389437634789
39488,49.65425105721774
39489,53.209899200056995
39522,45.75426461413259
39523,47.71328992198145
39524,49.826023434012164
39525,54.155814484147136
39537,15.140900938508329
39538,20.932361453475217
39539,24.674130199417057
39540,27.515329942554402
39541,35.27808040592982
39542,38.29613460545005
39543,40.42069138653275
39544,47.216921332046326
39557,23.158230935342292
39558,26.810430990688467
39559,30.02658339792508
39560,33.0005610052419
39561,35.19755068033619
39562,36.496044671241926
39563,39.40375244478068
39564,42.05660018883345
39565,43.80884222476279
39598,20.797969570808718
39599,26.020462174257368
39600,34.17754030947942
39601,40.62309878243026
39634,10.756588017543146
39635,10.902828725721806
39636,13.903292170718037
39637,15.215501938014958
39638,16.64360184866999
39639,19.141619002592613
39640,22.208256625932233
39641,32.986063770954104
39642,35.86937326220321
39643,38.30264059544489
39644,42.57016006234225
39645,45.63629868888704
39708,45.13503522969702
39709,48.47109380790619
39710,51.7416959336248
39711,56.54751341684029
39724,30.33202142831092
39725,32.224543644807575
39726,36.83029595873361
39727,39.015389285652596
39728,41.888255741591195
39729,43.90135058149194
39730,48.35249938701116
39731,50.94064998780652
39732,53.945986633974016
39773,37.23767194835495
39774,39.38625639458432
39775,41.522385829867694
39776,42.28830059189003
39777,43.58402047247515
39778,47.74802819183208
39779,13.496315469386834
39780,16.63768337402478
39781,20.218651036950128
39782,21.15341606744547
39783,24.46301956964729
39784,27.198571151405005
39785,32.68975685854677
39786,33.49317399593784
39787,37.91984449440618
39788,43.29330866137489
39789,47.91237469848035
39790,51.215678446385034
39803,36.08082285488717
39804,41.349368043600684
39805,52.313157403804624
39806,63.43122802024748
39807,64.43739848652218
39808,60.67800273474053
39809,63.02226365795486
39810,64.58314771427223
39811,66.42036036893565
39812,69.16223654675242
39813,70.7516172915225
39814,73.67864420385476
39815,74.94064092452403
39816,74.9922247192794
39817,76.44842993073647
39818,77.18656029245003
39819,77.05082173070483
39860,34.0091118994964
39861,37.75057375835478
39862,38.39582295695648
39863,40.267942483794386
39864,40.6312868971581
39865,42.78444587253702
39894,30.665904115865473
39895,31.502286002353994
39896,31.91292445196271
39897,31.912245918647887
39936,10.649168815980127
39937,12.036311260334015
39938,14.03915607864061
39939,14.79639190434871
39940,16.235391479806555
39941,16.39074005372455
39942,18.832584381199865
39943,20.435878551085104
39944,23.15648928622601
39945,24.701480590156326
39946,27.319799721856935
39947,39.03782051665949
39960,22.663882965426243
39961,28.519696900698584
39962,35.6706063887798
39963,39.451099165079
39964,42.88946985416105
40034,34.98728830633408
40035,39.06561883982326
40036,43.069659891678945
40037,46.08406432884653
40038,48.259439782731015
40095,35.98470834378942
40096,39.76158071310817
40097,41.89089215294857
40098,43.93057699990431
40099,45.79131103386522
40100,46.67321392660956
40101,47.802794123910935
40131,6.901822787317951
40132,7.845087607840064
40133,10.08877692211419
40134,13.041631182323835
40135,15.074187180405515
40136,16.25150728321325
40137,20.37229432702583
40138,26.34978424648173
40206,7.675825353286064
40207,7.96732215230066
40208,8.35665266115629
40209,8.900664822007997
40210,9.63222417134406
40228,8.841824522140893
40229,11.3843663610692
40230,12.988302744177487
40231,14.936029971204341
40232,18.11941856612684
40233,22.666634870658807
40234,24.820680109822774
40235,26.924288770499768
40236,28.392180550946208
40237,29.15097916011487
40238,30.800788088543623
40239,31.106229356209152
40252,24.31350576946281
40253,30.32443828160589
40254,32.874581378001835
40255,38.87975428235497
40256,44.04991781249282
40257,50.109871998658406
40327,30.025452379856127
40328,33.55600700699574
40329,37.5397677072911
40330,40.521991732702034
40331,43.65688596694267
40332,48.44575598318375
40333,50.446663851844015
40334,53.27236280095793
40335,56.26096946095716
40336,57.96853246411896
40337,61.89334224691635
40338,64.02447459073309
40394,30.400570806428806
40395,31.79954863309781
40396,33.91482116599961
40397,36.449953638191744
40414,43.32041738870306
40415,46.75833184214598
40416,51.93767119908477
40417,53.156537034414704
40418,55.30187596047076
40419,57.480173078967276
40420,11.226436467763245
40421,12.486745339633284
40422,16.42294435778261
40423,18.83457274354556
40466,24.07353529461036
40467,25.911958876418915
40468,28.741516028239637
40469,31.92924268559416
40470,36.614482820745316
40471,37.731165803492495
40472,39.957210026803665
40473,42.52589154496861
40474,46.255243904240615
40475,49.05532294958276
40476,52.08772371016753
40481,36.72089446430007
40482,37.432142251734675
40483,41.514108544785834
40484,43.430713937015994
40485,46.74292383615128
40486,48.96311124196209
40487,52.24040327408555
40488,55.573810418650176
40489,58.31452669154226
40490,59.97916304400713
40491,62.56290839404745
40492,62.72635173042286
40493,25.04749659674136
40494,29.967139491976095
40495,37.17636623628444
40496,42.63409164524723
40497,45.00889928115665
40556,38.97305521453432
40557,40.30389358034093
40558,42.21212613758422
40559,43.36690840698021
40560,46.44454487363605
40561,50.27922636366857
40562,51.392965197557594
40563,52.84270645336418
40564,53.27813771111644
40565,54.6738317157174
40566,55.64620460685283
40567,57.34914717289448
40613,28.32621616089746
40614,32.449470467361515
40615,34.16713458927074
40616,36.88742192749232
40629,11.90300755151555
40630,14.74400386939478
40631,17.275803202225973
40632,21.72188581358495
40633,23.7074220346498
40634,24.543591377804535
40635,27.865735077498552
40636,30.696052511582085
40637,32.314511288025436
40638,34.86345257510859
40639,37.81904764828969
40740,7.218032296529233
40741,8.86614539624944
40742,11.506126730396659
40743,14.929576852985441
40744,16.672843195294032
40745,19.55728478497905
40746,23.49570814944419
40747,25.46473476282155
40748,28.58635702516346
40749,32.13091381336803
40766,49.59675312751481
40767,51.02387695783965
40768,52.372843087720796
40769,54.67800223587072
40770,36.7898645547555
40771,40.592564005796184
40772,42.15795789600994
40773,44.50115082389297
40774,47.922657280724714
40775,50.520004528597724
40776,54.381645372467844
40777,54.327709390953565
40778,57.527834550974376
40779,55.83087628390592
40780,59.27615652303703
40781,61.81644360503483
40837,18.848330116359065
40838,22.437725534979464
40839,24.939948557525465
40840,26.76989104991372
40841,30.933816725570335
40863,6.9611091871946496
40864,8.222822315169521
40865,12.854466537690428
40866,14.316387282927634
40891,15.342836410473657
40892,17.354293016587903
40893,17.707463596762004
40894,18.543786876171144
40903,33.07494654076235
40904,34.52611181910415
40905,35.153680224396176
40906,37.82913236119369
40925,4.0893808028389484
40926,6.798215353394219
40927,8.869796640493318
40928,10.9134524512041
40963,27.734127061037245
40964,31.960878659669156
40965,33.83333517062821
40966,36.86071468407049
40967,39.009770856593725
40968,40.009708781147914
40969,39.98317176473569
40970,42.189700810827325
40971,45.92837813162873
40972,47.155551360020546
40973,48.08587573599935
40974,52.131030356359176
41003,26.491549668650606
41004,28.97045182689515
41005,31.516709671175203
41006,34.10409911919563
41079,45.05136919088437
41080,47.2966734507302
41081,49.30511574980355
41082,50.89636748644323
41083,51.54657449286219
41084,52.8732915802984
41101,24.605997957890704
41102,31.095519553470474
41103,33.536002426611745
41104,35.32242802314203
41105,38.317248172103916
41106,39.40126419371425
41107,41.90648870362355
41108,43.73293569746885
41109,45.330706430703025
41110,47.21287876458563
41111,49.46626685315725
41112,51.10702531834502
41129,33.16903496985924
41130,34.32055975782825
41131,39.59596080483608
41132,43.16857257512101
41133,44.79159799386108
41134,46.461805935118385
41135,48.14294858664064
41136,49.378162608281514
41137,51.230475463315045
41138,52.42694766979162
41139,32.65438288497372
41140,34.57093011934504
41141,36.70597448753059
41142,41.904639996726154
41143,45.53072391106522
41144,46.01263439920041
41145,47.39985856935684
41146,49.21224784729922
41147,50.89628087568584
41207,12.021967168575626
41208,13.748647849254878
41209,16.77937092778335
41210,19.503603380715052
41211,22.845127544814428
41212,25.447700998411552
41236,14.400000384452463
41237,16.937279797934725
41238,18.40264762065663
41239,20.422399888870004
41268,27.16820720155398
41269,29.699580629464137
41270,32.55454338015557
41271,36.652839278562055
41272,45.22266137181435
41339,31.631043903597966
41340,38.2782813586896
41341,42.940577361834514
41342,44.95236588099724
41377,29.32769315193165
41378,33.53475861090763
41379,36.48741360999666
41380,41.887347394575315
41381,46.54566861456569
41382,49.85644374172363
41383,52.16266214019717
41384,53.4275744706885
41385,55.437748089122024
41386,57.26496363386783
41387,59.77496255716272
41388,61.68991302409837
41401,25.01927889750459
41402,29.505412598400547
41403,34.41883978530151
41404,36.052195041178535
41405,37.99604173247401
41406,39.92987884189464
41407,40.65140464998327
41446,51.548602109287806
41447,56.406564773192684
41448,56.68781740930247
41449,58.16052329343303
41450,57.70097951526905
41451,57.8602008935602
41452,61.271083601328364
41453,61.927623986343214
41454,62.601142756619
41455,64.36550129265756
41456,66.46589732830274
41457,68.21089719989652
41484,30.55883638573783
41485,37.07048857169764
41486,43.56273400997292
41487,48.46148395327116
41488,54.27605637229736
41493,14.70443570818106
41494,15.655220868055771
41495,19.07488385801289
41496,20.838178588655833
41497,24.406948589681708
41498,26.256134998516263
41499,27.393561436411172
41500,29.68778344733256
41501,33.46724972613871
41506,29.932465600873975
41507,35.921944323317724
41508,38.818520504243885
41509,40.7423095091601
41510,2.80529320358292
41511,6.7867444979533795
41512,8.530527903126405
41513,10.221262070410914
41514,11.383105881674089
41515,13.826766965102438
41516,15.571878721205367
41517,19.444963114589928
41518,22.764875019706235
41519,24.46211356197399
41520,26.58760284114841
41521,28.02667148663906
41530,1.6709897405399796
41531,2.653989629958521
41532,3.9239157948924213
41533,6.014032689414724
41534,9.08568391476701
41535,17.69904224568643
41536,20.399536530490565
41537,21.62782064995871
41538,23.82543230542318
41539,25.66638463231624
41540,28.47345914593878
41541,29.707920516841433
41559,33.67667195467256
41560,36.59911805181707
41561,38.49463669039825
41562,40.37797540804718
41563,43.89688175343793
41564,48.00220478040028
41565,50.414211915992965
41566,51.68529386456099
41567,53.18712463164019
41568,58.870927318910546
41569,62.230354963937735
41570,63.43348585174887
41579,34.1828721470024
41580,37.250258340674925
41581,43.61641498248127
41582,48.51143616023985
41595,20.83519285352404
41596,26.756951901238544
41597,31.925846538360336
41598,32.38072565661217
41599,33.52807220024272
41600,36.4337071729435
41601,36.29294925764636
41602,38.90903190648335
41603,47.334086718573296
41604,49.545824654212545
41605,52.43552428192237
41606,52.903895300343805
41652,53.199452809419334
41653,56.869095103190894
41654,59.093965837559544
41655,61.93104598037326
41807,18.5496332223254
41808,20.836780068865195
41809,22.150779298418147
41810,23.919040157364698
41811,26.10425762801608
41812,26.853907850550456
41813,29.903744882237124
41814,34.24496490360617
41815,35.83453945645231
41816,37.173718732756996
41817,38.61652873063704
41818,40.491742717436615
41856,0.9901681438833771
41857,1.125010460953427
41858,3.588338474525138
41859,6.267928412848547
41860,9.526378717733913
41861,1.2015715816115164
41862,2.1840661238470744
41863,4.77946219923079
41864,8.55131007856426
41865,10.077610163069732
41866,11.397368340200918
41867,13.98114696583965
41868,16.012545015579953
41869,18.297376435473364
41870,20.289115094714443
41871,22.667860454904435
41872,27.114672751436874
41901,12.189542766681273
41902,15.716250428876016
41903,17.749710407697705
41904,20.70912608578458
41905,23.838387027161048
41906,28.37181377756373
41907,29.791275429477906
41908,33.55545397334488
41909,35.350867016580764
41910,37.32250927911083
41911,39.35704030920761
41912,40.96049934779867
41929,34.66576873125294
41930,39.138067071952655
41931,44.37623941497856
41932,51.996001330087964
41933,31.062364435625152
41934,33.22248998745965
41935,35.76776847823177
41936,37.632690863666724
41937,38.200534534792304
41938,37.92427629495794
41939,39.887831044907614
41940,42.71829592379946
41941,43.292193163647454
41942,44.79521189345895
41943,46.598657946019074
41944,45.82694462740583
41972,24.39763578035523
41973,28.861420528997495
41974,30.566537479344316
41975,32.472129375998826
41976,37.807273025356835
41977,45.418125295510514
41978,46.08281436028102
42010,40.905342507838036
42011,45.3257258077653
42012,49.00924609316338
42013,50.33960280981848
42014,52.62047652645281
42015,55.62190240834835
42016,59.078552488506105
42017,59.94771505149564
42018,63.18855064707083
42019,11.040319152731662
42020,12.974431813711856
42021,13.774351729956328
42022,15.961351446290783
42023,44.04979349881579
42024,45.88658297343149
42025,47.61943626412478
42026,49.11981332282625
42027,50.64024216844497
42028,51.39025522251337
42029,51.895516448873664
42036,5.838161835903261
42037,7.929840220645679
42038,9.842081746580538
42039,13.712802086755222
42040,17.019603037122057
42121,22.595872235836765
42122,24.99879619654339
42123,26.226260407579353
42124,27.360873129696035
42125,28.49920751905812
42126,30.602121208408594
42127,33.0920490384711
42128,37.82891787686276
42129,40.12839247967339
42130,43.747448175775176
42131,44.87915933899791
42132,47.06105706556189
42133,18.688221696907842
42134,20.514686906595664
42135,25.33747878473802
42136,28.574308129922148
42137,31.64208692238043
42138,33.60767646558718
42139,36.96654203915189
42140,37.45771864325964
42141,39.768772471548985
42142,41.33504423758313
42143,42.66211510907036
42144,45.39261071096101
42181,6.429610233039581
42182,8.040201826418444
42183,10.26678716062521
42184,13.769962379526447
42404,38.801940459190725
42405,43.360182854202826
42406,46.536170436505316
42407,47.73829206341396
42408,50.99791498377224
42409,51.531293501219466
42410,55.12147228524396
42411,55.43876547009932
42412,59.36903717476103
42413,61.94979278071863
42438,17.123254728424392
42439,19.354229168140577
42440,21.13512359976256
42441,23.236535039017845
42442,25.11874034365026
42443,27.313325873070873
42444,29.698483823616552
42445,31.557789794586217
42446,36.033096277149475
42447,37.25734599940912
42448,40.2701779996358
42615,30.191779104720457
42616,30.695921553162716
42617,31.69122466872788
42618,33.45621559376509
42619,35.56099639304196
42620,40.550882460631264
42621,41.66432473003324
42622,43.41542937494587
42623,44.813861520980176
42624,45.81158924565896
42625,47.870678012136516
42626,50.77133319083335
42639,23.195212450960685
42640,25.478193869792317
42641,26.915475425624432
42642,29.75755198870648
42643,31.106883056374265
42711,5.873423019928447
42712,7.658170171422896
42713,10.614154950493766
42714,12.345659519113758
42715,14.21258543212166
42716,16.3892361440082
42717,17.396226216628357
42718,18.496352162114675
42719,20.69449474546182
42720,25.316433258610168
42721,30.919384354227216
42722,33.927651562467034
42749,27.81049814510971
42750,30.764365195425476
42751,35.21915690753415
42752,43.52541422800409
42778,26.246339744815764
42779,28.09525609907825
42780,28.801912202952828
42781,30.541367413355054
42782,31.663214053671265
42870,4.178426015940854
42871,6.148369274614617
42872,7.902874794859799
42873,12.079981153748298
42874,15.204047208466385
42875,17.40293129715895
42876,19.66056562656589
42877,23.74629537871413
42878,26.93495862690619
42879,29.323958211085444
42880,32.70531002200453
42881,36.22477191533507
42977,2.1153555950904996
42978,5.284521912180832
42979,10.458926680069474
42980,10.860365569444388
42981,15.715646870574448
42982,19.358282699138087
42983,23.768718176977853
42984,25.697440153695936
42985,30.044618742656372
42986,31.591670355880566
42987,32.01273993853277
42988,33.51403629142478
42994,52.19304272400048
42995,55.06738370265207
42996,56.91877059885699
42997,59.559134946562516
42998,60.467783549346905
42999,61.5525586883711
43000,63.00817043947233
43001,64.36585954829174
43002,66.37350988890626
43003,66.85479484195271
43004,67.81152501697863
43005,69.66296544022136
43018,15.606841435145
43019,20.613381611825258
43020,27.483616125224763
43021,32.142596735415
43038,19.697343072785188
43039,21.876407545602323
43040,23.468970645148875
43041,25.221402283287286
43042,27.29898537154936
43043,32.22154897592331
43044,33.662240724637044
43045,37.832742271621484
43046,41.06812295120329
43047,43.99418577316611
43048,46.24566544756133
43049,47.707235172270316
43050,34.78491785941716
43051,35.27692592168696
43052,36.563156909731205
43053,38.022137634458396
43058,19.20488234002645
43059,21.640532943693092
43060,22.665727678087958
43061,24.003936401971526
43062,27.247632553519995
43063,32.15446822190149
43064,33.69869475831341
43065,38.596578945599994
43066,40.48618822897109
43067,41.28193744042395
43068,43.855705841190606
43069,46.020278672473594
43120,18.789072833752787
43121,21.455557105440114
43122,24.093521939281658
43123,27.690491252040637
43124,28.103259662567684
43125,29.76257275809523
43126,33.26671528834184
43127,34.101275828811445
43128,36.212877675322694
43129,37.99437345670775
43130,40.81125557901478
43131,42.732710713682415
43132,12.751637967865726
43133,19.423474171215247
43134,26.80128551693293
43135,29.763046597672734
43145,32.00087926462673
43146,35.784769145416625
43147,40.334824653906544
43148,44.979092295383516
43149,47.07032564637094
43150,49.199597599669765
43173,23.59730423245179
43174,26.888674718211526
43175,32.2893661319657
43176,35.41648170667265
43203,40.41107776355622
43204,43.45782477545905
43205,49.73413030570654
43206,52.77968270427558
43223,22.161578031960968
43224,23.860992518418364
43225,26.68822806241917
43226,27.475634915620102
43227,30.155381550007842
43228,30.48727096542753
43229,33.25679886792103
43230,36.801101305460826
43231,37.78705977134049
43232,39.416984577637244
43233,42.55921268221794
43234,44.93912813884147
43279,23.11105511381702
43280,25.270439662070366
43281,27.819602273844822
43282,30.045032836936493
43283,33.40066882936379
43335,23.246395868479922
43336,27.549342930176955
43337,31.775082445176494
43338,34.58548750764225
43339,37.760267644573034
43340,39.90114566053259
43341,46.03337171784525
43342,48.8886183498236
43343,51.17497596165551
43344,52.334555020934296
43397,34.64093604202309
43398,34.878297068975115
43399,36.10250411775538
43400,36.861541569264865
43401,37.372645469444336
43402,39.85659896650616
43403,45.25333749875355
43404,47.14954927286203
43405,47.77557902551702
43406,49.61122923762378
43419,33.821330978273984
43420,38.92768907914577
43421,40.601000642929954
43422,43.07489565574835
43423,44.972640560223944
43424,47.31987801309603
43425,48.697034827921215
43426,51.69232982528115
43427,53.48141491240913
43428,55.36874440557589
43429,56.061910905520094
43430,57.01991329351374
43457,20.581205074928242
43458,22.88572571061453
43459,24.218721041968614
43460,27.632040243249406
43461,30.591022265126067
43462,33.35871387329886
43463,36.48542086130598
43464,38.01376623931676
43465,40.358905927082304
43466,41.72990192323369
43467,43.82475508467848
43468,45.01326398257791
43506,57.03069411225359
43507,57.64891832696993
43508,59.08798360759459
43509,60.884530560304015
43510,60.29512225814198
43511,62.44503321624762
43512,61.95930518702536
43513,64.39205178200493
43514,64.96668239488619
43515,67.82661288010664
43516,68.65460465369759
43521,3.5222681877208863
43522,4.933086502311671
43523,6.7468595703934575
43524,9.240868292511832
43532,22.699108653341845
43533,23.86057410766261
43534,25.782974586285317
43535,27.19114120674642
43536,29.12454048769273
43537,30.83110735389797
43538,31.67697008839523
43539,32.338651443553196
43540,34.04184522788588
43541,34.889370059281845
43542,36.9432490628791
43543,39.244810007155635
43616,26.928549476995833
43617,27.78803543143563
43618,30.07118559256631
43619,30.847937886632884
43620,31.89461856062224
43621,34.347694537649986
43622,35.65227471878053
43623,37.0866705294845
43624,39.33290577556408
43625,41.972526567234105
43626,43.39430344529312
43627,45.051843868117395
43776,14.204503480391955
43777,16.720039420409563
43778,20.030471151508095
43779,23.92711468852648
43857,28.515117947482388
43858,33.168702162494114
43859,34.658328791772725
43860,37.08727046699623
43879,0.8463785378625923
43880,1.2642357641075959
43881,3.397776855419429
43882,5.00922137379248
43883,7.395620369540642
43884,9.988235010658745
43885,12.6093262106423
43886,14.795015076895535
43958,52.454188875754504
43959,53.52054882648358
43960,55.29968583600245
43961,56.398419748783475
43962,58.37194345177029
43963,58.650156742496804
43964,59.44803039204711
43965,60.9833532944151
43966,62.80825455160303
43967,65.04452121699133
43968,66.62431941741723
43969,69.1823858619398
43970,16.47118752048896
43971,19.626425738486045
43972,23.52888380470653
43973,26.794687981514915
43974,32.10111204100647
43987,21.10865619313642
43988,27.166561338907503
43989,37.737140727803514
43990,44.37562480330034
43991,35.457654865595295
43992,38.96666426207769
43993,41.002174910477926
43994,44.681294798039836
43995,48.53808317468529
43996,50.08113124658342
43997,51.38052087649584
43998,54.375265760204044
43999,55.656559843919
44000,59.02700478757198
44001,59.777866882085135
44002,60.706957548127015
44074,26.304337599603656
44075,29.488638801508667
44076,30.863819608484164
44077,34.588028836960476
44078,35.334522658668256
44079,36.60451044989333
44080,38.2439546595547
44081,40.038839289100274
44082,41.07444407472983
44083,44.72144099586318
44096,42.98809743782015
44097,47.515125600284904
44098,50.09407890772867
44099,55.80862260281153
44125,22.682461729957794
44126,26.253277826391322
44127,29.012020054969355
44128,31.838981412322294
44129,35.14456174692582
44130,39.35724705265171
44131,40.68633328833777
44132,43.36983170592025
44133,44.693922871237895
44134,46.63079497207063
44135,50.07330295793641
44136,53.39558653276775
44188,9.109411526919416
44189,10.588481128627102
44190,15.05933035014311
44191,16.421010262067668
44192,19.475027939267747
44193,22.011926789045816
44194,27.64705571597768
44195,29.015426273143593
44196,30.90614144995149
44197,31.689682296499388
44198,34.01500383508111
44199,36.3141654490514
44200,5.388365852195599
44201,10.115915296627051
44202,13.959697623720261
44203,16.484142647693798
44262,11.035461099716946
44263,13.590477925753403
44264,15.06922027503667
44265,17.134634234357332
44266,18.1089698319071
44267,20.77561591457183
44268,22.745769758149923
44269,23.844634927434974
44270,23.995044871063463
44271,26.35462576498791
44272,27.558030711634988
44273,28.480503935796957
44274,8.883446877291096
44275,13.59525265878783
44276,15.297493934167715
44277,18.668426335038653
44278,19.902260354534857
44279,22.419563105176096
44280,28.569380156714416
44281,32.47495491399625
44282,34.06605615450691
44283,35.18790266902169
44284,36.48597580517313
44285,42.29525782335503
44286,51.893704861633026
44287,53.53436235468589
44288,55.81975202153412
44289,56.424183852338565
44306,33.84583451155981
44307,40.1167851851481
44308,41.96992273018485
44309,44.950890353184064
44310,47.60204769196221
44311,50.20346789358725
44312,51.98429763298137
44313,53.17611855476898
44314,55.53495043750172
44315,57.61771625733853
44316,0.7704752249459954
44317,0.8306940009113849
44318,1.053459600854373
44319,3.9097164865069542
44332,22.695449956777495
44333,26.77189999729588
44334,27.414116856733646
44335,29.852461347427404
44336,32.599771101246326
44337,37.077048992647484
44338,41.117802233490785
44339,42.970359203361284
44340,45.37912302735048
44424,46.900687964807254
44425,50.32551078925828
44426,53.871532915250036
44427,55.624457932689765
44428,57.793078034568424
44429,60.10948338182047
44443,37.03124512822183
44444,43.74147939285066
44445,47.16117361655483
44446,50.58640131645479
44458,5.225133695613643
44459,6.988607777942261
44460,9.534768402032173
44461,13.625054713221035
44474,49.81297946340319
44475,51.12798107678214
44476,52.771082963714626
44477,50.955627761393025
44478,49.96784198240987
44479,49.87378910462056
44504,50.6870282364362
44505,50.95939420898561
44506,55.94893436510157
44507,55.41217100006772
44508,57.99066014715057
44509,60.305024050624965
44510,61.62631511634196
44511,64.63440144740233
44516,34.40149070269449
44517,41.49754275857699
44518,48.87531935474165
44519,52.298926666152376
44582,6.287206368739624
44583,10.740218675408151
44584,15.148923318084849
44585,19.838431132563333
44586,25.02373865447037
44640,49.19445201940807
44641,49.22285357379132
44642,51.01665475236976
44643,52.52024943508512
44644,54.566014762193994
44645,56.42473110346855
44646,58.16268058757943
44647,59.13295936827275
44648,60.95687814508273
44649,62.177271802822716
44650,63.29544685446241
44651,64.5859547639087
44669,32.58830088557313
44670,37.91102451427563
44671,40.48860553877203
44672,43.85922176436988
44692,45.086042885643394
44693,47.07503391959143
44694,49.842029749375726
44695,52.80729809979159
44696,55.15945373734972
44697,56.731625266105276
44698,58.92084754755167
44699,60.70228087675512
44700,62.77828660474818
44728,17.862971846459963
44729,22.198338709615125
44730,27.894794251108316
44731,29.540909537745016
44732,31.77754735261508
44733,33.67193212332964
44734,36.711260961515855
44837,18.082170543597886
44838,22.29554196513656
44839,31.36751945949132
44840,34.21436018079617
44841,32.52678493260253
44842,35.37164092187395
44843,37.87695897668135
44844,40.16104004545909
44845,42.43006995829141
44846,45.25595738873459
44847,49.16670154553416
44848,53.85775742558953
44849,55.70555326179626
44850,57.706428272398085
44851,60.37487699247323
44852,62.352589791810544
44853,26.917004124540128
44854,28.794716227742285
44855,30.62897193867549
44856,33.344588827889964
44857,35.971831332983136
44858,39.04597920273594
44859,40.33566456684049
44860,42.99544507468214
44861,43.30576931061042
44862,46.01669174596265
44863,48.8034933556942
44864,51.82003131303093
44885,30.446630853761885
44886,29.666208237154077
44887,29.681889189810956
44888,28.063553039295016
44897,48.61541702049899
44898,54.17568860630204
44899,56.95941648494441
44900,62.124326578843245
44901,63.054806765264196
44902,63.481214268181205
45041,23.114379364354857
45042,24.19484795070425
45043,26.137725627460316
45044,28.28558741536187
45045,31.02469293331223
45046,33.88686935448797
45047,35.80676807585312
45048,37.72886819900687
45049,41.3548267324051
45070,10.174144946899954
45071,10.767156261835623
45072,13.37547112779895
45073,14.927314529815629
45074,18.582521349994963
45075,29.103039456945783
45076,33.457524282438825
45077,37.17355282650861
45078,40.78643110564668
45079,48.06059115418239
45080,50.21398320576358
45081,52.250571201865526
45082,56.27876059537889
45083,56.255920306140375
45084,58.99936467218892
45085,60.681108904966266
45086,63.81368149175744
45087,67.0829354486317
45093,48.63461493875127
45094,52.069087314590746
45095,53.856252154457295
45096,56.47839932046358
45097,58.01718585638412
45098,59.186434830729226
45099,61.273992145651604
45100,62.64258330874034
45101,62.296460600065636
45102,63.59552335237018
45103,65.04548823285641
45104,66.60372385950869
45105,31.7036790876279
45106,36.42754531048729
45107,44.88173357522144
45108,48.77483817982155
45140,20.293380205605118
45141,22.669630179037892
45142,24.153899353988944
45143,26.69512778170625
45144,28.229654038591143
45145,28.284869598239418
45146,30.94294393273502
45147,31.532790344125427
45148,32.09500210148349
45149,33.28136665308502
45150,34.719058700597905
45151,35.618949147302025
45176,26.01894277094212
45177,28.268123430113555
45178,29.8581345573013
45179,33.983583727404046
45180,38.64279187568085
45181,39.13318417305815
45182,40.60144632834497
45183,43.218260534218814
45184,50.22230385222533
45185,50.87097143410033
45186,53.568835876972415
45187,53.83034055977642
45253,17.567664586781714
45254,21.063010511728443
45255,25.114341314253622
45256,27.420270928130826
45283,41.12387407353872
45284,44.49738041321712
45285,45.031500944744984
45286,46.251920775096
45287,49.189825979640496
45288,50.87809194869008
45289,52.199373133615325
45290,54.8528042517618
45291,56.68420623504727
45292,58.04486867747098
45293,58.92622761798889
45294,61.25835940013473
45354,8.462621911526805
45355,11.054773532380795
45356,13.490164219686735
45357,15.314835687185104
45399,18.876206323470814
45400,22.55105689706822
45401,24.390362897929027
45402,27.514301415299403
45432,15.586005478567799
45433,21.065809811202936
45434,23.5513523355342
45435,27.141635242863813
45476,28.249803549052956
45477,31.406802938271184
45478,34.355540414542624
45479,38.85318363735038
45480,0.8789962883301325
45481,1.0595001693939436
45482,2.9644698865347046
45483,6.637304070570739
45484,8.091904454084666
45500,19.300598732485998
45501,23.839845942157453
45502,26.63771638857066
45503,30.06126876293962
45504,27.889284721483975
45505,28.388515578795438
45506,30.930728443486387
45507,32.5528897106861
45508,35.45888074079174
45509,38.22671053643434
45510,40.346872714119975
45511,41.95707835318423
45512,43.3704412960637
45513,46.115206742912484
45514,49.178616572599246
45515,52.53778369384388
45556,25.088131515563703
45557,29.71871517991133
45558,30.6743909943834
45559,33.09213129042716
45560,28.030777564372983
45561,31.42289856328903
45562,35.046322207272475
45563,37.467023611348026
45564,32.38256170196065
45565,33.145271072544176
45566,33.873098290684645
45567,35.85031028582739
45568,39.145445534547186
45592,20.151219484632016
45593,23.022508021549015
45594,24.5826636291896
45595,25.27608276674411
45662,30.12868241422855
45663,34.65233842906329
45664,36.3879175487105
45665,39.353452652867674
45666,41.40644218568008
45667,46.80621495130992
45668,48.71934172581974
45669,51.49682323147172
45670,52.20671494375869
45671,54.196947404089855
45672,57.13549115055005
45673,59.13534397000292
45690,22.27633578766331
45691,26.05660758556114
45692,31.186990765322303
45693,37.95202535357972
45694,40.24597804973086
45695,46.658626262650735
45696,49.817094617438904
45697,51.98332077692521
45698,17.543391510005048
45699,19.601686213421743
45700,20.316629680024764
45701,23.371471195775246
45702,25.821758689173834
45703,28.835185312264326
45704,34.45757774877002
45705,37.861859226887006
45706,40.34336214211378
45707,43.648983133897545
45736,15.619604831815352
45737,16.50246915177955
45738,19.16041252101197
45739,20.906083574806217
45740,23.093811842707147
45741,27.180985480272142
45742,29.094618703031635
45743,30.026769710559545
45744,31.0678996823621
45745,31.653195273463588
45746,33.49955342454468
45747,34.92963674031711
45820,1.663702221986116
45821,3.0816394824624056
45822,4.997442051056865
45823,6.852699543643599
45824,9.504292740116496
45825,11.588522310799984
45826,15.72161360579461
45827,17.95047957444983
45828,22.235629292805577
45829,27.369979493825845
45830,27.976549694574853
45831,30.493386056946882
45832,48.628098486559786
45833,52.66525894518637
45834,55.45288674380107
45835,55.489251868715534
45836,59.29581304375048
45837,59.83174382011563
45838,60.65973900574716
45839,62.414240826076686
45840,62.16797892449408
45841,64.33229490620337
45842,66.28678515946243
45843,67.257370802959
45873,41.180236801575504
45874,45.7605225067434
45875,48.852927035540944
45876,52.28096893544381
45877,53.885322870553615
45878,59.465850504049456
45879,60.55839959602567
45880,62.384453813847145
45881,63.69257943942973
45882,65.57633309828915
45883,65.29824353989312
45884,66.78208856251501
45920,47.99509852031504
45921,49.7608700515163
45922,52.546165488912614
45923,55.99299599245959
45924,57.455433784831456
45925,59.66261272439797
45926,60.04711091184202
45927,61.71251486641623
45928,62.939727490493496
45929,63.212643371154606
45930,65.10968998381948
45931,65.9612037726136
45944,33.659544851607805
45945,42.73389996926922
45946,42.97259239201268
45947,44.92717117061025
45948,46.29087277633791
45978,40.977276320834285
45979,45.98766604960133
45980,47.265221700887466
45981,51.82178859347974
45982,52.955637213036596
45983,54.33893075888734
45984,56.153881457406
45985,58.175521238082275
45986,59.35052586277866
45987,59.12417746152546
45988,61.081263000543814
45989,61.95201933234022
46068,25.705287908350172
46069,30.698481922535937
46070,34.45302206777333
46071,37.56076356805998
46072,40.369585295586084
46073,44.79077675289488
46074,47.345723438099064
46075,48.25689301570822
46088,38.55565912046108
46089,40.74508195002559
46090,43.60159198074019
46091,45.04642741770391
46092,47.50661706014824
46093,52.08332906019726
46094,52.989251838241366
46150,35.16825973884066
46151,37.285632109997444
46152,37.4890869952753
46153,37.60915463997727
46154,37.807515172147625
46155,39.21830976618572
46156,45.41278249438501
46157,47.291895539113476
46158,49.13908702251891
46181,37.13319105489
46182,45.8167287075586
46183,50.5482957013502
46184,54.74213082184054
46216,51.22914507567172
46217,52.73113065458971
46218,52.62625491695871
46219,52.595149571810396
46220,53.34754370655434
46249,42.70835219303431
46250,45.71305370899081
46251,47.66377621000594
46252,48.642455164125
46253,49.89081311551023
46254,53.04072956447403
46255,55.59527520319401
46256,57.891181138261125
46257,60.449248624075324
46258,61.56734355578282
46259,62.93156406476927
46260,64.55164913094231
46272,9.867325678166601
46273,12.074147106044327
46274,14.348347979795069
46275,17.51482981599752
46276,23.23891720190628
46277,25.21151351393296
46278,27.598407376427915
46279,29.251073982956914
46280,29.653377654340577
46281,31.364733208217928
46282,32.62845407826683
46283,34.59944052982693
46288,12.67728403016576
46289,17.41518781182537
46290,22.292065018348378
46291,25.301836385932614
46312,7.467533111631805
46313,10.534228782327398
46314,15.166837872439913
46315,20.261434352081313
46316,55.58938968361531
46317,57.331653417646564
46318,59.363037770441984
46319,59.683441102090825
46320,61.40415150819214
46321,62.23052252675143
46322,62.83089057104903
46323,63.85328107508284
46324,63.97502813167137
46325,66.34841927217317
46326,67.43260902618074
46327,68.84254544066289
46340,38.053608922334035
46341,40.770405432922026
46342,42.56188847792307
46343,45.55685950383926
46425,10.871785652834504
46426,14.747324536437455
46427,20.735618483528302
46428,30.826285075921867
46429,38.223485005173764
46437,32.21093728832596
46438,37.09896872188524
46439,39.91243390089617
46440,43.47683071309191
46470,17.54789425122528
46471,20.71136071370308
46472,23.37713312819048
46473,24.64786655936172
46474,26.6058553396435
46475,29.418681854501
46476,30.96550478856984
46477,35.180750372425386
46478,38.152657252326776
46479,41.139040153060066
46480,43.52286947976119
46481,45.373485323734734
46530,30.547798692652847
46531,31.749937072223933
46532,37.924095959850945
46533,40.92482944371924
46602,36.645572889804654
46603,39.989835707994516
46604,41.243212135480846
46605,43.33970154114604
46635,24.732708624248428
46636,27.62755372033506
46637,30.070024092154284
46638,31.848828732768048
46672,23.014290015931476
46673,25.514865875615275
46674,28.015346579256775
46675,30.104120043797288
46676,31.37489033403246
46677,38.33305832515302
46678,44.65447402713643
46679,46.98613295648755
46680,18.82522690054804
46681,22.03873960713437
46682,26.68922162805471
46683,32.36616399070436
46684,34.21809942808242
46685,36.99203944813544
46686,40.50009161236955
46687,42.25584348179874
46688,45.22253739682717
46736,53.02102983181389
46737,54.96132762806936
46738,53.959210424615286
46739,54.309343563218604
46780,18.492565863012313
46781,19.339171771969852
46782,20.62514938637017
46783,23.678573165757992
46784,27.206577884651065
46811,36.447851584981855
46812,44.454645046344446
46813,46.66443426251945
46814,49.08276756711577
46815,50.607376084736046
46816,53.783509255401974
46817,54.66322258697673
46818,57.3984648261268
46819,58.34632903321754
46820,59.37577491589042
46821,59.88125898607561
46822,62.34888301790692
46839,18.175575668342216
46840,20.008245495600107
46841,24.03236444660131
46842,26.212076638083857
46843,28.679095669310893
46844,29.626919690687856
46845,32.37646859148332
46846,37.86582575593986
46847,40.284179517553135
46848,44.40380797066364
46849,49.38519549039495
46850,51.84760410759988
46977,2.345076347166675
46978,3.8030431184067193
46979,5.4702743596962975
46980,7.358155075419446
46981,10.286888539031821
47007,14.296386958870304
47008,17.441614612983667
47009,20.2675285425375
47010,23.376633106237474
47011,26.518289974597703
47012,9.481367105027894
47013,13.616683244682392
47014,19.82899217812855
47015,24.513418702319004
47038,20.847982621738808
47039,23.198282300692256
47040,27.581103321771142
47041,30.302870929996317
47042,35.218726405887935
47043,37.68227079303442
47044,39.45536555068927
47045,43.37688240945917
47046,45.51193583868165
47047,49.71540281634392
47048,50.62595408622011
47049,50.548020286210686
47141,44.18052067598115
47142,47.48293035770555
47143,50.52545497472655
47144,52.70812136099648
47145,55.31873895635439
47146,58.59002121746315
47147,59.64410806921198
47148,61.08003127646056
47149,64.0013743044282
47150,66.66142594310139
47151,68.18428989507902
47152,69.36241006244572
47211,0.8884846779492303
47212,1.0874864327341836
47213,0.9946234140521012
47214,3.0100191833293732
47215,5.589123990190968
47216,6.744782750841819
47217,9.107790433376966
47218,11.328943543199193
47219,14.836635227345184
47220,16.74416075770923
47221,20.91852160864095
47222,21.48281346230611
47223,57.65783261910871
47224,59.10327426821356
47225,60.136754879702735
47226,60.334920034940794
47227,17.348812909634358
47228,21.625720394556037
47229,26.13614218750242
47230,30.19587716489092
47231,34.3390771584319
47276,0.9930293720482307
47277,2.8381183108456476
47278,8.452989354571688
47279,16.167465918690457
47280,0.9681719853085593
47281,1.1030378360059394
47282,1.064408042387607
47283,1.152259506357078
47284,4.397361137379771
47285,7.055631447208676
47286,10.289084779450675
47287,12.362961782465211
47288,14.099966141651453
47289,17.040968639878255
47290,20.440706054040376
47291,25.29889491282168
47292,28.087629455207082
47293,30.47872532116591
47294,36.49603917211013
47295,40.648932203439635
47296,9.448847718685508
47297,12.806306555823085
47298,17.743152817666747
47299,21.745233345586037
47300,25.767356016594785
47301,29.616153037127653
47326,57.482189844403244
47327,61.09243710897709
47328,63.34918500674035
47329,63.4538577085801
47330,65.0883029618532
47331,65.16232352812187
47332,66.80354082152849
47333,68.97649400905556
47334,69.5741586897919
47335,68.21446771768623
47336,70.43132332944822
47337,71.5684202744106
47377,12.570163301000639
47378,16.748876541396683
47379,16.957687304633794
47380,18.26481932461359
47381,20.167655850284817
47382,21.147760129646052
47383,24.60016531445764
47384,26.98382286919387
47385,28.885804265349687
47386,30.71835608625915
47387,33.30938733570818
47388,34.829363895354106
47438,35.72862795486952
47439,36.57362488157107
47440,38.661445702878645
47441,38.91090495207091
47442,26.780244033952016
47443,29.3821978179316
47444,32.489354500848
47445,35.47906089253913
47446,37.04943620244953
47452,51.27718652013307
47453,54.55317408623357
47454,55.93972166310541
47455,57.52210355855359
47456,57.97873878301386
47457,59.281172498348255
47458,59.42662121672964
47459,12.729620500527883
47460,15.460782787617246
47461,17.642362427251093
47462,23.22418276851772
47463,27.630171382618276
47464,35.01722595551469
47465,37.57145805369787
47466,39.95185350277909
47467,43.47357122184403
47468,45.1361169511491
47469,48.13403576327661
47470,48.45795656099342
47490,12.981020313689564
47491,19.040427552391726
47492,25.489335340758505
47493,30.25904829267629
47494,34.54371596066269
47511,39.96232774868667
47512,43.60745314733037
47513,48.63921927281941
47514,54.68581958110242
47530,23.747577475455305
47531,30.450871561919044
47532,28.82379358373034
47533,35.744841406519825
47534,36.945740250253884
47535,39.14234935103178
47536,41.65182093434431
47537,44.32794306049462
47538,46.46264387445296
47539,48.73326022571634
47540,51.09569772855722
47541,52.91156601457462
47551,8.846986578523268
47552,9.530765844449256
47553,10.458257914123756
47554,11.221205664274033
47555,13.759620714368682
47556,15.550863924179984
47586,43.24878659026713
47587,46.77776400454268
47588,53.37541272254648
47589,54.94762224975124
47590,58.95086529649235
47591,59.583568422171524
47592,59.61928045083925
47593,61.867049408621675
47594,62.887787099878445
47595,63.59878976994901
47596,66.5835305226119
47597,67.58249278784146
47598,27.301551932595746
47599,30.517170620951145
47600,32.99388443218565
47601,37.09913615834606
47628,9.81866646032872
47629,12.321120741430482
47630,14.957901089127452
47631,17.42966905541053
47638,18.31865145779453
47639,19.110112352343922
47640,17.997624621427214
47641,17.54505175147309
47642,18.44693944745507
47643,19.11643528769489
47644,23.853796414093406
47645,24.03518380815258
47646,27.731019789386515
47647,28.892505981636745
47648,30.202521056062974
47649,32.55183834981614
47697,10.883047229495116
47698,11.840519403054554
47699,14.833898213596385
47700,16.65666092775433
47701,19.992491303615772
47702,23.920517718054132
47703,26.814848633151694
47704,29.550797402543107
47719,13.449147568520024
47720,14.522620630913007
47721,16.806298264656075
47722,19.6752275374691
47723,21.986948320265697
47724,23.743177014127426
47725,25.446129270978254
47726,29.79058710059968
47727,12.2911185005378
47728,13.328585517325033
47729,16.8378427857502
47730,19.166071605951235
47731,22.505558464157108
47732,23.80592404386918
47733,26.565025587135207
47734,26.526935974281187
47735,28.801244984044022
47736,31.04045842312879
47737,33.342871621451984
47738,36.59816704380783
47739,43.48122732783225
47740,46.2299533968899
47741,48.30644348149582
47742,50.04960022074673
47743,51.79753883639795
47744,53.72202324724162
47745,54.7352111418771
47746,55.0319857159421
47747,55.730606332696794
47748,56.94478587693032
47749,58.43144978157566
47800,43.00700180299421
47801,44.04697146429727
47802,46.16743120440691
47803,46.80356999070997
47804,48.662772757383905
47879,28.750601810828336
47880,34.7753535121313
47881,37.71975133957937
47882,39.722885287143015
47895,10.662785888829326
47896,11.139190172934383
47897,13.968109166807281
47898,16.592173725400123
47899,18.24541749513809
47900,20.72445468721181
47901,24.132490470707186
47902,25.31614459861034
47903,29.526024844923548
47904,31.18123308728221
47905,32.79845595969865
47906,35.07212217293163
48043,17.480460729162584
48044,20.268385883136112
48045,21.966803559515917
48046,25.035912775167763
48047,30.25865429906964
48048,33.06261775920648
48049,36.00682942740409
48050,37.74065449689129
48051,40.24654568783724
48052,40.81232045823953
48053,41.55850689331317
48054,43.420902314417624
48055,52.298396008151435
48056,53.29719116589133
48057,56.361637342310885
48058,57.51867644143792
48059,60.87826356058415
48060,37.7237873662064
48061,39.14551845777544
48062,41.27429462237811
48063,42.11639960914611
48064,44.29525429401979
48065,45.35212279359791
48066,47.857836375323274
48067,51.5377868547875
48068,53.461483134185364
48069,54.90046803440745
48070,19.966911389498073
48071,21.86959918833659
48072,23.604698646761623
48073,26.179448412044458
48074,28.835046753198302
48075,31.10519307383896
48076,35.07827840534694
48077,37.49339909628485
48078,41.30603419737792
48079,47.94671369478347
48085,42.03721403334958
48086,45.457886420474516
48087,47.9919930444305
48088,50.46564588565452
48089,55.45944830005818
48090,57.843865090948825
48091,20.92858648032703
48092,32.1923548412646
48093,34.72021320502606
48094,37.20367499582948
48095,41.24182288957645
48096,42.78990395141516
48097,45.739307855532395
48098,46.58172862914913
48099,50.52262072063664
48100,52.08924203500315
48101,53.33364321470455
48102,57.38172093619415
48128,2.9317261337806975
48129,3.790509999035295
48130,7.794780734753974
48131,11.107076624943307
48132,13.693316667447059
48133,16.22132181842958
48134,18.303869092720547
48135,24.066046853765183
48136,26.914092028423916
48137,28.674663177776566
48138,31.054365430638622
48139,32.83113385919491
48212,27.7188531258743
48213,31.02956698669967
48214,33.4997254048489
48215,35.09591671580576
48216,39.565497722082014
48217,42.582695894044555
48218,44.06105539245244
48219,44.33717054802814
48220,46.37018235918894
48221,48.186745590206705
48222,49.728927778894146
48228,6.874475881858276
48229,8.78623287167851
48230,11.209179665021404
48231,14.918814310165324
48244,32.82066247128821
48245,34.33055474012051
48246,36.93148405067925
48247,38.16794473085073
48248,41.03525577887972
48249,42.8790775177443
48250,50.49489494228955
48251,52.96793834353666
48252,55.306087335363316
48253,57.09348366366386
48254,58.383857455528656
48255,62.19347218694376
48256,63.78877082625072
48257,66.19795842578965
48258,66.360217588608
48259,66.52512454145673
48272,19.93303393732433
48273,21.495185923490673
48274,24.32205562832823
48275,25.769991413057596
48276,28.09636530538884
48277,29.78143326645059
48278,31.321838558054196
48394,52.02581875848676
48395,52.044027863414776
48396,54.1914377190544
48397,56.8436658563915
48398,60.57423128753211
48399,61.620809039258965
48400,65.56170453710126
48401,65.6593694942955
48402,65.0851884606557
48403,66.4825472705005
48404,68.70573752519691
48405,68.83991121278785
48406,43.35783795429561
48407,44.720987519468075
48408,45.475578338040336
48409,48.33163713249787
48410,50.1021989081989
48411,53.53176554086326
48412,54.95369940966623
48413,57.33790380529757
48414,58.49561520940767
48415,59.75509056354923
48416,50.456358244477144
48417,52.46170540184873
48418,54.367064748767916
48419,53.325045836452205
48420,55.352256119439055
48421,55.06298948105294
48422,57.38712612459337
48423,58.46979686578068
48424,60.80861218292231
48425,60.038501417346474
48426,61.97059988937233
48427,64.3027828889091
48428,13.622059145004801
48429,15.034117743188421
48430,17.447549333928126
48431,20.099626158219415
48432,22.745701712655215
48433,29.276975141461076
48434,30.32033901140607
48435,33.49917041533992
48436,34.50814874827788
48437,37.045460501324676
48438,38.05255595656036
48439,39.94314331755829
48475,3.383105233048663
48476,3.9734280200398593
48477,8.127759436445391
48478,10.631401830841018
48479,14.8164183759902
48480,17.2077556295403
48481,19.05781614460741
48482,23.222444875221242
48483,25.31050977403859
48484,27.31835610127638
48512,13.043985809614115
48513,16.015061398897192
48514,16.819640907230923
48515,17.95120551222461
48516,19.523937516402555
48517,22.73976131907451
48518,24.882397398252444
48519,28.11064527129261
48520,30.947528547300045
48521,33.418528414748536
48522,36.32373129200724
48523,41.08772730868418
48528,15.779487287682453
48529,16.92469568022166
48530,21.733833177917173
48531,22.8678922638232
48532,28.6045833542351
48533,32.14021702211768
48534,34.88361880584481
48535,38.06041873748822
48536,39.98646010211017
48537,44.45527979498838
48538,46.73239054749341
48539,49.918758370365225
48610,23.882696771122628
48611,26.97423739410117
48612,30.16120351895819
48613,33.26410976074248
48614,36.28027217034068
48615,38.31393284299948
48653,14.522076548192857
48654,16.662353228023278
48655,19.54579444181979
48656,22.822437622000876
48662,11.612274073402913
48663,14.068458071296742
48664,15.426913845116307
48665,19.406626882882463
48666,23.868816770225106
48667,26.281553056539718
48668,38.71710077438245
48669,42.104929404867086
48704,27.254718138993624
48705,31.827253132377432
48706,34.591769794812386
48707,36.87835975503853
48736,15.301945346546455
48737,17.090532505306616
48738,21.008439561752578
48739,24.103250806996385
48740,26.651818050862065
48741,30.338181614784904
48742,34.07096220842656
48743,38.377949160709804
48744,42.694799051622624
48745,37.363142080407755
48746,40.28567319188774
48747,40.43244314301998
48748,42.585154083600855
48749,41.908560030441116
48750,43.447517460428365
48751,46.64640867716368
48752,50.0304370850028
48753,54.88929890916753
48754,56.0492728032791
48755,58.44446112405203
48756,61.84459678395288
48768,55.08424412976928
48769,57.210636019084184
48770,58.606068498637384
48771,59.65084420249185
48772,63.00937243081595
48773,64.56017615847357
48774,66.63995406091841
48775,69.00012282803249
48776,69.17949866374488
48777,68.88077879692744
48778,67.87680216478827
48779,69.32360503762986
48828,26.82671241076951
48829,26.127895569161705
48830,28.756245020795646
48831,28.97732424964369
48832,18.348567105776983
48833,21.728746329415863
48834,24.263041729540706
48835,29.918131193109996
48836,33.40058120865353
48861,26.306436096827568
48862,27.603832568628768
48863,30.406516020396435
48864,33.26059113858382
48865,36.02491109750157
48871,34.39464372777483
48872,38.62855544277977
48873,42.07751604355543
48874,47.823553132645486
48875,52.756612951796015
48897,11.195589975876535
48898,13.557336848967692
48899,14.937665435973459
48900,16.743420281811257
48901,19.496841129392884
48902,20.92982559369001
48903,25.31048044695439
48904,27.497689829758535
48905,33.12352799898747
48906,34.811761592980695
48907,38.33837865287786
48908,40.92658303450034
48918,12.202255594583804
48919,17.372360755741386
48920,20.100176629570033
48921,23.250129004010983
49051,25.79805089652033
49052,30.848483361403694
49053,42.108239032506475
49054,50.83472405843354
49055,35.55324968873527
49056,41.6889412535331
49057,44.833335985918765
49058,47.76399369899303
49059,48.42258325188211
49060,47.680753029559355
49061,48.27702938854408
49062,52.648854567281845
49063,55.11309562025471
49064,56.39659677431022
49065,59.44948255305432
49072,6.5568491146503005
49073,11.221171194868342
49074,13.877105441895756
49075,16.141490184190516
49102,28.154883330225086
49103,33.14557365268711
49104,38.20075621337123
49105,40.88125965411142
49106,44.91771642026706
49107,46.59804327753836
49108,49.631759281083326
49109,51.1609149301818
49110,51.49081505444661
49111,53.14388328056748
49112,54.45852329721589
49113,56.64037374819833
49126,24.112667166743424
49127,26.758307382025883
49128,28.50161637893488
49129,30.317585851470003
49130,32.951383285332334
49131,36.789780545571695
49132,38.66215695615822
49133,41.14113374257137
49134,42.626422577372644
49135,46.03780759657055
49136,48.615431601109535
49190,29.897244096642325
49191,32.78794491172892
49192,35.36816748429343
49193,41.35338863330862
49194,46.25327454011315
49195,50.00857852276097
49196,52.356819592257516
49197,54.786326953890985
49198,55.193860204653184
49199,56.93318403572107
49200,60.871394812922766
49201,61.92492626669655
49212,33.548992943750925
49213,35.94401298956935
49214,39.63592348346969
49215,42.92280668786791
49216,48.42591553961598
49217,54.273636997055895
49218,55.73194653760903
49219,60.625020421803114
49220,61.80013745778314
49221,64.29184428986045
49230,18.548857247907222
49231,23.787410356150975
49232,27.75220618555607
49233,30.98430629098283
49234,35.692301626966106
49270,52.485629664824465
49271,53.864758874064215
49272,56.28502091729461
49273,57.47016307957854
49291,19.159619498973306
49292,25.38697872613228
49293,33.63253948471748
49294,37.54741167883292
49342,20.809547263329026
49343,23.54515441630259
49344,24.687039583706742
49345,27.229895181455593
49346,28.013981601059424
49398,8.239724153382717
49399,13.112689860088622
49400,15.810966062498407
49401,19.00295282824101
49402,20.586787041422554
49403,21.222736281524348
49404,23.235187508802433
49405,25.73333604270622
49406,27.67353297577784
49407,29.96780551504139
49408,31.613562069113506
49417,18.954618540865376
49418,21.003689830766287
49419,23.168940564409546
49420,25.542822349428693
49421,26.982336224113787
49422,30.166905955057402
49423,34.64791046147214
49424,35.701548335183034
49425,38.371097848975865
49426,40.403810103996186
49427,43.01936194725847
49428,45.57410175349471
49429,63.26566172249057
49430,67.69596417751052
49431,69.32395722419878
49432,70.65946048406173
49433,14.026243970920229
49434,20.15304796414617
49435,22.702605412615448
49436,28.68977536233549
49457,21.983787037745902
49458,26.246517902864635
49459,31.24300022543147
49460,42.145511215068545
49485,46.84618216261172
49486,49.70794108208265
49487,50.87659615554737
49488,51.88390910357855
49489,51.58094831026638
49490,53.92375469843795
49491,57.844144142148416
49492,60.41885986741568
49493,62.41612460156673
49494,63.234660841198576
49495,65.34825257262001
49496,65.74614445675299
49497,43.41035375723523
49498,46.45344000183556
49499,48.059529297973306
49500,50.93487457785586
49501,53.19476488375735
49502,56.73225027112479
49503,59.857631672724736
49504,62.05620293875565
49505,63.34188473852665
49506,65.30479642935337
49507,65.11572698732543
49508,68.60714736740806
49585,17.277820455708337
49586,20.368820339359196
49587,21.571603695549666
49588,23.89511461886501
49589,27.54631652251437
49590,29.88806508133557
49591,32.18253196534179
49592,39.71696261568374
49593,44.069102261191084
49594,46.3971353026397
49595,48.944997108246014
49596,52.487245247196626
49647,4.45466716236083
49648,8.327385476536215
49649,13.530900682189232
49650,18.67687131580795
49651,23.067867790836587
49712,41.015099908208825
49713,43.41483280468764
49714,45.02523449312412
49715,45.733005448329536
49716,49.67424825093648
49717,53.21765518162895
49718,56.252791810404716
49719,56.97438993631082
49720,60.346524287707126
49721,62.08741891432957
49722,64.2784995466782
49723,65.79322967165996
49770,42.998730148434284
49771,45.124199149655325
49772,48.925819562942166
49773,50.60763711882513
49774,52.542772812008174
49775,54.171339518199915
49815,15.525908380481772
49816,20.536550804962616
49817,22.21953527472978
49818,24.772239221842014
49897,19.84163058532838
49898,23.62789522292466
49899,25.44452570826052
49900,29.38827316401158
49901,40.79416154443981
49902,43.559286360561664
49903,47.4271574768568
49904,49.87881257109972
50004,1.813647085899965
50005,4.253603811687038
50006,6.7468595703934575
50007,9.23179143645164
50032,25.47148070318734
50033,28.50029051582684
50034,33.215703400469906
50035,38.833947767841806
50036,25.54077825974373
50037,29.058689131212716
50038,31.29580960797097
50039,33.552969657456735
50040,36.709469332390285
50041,38.57097140411989
50042,40.315869726419265
50043,41.93001985013775
50044,45.04647797066404
50045,47.703919584793354
50046,49.23217076390205
50047,51.63392287017048
50096,49.41672417707419
50097,53.55837160966958
50098,57.35694067742767
50099,62.20296893152375
50100,64.13860307268223
50223,43.38223011921933
50224,47.5104347265911
50225,49.65269469686868
50226,54.838425737711304
50227,56.507599931215125
50288,22.469226498498095
50289,23.126702354635665
50290,23.38284234355955
50291,24.534577147215636
50292,26.40535830775859
50302,8.482972122836163
50303,10.464369703303115
50304,13.74202725177083
50305,18.653484606977326
50306,24.87387258297522
50307,26.276303982297843
50308,28.422051613914704
50309,29.565971235239484
50310,30.69988876708256
50311,31.425899111394784
50312,33.55363670327246
50359,29.330235789524018
50360,32.52848655815492
50361,35.41361912168064
50362,38.81219937403518
50363,21.530551550538174
50364,23.181855692797168
50365,27.118042536489952
50366,31.949435815987282
50407,25.11634042546338
50408,27.47631647431041
50409,29.1336689034553
50410,31.6980290707725
50411,33.19423058549812
50412,35.53583013990701
50413,36.37888169903371
50414,38.87167905481575
50415,40.81767170632126
50416,44.53422368762124
50417,47.055554727135835
50418,49.76794574701949
50457,38.8037663680444
50458,47.480778948113084
50459,59.073512843792884
50460,62.914379833271695
50507,16.29575145261621
50508,21.695077929001695
50509,27.380544257934684
50510,30.318186195457166
50511,38.0405331611641
50512,39.40423890043271
50513,46.51681943305827
50514,48.41395866753562
50515,49.971687483472245
50516,52.48653838587165
50517,54.277212739086885
50518,55.89728614286771
50519,57.731329513847285
50520,58.72349233650014
50521,61.196279903688676
50522,63.66284088088408
50558,24.216035120318974
50559,30.768979654243047
50560,35.24666021078874
50561,39.58721079220645
50635,57.29893929598028
50636,62.49741533406658
50637,64.34279453208319
50638,65.30070019176223
50639,67.11697518098255
50640,67.55397116985473
50641,68.63329891282045
50642,69.1152932729808
50643,70.35336821382126
50644,69.87943932767548
50645,71.30268532637675
50646,71.3807718951941
50656,19.462071061971276
50657,23.632544040832375
50658,27.22854754929014
50659,29.01322373179442
50660,22.717061990693068
50661,24.411632001028938
50662,27.699832544518834
50663,29.352527551976
50664,31.26275139100028
50665,32.97992197700296
50666,38.72979114708395
50667,41.4022127334933
50668,43.95052933061421
50669,46.85211472908256
50670,51.91242308893611
50671,55.51296307447854
50686,22.69545744525932
50687,26.10118053065861
50688,28.576606498287713
50689,31.384900950282606
50735,7.73311675249763
50736,8.38584099358633
50737,11.52722558712635
50738,13.565516710568655
50739,16.792121992775545
50740,17.596045168637247
50741,19.911921988733692
50742,23.412140090867975
50743,24.679067263763155
50744,26.85500962312388
50745,28.023200230986454
50746,30.281553643847698
50752,32.25630428121753
50753,34.81033628383064
50754,39.5470654299222
50755,40.05065840464567
50756,42.11764637453629
50757,44.952398628176795
50758,46.65374156808555
50759,47.83251416561479
50760,51.23803645395379
50761,51.82973759109658
50762,54.55652204343581
50763,57.52929880582392
50768,7.186196299053849
50769,9.255043201898825
50770,12.825201977299324
50771,14.954096891296746
50772,16.581516996030416
50773,19.139052977068257
50774,20.529119036331625
50775,24.721087430981957
50776,26.881633956733992
50777,28.27325755947117
50778,29.987122680128458
50779,31.12901991335299
50792,44.25324952343609
50793,48.0108425386251
50794,49.77013043919643
50795,51.42241540972777
50796,55.415244152756
50818,31.080872286917256
50819,34.748541114183794
50820,36.775880033803105
50821,39.00559619497949
50822,41.59196556771013
50823,44.91610321920404
50824,46.96733921952988
50825,49.29959997030882
50826,49.21836342579359
50827,50.63620515474503
50828,50.15106019310893
50829,51.351627203119456
50848,44.903236078384516
50849,48.80121835530319
50850,52.5098443493858
50851,53.44677032829584
50852,56.5453457310748
50853,60.29400350407319
50854,61.3965357093313
50855,63.7893693380646
50856,63.20809283543132
50857,64.59917891633376
50858,65.37752048299451
50859,65.14066287918355
50860,33.00535732065758
50861,36.03626068592077
50862,37.855486819200756
50863,40.032091429793354
50864,41.18126312915897
50865,46.13105114958921
50866,49.79454376666371
50867,52.24401878461232
50868,55.072536620522165
50869,55.699294614792585
50870,56.16305999798101
50871,59.578552703092164
50890,17.651311393762448
50891,19.9062237200606
50892,25.202895566878436
50893,28.05049020056348
50894,33.26336563464905
50895,36.57090239766375
50896,37.63419057586659
50897,39.8500443907221
50898,41.52509623903093
50899,43.45515494603935
50900,46.75050077933975
50901,47.45756785207813
51021,37.444308249661205
51022,38.27209754224282
51023,41.483435150825564
51024,43.66015665234144
51025,45.03133811519872
51026,49.030404297895544
51027,52.770567068198964
51028,54.700394365932105
51029,56.51970562181234
51030,59.53245677620065
51031,60.821792099192066
51032,62.32785378712247
51088,42.074558113097815
51089,49.60591131738418
51090,57.19597846881381
51091,63.65849302097818
51111,22.688228740486466
51112,26.450591362116032
51113,32.10310133818498
51114,41.90601462382477
51122,40.96896687554581
51123,44.67525630821775
51124,46.75224203046543
51125,52.33364077034577
51192,11.19430842593533
51193,14.922691240086566
51194,21.58509475681171
51195,31.896449732442186
51204,45.82427601470962
51205,47.815727873538975
51206,50.32312525231893
51207,53.038820971432585
51208,55.57015020471152
51209,56.6336502339331
51210,58.989195444091834
51211,60.40143181262484
51212,61.86465623725817
51213,62.150911629463145
51214,63.908508359765065
51215,65.46414363803014
51221,11.352234578856676
51222,13.431329508388949
51223,16.109042862579194
51224,17.448850598604825
51225,19.576308299770638
51226,20.039009760008753
51227,21.50509434439417
51228,23.470078065716407
51229,27.51171951718874
51230,28.867843174739086
51231,31.52833628744347
51232,32.21471553809847
51334,10.743385300684412
51335,13.83747967033855
51336,15.41086460868082
51337,17.29894874979785
51338,18.122481511547196
51339,21.56920462638546
51340,25.026217345391924
51341,28.61860047904376
51342,33.42537318912906
51343,37.319446502090614
51344,38.75114318574623
51345,43.31654914184115
51400,16.160639359653082
51401,16.28586444443574
51402,17.901778014176532
51403,20.51917595799171
51404,21.82938535573366
51405,23.771986385202066
51406,24.575342512564195
51479,16.697060050361685
51480,16.05240587376969
51481,17.815542953968333
51482,18.403036317247683
51541,20.047025689046603
51542,23.06453616289114
51543,25.615109384131397
51544,24.81790079219857
51545,25.23182723015972
51546,26.147983661657847
51547,27.707962483296352
51548,31.215393187603862
51549,34.53530794038347
51550,36.22632763514681
51551,38.401067692370816
51552,40.1631524734218
51577,35.81736068777195
51578,40.06216732321031
51579,44.739520279034444
51580,46.98776693335952
51581,51.62265224355659
51582,52.64198948907508
51583,54.87633638769897
51584,56.012969850214475
51585,57.52872826370577
51586,59.12101854070293
51587,60.157163400173204
51616,46.36281264073832
51617,49.768440595429034
51618,55.2190558457327
51619,57.198969315397356
51620,58.333242676778696
51621,59.89752137325427
51622,63.293423654888045
51623,64.48670208142809
51624,66.99069170369783
51625,68.48995995533552
51626,67.88533593184547
51627,69.0877226080308
51674,30.707831345404244
51675,34.683266427167794
51676,42.03634603849051
51677,44.063436034693616
51678,45.654408697258084
51679,49.59341197686559
51680,56.30627213426091
51681,58.210720825532725
51682,58.85593131830697
51683,60.46868088128906
51684,61.363679169176926
51685,63.196194010271974
51702,33.740641462825934
51703,36.08543131868956
51704,38.30227652892039
51705,49.30338853861776
51706,52.84435115718256
51707,56.3624016256255
51708,57.94196096869036
51709,60.43204864388227
51710,61.726901040934564
51711,64.57788093130293
51712,66.72011596067449
51713,65.59123725951137
51718,18.74079801110037
51719,21.160506604776703
51720,23.799177011370453
51721,29.192691113533698
51722,31.51967481488698
51723,33.14745394910333
51724,36.92247721137594
51725,37.01939253928804
51726,38.71632542157029
51727,40.601476469368954
51728,41.45523174012676
51729,43.304699410642236
51730,37.17389428636879
51731,47.0854691860103
51732,47.06273138144341
51733,50.85672407372034
51734,55.23127516312369
51735,58.236987864179824
51736,62.20255264034366
51737,63.573148238838165
51738,65.74754418190648
51739,67.12572284343517
51740,67.28156625543431
51741,68.77522583729137
51747,20.19859662665094
51748,22.098915167811537
51749,26.0758007532815
51750,30.247417478265177
51751,31.9662104759237
51752,33.93261272424314
51792,25.80231908162634
51793,27.03182791137468
51794,28.367883797038434
51795,31.320145710044898
51796,33.53586855077071
51797,36.1976519024174
51798,37.77172084581218
51799,43.765829618353884
51800,46.12092625593271
51801,48.17680328426288
51802,50.7079736407449
51803,55.22210733204613
51812,7.678301675532881
51813,12.43278732804066
51814,13.463820035860634
51815,16.69661371584259
51833,25.106523022502127
51834,27.820289867634145
51835,29.913082871203983
51836,32.87480246262518
51837,36.721740330600085
51838,40.304940504509005
51839,43.997088798112365
51840,29.42435638530199
51841,35.595856415224304
51842,36.238040859924595
51843,38.17879621326217
51844,39.79005940005098
51845,40.776442564111825
51846,42.77005193689725
51847,44.250679773692546
51848,46.012833121945064
51849,47.45259220356213
51850,48.23553985385864
51851,50.39475024611218
51864,32.93272010406569
51865,34.45708880238275
51866,37.7915720688842
51867,39.62782789479484
51868,40.87486906075311
51869,40.38400655692209
51870,43.89612069733974
51871,44.71178731563864
51872,46.454865863110584
51873,47.91230313097575
51874,50.40470395301576
51875,52.87636244072445
51891,12.412121583995955
51892,14.771362787893356
51893,18.372509464446154
51894,20.282502574328873
51921,22.543043020519583
51922,24.905501808151243
51923,26.180473048401176
51924,27.953086488173142
51925,30.433321351397492
51926,30.920167902561293
51927,33.1794877449839
51928,34.76114737071566
51929,36.30587459638154
51930,38.92801935166017
51931,40.775557435840625
51932,41.80731463729438
51937,36.21802307156766
51938,42.26616773395713
51939,45.87839174648955
51940,47.741003200533385
51941,50.20905274601474
51942,51.71316170256972
52202,35.34272518726544
52203,42.47192944956569
52204,44.47248658399416
52205,47.563785511423994
52206,14.36014316934475
52207,19.427245880505403
52208,23.330838343751672
52209,27.063544090526314
52333,25.388405275766182
52334,29.773802098682836
52335,32.607623076099195
52336,36.575934830695324
52359,35.05932149179948
52360,37.450768178211185
52361,39.376588645287235
52362,41.345378958757635
52363,46.32051270614552
52364,49.852850612411224
52365,51.29502862377071
52366,53.348194602788546
52367,55.19121809365099
52368,55.94210749161117
52369,57.83038558103508
52370,59.84742342440246
52377,5.784762613073135
52378,7.980046857545658
52379,9.169337212849562
52380,11.695971397758868
52381,13.481073477201425
52382,16.568909258724066
52383,19.022477422417744
52384,21.865480161285088
52385,23.789778064144187
52386,26.396804283053488
52387,27.855150288983317
52388,29.39460426975075
52413,58.12174326042449
52414,58.774261950820815
52415,61.21727944314152
52416,60.20538056638761
52417,59.72675563988079
52418,62.229983784566876
52419,63.97945345047707
52420,64.50278961518814
52421,67.76052306060699
52422,19.863605198909088
52423,20.185075029531937
52424,20.215520120388284
52425,20.408387443382374
52499,20.764852699661073
52500,24.17626266195084
52501,28.868666306973786
52502,32.503665927342546
52515,33.91584219750705
52516,39.94886760641743
52517,45.83355651531043
52518,49.34052544569093
52524,12.509709975558245
52525,15.559931493896004
52526,20.25724137338523
52527,22.72556708644303
52587,26.471329186231987
52588,26.896687978566323
52589,31.69051264137368
52590,34.647371095409476
52591,36.455407395358364
52592,37.94589358483233
52593,40.54379711219115
52594,42.369890554703865
52595,44.34522183915312
52614,27.802999425540598
52615,30.151534500548557
52616,31.572001261128086
52617,35.91053763991328
52657,3.844002842944304
52658,6.653438185000651
52659,10.998100245647645
52660,13.951547656416404
52661,42.24031694380049
52662,48.64491875030043
52663,55.0081019166136
52664,59.33478311147004
52719,37.76735716928336
52720,39.17356549518757
52721,40.78474645987432
52722,41.384968034216556
52723,41.58001542765358
52724,42.485215259501956
52725,47.834400950807975
52726,49.42254948816056
52727,51.27310308611463
52728,52.368967296453526
52729,54.14288248973681
52730,56.28427989436039
52753,10.238115025498152
52754,10.77604279321955
52755,13.004594656611275
52756,14.76710325402428
52757,16.681548765776224
52758,17.630054499481087
52759,19.58339770740475
52760,20.49864227406777
52761,22.027548217547185
52762,23.083220662992908
52763,25.886984336308963
52764,28.834560297410597
52802,60.2751399710201
52803,62.37181279441551
52804,65.0435775439917
52805,66.616751273164
52806,68.31910673958623
52807,70.16166846706943
52808,71.80090452479307
52809,70.70304051509906
52810,73.40349545283645
52811,71.90060379819396
52812,71.62456963254782
52813,74.61435186984173
52861,21.139122441525764
52862,23.84330912856548
52863,26.53655748948093
52864,29.420256834149658
52865,39.307760730780544
52866,42.1268296480428
52867,43.23215522994012
52868,45.72946050190482
52869,46.88249691698152
52870,47.36445963335141
52871,49.44555674739499
52872,50.272683607442396
52913,10.709801115337397
52914,12.238128822291579
52915,14.581110702396602
52916,15.971167014094423
52917,16.6239121490756
52918,19.79948914945906
52919,21.321369597308372
52920,23.834155056495142
52921,27.307897302390387
52922,29.80385757025117
52923,15.577486889225868
52924,17.860968668156367
52925,19.96399286731822
52926,21.5531802062873
52927,24.35889045934677
52928,27.58964753111269
52929,30.19120211299516
52930,33.980629841461536
52931,38.00512335151486
52932,38.689210140045766
52933,42.030617985004554
52934,45.96567241042869
52955,28.89554513259916
52956,33.2074326693537
52957,34.507773951936976
52958,43.9764212646033
52959,48.23114583203061
52960,50.80208719696184
52961,53.013739405541315
52962,55.41474658114051
52963,57.06861019965178
52964,58.10601662588405
52965,58.48355105546965
52966,59.73134536513717
52998,37.53576398328221
52999,40.951901867393794
53000,43.571651902571006
53001,46.96541177401817
53002,30.372447730908505
53003,33.0519607678505
53004,35.315769786693544
53005,38.42298232780443
53006,42.87631845067928
53007,45.20406253912062
53008,47.31353767408105
53009,48.36651607127135
53010,50.220539256076925
53011,52.09343325808412
53012,53.57358579544966
53013,57.47683221151388
53014,19.98585828465284
53015,23.33803012298246
53016,24.271821947346254
53017,25.759221053756434
53018,29.85546752484265
53019,32.194309593260144
53020,37.61837279285446
53021,40.60973246944069
53022,41.513020854335544
53023,44.253961616813676
53024,47.22973717605116
53025,49.988420780479196
53141,27.290431195396096
53142,31.75059077010753
53143,35.46059668590801
53144,37.63984341487145
53145,40.69190141300472
53150,3.110749226823961
53151,6.914772375410543
53152,9.34556733843837
53153,12.793317374520614
53154,15.235527012080782
53155,17.205830437602852
53156,19.461574960433047
53157,23.93980534595942
53158,28.582309106844722
53159,30.058473523609308
53160,32.20101300970194
53161,35.11788324329125
53162,23.54183105459731
53163,26.21894207719188
53164,28.809698213177096
53165,32.27102790771775
53166,26.262032317559132
53167,27.254030043559098
53168,27.540087903548777
53169,29.6457020933757
53170,29.738372207828533
53171,24.647671191557286
53172,27.657921163043238
53173,29.24101421384826
53174,30.56765551757135
53175,31.031839040709137
53176,29.624846167040662
53177,32.799735608133055
53178,36.60827230457774
53179,39.88297475444257
53180,43.455206597812044
53181,45.45799711076679
53182,47.492141879871355
53183,50.49359239918671
53184,50.10793038998816
53185,49.85858802854914
53186,51.9501708505726
53187,53.16238362491633
53193,31.723126429832725
53194,34.36520695193775
53195,37.211276699609556
53196,39.29578614693
53197,41.00407083173406
53198,46.17376962461772
53199,50.92374803563742
53200,56.162197848109315
53244,27.856416189199813
53245,34.38507700496403
53246,39.519726591792406
53247,45.7500292370525
53248,47.77001153782508
53281,22.00723345259229
53282,22.054686768344904
53283,24.184468254671675
53284,25.560401575706376
53285,27.33443856303224
53291,42.74197065403154
53292,46.02943243351126
53293,47.99250356654127
53294,49.876892106742694
53295,50.51356920344133
53296,55.452917505632605
53297,57.17884092351688
53298,60.364353866526706
53299,63.767520347736514
53300,64.67196987420418
53301,65.5277057158622
53302,64.68813560359268
53318,36.42185619111179
53319,38.65712932601216
53320,42.94842166041599
53321,46.25796053470647
53322,50.98251286392893
53323,53.47281881950508
53324,57.076278194706425
53430,32.619969450439676
53431,35.43411237116292
53432,36.6883331390356
53433,41.88520024368736
53434,44.283804740656805
53435,45.250671234739485
53436,46.50693739154338
53437,47.60471763466703
53438,49.889811459217185
53439,48.54788082999432
53440,49.82927963713185
53441,52.36541874251194
53442,27.42719644613404
53443,30.393677947645948
53444,32.88471730222975
53445,35.35536947309824
53446,38.010556932955495
53447,39.47493389104203
53448,41.60387216871155
53449,42.53266431350701
53450,43.3483746616349
53451,45.585950934596404
53452,46.88629657838263
53453,47.59043751407589
53483,29.293587981238456
53484,31.925299508391834
53485,34.050871972759595
53486,36.69654254879929
53487,39.394336848625215
53488,41.091262728840555
53489,45.20683927109736
53490,50.72276453493886
53491,52.860742266711405
53492,54.187683815603535
53493,55.77063624103567
53494,59.380886805292974
53527,45.02027110250518
53528,45.97419523123617
53529,47.30079642171095
53530,47.400450852435114
53531,48.83174096142379
53544,26.541936326535264
53545,30.504351351743573
53546,34.8156145771736
53547,44.57577017465976
53589,51.986302672296134
53590,53.29180833488242
53591,57.589367969686094
53592,58.62307312129619
53593,62.47246061376727
53594,63.05133061611178
53595,64.89018735301971
53596,66.24462714854864
53597,68.04120857219621
53598,68.28849618736696
53599,68.72107354485584
53600,69.13160566365899
53651,43.72042843653986
53652,53.895586462108035
53653,56.752879364957835
53654,57.4336956612449
53655,56.04564648046727
53656,58.11137634146979
53657,60.81541470661296
53658,60.58544978192636
53659,62.34380923524216
53660,63.856180106636664
53661,65.37556468153478
53662,67.06623351730724
53663,66.9697276053616
53664,67.27639147467477
53665,68.64586015296645
53666,69.3697173491225
53667,27.339652875092312
53668,28.06828953860422
53669,29.497224852553366
53670,31.390406123375065
53671,34.39319635464999
53672,34.765014489140114
53673,37.06464928355376
53674,38.3096776317394
53675,40.642727159404075
53676,44.5834082045065
53677,48.333642892044146
53678,49.278850147122796
53703,31.456412504800824
53704,35.80888824161181
53705,41.01468542571928
53706,47.652506951534555
53707,51.916630466122264
53720,4.977086371460483
53721,4.380315546676562
53722,7.241609781640664
53723,10.289167341719411
53724,13.497220503759777
53725,15.58681718320295
53726,19.569510487982434
53727,21.590563497137353
53728,23.896106547973552
53729,27.681826219398364
53730,30.374370556396045
53731,33.19418987430897
53732,19.738980708337735
53733,23.14011730206087
53734,24.774246760661793
53735,27.78639686200739
53736,31.145143643309133
53737,31.020316419254264
53738,31.932917259215507
53739,34.54464762436772
53740,35.761167395068824
53741,38.01934668190724
53742,39.59235783868607
53743,40.94443543993039
53794,15.77152426691896
53795,16.981932848545803
53796,19.78227613412609
53797,23.946269447064964
53798,27.9415745442535
53936,51.09548042538988
53937,53.61770723217046
53938,56.36150448496394
53939,58.9285196349812
53940,60.99846120767096
53941,62.88907181107952
53942,64.41073054435489
53943,66.6682035250675
53944,66.50905593631968
53945,67.60815802287027
53946,69.01434941110789
53947,69.35923172158334
53954,0.7162092483810861
53955,0.727184329707578
53956,1.6405510136916102
53957,4.753737517835696
53958,6.521204185555871
53971,25.85823119694749
53972,28.703419657905062
53973,29.97619578703912
53974,31.19624123493631
53975,32.94564363987654
54001,23.788365330851633
54002,28.56854216463573
54003,34.802115648435276
54004,39.141743617331464
54017,22.417260970095676
54018,25.777894920751802
54019,27.90245424446837
54020,29.359600560965596
54021,31.150504181225063
54022,32.86809018472436
54023,34.659561704237916
54024,37.89107574362161
54025,38.10987274626622
54089,36.16119741596846
54090,39.253447421990096
54091,42.41820319645266
54092,44.931573892343266
54093,49.41105863850342
54094,52.253971324271106
54095,58.451475342870204
54108,52.62341673727549
54109,53.82303171055781
54110,55.017295120083915
54111,54.04286785862629
54120,6.871257390279203
54121,8.202460928568401
54122,9.767228748405435
54123,13.324399632468921
54124,14.947082280995703
54125,17.5236431445861
54131,4.130283501951625
54132,4.528470197540858
54133,10.234732143745605
54134,11.659232251768628
54135,14.86467327952937
54136,17.717554001642778
54137,21.545582804975535
54138,24.340342425859653
54139,26.937816272452046
54140,31.351032177333405
54162,30.75835551375973
54163,36.482032078366636
54164,37.51548630111724
54165,40.040621524863944
54178,0.9440281432666126
54179,1.4144593751510324
54180,4.274925972944076
54181,6.752516162822937
54182,10.487066846360598
54183,12.709539935049687
54184,15.201663698428797
54185,15.702164272842625
54186,19.370491592138745
54187,24.515355862344748
54188,26.868951005074862
54189,31.92140498424
54202,64.86844956187593
54203,67.82309511974276
54204,69.05779736247769
54205,70.3469004617448
54206,71.03103999888512
54207,73.00859588805754
54208,75.43940491219053
54209,75.97859189899752
54210,75.99184550422933
54246,5.022207750393412
54247,5.172519722851429
54248,7.243626180312779
54249,8.933603013243863
54250,14.192469336960379
54296,46.36128547795818
54297,48.833004178521264
54298,52.932670780125754
54299,51.07023016183635
54300,51.77105228014137
54301,54.01197231783049
54302,55.58698733624073
54303,58.30205626593711
54304,58.661447919304486
54305,58.91311351909601
54306,60.27053901585582
54307,62.60365239239709
54323,16.307707252705956
54324,17.12900285869183
54325,18.455197564181773
54326,18.976314701511008
54327,16.315170693933254
54328,18.18234951811012
54329,22.71186273508332
54330,25.307752388320075
54388,26.327734748101054
54389,32.073179940018214
54390,34.32276670741393
54391,39.06312710422382
54392,42.076897634740966
54475,6.029190763679222
54476,7.1050972610492815
54477,8.798918144668194
54478,11.1738821940505
54479,12.922143261811215
54480,14.739271534991264
54481,16.033203123954294
54482,17.485988581719596
54483,17.871682614816848
54484,19.496942524939087
54485,20.002852496967215
54486,21.5746354030651
54493,29.876350066538123
54494,31.032130812739144
54495,32.98015568267763
54496,33.34636429935311
54549,13.816129814771074
54550,16.369492264189205
54551,18.57994963047457
54552,22.08627660013206
54553,25.2177095314673
54554,27.52975968417605
54555,30.683124546670495
54556,32.30301043065283
54557,36.105075516920806
54558,37.58476571714671
54559,39.97483342749483
54564,2.097793338682308
54565,4.838468967158844
54566,8.209654711464324
54567,12.038588633588798
54659,11.6177952570475
54660,16.554909360963503
54661,20.294938445998547
54662,23.740409931898217
54674,19.94115668731661
54675,22.928200943811937
54676,25.123910412385037
54677,27.21257564395284
54714,18.47404675850138
54715,23.73617796680616
54716,25.54806129344158
54717,29.80913875254485
54718,33.92398460117002
54728,33.96704650150833
54729,37.24910308545989
54730,38.675405696140125
54731,40.570179082824346
54732,43.97038342011676
54785,26.61767194291263
54786,30.189001472143186
54787,32.96435656827488
54788,34.39221955203588
54789,34.42840545294617
54790,36.267858153525175
54791,15.217343391227145
54792,17.638013335141757
54793,19.04968424593758
54794,20.34463781171261
54795,23.814559562414754
54796,26.872852824813172
54797,30.1385747042689
54798,33.86504145626977
54799,35.26933289038133
54800,39.17688550082681
54801,41.33845503120735
54802,43.81971269022184
54851,23.450639635270715
54852,25.69297570752865
54853,29.80963966442536
54854,33.27737381320723
54935,39.066038770527996
54936,45.0140617411311
54937,49.055310293912115
54938,57.40259539062643
54953,58.586672751081004
54954,61.054320824606904
54955,63.45533323362591
54956,64.68551910389411
54957,66.80560751988739
54958,67.58143087301956
54959,68.98595831828064
54960,69.86882436727136
54961,69.90603445523324
54962,70.12485223648227
54963,70.12043558034624
54964,71.70580526002631
55017,36.6327157102287
55018,39.70740681412381
55019,43.15800092031915
55020,44.406152467575204
55021,45.484141716749996
55022,47.49983560315456
55023,50.50329947422475
55024,51.50267894209954
55025,51.17095347681331
55026,51.63389572991512
55027,54.01572465705701
55028,54.83361188557626
55041,31.509346039310195
55042,33.86818526480558
55043,37.77023977032175
55044,40.61917481042211
55045,41.18843303255055
55046,42.9061482479662
55047,44.065293939462606
55048,46.133790797212306
55049,46.09755989479916
55050,47.92158418259816
55051,47.01394145103179
55052,48.87848584712293
55060,44.887647755497746
55061,46.85168551861145
55062,49.54623750754871
55063,53.75981880159558
55095,32.896134613622095
55096,38.4049981926663
55097,44.78945683015018
55098,53.38652964012267
55127,26.590596543790813
55128,27.073108610152037
55129,28.102538243491626
55130,29.464680080860315
55131,29.11254911358336
55132,33.334918377594086
55133,36.00331022412449
55134,38.920561246919185
55135,44.20702500348067
55136,47.10774612154811
55137,49.305464676928004
55138,50.1251697191435
55179,27.046133294348312
55180,31.741915595811125
55181,34.038890953416065
55182,37.03179760474454
55183,42.75754282825767
55184,45.89568853128728
55185,49.0697070703262
55186,51.2643264484989
55187,52.145985197728
55188,53.24898855379856
55189,55.76786301899188
55190,56.41124565180355
55191,57.9871402291955
55192,58.638037796774015
55193,59.95911056042479
55194,61.79767301634535
55220,15.286625903648616
55221,17.26388899669798
55222,20.38793321058968
55223,23.760073549077816
55224,27.54937307308284
55225,30.174696457247116
55226,33.10088242906859
55227,35.108084073461725
55228,35.74092865390265
55229,40.47058497026833
55230,40.836842018281615
55231,41.02234784524417
55261,7.101728902759775
55262,10.410278051214995
55263,11.238623569981582
55264,13.522851767488797
55265,15.937374325037638
55266,17.16664042101198
55279,45.66228410384023
55280,49.554212488305176
55281,51.760406625213434
55282,53.90781201423221
55283,55.843475099317416
55284,57.93928912133916
55285,60.93124579943003
55286,63.20927585833828
55287,64.95396140176314
55288,65.38132178053137
55289,65.54838182246922
55290,66.10991010628793
55349,53.95649347357031
55350,54.71860240511411
55351,57.33378972372209
55352,58.93044744225116
55353,60.70862937092365
55354,61.89325615349148
55355,63.24343683103617
55356,64.7467582004601
55357,66.86320998063367
55358,68.02337735362009
55359,68.38596527621041
55360,69.21798450402218
55517,9.720105986445384
55518,10.868797106353743
55519,13.199511172217685
55520,13.719723320835532
55521,15.065563000757571
55522,15.661580646361676
55523,17.239750108667597
55524,19.6311166134243
55525,23.812329223950655
55548,26.36487675991527
55549,25.300378680553283
55550,26.120694477351396
55551,27.526122021315654
