Index,target
66,23.60489790214084
67,26.752058067218982
68,28.704627410586813
69,31.53920268479412
70,33.77276250867679
71,36.778739831867284
72,38.46956831708298
73,39.038718195513034
74,42.7360885974788
75,44.539133679162774
76,47.680358456658965
77,51.17416467058793
141,25.926602806520858
142,29.083860193637147
143,34.03918250551751
144,36.09735803268528
217,27.300392651690636
218,32.18523305495845
219,36.59850401177109
220,40.404682086678555
221,10.017015334846706
222,11.630933445972644
223,14.126420907420645
224,16.826832930131303
225,16.864339564775044
226,19.104679177732358
227,24.51587920971385
228,28.863812991660286
229,30.387731276889077
230,33.97156265019977
231,37.399882024212516
232,39.30574945889398
233,42.54205420153966
234,46.48640588171996
235,48.79251295583329
236,52.06530866722832
237,52.928662004480884
238,59.42559511358048
239,61.24402831405045
240,64.48054239145861
241,65.15886223754484
242,69.55796922867908
243,72.20833245492751
244,71.81794574049206
423,15.549848326692485
424,17.677776427266963
425,25.992234213777174
426,29.621935628538463
427,32.821070899948914
428,36.85620560458497
429,38.224234495278
430,39.818664178132096
431,40.71774204671023
432,41.15631447648432
433,41.88495327238806
434,42.82465674964727
447,14.78728581410933
448,18.56448773833896
449,20.814837554938123
450,24.184706250230434
519,29.221843234719366
520,33.93318056919196
521,38.326588485668324
522,40.71308202075003
554,20.113530754064126
555,26.415998623996906
556,37.29603220691081
557,41.88038072161189
558,46.923560923189456
559,13.750592747147474
560,16.871494778595522
561,18.262173867313034
562,20.737179833329673
563,23.308131760990744
585,28.575255407279453
586,31.001506214623976
587,33.084678772479414
588,35.33157177856834
589,36.84807765769154
590,39.07058460273746
591,39.11481764773406
592,40.36457037741203
593,42.21213418129301
594,44.11502513822086
595,45.2300131174939
596,44.333506948790166
606,23.871131951601
607,25.927490767162766
608,27.600491089590502
609,28.32659657729189
610,30.781552519145624
611,33.84000767881527
612,35.79110016748448
613,36.48849399951982
614,38.35226273817312
615,39.38548614878482
616,40.19635753005631
617,42.63266330563337
618,28.63189927422084
619,31.658287423058585
620,41.83202166122702
621,45.57423835954091
622,43.59580798498269
623,45.84801403342516
624,49.719552149556364
625,54.76720406579045
626,59.505553832325965
638,40.5473377264389
639,44.90557127400127
640,48.190497608955894
641,52.351479024103156
713,47.23787787904862
714,51.02830000275932
715,53.548583125472874
716,55.983875096002244
717,58.557518447429736
718,59.62600905434187
719,61.16676905155943
720,62.340401940699465
721,63.37316698467777
722,63.32097528474585
723,64.40609987221463
724,64.70447736473545
731,27.614684073632777
732,29.240985292770105
733,29.960692034850226
734,27.632936454663653
735,28.867872057691805
736,31.364363415789512
737,34.4156728424493
738,34.52443324498184
739,38.02933883831573
740,40.4292262669191
741,44.09954659712706
742,46.51529290369918
759,30.760620294834936
760,34.718799712401484
761,37.91756411582407
762,40.99154065400155
763,40.464511609933325
770,32.75014534598662
771,36.060601186842646
772,37.05042415500623
773,41.067602078057526
774,43.408402079645
775,21.09213043372221
776,24.470259890158424
777,26.180579134797384
778,30.188931397280665
779,32.16888137426396
780,35.93781023422232
781,36.485272691604735
782,41.21352955755223
783,44.56232009783231
784,47.65731676144331
785,50.47445144459341
786,54.19212873273819
787,53.20235475029393
788,50.61271390601114
789,51.71565527513078
790,54.26337737541873
791,56.933114858171514
792,58.85233386962878
822,42.00659088055023
823,46.203959682104035
824,47.82349199124716
825,50.96423344239857
826,55.84397476839919
839,21.264852227820114
840,28.632597051091984
841,31.790707107528053
842,35.34360972310336
843,36.15788558331861
844,38.652906888488374
845,40.82597625278186
846,41.871954325155286
847,42.0307719617402
848,43.30384284455394
849,43.20575679240541
850,45.525695078855485
911,18.652646176525455
912,20.42929322779773
913,24.317850938146734
914,28.567808190823584
915,29.446768956571923
916,31.943546230615
917,35.410448212716034
918,38.847472754214984
919,41.69227488803906
920,43.41976498728417
921,41.60520015357464
922,43.32561981598553
944,21.224952013450075
945,27.35049234684654
946,29.940131296384198
947,32.8858170811598
948,36.05048881435871
949,38.55506823986531
959,49.13891939375124
960,51.12393816604051
961,53.650529450428785
962,55.45515639114098
963,57.02240683831643
964,59.23553128635878
965,59.848289263725086
966,62.58374686932384
967,63.60746805655426
968,64.72668448655705
969,66.0555554254114
970,67.37032403249013
1097,24.858999572217428
1098,28.288832091112855
1099,31.965837155504925
1100,33.97925552279717
1101,36.5513126150693
1102,39.439295694636755
1103,43.59316956980922
1133,37.342414002207704
1134,45.22293435359348
1135,48.50563074420101
1136,54.31648660112041
1137,59.76587580510256
1138,62.07563980773378
1139,31.959676653062846
1140,31.729179341942487
1141,34.44734616102223
1142,39.6402803287843
1143,42.60221584641186
1156,30.233998606585196
1157,32.44042467561088
1158,34.7217489909031
1159,35.86086987429431
1271,25.184472645553672
1272,27.25202188052137
1273,30.130576968250825
1274,33.234442178098035
1275,36.9859267012272
1276,38.73858262978277
1277,41.11120862448264
1278,45.1604922994687
1279,47.350177248698984
1280,47.102580906636724
1281,47.959506027913356
1282,49.84091586884003
1294,60.95194318863281
1295,62.364924119668814
1296,62.60150366767673
1297,64.97411184260311
1298,65.68627572555998
1299,65.6279462684336
1300,67.97973360686385
1301,69.1372356119011
1302,72.09900671924977
1303,72.91080029518034
1304,73.65726530197041
1305,75.03823562859628
1318,9.839035024179205
1319,12.83361128463657
1320,14.322033337571153
1321,17.379908006251608
1322,17.677570698060244
1323,20.886262710851295
1324,26.441903704605192
1325,29.055308756088394
1326,33.83530689366819
1327,39.10309856929655
1328,42.03690437190364
1329,48.053455063938365
1443,26.65889048609594
1444,27.75736495470151
1445,30.205266185203428
1446,30.076607193676246
1447,33.53068520960421
1448,33.561951033726515
1449,33.09033503136632
1450,35.770765600337334
1451,37.77400218330544
1452,43.772013493842
1453,47.59966223841873
1491,25.970565616428097
1492,29.93663618140475
1493,34.88876676690004
1494,38.981638616783904
1495,40.45031069903746
1496,43.0882831663259
1497,40.1034333489395
1498,45.74349428956064
1499,47.717115867954114
1500,49.17930688640714
1501,48.618203958160656
1502,49.26589378727794
1540,44.590359888062125
1541,46.86738038368937
1542,49.09912765994198
1543,51.81790904185968
1544,52.12394418206217
1545,54.02095175013638
1546,57.443910911698644
1547,57.106424492277924
1548,59.564630615077654
1549,61.438598548192715
1550,64.59093995692446
1551,65.19206342681946
1682,40.488751848171
1683,47.83721282168233
1684,52.082595265332905
1685,53.72118447251717
1686,56.14725282529466
1687,58.29272302695083
1688,59.98480814790679
1689,61.792710454174475
1690,62.983316452021676
1691,65.10961058273726
1692,65.39415665070631
1693,67.0734974272384
1788,1.1564219888918352
1789,1.5324839941644495
1790,1.5666047986004568
1791,1.4507245687963863
1792,3.170940008661672
1793,6.563170737592728
1794,9.217938413186008
1795,14.045823212142974
1796,15.707865356017418
1797,19.256459877101396
1798,18.851188927617983
1799,20.834844190206752
1823,18.374542256119785
1824,26.17661816753467
1825,28.026133808224618
1826,31.558424273018066
1827,36.37317358307733
1828,38.73110461514581
1829,42.63856954159867
1830,46.42124393728402
1831,51.138582863066446
1832,54.24828291307073
1833,57.00762306914029
1834,58.3965975075435
1835,15.892806973765074
1836,22.463674368700687
1837,30.376040826393343
1838,33.15447626790357
1839,36.762735099387015
1888,12.776368981358948
1889,13.012708903348647
1890,15.086161600213606
1891,17.92135683423222
1892,18.83704768103408
1893,21.847120269462433
1894,24.083042785455728
1895,25.994361060741248
1896,30.372042609093388
1897,40.371521269846525
1898,47.512836208641545
1899,50.886159005876635
1900,19.286505568637203
1901,28.062412608334395
1902,31.093922243048453
1903,35.55508692400855
1921,21.296570662365
1922,25.6254932060381
1923,29.37647976279475
1924,30.676501658842945
1925,32.30293305115438
1926,33.87393417247833
1927,35.058269061638605
1928,37.0168886067661
1929,38.42485775161266
2057,20.36264950548577
2058,22.405560411990493
2059,24.274562011071254
2060,28.5890626705782
2061,27.93351672655275
2062,30.568972609534516
2063,32.15528993268505
2064,35.438642519000965
2065,41.74029662645998
2066,44.27032143825997
2067,47.9226690369641
2068,54.41373223354025
2139,51.285528522743796
2140,53.42219630565026
2141,57.74202884107688
2142,68.97820715424932
2218,26.558002186636767
2219,32.663471253944856
2220,35.78785164415897
2221,37.72722249790091
2222,39.98844225627638
2223,42.65631117815897
2224,44.144413000843876
2225,46.60530151823769
2226,47.93180983999095
2227,49.943578307211226
2255,36.21833712454099
2256,37.273662231813226
2257,37.98321705270267
2258,35.07919873308343
2259,36.579481097827184
2260,39.102867340450544
2261,41.12688866168292
2262,45.53116115844576
2263,49.01041991401557
2264,51.269252404290285
2265,51.14276287125746
2266,54.55845829525316
2271,28.340641672304148
2272,29.779559681502786
2273,32.106197511189734
2274,34.26114705381548
2287,24.580781697367375
2288,26.52886058584373
2289,28.340014167601268
2290,35.583913307203304
2336,19.04594144940923
2337,25.312410804793245
2338,28.319023553097768
2339,33.11028603308224
2340,35.03055369414455
2341,36.46210801550817
2342,39.00199950114751
2343,42.139071369087304
2344,44.11582118285406
2345,46.308825070428746
2346,48.351762091711585
2347,49.08617509853082
2413,17.391139715495104
2414,21.32553635234895
2415,23.303046558135335
2416,23.645931720659906
2417,24.169991812189938
2418,27.620060358670166
2419,28.685168297040978
2420,30.446434008563816
2437,34.53019488398179
2438,41.25258334090647
2439,47.863484978926934
2440,56.0090488895874
2479,38.5307839419868
2480,42.08905774046249
2481,42.39107106935182
2482,46.436609781024764
2483,18.263036519534644
2484,21.501132248651263
2485,23.3577672026699
2486,24.212348001997345
2487,26.635841586291757
2488,29.1977896741704
2489,33.539709587172695
2490,37.27458535591364
2491,38.58185433914375
2492,40.21559387003133
2493,40.54721064906426
2494,42.46095332553219
2535,44.20438851465187
2536,46.16807440788911
2537,51.64511987840121
2538,54.61326501298601
2539,57.598494919823516
2557,24.3266566701144
2558,25.935917532441554
2559,28.295011798249895
2560,30.906720689790713
2561,35.92359088152633
2562,38.04954296380156
2563,40.29168583603973
2564,46.88633440551047
2565,49.582681979495234
2566,52.0156904646739
2567,51.300553432092286
2568,53.62158646638505
2573,39.57139354974742
2574,40.886315829785325
2575,42.4040724413459
2576,48.19366179706981
2577,50.83083450749099
2578,53.18761352347002
2579,50.54617577953318
2580,52.234426089684526
2581,54.2861521207251
2582,57.19805133202176
2583,59.64943703955322
2584,61.97997598452012
2585,14.364897381517828
2586,12.298809958857458
2587,15.392056985384338
2588,14.498243509978877
2589,35.79416068790998
2590,40.276805764001104
2591,43.55787809290015
2592,46.26196663966207
2593,51.1158387096325
2594,28.84966955296663
2595,30.4148375941794
2596,33.6534395990555
2597,35.854665058714204
2598,39.60383123159834
2599,42.21001619351308
2600,41.30666410534084
2601,40.90740729268205
2602,41.863746852589344
2603,42.18935475747605
2604,42.773627525840006
2605,45.69989652441701
2606,11.093705099404724
2607,12.543428025130366
2608,14.918335196793779
2609,16.64653425578168
2610,18.075320115772595
2632,54.13421232650093
2633,55.08712027760603
2634,57.5386792787235
2635,58.17829723062932
2636,24.9025959948969
2637,26.777598531773766
2638,30.852735725665912
2639,36.108533556034715
2640,43.83480767499933
2641,47.63122434138087
2642,50.82617733952046
2643,52.13848855050793
2644,53.68386770780779
2645,55.16721004108132
2646,56.60374805413908
2647,57.76229932117559
2672,4.25074087045477
2673,7.440752876462893
2674,9.80621812836344
2675,13.055216116392502
2676,16.509328656685852
2677,19.58357994576358
2678,23.33300873359044
2679,26.627149237757664
2680,27.71749652525885
2830,29.37666505554733
2831,27.671897425816248
2832,27.125988359967046
2833,27.210738313004253
2834,32.989453653026345
2903,4.074439038570113
2904,5.889699680326145
2905,6.320935769275891
2906,7.864839015893411
2955,37.76176964059751
2956,40.02935836673699
2957,42.80791842740529
2958,43.92438488776438
2959,45.30725332184134
2960,46.366734218363
2961,50.84626878587991
2962,57.72756748483369
2963,60.96918740659005
2964,40.69606074023882
2965,46.783327547083225
2966,50.16373664937138
2967,52.533967924913476
2968,54.403398261006636
2969,53.277684333550845
2970,58.43499811051476
2971,58.94599912184429
2972,62.97010209286728
2973,63.39927108837794
2974,64.41842165644559
2975,65.17418589027935
3006,59.64508352786875
3007,60.55344097742029
3008,63.722948549438534
3009,66.11207981392961
3010,67.77236707481762
3011,69.41134716165287
3012,69.66396701068162
3013,70.90497752273569
3014,72.21510603498209
3031,29.834752604763292
3032,34.37533282061726
3033,42.64295709077729
3034,49.09995724194108
3035,52.08776225613244
3036,55.34354108900326
3037,56.56298709743537
3038,58.72113237892332
3167,17.25422923511657
3168,17.79394882926283
3169,19.282377910189123
3170,22.45018877366705
3175,27.45333307192051
3176,29.904308941796
3177,32.93730783259134
3178,37.77489090177491
3179,39.4557894108661
3180,41.8476907529426
3181,45.66150171074474
3182,50.76103236196569
3183,54.6005301350876
3184,55.74347576764521
3185,55.72321541689313
3186,57.216789378571306
3192,23.428426183745643
3193,24.919730598437983
3194,28.000329242608515
3195,32.97336983327592
3196,35.1373147422978
3197,4.946087794371612
3198,8.782001651367082
3199,14.626133356991906
3200,17.254360407745512
3201,32.98977413359831
3202,37.42129041021929
3203,40.12325994734697
3204,45.99789334289333
3293,41.4509475158383
3294,41.20147341525893
3295,41.71068109421092
3296,43.876253941354044
3297,39.283712351646244
3298,41.73527859805092
3299,47.53673881179026
3300,48.88809942310171
3301,51.58919502293532
3302,49.17843127853055
3303,51.16293323662636
3304,53.947030659970586
3305,54.899485098698335
3306,55.51498319454893
3307,56.243544280881295
3308,58.13840846113792
3309,16.522455443962656
3310,20.746597074950184
3311,26.078657010362924
3312,32.04366152889687
3313,34.164955892772454
3334,23.97388572450364
3335,26.93927110093886
3336,30.833954600481277
3337,33.81473685112291
3338,33.648838302159035
3339,34.993626847314474
3340,36.86108895628126
3341,40.718855154274614
3342,42.23412138300694
3343,49.20802865089556
3344,53.768797406020326
3345,48.16411818126001
3346,51.76819998822606
3347,55.96860383231719
3348,59.45194227572947
3361,17.974670689829217
3362,21.50536919249958
3363,23.050730203550465
3364,26.50990547501624
3393,15.278908478465832
3394,17.525927148022674
3395,19.89840638820287
3396,25.386353329094717
3425,34.890098016539255
3426,38.617715876482016
3427,43.47209045931992
3428,50.77441221462733
3429,54.51205253634106
3430,55.713315164941136
3431,57.38722611633016
3432,59.304791485481786
3472,14.58500821355659
3473,18.18454501765549
3474,20.377653581021075
3475,21.202343414114296
3476,23.427217912948578
3477,32.38472960433889
3478,33.037855866199074
3479,33.72885458831395
3480,36.428983294725874
3481,37.535017803294416
3482,39.272429312178
3483,39.861994763509834
3521,11.056143972450629
3522,11.861195047727376
3523,14.518026787924075
3524,17.899955239700894
3583,14.567799666980873
3584,17.41313557694393
3585,20.797832556272834
3586,24.835112139313996
3587,26.822097264457625
3588,29.939708171014015
3589,33.43865368076033
3590,39.77538413595856
3591,41.23716406547482
3592,43.61563760452682
3593,45.55969098671346
3594,16.844420481053977
3595,23.77184594940337
3596,26.687143455273414
3597,31.432816308501753
3598,34.32810159812472
3599,1.1780403560828852
3600,3.5241282883782623
3601,5.838440828356133
3602,9.825331062858169
3603,11.440772769064873
3604,15.286655436498558
3605,17.53963442407021
3606,23.012915866404235
3607,25.362692133949615
3608,27.23333996442151
3609,28.07953698473707
3610,28.034903309307296
3644,9.863293324091558
3645,10.563576409508254
3646,11.500223109946917
3647,13.912110070959534
3648,17.169099557110517
3649,19.59428783854403
3650,21.95227009742022
3651,23.905349233081807
3652,26.74026929306525
3653,27.80290981257942
3654,32.66653741819679
3655,34.77953212189042
3812,30.297588480732543
3813,32.53617472167563
3814,35.56797223940845
3815,42.283751751840846
3816,49.890157047758
3817,55.96091169548918
3818,36.313604456761574
3819,41.319281542927115
3820,43.378325681486274
3821,45.66250582285251
3822,47.2771064794533
3823,50.592479278738054
3824,52.23184442554093
3825,54.441424277391405
3826,55.386804425811995
3827,59.3016446899354
3828,60.11689212285383
3829,58.57429906803226
3886,27.883628238624905
3887,30.670984577554304
3888,34.23342713942367
3889,38.377206558172155
4051,15.673071947962548
4052,16.838154739876718
4053,18.9528392050669
4054,20.45391913396593
4055,21.404406154751687
4056,20.68533519301592
4057,20.30665499548949
4058,21.362217163793275
4059,23.692162342257323
4060,28.032732175730033
4061,30.18534565493373
4062,31.20328699282665
4128,16.764753935975754
4129,18.320122540281684
4130,20.758728997150563
4131,25.208048325460364
4132,26.347275809017773
4133,28.01932778785281
4134,29.860208282796908
4135,32.426395000264165
4136,35.003506641571974
4137,38.040671524175714
4176,19.55185081465908
4177,22.47038761782426
4178,25.01970762554112
4179,28.260507553414303
4201,48.08934647278274
4202,49.01181865361927
4203,52.360244886198764
4204,53.564461277370356
4205,52.650844436864
4206,60.79525669505483
4207,65.7936648260497
4228,55.50639423805017
4229,59.0002209633905
4230,60.15099388742732
4231,62.45692395509215
4232,64.02587504502367
4239,24.46033110044507
4240,30.0611038378776
4241,32.75440400279409
4242,36.775035680645445
4249,24.15959892743964
4250,27.62217202100084
4251,29.541468257626043
4252,33.52356813881106
4253,35.999162434007644
4254,37.47420694720496
4255,38.2668242223952
4256,42.42749837750942
4257,44.621265352308725
4258,46.247760165328465
4259,46.511365452535046
4260,49.40426402835136
4270,41.717884541605144
4271,43.0418312738116
4272,46.0249256660591
4273,46.90144311880965
4274,40.25072704129147
4275,45.03746394383933
4276,46.47765746541472
4277,46.80429566884643
4278,45.416911026197305
4279,48.56906591145928
4280,51.64857925734105
4281,54.308833998052705
4282,54.337449652465615
4283,55.23205031570676
4284,57.594399148187236
4285,58.82653323437519
4323,18.41966521455606
4324,21.021857506355712
4325,26.019702541652528
4326,30.33689199396399
4327,37.497544575730906
4328,40.49608248184112
4329,41.243875687170714
4330,45.83458286347441
4331,48.482189082030466
4332,49.78172659880046
4333,51.16066818593521
4362,13.46328509166459
4363,13.809859206860375
4364,14.24448772441957
4365,15.095691610016823
4366,12.916809463911552
4367,39.57133319713059
4368,42.28103153559416
4369,44.68326070208489
4370,40.995439736812195
4371,48.476990413426876
4399,30.69541140512041
4400,33.37746306039387
4401,42.45798719289042
4402,59.90759424774041
4403,65.25340335605839
4425,31.24360427087934
4426,34.815105603198944
4427,39.76556885517321
4428,42.51754802023578
4429,44.42485021064602
4430,42.043706731093934
4431,42.78261402680565
4432,44.52373240876359
4433,45.91364226108113
4434,48.10884878663929
4435,50.02907912866902
4484,12.749560931165709
4485,18.149842474947913
4486,21.86424235886763
4487,27.061593934161692
4545,20.849649869687717
4546,25.15243295754524
4547,28.17197294118423
4548,35.59067453892166
4549,36.98226177659678
4550,39.97154156000189
4551,43.365050318729
4552,45.30641405813753
4553,44.69452068143971
4554,45.94138817980215
4555,48.56218182620282
4561,14.281640578517138
4562,15.5554038941001
4563,16.61355007126074
4564,18.167585155112693
4698,23.826678351781325
4699,26.835351190777715
4700,32.658428468086306
4701,35.57051182701222
4702,36.881582739068115
4703,38.0035592321507
4704,39.759242620699986
4705,42.26138145420553
4706,43.24485515143991
4707,45.50340058444319
4708,44.9175661922618
4785,17.524654304496437
4786,23.635994971107383
4787,30.3586401306964
4788,35.64995353625925
4828,29.711562314286525
4829,32.76187619634339
4830,35.5736910137704
4831,39.23087014553778
4832,43.29857946324197
4837,4.086683997404948
4838,7.844639524149179
4839,11.718387162790572
4840,40.39044311909777
4891,17.382325755778872
4892,20.124020876523534
4893,22.25264522360548
4894,23.06975568578933
4956,59.812957517464305
4957,63.58003155576227
4958,67.23867994678311
4959,70.39039303721076
4997,21.422788234956137
4998,23.206244697813442
4999,25.75781075849811
5000,27.441567524359545
5001,28.370405895573363
5002,29.42083085480378
5003,30.969515178010315
5004,33.594884114456036
5005,37.852257882080295
5006,39.57221889872581
5007,40.648630716121204
5008,45.18743820775287
5045,2.3761504608169695
5046,6.2151769335956555
5047,9.464824922571934
5048,13.843026390960103
5085,11.115846811558857
5086,12.348366318743203
5087,13.571014046399865
5088,19.380535665074024
5089,22.24532061621251
5090,26.193266332054176
5091,28.002156502376053
5092,29.967041815946576
5093,31.71972628865688
5094,32.58195960958071
5095,34.65984466908958
5096,37.20653657697074
5097,17.972261870586728
5098,20.805152394374623
5099,23.202368557031445
5100,26.94880390115835
5101,30.189254475687562
5102,37.118036731552934
5103,42.38647085244773
5104,49.26980045807993
5257,7.0958459265256915
5258,8.576085162697622
5259,10.668056841575556
5260,13.822918766391021
5261,16.38181513662326
5262,19.037899469074542
5263,21.963448950005333
5264,23.640050551336095
5265,26.884265641364745
5266,29.453299863355276
5267,33.277799276230134
5268,36.40480336580583
5372,50.504162560805575
5373,53.70163150891058
5374,56.1543976964453
5375,59.24492152227477
5376,63.58104734588576
5377,63.54341334666703
5378,65.10268546295293
5379,65.52996097984709
5380,67.2084325322768
5381,69.26643967442823
5382,70.45501392774132
5383,71.24320389586387
5419,18.585837985125778
5420,22.29826434624972
5421,26.078511593240183
5422,28.747632733284664
5423,32.815568523250086
5424,37.47405560158922
5425,42.85507733620224
5426,42.84300654069222
5427,46.11596463760567
5428,48.92210679836492
5429,52.56314079484416
5438,48.158705675895256
5439,49.77887585902879
5440,54.88635070925758
5441,60.11693409447548
5454,46.69569134474011
5455,46.34821348944667
5456,47.01485969881959
5457,44.5116665368146
5458,62.5866397156362
5459,67.05402435248966
5460,70.65486303755306
5461,73.72257518448623
5494,13.896433421577255
5495,17.796323231822953
5496,21.348964732197338
5497,25.22315529278201
5498,26.00520361658019
5499,30.943243847790914
5500,32.988093931357874
5501,36.53559239709786
5629,3.5149809429630796
5630,5.169426656949869
5631,7.936083558841543
5632,12.202150096162118
5633,34.260640217927666
5634,36.83952438805712
5635,39.29659558725919
5636,41.50798985556299
5637,45.45998139621213
5638,48.254442642236754
5639,45.6932707893351
5640,47.36466346355924
5641,48.19504096457435
5642,49.182011183945406
5643,50.29388986030455
5644,50.950009546238356
5645,8.1306813135779
5646,8.654677139395092
5647,11.068931079559245
5648,15.681119060803601
5649,18.658954225820732
5650,25.187486279849278
5651,27.92769733202965
5652,28.39262351863056
5653,30.97118911583496
5666,37.45605924713991
5667,40.458703612653764
5668,44.34355058735903
5669,45.13972001200677
5670,44.574289546711974
5671,46.65260280721149
5672,48.70271908882886
5673,52.09053259610118
5674,54.2105900305142
5675,54.94361844733751
5676,56.02802037570241
5677,58.91279040183788
5732,21.01293413569552
5733,24.137233398415926
5734,27.95680958748469
5735,32.86370607306033
5736,35.33258839818076
5737,38.835796473821986
5738,41.34513098646836
5739,43.17460550766381
5740,45.464544635856385
5741,46.690876430572274
5742,47.55386695270596
5743,47.77344160473784
5863,51.46180158921255
5864,52.42659717934009
5865,55.68415898925562
5866,57.43822221768732
5867,60.72072305523519
5868,61.79511614300683
5869,65.09633499667717
5870,65.7455777028806
5871,67.14015855619259
5872,67.35572398385413
5873,68.26198988267353
5874,68.20659784620041
5907,36.64289586787859
5908,38.52330081810609
5909,42.88936341512527
5910,48.792622600146736
5911,51.03933777506284
5912,56.07483233511619
5913,51.991896340806534
5914,54.16304333647381
5915,56.85588634115043
5916,58.69511072940567
5917,62.09477836710769
5918,63.653152051983845
5940,27.40320991330699
5941,28.42302991315143
5942,30.45948054316194
5943,33.3595480855992
5944,10.18369153890105
5945,11.862329004885913
5946,17.985074085718004
5947,20.250918166441217
5948,24.448022457425292
5949,28.72399296848387
5950,32.276100318298354
5951,33.10574838470081
5952,39.52681282442996
5953,42.714136455341155
5954,43.92613124353848
5955,47.848063990795865
5980,27.532345786273417
5981,29.36956172766359
5982,33.958020999784104
5983,37.723714553263534
5984,42.254379429609955
5985,32.34698351212665
5986,32.819936752380585
5987,34.299175569589124
5988,37.72518773903027
5989,41.13961198204911
5990,45.37024710167059
5991,47.0229279289669
5992,48.04642791335434
5993,49.59741758891376
5994,51.18733882959446
5995,50.602233528728384
5996,53.26500066658221
6001,28.075115526504653
6002,30.146861835336487
6003,35.83224705849285
6004,41.78614968213207
6005,51.703829954385064
6006,55.2746577318609
6007,63.9293913801524
6008,67.24185584969888
6021,35.417982164727285
6022,37.294228616526766
6023,50.675565863485915
6024,53.218379094933084
6025,55.343430925711594
6026,57.054469935881365
6027,59.35887985656458
6028,60.15167801682317
6029,59.5539506008601
6030,61.078123606448145
6031,60.94390523315903
6032,60.33826478292305
6122,33.414533447849344
6123,35.21626334876782
6124,37.98548806293774
6125,42.362780592077854
6261,37.87983715462805
6262,40.287648473320225
6263,47.531756984755226
6264,50.72788195071435
6265,54.23099668685324
6266,56.23274931639063
6267,57.399564966795765
6268,58.02173672344546
6269,60.498330211842585
6270,59.78478108518192
6271,62.177379010902776
6272,64.09669845334912
6313,44.52551045949592
6314,45.553471755277805
6315,49.15313801030405
6316,50.650121798239304
6317,55.29054115083522
6318,56.7054662350962
6319,60.289341577140064
6320,61.213463452760465
6321,1.3626407344247213
6322,4.817893282696219
6323,7.245318188835178
6324,10.707326582558178
6325,13.508901884697064
6326,16.726408272033236
6327,19.308832278050282
6328,24.52720793585696
6329,28.653589621339528
6330,30.43565641841458
6331,32.15561521324692
6332,33.59261151131558
6348,5.384917117399002
6349,6.566105289732148
6350,8.565805287982084
6351,10.676771457681852
6352,11.330568067727347
6353,14.986571157241428
6354,17.879712907047736
6355,21.44816284429706
6356,27.670189997418504
6357,31.172570433763266
6388,27.739574212325135
6389,29.34564953622565
6390,30.453156406807018
6391,30.682839993567107
6392,33.82099211299265
6393,36.5889417877239
6394,39.10359850778259
6395,40.10346169136248
6396,43.60713938525112
6397,45.18837835712008
6398,45.347873033945866
6399,47.94319293802588
6462,9.356237693059958
6463,18.673285087414204
6464,25.676107269356727
6465,31.708299095163316
6486,12.381960677972819
6487,12.646518149126853
6488,16.46900244882981
6489,19.87522559933789
6490,23.02262408490697
6491,26.569703775958626
6492,29.782526580609545
6493,29.758281657697605
6494,35.281776937780684
6495,37.83817932712879
6496,39.834408771880234
6497,41.3931702365756
6538,26.255292424251174
6539,28.442026241622987
6540,32.670058403552886
6541,35.680497889112026
6558,33.50536245680208
6559,39.44350510499973
6560,43.28482569447526
6561,46.03069684282315
6562,13.19437854780655
6563,16.36095116774443
6564,18.62270020315462
6565,22.967280273253945
6566,26.0294197115708
6567,27.106016422490526
6568,28.868326993976357
6569,30.30841524726263
6570,34.97427373087538
6571,39.34828803210549
6572,41.70273548770142
6573,42.88744435615475
6574,26.865378036126668
6575,32.331250044822625
6576,37.057524393156974
6577,39.86782236883244
6578,43.60630865665105
6579,35.478995625447126
6580,34.374106352880034
6581,35.6930161454668
6582,35.65154964144697
6603,28.098070012760655
6604,30.783735725016914
6605,31.891146176118113
6606,33.947769707994624
6607,33.33093607062445
6608,36.34868055225484
6609,40.80430549210662
6610,42.41580656375776
6611,42.487271879698696
6612,41.974252855340644
6613,43.6530889110369
6614,46.73496671865269
6643,6.24074760711862
6644,9.12205845211517
6645,11.429509780647308
6646,12.81340026549295
6647,14.423145965426635
6648,17.75339122163017
6649,17.969065444895058
6650,17.404879020046614
6651,19.45729077906497
6652,22.01098799422194
6653,24.19372773158361
6654,25.959239767685883
6663,28.90970092804787
6664,32.2119385348618
6665,35.86746172587409
6666,39.05355847301782
6667,38.35501416700383
6668,40.38119355892651
6669,42.18015516970919
6670,44.286238437835706
6671,44.58778597571833
6672,44.72662955295789
6673,45.010722156680565
6674,48.54218652877281
6675,22.610006681836932
6676,27.762307869815753
6677,30.31044870664247
6678,34.187164087197246
6753,47.70697673144518
6754,55.72248533692738
6755,59.62503305984932
6756,62.757630121913564
6757,38.0511967474032
6758,43.75732693621918
6759,48.87182417338775
6760,52.25346631649545
6768,47.25900295591284
6769,49.37990600676415
6770,55.538538449113624
6771,58.549022858841944
6772,61.41625912428671
6773,63.68324811380781
6774,63.648185556784966
6775,63.579906608431706
6776,65.17000829061172
6777,64.63962083636986
6778,67.0377745537499
6779,67.22716906893646
6788,11.8649945200074
6789,12.607814831991373
6790,13.32421434383739
6791,14.040556148398519
6792,14.614284656254947
6793,16.89236077901858
6794,16.87723291140379
6795,20.543814923083307
6796,22.605987551960396
6797,25.502872765671697
6798,30.03419068741231
6799,32.99688028953433
6842,34.85549928369923
6843,39.35811328355366
6844,42.30040619241777
6845,46.76729058468976
6846,49.465920564973494
6895,30.76368179483582
6896,35.70813436150721
6897,39.195692441965825
6898,44.2611086059273
6899,42.471098481807786
6900,45.436131733224116
6901,47.92312535070636
6902,49.19934655327594
6903,51.86382777160874
6904,51.94011363633277
6905,55.697860517028744
6906,57.776511996347615
6907,57.94226228992225
6908,58.22157943391911
6909,59.07544953054808
6910,60.95423321274177
6956,34.09228108526445
6957,39.402992367009475
6958,44.235241733743074
6959,47.608965286288644
6960,49.388981775085696
6961,52.0921961504468
6962,52.95159642688321
6963,54.65042939389866
6972,26.151609544082874
6973,29.28862295061719
6974,31.66741360302419
6975,34.206325072795316
6976,36.51665058427445
6977,38.76090420114592
6978,42.199313009640434
6979,40.63606473330431
6980,43.166539657581055
6981,45.898099228509714
6982,48.22360748153962
6983,51.42124640893143
7052,32.65964677553819
7053,34.886027185506315
7054,38.9594368647526
7055,43.35194380326061
7084,0.32416947363825516
7085,0.954217472752483
7086,1.3522147286462043
7087,1.7712588062494012
7088,6.429014756372479
7089,10.025160217389017
7090,14.048828826797958
7091,15.908005717850363
7092,17.376060739160174
7093,20.41411057258471
7094,18.699374965986788
7095,20.11696065282761
7096,31.798752102049736
7097,35.93703491031529
7098,41.07597633687473
7099,47.24918200177022
7100,55.10362046880933
7101,38.119981944306616
7102,39.06197730683489
7103,43.379060551413524
7104,44.308866322169344
7121,18.090467758243808
7122,22.915534666763154
7123,29.531931367295797
7124,45.3568977031286
7134,50.44638996461666
7135,52.81324721049859
7136,55.287422492604875
7137,56.531312468128604
7199,21.897301370311517
7200,25.583704482592715
7201,33.12027172707924
7202,35.39421813934688
7203,38.598993805441374
7204,38.05008805838172
7205,41.37117499661743
7206,42.81773565545794
7207,43.32213531344711
7208,43.191899981169534
7209,44.286064868589264
7210,44.51623412431629
7279,17.49015728048392
7280,18.200815286343012
7281,23.53961548434744
7282,26.640116423678233
7287,20.123061334966813
7288,23.876225014350396
7289,24.523698706556477
7290,25.566699308322047
7291,27.64719110669695
7292,31.446608025520735
7293,33.95523956222732
7294,38.47211428454488
7295,40.632175981700286
7296,44.3862101168244
7297,42.23515361218336
7298,45.674151949050994
7371,4.729353772107534
7372,5.982697267488104
7373,8.30063059880029
7374,10.725813075758127
7375,13.679706426572334
7376,17.083253370058006
7377,19.00414021563081
7378,21.109028254854312
7379,22.695324233599415
7380,24.319873138719792
7381,27.28347946236147
7382,28.498139915869938
7510,39.8103284836475
7511,44.31960833681985
7512,46.69775281940379
7513,50.927807555022305
7514,53.16355511676767
7551,0.5349975437006034
7552,1.1899815187059377
7553,1.4537103479173608
7554,2.0156396472162257
7590,23.50179743331195
7591,26.36794590277824
7592,28.097697351619914
7593,31.30684407341996
7594,38.10236096912684
7595,42.43897255620389
7596,42.902658140846846
7597,39.86132241020892
7629,25.228393118662147
7630,26.640925784513673
7631,28.58950130199273
7632,29.84802253068675
7633,34.91698339630334
7634,40.91287970459474
7639,30.119771316419897
7640,34.0497642133508
7641,40.644878797550035
7642,44.497971084104215
7643,52.17842514347086
7644,53.99155478577929
7645,56.96553587960714
7646,59.052419230310925
7647,61.17311009852728
7648,9.829253453679884
7649,10.06477959479839
7650,10.721349457422745
7651,12.117598090794743
7652,12.992855581942665
7653,16.904288600517287
7654,19.022633253348744
7655,25.190351837188445
7656,28.371696828538948
7657,30.184835744044218
7658,29.47316147223629
7659,31.054043949483827
7690,13.681957703854023
7691,16.563920091900915
7692,19.184607632630016
7693,22.310974621187853
7694,24.195087068349665
7695,26.70232670336199
7696,28.76926377561617
7697,29.941800145771953
7698,31.463308099494405
7699,33.52181256205183
7700,35.340067773213136
7701,37.653094414912964
7734,11.072230561060527
7735,15.187876248980253
7736,22.224710604812174
7737,26.476825996459965
7738,28.664863988643557
7739,29.948932463258615
7740,34.7404826758391
7749,4.773533072972335
7750,6.6067260822769125
7751,8.939270809747294
7752,11.486330827570566
7753,13.241680130849677
7754,16.80157815993774
7783,20.608567694315454
7784,24.50796732616132
7785,29.781943731146207
7786,32.80065629622159
7787,32.91448466106474
7788,5.053534133912101
7789,7.025722896107669
7790,7.797781119168045
7791,9.689323760500518
7810,39.65321676848905
7811,45.35841120405369
7812,47.91003355763572
7813,50.54044325890852
7814,50.68189275743024
7815,52.932310572424555
7816,53.44671519621464
7817,56.57997134541857
7818,58.87495486112014
7842,31.14929673964797
7843,37.44165115595102
7844,39.22003956195019
7845,42.23503164508618
7878,28.9030487925255
7879,30.45833700733831
7880,32.77140231577892
7881,34.36051585447015
7882,34.971925973945176
7883,35.53901054479445
7884,37.99490537904267
7885,40.08206213222589
7886,43.28342719752919
7887,46.556817415070796
7888,46.28942361083457
7889,47.38016687495003
7895,26.14735254978016
7896,27.69234605408561
7897,30.121571603217028
7898,30.94826725207748
7899,33.88646307193331
7912,13.684381042586306
7913,17.27616597337561
7914,19.21601928198507
7915,23.844840628843148
7916,28.709563696644047
7917,31.188467857375734
7918,33.190749188926176
7919,36.17225354170096
7920,38.02162765915077
7921,38.87897851389379
7922,40.09211207363072
7923,43.2651994128535
7957,33.97329205861488
7958,37.31782040652733
7959,36.91562271747535
7960,40.15977975620644
7961,42.53473250356314
7962,48.42395792229541
7963,53.38042716911111
7964,57.34963568707641
7965,60.16552086559555
7966,64.15261937694017
7967,68.28398860713202
7968,42.97103597236634
7969,45.82802800530378
7970,51.51341274776525
7971,55.07578603049624
7972,58.20892179797066
7973,25.524693564821767
7974,31.290184848164724
7975,32.8830203120674
7976,36.950117525814974
7983,4.78654771794946
7984,6.153819353038995
7985,9.265716958918523
7986,10.159039420404104
8027,45.705655496832314
8028,50.49034488809707
8029,53.03235559136165
8030,53.724921210349116
8031,52.4752835161827
8032,53.11926324207074
8033,53.723625811622654
8034,54.98873444583647
8035,57.683449386764
8036,58.64629128852898
8037,59.103027991882215
8038,60.486598063872606
8101,24.340070398003327
8102,27.44052612235838
8103,29.082511752885708
8104,32.64124408127058
8105,5.770541759869795
8106,7.3906025179175945
8107,8.074023010282854
8108,10.513495218257692
8126,42.90044304078281
8127,47.29698812619995
8128,53.103572443882484
8129,58.21075456343495
8139,33.61272157993655
8140,35.11542801802697
8141,37.61012129367761
8142,40.68387463547437
8143,40.8456843058638
8144,46.01783488555422
8145,46.50054065729093
8146,14.60870807658252
8147,14.277674184296991
8148,16.23053388475338
8149,17.34200299451844
8150,8.53290961164563
8151,10.274276773916366
8152,11.491710180037318
8153,13.036581888030089
8154,14.152594487198293
8162,44.79489078319937
8163,48.33846771465266
8164,48.818531705225816
8165,49.910869344593664
8166,47.19909643390033
8167,48.66166574188298
8168,51.27198878410006
8169,52.41423297079749
8170,53.041216157954615
8171,55.12664518669576
8172,57.88289996025246
8173,60.30023798418817
8203,17.484938718706577
8204,20.58193567555334
8205,24.40034035578792
8206,28.884518818287106
8207,30.76217586805675
8208,38.557399836339194
8209,39.85068843291467
8210,41.61044597022943
8211,46.88651549842983
8212,48.455695540505715
8213,49.54129340585583
8214,53.88031930543079
8215,1.1085802487748428
8216,3.361485804546596
8217,8.859990259338966
8218,11.85839298913203
8219,18.105555425310026
8220,21.01044045447266
8221,21.583469865251633
8222,21.675001026040775
8223,24.755607803858325
8224,28.9786887003121
8225,32.34484402166032
8226,34.577458745177175
8305,15.631149959770353
8306,19.392258406815937
8307,20.96409776410284
8308,23.664637172374277
8309,27.205932327797296
8310,29.831203705354714
8343,14.545565296210631
8344,11.67204052630955
8345,12.036413514378424
8346,10.251489739261167
8468,26.13520980134105
8469,28.723642844060507
8470,33.41457587834186
8471,34.76259106570453
8472,29.001257696918657
8473,32.443651853958954
8474,36.14193439007663
8475,40.869983299777175
8476,44.099248302703444
8477,47.49195404011892
8478,48.508455527874204
8479,53.59549673116178
8480,54.3732094618012
8481,55.54644270298101
8482,56.97093848857461
8483,59.76217664864761
8536,26.70879043040753
8537,32.815692232587
8538,38.14655261519728
8539,41.471394060889665
8540,10.73699010391668
8541,11.913552441726578
8542,14.437997113592697
8543,17.507781896982387
8544,18.782655622369496
8545,23.55861253614878
8546,26.19803185362701
8547,28.670543970214506
8548,26.558423628207887
8549,29.029394499229454
8550,31.03950428222014
8551,32.7769211666641
8564,27.416265247147255
8565,30.62913569539169
8566,34.85519820584868
8567,36.3715400432309
8568,46.6862987415509
8569,52.557292107581254
8570,56.15635646369998
8571,57.7124076925897
8572,60.4046567880753
8573,61.2848990525431
8574,62.13970694239535
8575,62.995519714851504
8604,13.539463287862832
8605,20.657838362938033
8606,22.50245893487287
8607,24.317366156407253
8624,15.901117235962156
8625,16.209055505605352
8626,17.763345322693024
8627,18.548469892790568
8677,25.266679230372954
8678,29.874444745299545
8679,32.775699768533165
8680,33.55262003546144
8681,32.87456007687855
8682,32.4510165587855
8683,35.82487513829645
8684,35.7660971705961
8685,36.93124429437009
8686,36.67528293455163
8687,39.192864556303405
8688,40.443394101054935
8732,58.617666281067535
8733,62.73088752165659
8734,66.89217889838696
8735,69.61447029514906
8768,36.32710842310131
8769,37.60300176445123
8770,38.92286400127067
8771,41.288883473245825
8772,50.67338847421285
8773,52.89538752488317
8774,55.844695245059995
8775,28.472285614102905
8776,28.591058446361213
8777,29.456436283086884
8778,27.814603236146873
8840,25.530346484243346
8841,28.32355646545292
8842,30.54605395508402
8843,33.33164249823255
8844,35.056775834353786
8845,37.57029982138026
8846,42.68540779574389
8847,45.00246874865445
8848,46.39253063635678
8849,47.687281920713644
8850,51.46970123219312
8851,54.49713560909531
8852,33.43502969472835
8853,37.69014600287215
8854,52.906112356060504
8855,60.42674116748422
8868,44.187264338665074
8869,45.469752039190126
8870,48.18343885698185
8871,51.514041950174075
8872,53.98262802439541
8873,53.44159598843316
8874,55.720639778453055
8875,57.850697108758034
8876,60.1801467561454
8877,60.58556808530803
8878,61.45018086023331
8879,62.013205909449816
8898,31.901914400096516
8899,32.18647678476548
8900,32.632822890473406
8901,32.95737574688342
8902,34.10866682497615
8903,37.35101042100628
8904,37.71162271906943
8905,41.860929974202364
8906,44.163452882927665
8907,47.3327696174595
8908,50.83991835114053
8965,32.22888661650283
8966,32.66626015104636
8967,33.574878249132645
8968,33.19401590407154
9070,29.809894655068998
9071,34.42933828823779
9072,36.0751072212183
9073,39.14366409328728
9074,41.37391585450459
9087,27.611369806260633
9088,33.6250798406855
9089,35.682500176637134
9090,39.73200632872548
9091,15.288096475396948
9092,18.267674323856962
9093,20.908790916399397
9094,21.96564535476758
9095,23.8267779064691
9096,25.92043370507565
9097,27.52413370084613
9155,20.477451554793944
9156,24.54948668538196
9157,25.402336046766756
9158,27.51822330368289
9159,36.1765685118148
9160,36.87928339564217
9161,39.55671718231208
9162,40.178365220707384
9163,43.23578722888536
9164,43.9810478586341
9165,51.29239338580638
9166,51.412824607374475
9167,31.864859605805364
9168,36.415031041198674
9169,39.154509403210504
9170,42.97548771152676
9171,46.4521431692056
9172,50.096617910101706
9173,52.9583364477824
9195,11.520547883251664
9196,12.586726776944017
9197,14.303619246779622
9198,17.193452364863536
9282,23.582570112372274
9283,25.806185586852944
9284,31.00041353385053
9285,33.947311264406196
9286,35.9109183496248
9287,38.62129864287644
9288,41.925833500178925
9313,16.512274689456486
9314,20.29475093798903
9315,22.01118587072875
9316,25.032525823551786
9359,36.89378830910035
9360,44.51867312136048
9361,48.19593594434949
9362,50.97872291893468
9363,28.95440209516579
9364,34.93377902997301
9365,42.89276409465464
9366,59.209055645215514
9367,64.00330737607932
9368,32.850150481926946
9369,33.776402705085765
9370,38.65997222850015
9371,44.188174386968655
9372,47.07420648620493
9373,48.29669669601666
9374,50.29707341457309
9375,50.096798619042914
9376,52.437613873229836
9377,53.88025902103121
9378,55.20562204073679
9379,59.0697663368912
9380,25.80084364346984
9381,28.4608986541414
9382,29.141292293912645
9383,31.431145410830897
9384,30.34989389404135
9385,32.67909395158018
9386,34.58858571056888
9387,34.69869175144965
9388,36.604266397211276
9389,39.53399063421501
9390,41.237337295058765
9391,45.161062338090936
9392,21.70545409300458
9393,26.967279385763067
9394,28.204299268315864
9395,28.994105243103366
9396,32.809474178644344
9397,36.48786416198903
9398,38.27186407798148
9399,37.690531759470524
9400,39.699191049037736
9401,42.41808096903712
9402,45.470915784821734
9403,43.237998317608685
9502,22.8480025483738
9503,24.598547315910043
9504,27.069335982246095
9505,27.384828349224655
9506,30.86591230885174
9507,31.149297474488453
9508,31.96014693675158
9509,32.374005333413116
9510,33.296674724833935
9511,31.787878423162777
9512,33.109272825095175
9513,35.49628595591938
9514,37.257383360314954
9515,38.679245955416675
9516,38.89171595402942
9517,38.5830661263692
9518,40.752761286289264
9519,42.553344886851704
9520,42.71643949207402
9521,39.99876648665026
9522,40.567134111738504
9543,56.02337035835201
9544,58.01416325523445
9545,58.133475471526864
9546,60.20251474382549
9547,60.90371488983775
9548,61.98007696573501
9549,62.98496400814606
9550,63.16972190199976
9551,64.27332266541214
9552,63.425237440561126
9553,66.73124371561543
9554,67.60506930629319
9724,24.705186968779532
9725,26.49334542812883
9726,28.68242696871824
9727,30.213003623484685
9728,30.884885996700653
9729,29.805823821709062
9730,31.054354408711376
9731,28.791357112337078
9732,37.93092119893088
9733,41.58190275480976
9734,44.82889368920865
9735,49.14213151504748
9778,25.057485605954867
9779,28.72707625773816
9780,32.45065577170792
9781,35.62066664812745
9826,29.13361590974975
9827,30.77572450335582
9828,32.425479249144104
9829,34.93807967698218
9830,37.40606077601633
9831,37.77797266683188
9832,38.306303867960025
9833,40.54345803625884
9834,42.19491459514009
9835,42.216641122157185
9836,42.578292723380876
9837,44.05597593076449
9850,32.134870352944084
9851,34.34480217399308
9852,40.0515833256258
9853,46.21402756123747
9854,46.674441954605726
9855,47.28789169491324
9856,48.81630016431568
9857,52.26279949404698
9858,54.91588304140584
9859,23.845459779042045
9860,29.53994224305118
9861,31.442689559123966
9862,35.067895284139276
9863,36.293971598019844
9945,38.66626034517549
9946,46.26312438514463
9947,49.566355359918234
9948,52.431876315904624
9949,50.8712029821497
9950,53.55131843899794
9951,54.145328151186376
9952,55.426851365971416
9953,57.624775720100175
9954,59.152087628926836
9955,60.841202254331186
10058,14.661291260942818
10059,18.86141563428679
10060,21.98663448537657
10061,23.447421294965764
10062,24.33578888353456
10063,26.384031843809005
10064,29.581713657420867
10065,33.30382342464781
10066,35.80599012622311
10067,37.79255906849342
10068,37.336591440793256
10069,39.69794402807849
10070,42.69719030177724
10071,43.932064432367106
10072,47.533771714850545
10073,46.658468455270395
10074,52.37856298978564
10145,21.06522234088239
10146,23.952071536238883
10147,26.413611078012092
10148,29.926937714733718
10149,34.56554688727153
10186,44.87370421922012
10187,45.3853952489243
10188,46.49853983171016
10189,50.639430819550235
10190,52.514613547379476
10191,53.92434537402501
10192,55.19191437204214
10193,57.61820937395548
10194,58.01111726429311
10206,28.326616860574806
10207,29.494752977798147
10208,31.842366083879025
10209,34.888389246953366
10210,37.29442938612629
10211,40.18595360921345
10212,41.944120188679165
10213,45.13059047831863
10214,48.70473915622402
10215,51.036958167307574
10239,33.02302060909744
10240,33.21958267106017
10241,36.64638331491978
10242,38.837043495711534
10271,9.645367667175176
10272,12.143280517815585
10273,13.677854026510222
10274,17.322460247569598
10275,19.540904255290847
10276,23.537679699929882
10277,29.355449294544677
10278,35.770662133130806
10279,37.48488558961455
10280,42.29285150301738
10281,44.782749179360565
10282,44.58067422095522
10283,10.625407464944919
10284,16.67203244967884
10285,19.99395463508073
10286,24.69773706426157
10310,31.317838837183796
10311,33.08070950131797
10312,35.498763541657304
10313,35.82550907376422
10314,39.18771979238952
10315,41.56129987639231
10316,42.717586189939446
10317,45.59614034233786
10318,46.85767741597302
10319,48.34700279053972
10320,51.879546162616464
10321,54.716912617707216
10322,21.646110539808493
10323,33.93736171282926
10324,36.21381292095985
10325,38.49531003127495
10326,40.62939385997017
10327,32.74590973316893
10328,33.650570082847025
10329,43.31232732878458
10330,45.824675940108534
10331,44.169636597065725
10332,48.68292802576969
10333,50.85819828973029
10334,53.66264400782333
10335,57.177158772265344
10413,31.216868146708094
10414,37.42747896025058
10415,43.739158511443705
10416,49.97370810814025
10477,24.965259585410017
10478,26.408530762795003
10479,29.67044797079325
10480,34.7164253754194
10481,40.773401316316786
10545,21.246412590332433
10546,23.619648274104968
10547,26.78885970986045
10548,28.684874008998612
10549,31.01325921655583
10550,34.13010613878175
10551,40.20710182941016
10552,42.43964996666431
10553,44.21085273072642
10554,47.617301706606995
10555,46.52214060329701
10556,47.22453909346256
10634,38.158846768455426
10635,40.789681768359706
10636,45.7580786677873
10637,49.893940211444296
10638,41.55068207644634
10639,44.647784599729746
10640,49.702509580140365
10641,53.4493689065285
10677,18.820325716349576
10678,21.24910311073308
10679,22.77953604734491
10680,24.60101689398092
10681,28.341711780827172
10682,31.96667915880081
10683,32.844159969651855
10684,35.395814982191844
10685,38.53930934040814
10686,39.51144286308607
10687,41.941599260318974
10688,43.380986689438956
10689,48.95469400748833
10690,51.02790709531374
10691,53.275984863235905
10692,58.516566112855116
10699,25.887156314074858
10700,29.79152235298242
10701,36.46457331816756
10702,38.680135879380806
10703,40.61591548891757
10704,41.98402973200864
10705,43.627353310112845
10706,48.61733055947355
10707,51.024404122967795
10708,54.67253575313499
10709,54.06759328471977
10710,55.59598334571263
10772,29.645516050808897
10773,31.607436859004043
10774,33.738235032786065
10775,42.32522735900627
10776,45.80786575894415
10777,47.11800651126491
10778,46.98770748147849
10779,48.7501568502879
10780,52.31627824066813
10781,54.19201310327286
10782,56.33883816070662
10783,60.67184208492225
10793,10.238175103271999
10794,14.791811732033551
10795,19.74384110779016
10796,24.769197550808922
10797,26.789918537363445
10824,46.94964856359766
10825,47.50052215985599
10826,48.229364665166216
10827,45.08582969046366
10828,49.83961429295701
10829,56.51947419856873
10830,59.35065799630734
10883,7.567776641329983
10884,10.287181631481264
10885,13.705338782868822
10886,18.55624501105657
10934,25.85926863566593
10935,27.62283922242412
10936,28.407995450223233
10937,27.61874640678688
10938,28.887156233574085
10939,30.78974614888541
10940,33.371977774117816
10941,35.27204128390501
10942,35.66926065757341
10943,38.161115661299036
10944,40.482852132989215
10945,41.594725273887036
11128,21.152035100292142
11129,24.81652568679761
11130,30.005342626645337
11131,35.663787904267345
11132,37.761115154540605
11133,39.0325570238715
11134,43.84179689914318
11135,48.299800064067085
11136,50.7205235263492
11137,52.32328996570083
11138,51.96357025869001
11139,52.98195447069169
11189,29.47054839886703
11190,35.573739896252484
11191,38.75100817051688
11192,40.48861368326055
11193,43.61929729791765
11194,45.228508144497994
11195,46.09767212997315
11196,47.85092419635697
11197,48.43325473028712
11198,50.436576846047814
11199,49.57980474247907
11200,50.983644255650326
11236,4.067748981924586
11237,8.582788906937422
11238,11.233136797160201
11239,14.361466412442436
11240,18.478844511553596
11261,3.016859262462347
11262,9.005406831152044
11263,14.14673797391196
11264,20.91969970032901
11361,48.50935167261798
11362,50.793376999498435
11363,53.627065814901336
11364,55.705926159176805
11412,10.58136359471515
11413,11.273117261917475
11414,14.624196819689363
11415,18.362762175922796
11416,21.21882540010344
11417,23.00074297460013
11418,25.36636022050942
11419,28.443500701589652
11420,30.820302848623395
11421,42.503203985196606
11422,45.70367377685167
11423,49.93402529903777
11424,8.101799262232248
11425,10.152951917049618
11426,16.49066786962947
11427,19.08901056288376
11428,23.953948086767515
11429,36.95313713374688
11430,39.73851777740782
11431,43.37469268921261
11432,47.83728030177942
11466,13.045293698243874
11467,13.84422359321532
11468,19.261813173625228
11469,20.84398497364871
11470,23.216208088897247
11471,25.420858315429246
11472,28.594554638447928
11473,31.197484123779873
11474,34.37962137371024
11475,37.26472102401851
11476,39.06916801521264
11494,26.007357763937897
11495,30.029764460630997
11496,32.93728876845084
11497,35.96528144199934
11539,27.31747483943279
11540,30.669794707104526
11541,35.248497837280645
11542,37.156543717309866
11543,41.55655930318853
11641,1.6894519957251313
11642,2.2877109549497465
11643,4.107970726062896
11644,5.829600512365564
11645,8.62541576295265
11646,10.065964168986673
11647,11.695266411853408
11648,13.052779132275822
11649,14.085372676730836
11650,18.303311946176024
11651,22.418605775942993
11652,26.126728593497663
11757,33.993174151050255
11758,35.43311291826919
11759,38.12813241589646
11760,40.360090952215344
11761,42.200574470742616
11762,44.88895397323632
11763,53.60566458883313
11814,37.666045392905104
11815,39.98998696965024
11816,41.50981806369896
11817,43.727465394801804
11818,45.917856179002264
11819,49.386789669381166
11820,25.188235546310068
11821,32.6526372701083
11822,39.97159723391984
11823,46.46286557855909
11833,4.107543725402092
11834,3.8508007990294595
11835,3.7171123517306306
11836,5.7285321054929845
11837,8.852886785802138
11838,11.41957098886622
11839,14.243052315593635
11840,16.582152170333465
11841,18.612500470564633
11842,24.498237488512576
11843,27.397184791813235
11844,29.587414205669894
11995,1.3323532472281039
11996,1.1528629021852497
11997,2.9765043510970193
11998,4.6455211731547275
12009,37.27612866587634
12010,39.07487510367831
12011,44.00774656402432
12012,48.12011856317416
12013,52.62564528151099
12014,52.880243005571685
12015,57.19585541506111
12016,54.48222954836713
12017,57.42406957266995
12018,59.48766642082899
12019,61.13469177338768
12020,61.14355994784855
12032,42.224835068240104
12033,44.122075398466414
12034,46.16131792574488
12035,48.72342105954634
12036,51.92882124164493
12047,26.17013702827507
12048,27.114830647235337
12049,33.226380351788414
12050,41.76380748627839
12051,46.4960941367638
12106,59.53538820616996
12107,60.53360551179209
12108,62.1224190660368
12109,63.34772515666846
12110,65.36687637371588
12111,68.11318098079806
12112,68.15874762345102
12113,71.50702127911242
12114,73.01662449520403
12115,73.90113493730186
12116,34.1859880243613
12117,38.547582031107574
12118,40.54562679974513
12119,43.739149719740496
12120,46.579470660419716
12121,46.95907435370173
12122,49.237499613055355
12123,52.12035932473363
12124,50.78783850794977
12125,51.90983676593382
12126,52.394250942494764
12127,55.475744220944854
12132,55.97754946050662
12133,57.63947238078795
12134,61.72946740070582
12135,60.976119265565835
12186,23.38619955790353
12187,27.039619535005514
12188,31.661252098896608
12189,33.398716238483196
12190,36.543881065001926
12191,37.251576525126325
12192,38.138472750118815
12193,40.39958347987171
12194,40.61669735889488
12195,41.63250504774325
12196,43.725514654052326
12197,43.409820992310785
12210,33.74663188872653
12211,33.64385691349325
12212,35.25858894665648
12213,32.850518072645556
12233,11.617871653005604
12234,14.108390731520737
12235,16.42617867105522
12236,19.28154546412183
12237,26.547363023229796
12238,27.54908307496472
12239,28.74342811855172
12240,29.854311752869513
12241,30.790882348954906
12242,32.18987996245386
12243,33.11686257167483
12244,34.4778093040454
12245,45.2277700263347
12246,49.1688694594071
12247,50.55134889163289
12248,53.10567857493587
12249,52.622968484217644
12250,55.40078210558106
12251,57.29988864725874
12252,58.120737966206946
12253,57.65456109441679
12254,58.257403864517585
12255,62.96751306333087
12256,63.34670721375294
12269,45.73139457992585
12270,47.806184873148524
12271,49.50799126445103
12272,54.1539406321366
12273,55.792856770636625
12274,57.3190058246512
12275,58.61489807593226
12276,58.2363826548015
12277,61.72096915207897
12278,62.31590063261999
12279,62.61642080478928
12280,64.02754709873298
12307,12.965128573521788
12308,16.807229146362427
12309,19.657851571926663
12310,23.923340753380035
12311,27.063539320583583
12312,29.91363426918016
12313,33.254589325880616
12314,38.659504566652224
12315,40.76639883809336
12316,42.83144131165067
12317,43.962410288302664
12318,45.33941211492107
12363,15.919709044303369
12364,17.84838269821173
12365,19.73461002243111
12366,22.796003454437123
12367,26.54161252831892
12391,31.8276511819468
12392,38.42557540922011
12393,40.433845792095404
12394,42.17132551140407
12395,43.876677423013405
12396,45.538177344005526
12397,48.027650356026584
12425,41.23967138101509
12426,43.12344360386247
12427,44.783512696121115
12428,56.37072606039406
12429,60.550352512945125
12430,61.4221133771257
12431,63.962889921661706
12432,63.98009612331408
12441,23.472797637841136
12442,24.640159258352206
12443,25.50863793741419
12444,28.042895781008006
12445,31.36306298900235
12446,32.78204293206362
12447,36.95095318609461
12448,39.90055554263875
12449,43.30004656200638
12450,45.03474927750351
12451,49.94912058443887
12452,53.02631380492788
12514,8.499164900093321
12515,10.528892330665059
12516,11.17521529392997
12517,12.473922107650711
12518,13.794356302495682
12519,47.49065787369823
12520,50.658640402521826
12521,52.275383075901686
12522,52.942356663121714
12523,56.00099668814781
12524,58.15136215571379
12525,61.26964834550955
12526,62.48385744360105
12527,62.302901339457826
12528,63.90057947245435
12667,32.08879152953355
12668,35.82218336925833
12669,40.018096282906605
12670,42.109972283632835
12671,46.83085156292424
12672,50.78496581871259
12673,53.58430376320146
12674,55.96307774411343
12675,58.26586719025798
12676,59.60852271887941
12677,58.97341626909506
12678,60.89863723512877
12711,31.104533647982333
12712,34.11851897955023
12713,36.43183752524946
12714,42.567032181390516
12715,48.2778157848017
12716,36.6950361126258
12717,37.58620449478256
12718,40.44681398081769
12719,40.83022695890615
12720,43.67892569287301
12721,47.17328516354297
12722,49.18399370461146
12723,53.3870473143723
12724,55.68935328220356
12725,54.833103560567096
12726,56.466489524162945
12727,58.11877682034584
12733,13.464003422965286
12734,14.598164828015804
12735,17.036754724337705
12736,19.02379536986587
12737,21.32343169074469
12738,24.427096637886006
12739,27.80808945895835
12740,32.743652867074665
12741,32.5357531588651
12754,28.05694709362238
12755,27.207914387248906
12756,29.742979633277493
12757,31.300451473336768
12777,2.5167995498415756
12778,5.502516210244919
12779,7.777039293703633
12780,10.296810087847984
12781,12.816548091183789
12782,14.820471577657418
12783,17.943068231590054
12784,19.35075731653713
12785,21.887418878273802
12786,24.670620015498326
12800,37.09615925356181
12801,37.25637389522209
12802,39.57245751341395
12803,43.13499893539036
12804,49.089791805121926
12805,50.080281925156164
12806,50.3905554012901
12807,52.0889870202617
12808,54.19560497958043
12809,56.96184202940816
12826,14.575684824058355
12827,15.029039563572114
12828,18.278308959995304
12829,18.45875442110203
12853,6.640423477525761
12854,13.434259106727762
12855,18.468813992946043
12856,22.467452819020163
12857,22.989388312145106
12858,45.03116122042481
12859,48.29091095213525
12860,51.02034634974911
12861,52.97121725726123
12862,54.92506505766845
12863,56.23425545503707
12864,58.73233663536818
12865,59.132977146807704
12866,61.17550291517989
12867,63.19063020771899
12868,62.869584744532624
12875,21.51919358209228
12876,25.67888503989895
12877,28.05867338879823
12878,36.10002053086298
12879,40.57453693200635
12880,43.998885105740406
12881,46.33540795498913
12882,49.79561113548069
12883,52.56688259017304
12884,56.186368696297286
12916,24.732334961369247
12917,26.15760684848136
12918,28.59691177003435
12919,34.32523972968166
12920,37.1126788905605
12933,13.112634856577188
12934,14.695844558125543
12935,17.026094087595187
12936,23.61079280297202
12937,27.789285097998842
12938,30.73979348060708
12939,31.143530763587002
12940,31.01051704669661
12941,32.93560180089286
12942,33.36717084610872
12943,33.90230173451671
13020,27.649425041040374
13021,30.063915424883547
13022,34.78211943805052
13023,39.39068272183096
13024,46.20566892915474
13025,48.916699303179946
13026,51.42521010554562
13027,54.896282876540916
13028,52.64311907030016
13029,54.61538335063381
13030,58.03777428706377
13031,53.40253128075153
13032,60.92113299936444
13033,64.22736059118992
13034,67.86927293698129
13039,13.336998907795419
13040,15.916541216523514
13041,22.483543840835043
13042,25.098925256082886
13043,26.07884990304268
13044,22.23701614066424
13065,10.45891675009486
13066,14.902224344184335
13067,18.78221962685323
13068,20.081104108437586
13069,20.909399447719725
13070,22.958613445856898
13071,26.18209327850178
13072,27.81237314987608
13073,32.51205124493082
13074,34.01886290621659
13075,35.183139744617336
13076,36.72819709713805
13077,7.732998034856072
13078,11.900060098085497
13079,17.124654262029306
13080,21.63315520295324
13081,26.50508104266349
13134,8.921974070883936
13135,16.52569195517407
13136,19.894342707779558
13137,25.051289814767454
13162,19.40752893693448
13163,21.70363547032296
13164,25.22233025169293
13165,26.872211466094132
13166,31.58893185643739
13167,38.94527867978794
13168,42.17517422019041
13169,46.62328176305682
13170,42.91868607396437
13171,47.66076086533933
13172,51.22856872888568
13173,54.703604211954705
13195,35.70397416712951
13196,37.84755320837581
13197,40.894302800999434
13198,38.78462898031814
13199,41.38637902464208
13200,42.75335093565506
13201,42.94380204694769
13202,44.73503312309949
13203,46.51336354085589
13204,47.709694940099446
13205,48.967885815650156
13206,49.70485705063153
13219,17.35178598332808
13220,20.612942830144828
13221,22.55216350528092
13222,25.427216992996456
13223,29.797297059430328
13224,34.15396632569417
13225,45.50205116810197
13226,48.218514166901905
13227,55.50438355412721
13252,21.344324378303202
13253,21.4616736434329
13254,23.30108154990311
13255,21.691359316710482
13256,29.447968808225497
13257,34.335597404626824
13258,40.0892346060376
13259,52.61746774695006
13260,54.74821700882974
13261,58.33670912317508
13262,61.14116343951968
13263,65.19346336506588
13294,31.201605603122683
13295,35.29600803389026
13296,37.31597392763109
13297,39.94740774222649
13298,42.17663906185358
13299,43.25984716457584
13300,45.17627293855479
13301,47.194997577241615
13302,47.20763121245143
13303,47.85378647312808
13304,51.60041770019808
13305,53.53873172877755
13332,44.00773628910666
13333,46.46187549916517
13334,46.97921649378233
13335,48.949982552890575
13336,50.96314607555877
13337,53.189938201026344
13338,51.86172507658139
13339,53.54143930290773
13340,54.146474954037956
13341,55.19985011354267
13342,57.54941460309687
13343,59.48566967694196
13344,1.6588030414436854
13345,2.7140100898578168
13346,6.396471806717653
13347,9.708378296976262
13348,14.668859988780326
13349,18.852831007370778
13507,12.95872966090778
13508,19.03383031761386
13509,22.710152415047837
13510,26.44122326946063
13564,53.66702125926136
13565,54.47573675762984
13566,54.83071457922666
13567,53.25435002700031
13568,57.52430671827281
13569,58.977982409231075
13570,59.292943218543925
13571,61.15466254521881
13572,63.46679622001352
13573,66.14685875611794
13574,67.32591703555583
13575,67.7174939745244
13674,8.595854673651612
13675,10.441776561271089
13676,13.099647602358566
13677,14.59263589776308
13720,11.475427903636934
13721,11.13252131555112
13722,14.37619946017386
13723,15.630297845026718
13724,14.010951118389903
13725,20.5232800621917
13726,28.715229063313235
13727,35.51884707217204
13728,45.07361803943392
13729,31.351933071762588
13730,32.54402093641346
13731,36.0728800186328
13732,44.56195660328317
13750,33.96501563817082
13751,39.115638528082734
13752,43.3836227530016
13753,44.79626775662878
13754,47.48619174764219
13755,49.956150775444435
13756,51.367782354141745
13757,52.042472349184045
13758,53.25876384442868
13759,56.093121572901545
13760,60.00413935341395
13761,59.08094228268161
13867,22.347298929405156
13868,24.297092215735564
13869,31.367837678231382
13870,36.643244383382545
13871,38.03957889664874
13872,40.38641534293488
13873,44.87820066584859
13874,46.71670630444193
13875,49.495462199510875
13876,49.51194668467523
13877,53.902416741357236
13878,56.79819139780423
13896,34.57644100901851
13897,38.31277791463793
13898,42.69864725142305
13899,47.17643418226798
13918,34.26018502921559
13919,36.79682531959703
13920,40.31060742567812
13921,45.03488099726314
13922,46.26851403570814
13923,47.776800365097316
13924,48.37471360167015
13925,50.45337165265164
13926,50.50062733067624
13927,54.232586871113085
13928,59.51320137952242
13929,62.04132351098046
13946,14.746839403222294
13947,18.632600688283325
13948,21.7283300431687
13949,20.723210598359916
13950,20.738170213768107
13951,25.302414954309842
13952,27.833926988128134
14097,15.045729989927752
14098,20.402134707809502
14099,25.958406429151182
14100,30.67492426187689
14219,22.920253870752788
14220,25.41448316886319
14221,27.963625181372944
14222,30.642736673056223
14325,49.88346952327021
14326,52.00433828319461
14327,54.26149260230279
14328,55.503660840697364
14329,57.526252033919434
14330,58.371617148445694
14331,59.625253280875015
14332,60.232993626990684
14333,61.65462471405164
14384,10.254227954229846
14385,11.418806632952139
14386,17.56549650632022
14387,20.722779708531537
14388,22.89084866123512
14389,24.49899481886066
14390,27.04291806028683
14391,29.15969304948445
14392,30.751919509169173
14393,33.65597115897492
14394,36.591258016057076
14395,39.474415518336706
14396,32.43206140958242
14397,42.88531084349157
14398,51.37098609832238
14399,57.445535634195174
14400,6.242111919623578
14401,8.99874851184505
14402,10.288968695339866
14403,14.221183502810437
14404,16.00659580699212
14405,18.100191308194017
14406,21.253267732614457
14407,25.484222749310376
14408,31.049446695892176
14409,34.444767493071076
14410,35.23890041054545
14468,21.151883533608736
14469,25.87167287439744
14470,30.78389925430528
14471,33.10028362825599
14472,33.96794892964599
14473,34.30264799700257
14474,36.59343415979347
14475,41.38143849004102
14476,43.886621738072456
14477,44.25613954435922
14478,45.687005193113784
14479,47.58069653599427
14498,0.553745403700985
14499,1.0758784463544089
14500,1.1421807187709911
14501,3.2753026470260207
14502,4.465412795561616
14503,8.156082623445025
14504,9.062542442899737
14505,11.222675244578772
14506,12.5192110334407
14507,13.95630378865321
14508,18.050107621286827
14509,17.643804596927083
14510,12.143680853329139
14511,13.392739839559576
14512,15.796885769951068
14513,18.181642051728524
14514,20.06004724887835
14515,21.235417700372345
14516,23.631559929130603
14517,25.130689723961066
14518,26.884732532578802
14519,27.646187483316837
14520,28.055971251091556
14521,29.64107048548468
14535,6.836604421984383
14536,12.814985979259323
14537,17.324583621371367
14538,22.097134778571508
14539,26.664117005316907
14540,27.960206386039417
14541,31.681040738902105
14542,33.9116949292116
14543,36.80461180216099
14544,39.030649429279514
14545,42.52619955756682
14546,40.35304746924581
14547,22.907583603760536
14548,28.586415238088573
14549,32.50607865045243
14550,33.5622275098607
14551,36.49535111346814
14552,40.62149280658062
14553,46.167680568716186
14554,51.1021940736488
14555,54.24843527362853
14556,59.64343622154543
14557,59.63667122780078
14558,62.86832838457447
14563,52.73247168463497
14564,52.006450264099186
14565,55.283725819892425
14566,58.62866081624799
14567,59.898380436757044
14568,62.742685879914355
14591,16.409140093265787
14592,23.56738911680356
14593,31.107082367840402
14594,47.10147649767554
14602,39.958862551748844
14603,43.191294151948405
14604,48.19571257850923
14605,51.352081293839355
14639,10.51099420461814
14640,13.844529589803983
14641,16.010791939737295
14642,22.829902385121972
14663,13.591479064093912
14664,14.28117188139213
14665,19.509327593518144
14666,22.1989006771387
14667,24.467621114779735
14668,25.171482359350797
14669,33.03216369121997
14670,35.11682062883946
14671,39.349834856602016
14672,39.60042924965862
14673,41.62484244333339
14674,42.09384449258615
14675,58.70236699834106
14676,59.3927257867974
14677,61.42581522682218
14678,57.9884781458883
14679,61.655304650237106
14680,63.7052428189661
14681,63.202937388307305
14682,64.27757547151259
14694,35.98467031887208
14695,40.77098910457572
14696,41.24558833397248
14697,43.78273468379497
14794,22.677583017342705
14795,24.80059505690121
14796,30.11744940894424
14797,34.469088902236706
14831,2.681415901541525
14832,3.419405381830914
14833,5.335850049472215
14834,8.599632962181975
14835,15.183967130037317
14836,18.123703380707077
14837,22.27390382956178
14838,30.1659551171955
14839,31.44378544918344
14861,41.1614454496582
14862,40.57794807375372
14863,42.148408692001695
14864,37.68055927167999
14865,39.294521732593616
14866,41.28954136628892
14867,44.50611739005095
14868,45.02780931745801
14869,47.32655979282134
14870,48.867542066018736
14871,53.405376691468774
14872,53.27494361907237
14873,36.39947457289962
14874,40.88871955023158
14875,44.65018557777453
14876,48.50032293737414
14877,8.412517634242711
14878,10.423154106963995
14879,12.366358808194324
14880,13.386088370350986
14881,15.333660771727692
14882,19.01271737407172
14977,4.090702684260027
14978,4.177345384222627
14979,5.879797596745152
14980,9.352032415049726
14981,11.625105515366922
14982,13.088344671432893
14983,16.22942131646951
14984,16.943861468926666
14985,20.160117384286064
14986,24.133672231067248
14987,26.237154034519854
14988,28.991361736729914
15001,38.35887061468084
15002,41.65194944551324
15003,46.348986569579424
15004,49.58994651591706
15005,52.430743522189644
15006,51.19345792917713
15007,53.32965811656418
15008,55.62336134955298
15009,57.38557577238411
15010,61.662520090021076
15011,33.912128355846534
15012,35.83438204206271
15013,37.99138674169399
15014,43.50751640216072
15015,47.08600504925226
15016,49.33892814769812
15017,52.31832657579579
15018,55.10626405241223
15019,56.998709904585795
15020,56.371542285137934
15021,58.41822666814416
15022,60.41988895403655
15039,24.633177658311936
15040,27.79151636860569
15041,31.414912925198713
15042,33.12031416379823
15043,34.01397622937484
15044,37.940323598097756
15045,41.70272784558522
15120,57.11008391101772
15121,58.67459404763722
15122,57.96906658340806
15123,59.71402641569321
15136,34.290887534008654
15137,36.957752728583
15138,40.99520024048802
15139,43.552170276649996
15140,39.18701065501216
15141,41.08156171167745
15186,9.728675040274013
15187,10.780022580622967
15188,13.454250564689714
15189,16.286201306575578
15190,19.44093620294849
15191,21.425007038831765
15192,23.312411315008337
15193,26.26161274523458
15194,28.65546783330032
15216,31.980564983284815
15217,38.0561993701617
15218,44.93337822410157
15219,51.26689669001227
15220,37.748890257520344
15221,39.71304807038601
15222,43.743894488029035
15223,46.967278233636144
15224,49.42286214055917
15225,45.22213229450088
15226,45.472211351240105
15227,46.81111549932021
15228,44.923157653098784
15229,44.219686995523304
15230,46.93611191762586
15231,49.271314817810435
15232,21.977350426283845
15233,26.379598217233244
15234,31.36766085185736
15235,34.07947188204716
15236,33.730301139184526
15237,37.77008231915131
15238,40.161098414932
15239,43.10938949023807
15240,47.91032951685953
15241,50.114902165665484
15242,52.51845429660158
15243,55.5359279337325
15260,25.325510641828945
15261,27.750234335434353
15262,32.24685894680632
15263,35.465258656716216
15264,38.37149448161186
15265,43.32003969255119
15266,45.51464655068549
15267,46.81081246432619
15268,47.56915966832966
15269,50.1534107102608
15270,50.9313230198856
15271,52.752692033393075
15281,17.893787971514858
15282,19.811683876987683
15283,22.864387930425536
15284,25.002777374195766
15285,25.772810417663308
15286,29.926950941523067
15287,30.929006066484252
15288,34.7524889498923
15289,36.88569204425178
15290,37.806087934863456
15291,37.43367715866162
15292,40.03899528091766
15574,31.52346795031678
15575,37.14412368863802
15576,38.27718856902659
15577,40.58798745499634
15578,38.9407890783647
15579,40.88675577665531
15580,44.69943978758383
15581,45.708636530994326
15582,48.58535589249878
15583,48.79493283361412
15584,50.66916996160649
15585,50.605284616543116
15606,22.977548568365638
15607,25.46168909661402
15608,29.171239429508667
15609,37.230355980875174
15654,9.949719405196616
15655,10.914135563966076
15656,13.0802708088596
15657,14.689546345611951
15711,45.033945904425266
15712,45.80249163686509
15713,47.16978645399116
15714,45.493412616046214
15715,46.452804077291695
15716,49.849760088674074
15717,52.67668678786618
15718,50.16356173143044
15719,51.076609778068786
15720,54.47533793296721
15721,13.358296651210903
15722,18.219195804157305
15723,20.499193863109884
15724,24.670335471647075
15725,35.45658981774785
15726,73.43800176241464
15727,76.39527067305453
15728,80.06640576911984
15729,80.32817297202097
15730,82.91074244004854
15731,82.90400875398795
15732,83.37964317384294
15733,83.57580990397645
15734,83.88508708674668
15735,83.66190075810309
15736,84.74683438768542
15737,84.84490133709892
15762,29.252896850781283
15763,34.702527515810274
15764,35.46753052110576
15765,36.21830655223152
15766,37.39328740971304
15767,38.93596013272813
15768,40.77259750607432
15769,41.878013040842816
15791,35.22553779746312
15792,38.08906306656898
15793,41.68237239345179
15794,44.40832493325623
15795,46.288487463243335
15796,47.68592231648043
15797,50.17815842169931
15798,52.95343028956436
15799,53.88487718374521
15800,55.523579142111835
15801,59.456177868873795
15802,59.02176051748256
15815,18.75924504800221
15816,19.96954873329324
15817,23.001301341283714
15818,24.40553306330317
15819,28.3635602083039
15820,29.88798995145556
15821,31.172364373290055
15822,33.266764525062875
15823,36.914407621616654
15824,38.03091035070498
15825,39.76642699039829
15826,39.6802292285209
15882,1.1501261559443148
15883,5.5977421430031535
15884,10.890174378124012
15885,14.633743282052375
15943,42.12558220484483
15944,43.72662144715754
15945,45.0550942558174
15946,46.009682987135164
15947,49.73586821344187
15948,0.9862789181129337
15949,0.6689161250062794
15950,3.5102147874312775
15951,6.415268804608318
15952,8.576334567286406
15953,11.967095202184549
15954,12.16809639172421
15955,13.368623671511715
15956,14.348688815345943
15957,15.368339981895833
15958,18.295940012987046
15959,19.62307898695723
15960,32.784164888367016
15961,35.05810333828955
15962,35.813352487895486
15963,35.75818768266677
15964,39.118754719131395
15965,41.09102738816519
15966,43.434363924109974
15967,46.06639047820846
15968,48.73237489414104
15969,51.76801396508255
15970,54.023930683499586
15971,1.4558908335939025
15972,1.7263170545128224
15973,4.273208380973466
15974,8.522854176183102
15975,10.638432135290405
15976,14.364029547917395
15977,16.465116125667137
15978,18.648880516313756
15979,21.717870904063904
15980,22.723725106735596
15981,23.004881107438358
15982,24.484260426646998
16004,27.61384798615985
16005,30.6836670078223
16006,31.908813233150813
16007,34.473692846992684
16008,37.6130747531261
16009,37.227597523907924
16010,39.10843895861528
16011,42.856694550834966
16012,45.8223172259721
16013,48.749358690328954
16018,11.678231726070152
16019,17.295128485872624
16020,21.46117075700471
16021,25.765365938135066
16061,60.35118694571657
16062,63.54604260127491
16063,67.76670710663757
16064,68.38272676920951
16065,70.03790044602371
16066,70.29927163132298
16067,72.11823562456823
16068,71.96075898989537
16069,71.72179894616211
16070,71.50485315748215
16071,73.45825352834493
16072,73.7280774618868
16073,9.78834046603061
16074,8.84803869066788
16075,9.53645664851968
16076,8.51707558561873
16133,6.116308749359859
16134,6.3668659725843355
16135,7.39970905848151
16136,10.496682146012288
16137,14.263772916322155
16150,38.817849769713256
16151,41.62040786528983
16152,43.07370105082918
16153,45.38843506476049
16154,47.39245565509613
16155,50.52377569802504
16156,54.17096499485517
16157,55.72285435417535
16158,59.76991553499802
16159,59.96856030397044
16222,30.373142069800735
16223,33.118576665845374
16224,36.23598239705579
16225,38.389802979531964
16234,32.09523948229123
16235,35.11299988525525
16236,39.56878631768696
16237,41.4695783496161
16238,47.22547865043412
16239,49.751573688568484
16240,52.39284122658837
16246,23.056835314132154
16247,28.359788461015942
16248,32.03256316542646
16249,36.41069302738243
16250,40.03267438979339
16271,47.27509560379741
16272,48.64450375082185
16273,51.040256941340864
16274,54.15271398708687
16275,58.07748574406617
16276,56.509408549234145
16277,61.055427916678376
16278,61.82221600453065
16279,64.66710116844044
16280,65.7326957835127
16281,68.05605950639183
16282,68.00887499459915
16354,34.42723264877496
16355,37.78464969585902
16356,39.76601482053727
16357,42.92942307351174
16358,45.66929908516577
16359,49.85984005694054
16360,16.708438894052428
16361,18.76415966632016
16362,19.785834721735533
16363,21.250323467595287
16364,22.914247242750612
16365,24.369813360432115
16366,28.875424395892004
16383,18.423380826051464
16384,23.35490096623796
16385,27.19087219801653
16386,28.87979861370138
16387,31.128342460312712
16388,32.94041963358091
16389,34.06258467328292
16390,37.41268375090426
16391,37.465299730905826
16392,40.89121362119432
16393,45.66942743497369
16394,52.35139610239728
16395,55.08136089963367
16396,56.611884982595825
16397,58.183515687397815
16398,58.747512180506185
16399,61.447135124507945
16484,16.565775279711588
16485,16.3231018730554
16486,17.458047022763992
16487,18.119635667939605
16488,19.88506113062131
16489,22.626645706928322
16490,26.820894661721404
16503,0.5507520080156298
16504,1.013917806720711
16505,1.3366106339633694
16506,1.9493779462897387
16521,13.219852038967502
16522,14.97363563045452
16523,17.89312376228115
16524,18.172051953168157
16525,20.023939241130055
16526,20.112947150815838
16527,21.596040587027588
16528,24.511965694113485
16529,30.497859986685928
16530,30.58704822204719
16531,33.32676261549545
16532,33.92939938804393
16538,23.53664842623563
16539,26.506375297786416
16540,31.99546544206687
16541,37.09539155726997
16542,40.41179340360648
16543,43.05287952731845
16584,1.8812103893942849
16585,1.5156145776199381
16586,1.7418134668954404
16587,2.083421595433573
16588,6.640585232856508
16589,10.49657119427221
16590,13.223463057218062
16591,17.28764135331098
16592,21.996587287446072
16630,29.01737850586128
16631,30.82220245721668
16632,31.237440453722733
16633,32.03117173218235
16634,34.83191158763715
16635,39.318343172013925
16636,42.925605534061454
16637,44.35471439746871
16638,46.565576800325786
16639,48.401008755646934
16640,49.860049169040636
16641,51.208011259846934
16676,38.83308000582434
16677,44.42249938032381
16678,46.07864644427404
16679,48.567062873163806
16680,53.48925368607702
16681,55.21421468906657
16682,58.05107758683157
16683,59.325981825315026
16684,61.52936818789787
16685,62.73680040786805
16686,65.21073032386546
16687,68.5039738689128
16712,48.17244463343739
16713,50.55983180839877
16714,50.272155761570026
16715,52.31833879361461
16716,54.00206500786165
16717,55.73895521160863
16718,57.0745667751751
16719,58.32551260387991
16720,60.987797535370895
16721,61.2737578096173
16722,62.65409153672459
16723,64.9684963907672
16743,50.6184830938867
16744,48.809641457493775
16745,50.78686665880304
16746,46.53782271620758
16839,13.282937215050948
16840,14.929454661931366
16841,18.1400284527615
16842,19.667253771780842
16843,20.968955601301406
16844,23.88881507098882
16845,28.63210700203576
16846,32.11234632663321
16847,35.84537376739554
16848,37.320474451663046
16849,40.75969296762408
16850,42.70680512731679
16855,37.64421855358483
16856,40.17553008967249
16857,40.366424897780206
16858,43.291944438097254
16859,47.31776270053261
16860,49.804472280985664
16861,51.796810874134195
16862,52.33043743882522
16863,55.713183363119036
16864,60.22805505769932
16865,61.08648271154029
16880,40.20203889494998
16881,42.38761847227612
16882,44.787695100978866
16883,46.391108029598776
16884,47.31295264335323
16885,46.28887182090336
17000,19.483434674461737
17001,23.33042251690419
17002,23.759865471238413
17003,27.18554331090772
17004,30.189082126554585
17005,32.361552014597045
17006,39.02911425674829
17007,42.326545694742876
17008,46.20392156622391
17009,48.378639084001705
17010,51.096319736224245
17011,55.391922300131505
17072,41.92538963052272
17073,47.47260470403542
17074,54.23785407976199
17075,61.01446320402597
17076,40.4511941352539
17077,42.017810408541926
17078,42.44151629572341
17079,43.451494438201216
17162,13.638576019247305
17163,19.48381199445822
17164,23.39847207354101
17165,24.885960579847826
17166,27.674147875116642
17167,35.430528770053954
17168,36.27894472199111
17169,41.5199199201426
17236,8.039054442426881
17237,9.009955039038394
17238,11.12202320478599
17239,13.29656210199016
17240,18.02005149817974
17241,20.660904506156314
17242,22.698782383632697
17243,26.16738821760273
17244,22.085395314146712
17245,24.432183905316187
17246,26.752515042431508
17247,26.859335292559987
17248,29.19097673688511
17249,32.84345396305927
17250,34.273294749364084
17251,37.405017623760855
17252,39.57288210628321
17253,42.95146302958669
17258,37.15672368808783
17259,43.79448471549554
17260,47.84127199511047
17261,51.37529706364972
17262,58.81546189749224
17300,22.699692907077726
17301,25.788567863272476
17302,29.845783663628136
17303,31.7414238963532
17304,33.26071174176519
17305,33.913628584471404
17306,35.963147154542334
17307,37.30087096986991
17308,41.119286588091946
17309,45.220285200262815
17310,47.95090604528914
17311,50.544205459921216
17324,21.222151847179553
17325,23.446400661772596
17326,25.472502417494553
17327,29.40636557068923
17328,31.265419693499396
17329,33.62000980241928
17330,35.71780219344913
17331,37.823069293946226
17332,41.95419304767533
17333,43.90488677999221
17334,47.5716601670097
17355,6.164719427724859
17356,13.57147302380649
17357,16.474440531974818
17358,18.142487429499454
17359,21.055336196094434
17360,22.558041252572348
17361,26.543301603023732
17362,28.258783666816647
17363,29.82580526191279
17364,27.929482739174464
17365,29.647446875875325
17366,30.933362809570585
17371,7.8652909795686945
17372,13.31251337204779
17373,18.07505653322872
17374,21.05662127897197
17541,18.515918695891152
17542,23.304749673232465
17543,27.993709451640477
17544,32.86361024548646
17545,36.143874727996945
17546,37.58945106233053
17547,37.58595636134817
17548,41.34919380646784
17549,41.572293831771205
17550,44.30256911792094
17551,45.928499537263534
17552,48.204801938377535
17557,20.12516932367911
17558,22.732311484645304
17559,26.046010889776834
17560,31.321282906493707
17561,36.13940545345963
17562,38.82952027188825
17563,39.968154471146214
17564,43.4281357485678
17565,45.425594152846564
17566,44.23744246360261
17567,45.10650908375998
17568,45.758278286768714
17653,5.865870648931747
17654,9.319190664073636
17655,11.188789171560337
17656,14.303125948675358
17657,18.06319657387818
17658,21.560835731598836
17659,22.726349093854548
17660,25.749242636942796
17661,28.102883874949832
17662,31.198201661411535
17663,36.55687999902206
17664,40.08159311719581
17681,30.90557265123744
17682,33.42245280559889
17683,36.48789665979461
17684,36.44797661427353
17685,38.579462935480095
17722,12.909695923392661
17723,16.910781485470764
17724,20.13331659007998
17725,23.315807153578245
17726,25.532252095658375
17727,27.486149557441
17728,32.2217711231276
17729,35.197553757045014
17730,36.130056154927985
17731,37.83714011235214
17732,38.16760045289892
17733,40.1984605271605
17765,4.738621846639167
17766,5.8256536466175834
17767,11.54040973790571
17768,13.827545760656804
17769,18.17269771387974
17770,20.378609543957822
17771,24.05633866095605
17772,25.522286765781978
17773,28.300794174271083
17774,29.74089457152781
17775,32.89973154712653
17776,35.11370695639325
17797,27.893390020603896
17798,33.032856063320914
17799,36.973240363805544
17800,39.8752536381524
17847,28.676019331965175
17848,29.287097649939042
17849,30.53221779818837
17850,33.7705356525902
17851,38.28540072174334
17852,42.04369741223815
17853,44.88831218179698
17854,54.24549209756458
17855,59.73312480535891
17882,26.112442573281825
17883,26.58391284155887
17884,28.773049762947192
17885,34.564878530262334
17886,40.883620109983326
17936,8.6139167234614
17937,13.81848584628341
17938,18.958593098320137
17939,21.80031341945134
17940,26.26814127509202
17951,34.11008170470828
17952,39.56230472468629
17953,42.837211743254386
17954,44.660412295627296
17955,46.8599046137578
17956,48.82939662792386
17957,51.12551779405808
17958,52.14656868560894
17959,52.38860949586416
17960,52.87750373265881
17961,51.84665693850419
17987,29.17496998867383
17988,33.758127528330846
17989,36.394461673544434
17990,39.609714408904324
17991,43.83447060543875
17997,34.45150082923246
17998,36.981038123526
17999,40.100351218739114
18000,44.11093716935325
18001,45.81603683883375
18002,47.65084281057948
18003,48.88664074367464
18004,52.38987395220738
18005,56.00047761330753
18006,57.492932504164266
18007,59.486382436570004
18008,61.99572683424179
18096,20.058336269874715
18097,23.48824099826059
18098,26.330678591716325
18099,29.037347140436864
18100,30.253731143902243
18101,32.61022448519433
18102,2.4970425149767195
18103,3.2327935476369682
18104,4.8766801618928906
18105,6.733021269598019
18106,8.175749561336893
18107,11.759189474885403
18108,13.018316757383941
18109,15.982950260663424
18110,17.246486940265406
18111,18.780022185878458
18112,26.17261922843466
18113,26.902156316339386
18124,13.80966452767825
18125,17.82059137201506
18126,20.24086080459581
18127,22.696172999972124
18128,24.54790413678041
18129,28.684907200528794
18130,30.876513799184142
18131,36.608160867943774
18132,40.266770281920145
18133,42.47575394105982
18134,44.031060278192705
18135,46.83971034523946
18184,4.0270124893277
18185,3.914227522527573
18186,3.540207476566313
18187,5.3038550157648405
18188,7.157782064853454
18189,12.384530923590598
18190,15.443100629641576
18191,23.04181179123867
18192,26.858539335814545
18193,29.40131426046174
18194,30.305527040539086
18195,30.953912179829683
18221,33.384693663842576
18222,36.17828616505751
18223,40.395279679398335
18224,45.808018242773514
18321,15.718778882525756
18322,18.38644487668839
18323,24.521760310205998
18324,28.056334855835004
18325,29.59553378522649
18326,27.710829475844378
18327,30.895142009757897
18328,32.772654444761784
18329,34.0470614573513
18330,36.081487625034356
18331,39.0362779937693
18332,38.58605232299679
18391,33.286465766198674
18392,32.68857064523584
18393,35.01851226097063
18394,36.715405515934236
18395,37.77545546974842
18396,40.304219727005055
18397,25.028539100044775
18398,24.686802885090394
18399,24.916469098523663
18400,28.963882085837607
18401,31.090330910789053
18402,33.33403657794093
18403,39.22787128145953
18404,43.95333653628491
18405,46.998349480955035
18406,49.154506495977806
18407,52.64363869556103
18408,49.41544024325646
18479,0.9969666361066349
18480,2.3774244211114914
18481,5.789009345626385
18482,6.828652212305104
18483,8.312565906334605
18484,12.775437821089245
18485,15.370770138048536
18486,18.705290537809773
18487,19.44400105371101
18488,21.14189185813944
18489,25.368835874296234
18490,28.944975817468105
18566,12.711510196347502
18567,17.292658247826683
18568,20.099570329465614
18569,22.87380735351278
18570,33.68223022874571
18571,34.201752709810435
18572,35.89458066147076
18573,37.0893821210871
18574,39.51127962603309
18575,41.16736517448629
18576,43.26671907432824
18577,45.445102879301494
18578,47.808880389596986
18579,50.2481267706632
18580,53.918442097828844
18581,54.45971975114449
18653,34.155618794964106
18654,40.76674818072072
18655,43.70372876389902
18656,52.06102233949551
18657,54.982040712295166
18658,57.77958352741175
18659,60.17367670243132
18660,63.91329818938156
18661,63.79103512339887
18662,64.8945167537275
18663,64.49881711426629
18664,66.25073523304644
18665,27.02367299796203
18666,28.624397003602738
18667,30.842628256511823
18668,33.97123876680936
18669,9.233732148961455
18670,10.541505897168925
18671,12.925052369485977
18672,14.928108297692129
18673,16.319574777753715
18674,18.05661057463359
18757,23.98155977977282
18758,28.72355196641827
18759,35.565279478156
18760,39.148553754872545
18761,37.40900352294897
18780,15.804692483882686
18781,19.73092874389357
18782,22.912484249260498
18783,26.089701362668226
18816,16.540669985573736
18817,21.86230567231942
18818,26.082694478866323
18819,29.514352455025367
18841,36.87819679526836
18842,39.18819471773133
18843,42.25249473579859
18844,43.93313451442556
18845,46.67281901681281
18846,48.573536982732094
18873,31.95208940852894
18874,42.96418848116125
18875,45.155512420363216
18876,51.51704878027718
18947,29.27472474311951
18948,29.863859607229134
18949,30.080979708217235
18950,31.949742450779702
18951,34.301339363342116
18952,34.51542826240216
18953,37.79806002763609
18954,38.13271749227008
18955,40.9105908278942
18956,41.11826433256926
18957,43.4019988289668
18958,46.93266911442896
18979,37.867346535595345
18980,40.55895304370139
18981,43.56789927620789
18982,46.53345579941088
18983,41.790456942979276
18984,44.14619783710471
18985,47.20442149689374
18986,47.86041267892115
18987,49.25105392484704
18988,52.1851019769361
18989,54.40174971684788
18990,52.831793664697194
18991,18.372296717757308
18992,21.864462620628302
18993,24.69613807121916
18994,26.42577851973615
18995,27.282308412746247
18996,28.37642432413996
18997,30.309842216895493
18998,31.45969742635393
18999,34.575277638405346
19000,39.672031125245425
19001,39.60550990960589
19002,44.04434275571337
19003,47.34286095391182
19004,49.64890221603345
19005,51.028742885996735
19006,53.24360052481977
19007,54.29645922047005
19008,56.76291443568623
19105,4.084618639337818
19106,4.285927135353376
19107,7.088134171558888
19108,9.915666791126485
19109,11.479590635503952
19110,17.260728124416538
19111,19.07068746936328
19112,22.721863579642346
19113,24.93248145679736
19114,27.158104828742896
19115,27.99106360974512
19116,28.59644644214999
19259,50.43296907481545
19260,51.773820769027196
19261,52.65951192734322
19262,53.23306375701978
19263,54.569383331160644
19264,57.80612022085613
19265,60.433325755246315
19266,61.67899161561922
19278,35.012052497168554
19279,35.314830437079046
19280,38.63743327003734
19281,40.17915480447176
19312,21.608448508124084
19313,23.00218192557239
19314,25.03623888688143
19315,28.977919556803517
19350,51.43820899273237
19351,51.86852874050193
19352,52.73664384158419
19353,53.17652818773579
19368,24.907108740464007
19369,28.31817153920777
19370,29.43716939313693
19371,33.426008275893615
19372,36.80821335922856
19373,38.01006197806288
19374,40.142965494750904
19375,40.81582932860164
19376,41.3778642768216
19377,43.94762734022408
19378,44.624876174285454
19379,47.06227599713918
19397,16.65911949796093
19398,18.14153372540303
19399,19.830151361488493
19400,19.993028786269594
19430,17.094304961421535
19431,20.543719256187153
19432,23.909065207372677
19433,28.645438504395358
19434,31.41947869562847
19435,33.72335256291362
19436,32.685716645025835
19437,33.153535957182946
19438,34.68862131263365
19439,35.54938218695324
19440,35.616971618879184
19441,37.783604069344484
19454,16.51322620416707
19455,20.33653892808124
19456,22.37904371468635
19457,25.330485888882684
19458,28.963219422513387
19459,30.91850984294361
19460,33.93528742030769
19461,35.3848803364531
19462,39.3667286856963
19463,40.65400602339398
19501,29.225749121891734
19502,32.35046996284737
19503,39.40478363436718
19504,43.26421134897397
19505,45.52399413583147
19506,47.701907672407394
19507,48.55901485222021
19508,47.76425027928217
19509,49.52393042907669
19510,50.68155687461366
19511,52.25480993133601
19512,55.62802345363342
19566,2.007064522414848
19567,2.8750489291441457
19568,5.652609413562839
19569,8.061689267318387
19570,11.837718525894978
19571,14.898663788281336
19572,16.53260635489484
19573,17.75233151302353
19574,19.839221597012102
19575,21.80613449294985
19576,23.94946507350024
19577,27.574472922938288
19590,6.869096131921104
19591,7.925710301418857
19592,9.390350542769637
19593,10.710894618168878
19687,15.093814089634263
19688,18.636857177935337
19689,20.194834125911633
19690,22.302096510002915
19691,24.436637954312094
19692,28.03135651682429
19693,30.566692280197977
19694,34.9852505258743
19695,37.74784001108052
19696,40.27860640888325
19697,44.05605635294501
19698,46.395291243576686
19759,44.64139272693891
19760,44.86027689457133
19761,45.09853331494262
19762,43.79632224746274
19775,50.87087702874381
19776,51.29139640770322
19777,53.445031301099895
19778,56.23518321899943
19914,3.6379086147103883
19915,8.19206398278924
19916,11.809814910724006
19917,15.994535342382461
19926,27.910615490833457
19927,34.326235550346574
19928,37.79037884144148
19929,41.2923952294066
19930,43.03510825002437
19931,43.16497466106381
19932,46.45489397701588
19933,49.425745788422844
19934,51.336746692713746
19935,51.63401654646297
19936,53.49939929185952
19937,53.10438823986043
20000,23.58936974686123
20001,27.769806238394324
20002,34.92506533651588
20003,39.25316543894541
20004,40.827873749611776
20005,42.12332067918661
20006,47.03209921516895
20007,47.082947447003214
20008,49.20432308940838
20009,49.9192174224885
20010,52.00980775183207
20011,55.07125317209164
20012,2.6362706037087067
20013,5.998846809336079
20014,9.359786149503185
20015,12.544072421763476
20016,16.102101672832223
20017,17.188300830289595
20018,20.36436879032931
20019,22.306765563981664
20020,27.345935426610914
20021,30.555964778254143
20068,20.665261988329203
20069,28.878813814096883
20070,32.91400944988612
20071,33.860913390899576
20072,37.258627380499895
20073,39.70871065679948
20095,14.434009518804933
20096,17.737889388419973
20097,22.469123446786313
20098,26.293873445797026
20147,43.44378215438987
20148,47.37445290758265
20149,52.048749427887714
20150,55.055787514226004
20151,51.584769511165554
20164,22.12739012805864
20165,24.374802746724246
20166,24.98616920713405
20167,23.694574856328707
20168,25.331508004819998
20169,28.79247712373103
20170,31.18056316696967
20171,33.498613650038585
20172,34.90107841437044
20173,36.45152982338958
20174,38.94703108540498
20175,40.892901454191815
20245,8.095719741519488
20246,10.336886278558397
20247,12.330960502504249
20248,13.721465983931125
20249,14.633225201418083
20250,14.651418241222885
20251,15.86898027184445
20252,17.303329684050674
20253,18.450364357451587
20254,20.08408159540442
20255,21.13749195777641
20256,21.832788061750723
20285,19.552564367756972
20286,19.12818230962272
20287,21.81363760420368
20288,25.63514995508643
20289,29.678445505101532
20310,12.273497825572495
20311,14.241569610733485
20312,14.68617900744046
20313,16.855549942757293
20343,4.565749264904458
20344,4.815283512428157
20345,6.319248169553912
20346,7.695561376450915
20437,0.8098287493468108
20438,1.4038466156012332
20439,1.3883235734268011
20440,0.9990098347697028
20441,7.399246037680464
20442,10.680357291826223
20447,0.45078685189901985
20448,1.034609613392652
20449,2.7184848004723565
20450,6.367319614040936
20507,10.643098388701384
20508,10.51028620412369
20509,11.779633574044743
20510,12.261653043654436
20557,30.51930062685877
20558,31.428543326303334
20559,32.17302021976378
20560,31.933565435179833
20561,38.1400708080709
20562,44.10282200928799
20563,46.76610339692223
20611,41.681571101649915
20612,40.6453220811056
20613,41.82982007875032
20614,40.090896256700596
20615,38.76354955411912
20616,41.219316745670376
20738,21.699846263286393
20739,23.282304595638504
20740,25.683019391078574
20741,28.362906178378395
20762,22.5111490354585
20763,25.718561655225418
20764,27.862247296289503
20765,29.82314376739842
20766,28.258270474425974
20767,27.8375025372622
20768,31.016514765868642
20769,34.695684271510636
20770,38.535135262103054
20771,41.30340758006831
20772,40.093723723340865
20773,43.37770484197819
20790,51.96877294109962
20791,56.258081353695246
20792,59.53373293721197
20793,64.37483389421648
20888,10.16360354064905
20889,12.763448114874132
20890,17.33948272705195
20891,21.624333728378016
20892,41.17075193891798
20893,46.65755634658371
20894,49.25136297011125
20895,51.73340795858076
20900,14.709766126247414
20901,18.68287932479541
20902,23.80372282933254
20903,25.870946577209914
20904,29.627349347594226
20905,32.679562343082374
20906,37.298896557160866
20907,39.05022910462403
20908,42.001865879056886
20909,41.91655964827451
20953,9.408428356844388
20954,12.751941975953093
20955,17.92167342316369
20956,21.677915873390212
20957,25.526760890636712
20982,30.893987051519773
20983,34.2492386118139
20984,36.02080265937165
20985,40.13441156857409
20990,19.557501860424285
20991,23.671133705738956
20992,24.832798110093606
20993,29.07729383276341
20999,52.36462706988536
21000,53.19235850193905
21001,56.13091586302639
21002,53.65321389215227
21007,19.98557118408986
21008,22.635355186752204
21009,24.54604035875959
21010,28.02884297867013
21047,32.6173370732784
21048,33.45514469480974
21049,34.01941053619009
21050,38.1989488631393
21051,39.57943066449309
21052,39.445322975390546
21053,41.78638088054925
21054,5.712186961931038
21055,7.547463263482001
21056,10.457601335937623
21057,12.498046838069373
21058,15.418252475540944
21059,17.61746704444184
21060,19.197765719257173
21061,20.775745120007333
21089,42.496221382085544
21090,44.3829577999962
21091,47.0801213791886
21092,53.769872125269465
21093,58.14589502139651
21094,60.81285347789233
21095,61.48723256856387
21122,14.34105202321295
21123,18.697151358953192
21124,19.81478202603513
21125,20.950125240516602
21126,20.701963810619738
21127,22.22372998124174
21128,24.617196441454347
21129,27.732634114604647
21130,28.130554189323824
21131,28.904132558495526
21132,30.04699269638101
21133,32.69763601341169
21189,19.839645514141147
21190,23.53114098525213
21191,24.767563702748426
21192,36.235094864500965
21193,38.1003951983539
21194,40.50973370078089
21195,42.000640474353894
21196,45.79313225061221
21197,47.806991450635564
21198,47.70410261439379
21199,49.25229147506347
21200,50.0993627728628
21234,20.604243505097358
21235,24.81950417874428
21236,27.22185543869757
21237,32.28996648846455
21238,35.790412937539955
21239,40.32313397195637
21240,39.766465566006644
21241,42.36945729973279
21242,46.897081027976085
21243,48.09688088889826
21244,49.80526839188165
21245,50.71885169627332
21246,24.337931304608297
21247,25.258460902287588
21248,27.215632919558292
21249,25.399562129661337
21250,24.413097451407452
21251,25.532684302178904
21252,28.931963626207008
21253,29.455492290469294
21254,32.464786285813354
21321,38.43789216551625
21322,39.16808641697088
21323,43.00305029346989
21324,46.70245007316835
21325,53.071781379955794
21326,56.37896908823624
21327,57.26131572298611
21328,58.11241808436771
21329,58.781580884906646
21330,59.452069653043466
21331,61.36210857932824
21332,61.757050209313526
21421,27.16398193671729
21422,27.627818185203967
21423,29.38403440597599
21424,32.31098801293909
21469,20.371084635542257
21470,23.211137460059476
21471,25.299842021642608
21472,28.71242148601964
21473,32.88754088177072
21474,35.730368044943376
21475,37.600628998668455
21476,40.565672988606345
21477,44.08826532802647
21478,45.79939720206763
21491,25.98583393989137
21492,26.42929085302811
21493,29.2731735785257
21494,31.668558857062497
21495,33.02036459628697
21496,36.704679992641275
21497,38.75642049672934
21498,41.99742903464805
21499,46.65676209572605
21500,48.919277992905634
21501,52.31162262881173
21502,53.37454189549833
21553,35.893742793995735
21554,36.996853446000785
21555,43.755649647055456
21556,45.42553139995055
21557,49.41350525097594
21558,51.33917350903681
21559,53.50435655989901
21560,57.19500744084169
21605,60.10804829266984
21606,62.621598004334345
21607,63.0815741712524
21608,63.00210976953208
21609,64.23076982027185
21610,66.37883273189492
21611,68.70199405164202
21686,21.499122415728586
21687,25.73058931477944
21688,27.395155483580165
21689,32.59598003461178
21690,25.119956282206196
21691,35.42414534317872
21692,39.60695509885849
21693,43.64325579854899
21694,47.73901559465646
21695,51.46894208996997
21696,51.18904782495473
21697,52.693228940486286
21698,53.42134351224936
21699,55.18803515687878
21700,57.08460204412576
21701,57.83385148332473
21735,14.26232681656391
21736,17.155855747943658
21737,20.489495287791172
21738,23.522758201627816
21739,26.085860471037623
21740,28.329570148892635
21741,29.344165962286304
21742,30.10823448552059
21743,31.40245501770282
21744,32.170419543848496
21745,34.571590549067395
21746,35.62026200944335
21840,25.161242091468363
21841,27.02746759186632
21842,29.727936258285613
21843,34.60257013537788
21844,38.89048045584215
21845,42.585256660827035
21875,8.521303850067286
21876,10.84419998631941
21877,10.872304937620155
21878,13.483327806099236
21879,15.220306904493333
21880,16.558288569719178
21891,13.546126154573862
21892,22.302748993801924
21893,24.76944922804055
21894,29.03445801526219
21934,30.60906032682114
21935,35.75856956543357
21936,35.28837695244767
21937,36.328704119070856
21938,39.56567640176281
21939,43.440206617936
21940,46.16103093148107
21941,46.85451564443608
21942,47.86450398456009
21943,49.51564981607943
21944,52.75960544135603
21945,55.983028502103096
22029,64.72387106936355
22030,67.56838829214759
22031,70.64777657547135
22032,71.84038765706639
22033,71.88763370133837
22034,70.7098478324672
22208,35.08120209437575
22209,36.38936793400099
22210,36.596631322845
22211,37.29196168349671
22212,40.43878500452128
22213,43.21177837802351
22214,46.99680517742035
22215,51.39914959383399
22216,52.86551117868721
22217,59.2736183417879
22218,15.909620209842165
22219,18.288909497101756
22220,23.456799684329955
22221,27.626271335447786
22222,31.746230614556197
22223,33.578052664932926
22224,35.728453311807186
22225,39.937930408681616
22226,42.01872437057261
22227,43.17005198896118
22244,31.87174033283362
22245,36.18650861755537
22246,40.959108769381125
22247,43.879706087884294
22248,38.49882930738467
22249,41.16978056516686
22250,45.40659538181991
22251,48.261978186309456
22252,49.83348636720933
22253,53.15103135383579
22254,53.464041680273624
22255,56.18964253960379
22256,57.693279073397015
22257,58.09630000102631
22258,60.40010812119715
22259,62.36958069794263
22296,0.7624939534433088
22297,1.3785022495358639
22298,2.229542710709663
22299,3.5878894558262533
22300,5.962284315237234
22301,8.79814115160166
22302,11.975110475755647
22430,38.53292608500817
22431,47.78072813876179
22432,51.14788154043641
22433,54.88318403837632
22450,9.817757676138433
22451,11.055562251994457
22452,14.692398880582337
22453,16.805726052296237
22454,18.2550319656115
22455,24.6804121265673
22456,27.731126282186132
22457,30.470708639228693
22458,32.587508306463626
22459,37.35698985522274
22460,42.85811577017738
22484,41.06859369687456
22485,42.379762207835086
22486,42.72918477008757
22487,46.091269047279
22488,48.95785469352367
22489,52.0193953850085
22494,16.153654721184537
22495,20.614399739837147
22496,22.273972077809937
22497,29.38033314076939
22498,34.84890191415986
22499,38.09703885171685
22500,39.98287409768253
22501,41.14700591917903
22502,42.317734811298685
22503,43.74010444885518
22504,44.609888084061026
22505,45.93449700458795
22518,7.217563559264003
22519,8.95918815248898
22520,17.9568167367257
22521,21.523292970136627
22522,23.536827004593345
22523,25.60586866858828
22524,28.86086608061355
22525,31.13713984050961
22526,33.64384541187553
22527,36.597601445045726
22528,37.679792822825775
22529,40.70186444410229
22681,7.32287869238095
22682,11.012018764202297
22683,13.951272004863977
22684,18.26311829682155
22685,24.998965543201788
22686,2.2467001086265967
22687,3.676946135973715
22688,5.351052525599335
22689,5.5673626970146435
22690,8.621616239026986
22691,11.337113213165056
22692,14.391831524698325
22693,16.466348254149118
22694,21.63910634668847
22695,24.398689220158307
22696,26.922316746992976
22723,30.84769739900145
22724,35.695988916243785
22725,39.34347126075672
22726,46.651636055116
22727,49.638984584033466
22770,41.152273796922124
22771,42.445415741469446
22772,46.43176715347194
22773,49.08217584261125
22774,54.462397610203844
22775,60.10893297993368
22780,30.48962230917379
22781,35.06853660418719
22782,38.21890126461862
22783,41.059264984345695
22784,42.084998037116655
22785,42.59728558442108
22786,45.834101965213975
22787,49.546952328123446
22788,52.26671533668591
22789,54.05493871269332
22790,55.40375015405853
22791,56.73069310351603
22792,55.106284095041964
22793,57.06272437614572
22794,58.691595478391385
22795,60.05620994146414
22796,63.87346524357866
22797,63.154881936003406
22798,65.74573352897207
22799,67.6299349311371
22800,66.65423931497426
22801,68.64522696319835
22802,72.72501794038281
22803,74.04538842914334
22839,32.676066502773914
22840,34.805103288683256
22841,38.017941541587206
22842,38.98350302347622
22843,42.35567638082204
22844,44.90213061571304
22845,49.14828899688469
22846,50.84090637244576
22847,52.42662610047077
22848,54.79943839216957
22849,56.79081309268814
22857,21.382458273582817
22858,26.028325021262393
22859,28.836776934821994
22860,32.58305111016727
22874,23.632525044766204
22875,30.325174058218686
22876,36.07270127982387
22877,37.94126366929725
22878,42.638681152932726
22879,45.01236716188805
22888,45.60524892551838
22889,49.3642193166758
22890,57.68087981428979
22891,61.33343107641048
22892,63.71133932638484
22893,65.81328543464984
22894,65.91464053469998
22895,67.35490029663966
22896,68.73905765604204
22912,39.7313248990828
22913,47.083319632041935
22914,49.581741408829
22915,53.45475569779546
22916,55.50280244164224
22917,59.03373977482519
22918,60.15828910429206
22919,61.4158840742835
22920,69.83177928627065
22921,69.41166068424837
22922,71.80703467602602
22923,71.96628421016199
22964,39.788319945559614
22965,39.734084604208114
22966,41.379719747261525
22967,42.746690053310665
22968,42.58026831766247
22985,33.285127509824605
22986,40.54598332218604
22987,44.46574661813944
22988,49.37288455123068
23022,19.55495091711979
23023,22.927812185108294
23024,26.052071654641484
23025,30.373948203451263
23026,32.925173642242434
23027,46.58617304763577
23028,45.66923391323152
23029,48.426043626866566
23030,42.48426182473162
23031,46.04170106667895
23032,47.9439595147539
23033,50.989157435780825
23034,51.57937248806242
23035,52.4246843044482
23036,55.13648779025185
23037,58.00171633632752
23038,59.10477556680736
23112,9.475855700916542
23113,11.528692560893475
23114,14.07641366552328
23115,17.70405368412803
23144,24.421545568282347
23145,26.432678756419172
23146,28.68984777396902
23147,32.55187273181895
23148,33.75877150824986
23149,37.81684389347214
23150,42.041005934489334
23151,45.22899401889606
23152,47.463237104565565
23153,51.05229883737643
23154,55.84290508532451
23155,60.11838141811863
23178,33.58870221164504
23179,39.575110939715735
23180,47.21374919723592
23181,50.38362797635883
23182,52.548451019662416
23183,7.449029714040206
23184,8.7091968229777
23185,9.406372336778315
23186,9.785050599541327
23187,10.76162494352124
23188,10.654036960658186
23189,10.62602251120746
23190,12.77571500865825
23191,16.30311702190857
23192,19.29611576299209
23193,17.323131751736444
23194,20.4057784496804
23195,27.350537069237514
23196,31.523865380800917
23197,32.27246896535532
23198,32.87810885770467
23199,37.43261883250092
23200,39.08412578446739
23224,18.466218329837236
23225,22.828714123259914
23226,25.82394918375376
23227,26.413580272980763
23261,31.246259590448386
23262,37.992906206922996
23263,44.89798190669728
23264,46.439025583908645
23265,50.622234882964506
23266,52.90298772555816
23267,56.50396908771324
23268,58.77941563661034
23269,60.102532089268365
23270,61.19261935956375
23271,62.21224587826017
23272,63.032476157010706
23301,3.8485456971940395
23302,6.000619811965676
23303,8.026857384528931
23304,8.824016613787471
23305,12.375720863087427
23306,14.020374395856017
23307,15.560960443584134
23308,16.938202091541775
23309,21.451197758962667
23310,23.389694856988307
23311,27.1752696757764
23312,30.295643478840297
23313,34.162595720575
23314,42.20323219116318
23315,44.91248969465616
23316,47.19352425222315
23317,49.76053143038865
23318,49.990272247724434
23319,51.539919011001636
23320,53.07402049827913
23321,54.50969947308315
23322,54.093425930861564
23323,53.622445013639116
23336,57.26193227111328
23337,59.63233878312142
23338,61.89820437719154
23339,63.76017541714504
23340,65.46446682860659
23341,67.49037381863067
23342,68.37402561389926
23343,71.13336866910717
23344,70.9007285599682
23345,72.47991741925279
23346,73.36225841533742
23347,73.48017763434903
23360,8.428956556216137
23361,10.431221686571188
23362,10.936927300899068
23363,13.602227466572197
23364,16.310128520664602
23365,17.790467029026352
23366,20.446885713211266
23367,26.451844852584518
23368,28.519317982322082
23369,31.33464308650302
23370,34.111107990019306
23381,18.360726375661564
23382,22.7187012113873
23383,26.911564920669957
23384,29.620071642565996
23385,31.46936455601725
23386,34.13095535771969
23387,34.475045500093756
23388,36.69633707659444
23389,40.65684538371126
23390,43.31587050724129
23391,43.31153321250311
23392,46.479344481520684
23442,50.100348646750156
23443,54.84107970360649
23444,57.36798172167634
23445,59.87201072349397
23506,20.74903853351454
23507,23.671317875219064
23508,22.291101039799504
23509,23.336511759491263
23510,24.841685755246434
23511,27.037176338160858
23512,28.028717175737636
23513,34.85820493902407
23514,38.30760682831165
23515,42.12479358805636
23516,42.91742286422098
23517,49.105287996999586
23552,17.88270053258684
23553,22.01663322079782
23554,26.329720557940618
23555,29.305814390660075
23556,29.675050853220533
23557,31.921520460439773
23558,31.800376762085506
23559,35.20116952307498
23560,36.78590508294111
23561,40.65516955354171
23562,42.70058061006894
23563,45.49095393980929
23564,53.19247434923616
23565,53.51279411847259
23566,53.90361306568497
23567,50.820177897515016
23568,53.26987381197498
23569,54.61846285572724
23570,56.649241284840116
23571,60.52785096775931
23572,63.050046127602336
23573,63.15092066421708
23574,65.12670632417486
23575,65.595617316512
23604,16.33839589816406
23605,17.930193738817525
23606,18.546097977313906
23607,21.132902470670704
23608,26.087034133156273
23609,29.63616004352351
23614,30.605571189038997
23615,34.38997239797314
23616,36.267665402231785
23617,38.19487996001671
23618,43.570931498914646
23619,48.21656034521933
23620,51.721275154395435
23621,49.59658639514864
23622,52.31530416281641
23623,54.987250891597164
23624,56.33466343863615
23625,58.43862371928416
23655,48.68079657010763
23656,48.449080315853955
23657,48.44457816451619
23658,44.83051162314149
23659,45.548803223753744
23660,46.860453212939106
23661,49.92088078398591
23662,54.46830296956757
23663,57.298768664798274
23664,56.51715289551805
23665,55.49710193615076
23666,56.12687142644449
23667,23.123641314698066
23668,23.747352312384148
23669,22.5610916756551
23670,23.855040224258513
23671,29.340978224440647
23672,35.00402830829523
23673,38.537834637353455
23686,33.06981513787144
23687,33.58098437091223
23688,36.41968902111271
23689,36.904077803871196
23690,39.72797102375244
23691,37.8484977159174
23692,38.99242004953358
23693,40.9226404688599
23694,42.31806985012417
23695,45.6165615425549
23696,48.21856874040895
23697,49.88585824916175
23711,50.209616245313136
23712,52.4518535655322
23713,53.327459636683365
23714,57.764046060452436
23715,60.7861753709714
23716,62.83714025274516
23717,64.88111480838586
23718,68.83912801607363
23719,72.0281463554576
23720,73.4546782623514
23721,72.14436769974792
23722,76.27064275937501
23809,41.686253235845115
23810,45.430900016338065
23811,50.19463195505451
23812,50.7759611969723
23813,54.82911579717841
23814,54.22343361368022
23815,58.159629988112954
23816,54.0724782251935
23817,58.59785513792993
23818,59.942942637753376
23845,32.34326339691052
23846,36.62989015890959
23847,39.21908290584599
23848,43.188212340805585
23849,44.89348419326881
23850,47.742191131135506
23851,51.54561194301701
23852,52.05414104910378
23853,55.005090078763935
23854,56.131059748504974
23855,58.688294437344126
23856,58.70981337262508
23890,22.63577717354104
23891,25.406008367269777
23892,28.14104642311319
23893,31.98768247638046
23894,35.24218005627183
23895,40.918619421872
23896,47.780152036918096
23897,50.10285430697256
23898,57.161242951619236
23899,53.773556311022226
23900,56.88362737817907
23901,61.04482324414384
23946,41.706671657587144
23947,43.125243955030996
23948,44.674349728381294
23949,44.14696559832607
23950,45.089943929747584
23951,46.588866748416784
23952,47.48053345341501
23953,47.92525882844951
23954,48.789456267783
23955,50.512523649534735
23956,52.579935593965395
23957,52.66116224024664
23958,13.567688753037173
23959,17.84569315644258
23960,20.44159088889942
23961,24.1647458999881
23962,26.312368315832437
23963,34.23199827096551
23964,35.886396332937196
23965,37.70845907305296
23978,17.62484755827983
23979,20.825072757108845
23980,24.465194548368686
23981,26.325060509475794
23982,29.40502735743575
23983,37.025699206382995
23988,20.730547074202267
23989,29.83900169085442
23990,32.999456219742214
23991,36.385275107665144
23992,41.1071871486875
23993,43.97034318474817
23994,43.51836131927237
23995,43.22290189362869
23996,45.418137464983744
23997,46.14709961051462
23998,48.47150000260132
23999,51.12266787120069
24034,17.72814742412778
24035,22.43611279720221
24036,26.36295406153026
24037,29.420538126999418
24047,26.9748696283266
24048,27.868430678348243
24049,29.586389123496083
24050,31.60349780225206
24051,34.59695092747973
24052,37.36475464488613
24053,38.41031568055804
24054,38.93935430125848
24055,40.64948320428502
24056,45.1946700873585
24057,45.98094881185764
24058,48.38513913701751
24147,20.904282036290944
24148,22.6995774387453
24149,27.337827485902256
24150,32.54404357864314
24151,36.04461334374905
24152,36.44899178564121
24153,36.37040141911443
24154,37.854010266259486
24155,39.25797683720226
24172,26.626767569278407
24173,28.78040633652958
24174,32.71257337031068
24175,35.59659057701809
24176,37.72203185049148
24177,40.40768331148293
24178,42.976223698493165
24179,43.81942478215849
24180,44.228044289130516
24181,45.7834034625229
24182,47.27724023348778
24183,49.87242793288509
24184,28.195461997352083
24185,30.11866534583432
24186,34.27004090366045
24187,38.37238493891143
24188,41.44753307845947
24189,42.97050910616213
24190,47.65368060882039
24191,51.65762860112783
24192,50.327824081520454
24193,53.70922215049203
24194,57.16562141447481
24195,59.52822220552231
24201,7.202909223806165
24202,10.737813672651873
24203,13.188030065248672
24204,16.145152308341117
24224,34.72232705369719
24225,39.95523249838865
24226,41.98359025108701
24227,44.94126789869168
24228,48.387960142926374
24229,52.44578645925145
24230,53.672439661757295
24231,53.64717587211013
24232,55.42401898961446
24233,56.00875712216992
24248,11.597685685434346
24249,12.225736590609745
24250,19.47442853620204
24251,20.22329889008322
24252,23.94313291044945
24253,29.277054205576878
24254,35.98933697357403
24255,29.951830261618493
24256,35.89749161259453
24257,40.18832395223265
24258,39.85160076316949
24259,43.64030832139046
24260,48.55768973940344
24261,53.91940975455467
24262,56.48812853146375
24263,53.40744474457557
24264,55.42639498788571
24265,56.21838701273439
24266,57.4084479471303
24303,9.179103525624837
24304,10.907479427276451
24305,14.257785511126952
24306,17.71977952879042
24307,20.52530228035209
24308,22.16850504422637
24309,25.67849522833308
24310,28.745197316843246
24311,33.52048602695758
24312,38.50980163479021
24313,42.11473408098982
24314,40.564504892117846
24315,48.3297780544944
24316,51.092431165008
24317,55.9647767477736
24318,60.87526168967212
24319,63.6008659358718
24320,65.98417086335921
24321,68.187477640274
24322,16.68631723437933
24323,22.383715338041345
24324,24.95934719070848
24325,29.561949354856207
24326,30.244990751164902
24327,33.58154673607162
24328,37.09113496926993
24329,39.68254062563636
24330,32.37865510097508
24331,35.811649005046654
24332,38.421836760352335
24333,43.073009559712766
24334,44.750139307329235
24370,15.81887959737463
24371,18.17203848727838
24372,20.406172319272823
24373,22.71049279758881
24392,28.74826070833973
24393,34.186991737060815
24394,38.65347081355147
24395,42.02937696848357
24436,26.869961018619485
24437,34.36766544918981
24438,38.450510558794775
24439,42.19277840461886
24456,28.559143688002596
24457,33.625319660838926
24458,39.27515613714865
24459,43.005640155835174
24492,25.48519321577127
24493,32.00868078355567
24494,35.54618188346149
24495,37.50373041805721
24496,37.7746102508744
24657,53.0545139025738
24658,53.47374265962916
24659,54.728663546143416
24660,54.22751373217652
24750,17.435587558422117
24751,19.151794194045067
24752,20.33787429060355
24753,23.565494512598175
24754,24.364437213434663
24755,26.50660295345009
24756,26.380030284658368
24829,14.570370103104931
24830,17.70177722197252
24831,20.18073490763561
24832,24.97696952818312
24833,19.48357635081475
24834,23.673553734795643
24835,25.394831536418184
24836,26.837014606740777
24837,26.91335725211529
24838,29.415933707086754
24839,32.08997156187628
24840,33.761171435918904
24841,37.09437255330652
24939,32.36235881960742
24940,37.13354783138526
24941,38.93231773043326
24942,42.04923631074432
24943,45.22062782484052
24944,46.20632188869102
24945,44.49261371387563
24946,46.72389813417194
24947,46.84594835017055
24948,49.39081397326151
24949,52.39782484593065
24950,53.50381971842888
24989,29.829506266841985
24990,31.485695776049003
24991,33.731085789929246
24992,37.83859359471237
24993,40.831073247509295
24994,42.03322413631969
24995,42.46244976199925
24996,43.55359874284371
24997,46.15069264716517
24998,48.7539866194771
24999,49.37959828316414
25000,51.622921442905536
25076,56.940371708027214
25077,60.885988042296596
25078,63.60582261117793
25079,65.73892591405311
25080,67.0051474918558
25081,69.46736720241671
25082,69.67272916974585
25083,70.31642139592024
25084,72.3013893243056
25085,72.92121616436435
25086,73.93575800338245
25087,74.60019445077698
25144,49.19985021343175
25145,51.46807035596803
25146,53.45657838906594
25147,54.75197586092505
25148,57.54756233154168
25149,59.18392722638167
25150,60.38735938189728
25151,59.29628685286893
25152,62.321633995059884
25153,62.820318443383215
25154,64.91717355553311
25155,67.61949454175742
25182,30.40556426628232
25183,33.58235617019288
25184,35.58412660666538
25185,36.40801288708724
25186,36.2172766361728
25187,38.068608792961385
25200,33.08846344160681
25201,45.69858760283212
25202,52.55559744761819
25203,58.08234317123957
25204,62.25704109470409
25205,64.14901941662605
25206,14.751516957011662
25207,16.895791500201813
25208,18.583655697282886
25209,18.7909556465809
25210,21.400014959641354
25211,24.96570680511515
25212,29.01809863905492
25213,29.60062204461897
25214,33.83467500505031
25215,35.52881639666672
25216,38.02801918548943
25217,41.586262422003564
25218,12.376287540926981
25219,13.811997858470006
25220,15.093808804072063
25221,17.751270815284943
25222,18.429635911733612
25223,19.98347589198281
25224,23.065876463017428
25225,25.49731066245174
25226,29.368816696608388
25279,0.42997140429018904
25280,0.6330883938214342
25281,2.004500588572781
25282,3.5553814683315634
25283,8.662600728257882
25284,11.367503285654962
25285,14.570369307615742
25286,16.361183915363366
25403,27.954789498510994
25404,27.67797441758415
25405,29.14707993578407
25406,29.244853940201256
25407,32.892372091518844
25565,30.86113015973172
25566,34.54230884487982
25567,36.43834573758247
25568,40.60853255544943
25569,40.15826460937248
25570,44.14424923655578
25571,46.024937857710725
25707,15.11226585586506
25708,16.46715615772862
25709,18.61308889969187
25710,21.67149044338305
25827,15.056889407584096
25828,16.577380920123925
25829,17.30515281932477
25830,17.000716308148558
25831,18.60858984456219
25832,20.345859472092084
25892,26.9100884989125
25893,28.30846460684672
25894,32.9976577183675
25895,36.819001079376655
25896,23.97261871431406
25897,26.117058204645023
25898,28.796391663468253
25899,30.411021215705606
25900,33.80406849124028
25901,34.8183187578168
25902,37.87077275459202
25903,38.61777564882019
25904,41.45972170394141
25905,46.54069019430697
25906,51.986155442877596
25907,53.80862611517559
25949,40.61500431620342
25950,39.45280088799315
25951,41.2765976555087
25952,38.625228324488084
25974,15.632340578034267
25975,17.19046593493162
25976,20.08532700078563
25977,25.81504077433182
26011,29.334117991805627
26012,31.32600917366972
26013,42.49333910708835
26014,50.72006029145466
26113,2.4556934062779505
26114,2.939346333742035
26115,3.8705359218414097
26116,6.7234132449792465
26117,10.336161019899942
26118,11.693145511335818
26119,14.6843691489725
26120,16.241153574626463
26121,17.46454343099493
26122,21.93690683539472
26123,22.166799238200745
26124,22.549746939145866
26140,41.61409119390467
26141,45.6790053205858
26142,47.42257839287668
26143,52.45865621816398
26144,53.41298733253388
26145,56.61461694480531
26146,59.32484390947962
26147,60.19512387703006
26148,60.66836419774112
26149,61.49051807007294
26150,63.46169984932379
26241,49.664705038295594
26242,52.82974418807125
26243,54.55412073366873
26244,57.516483214067044
26245,58.559112194242175
26246,61.873064082991434
26247,62.460406446668664
26248,63.055039519534056
26249,64.29904065118522
26250,64.02464955192745
26251,65.03559900992386
26252,66.35620295189375
26289,16.1956956340603
26290,18.283513781522355
26291,23.00718332112584
26292,27.52477596346102
26293,28.800983744110823
26294,31.143331188612823
26295,30.429823343101358
26296,36.63214390864276
26297,37.09139007612654
26298,36.75792488496681
26299,38.46012279826546
26300,37.47176149244792
26315,30.553000364175908
26316,31.525109321521825
26317,34.168331591671574
26318,36.537659752579245
26319,40.23360626017823
26320,42.57496350820621
26321,43.6352083287358
26322,45.91951970545545
26323,48.7930913302548
26324,50.983640796391235
26325,51.689179881919806
26326,53.939413671905186
26455,27.84468739204812
26456,31.79480008179844
26457,33.76379280484492
26458,40.973805939091804
26459,21.603276080381445
26460,22.852836382319285
26461,24.441467640248888
26462,28.726312167050647
26463,32.04617376617739
26508,19.65858033533349
26509,21.04107200738442
26510,23.096484600392962
26511,22.45416843537548
26512,22.346534260115316
26513,24.095963732689942
26514,25.192869664520593
26515,28.409223914849147
26516,30.18565307380756
26517,32.991439009904894
26518,34.29306296631412
26519,35.93714452175932
26520,28.487225589838342
26521,31.057989464568102
26522,34.51914792594164
26523,37.23531623624843
26524,34.58793441066026
26525,36.14855332061975
26526,41.36446526150007
26527,43.150170241224465
26528,45.275361445845235
26529,47.530555788211814
26530,50.68277848885534
26531,52.08350128010503
26564,20.16142195737205
26565,23.389641436778682
26566,25.932830298951245
26567,26.80445388908635
26568,30.505498248893442
26569,31.74240136391246
26570,33.06433860525952
26571,37.18025480595007
26572,39.692834078328644
26573,43.16576763475
26574,41.88223135685304
26575,43.27584982386509
26576,23.735681862187494
26577,26.69718066106848
26578,35.626399898655016
26579,37.03264723691891
26580,42.34720046537718
26581,45.754211317984264
26582,51.303347592487896
26583,54.89013308919483
26584,16.08462865784519
26585,18.026515573848616
26586,18.989391319494214
26587,19.884325910382753
26629,15.230673235424703
26630,16.395810830752122
26631,17.877146129113587
26632,17.947358040709524
26633,20.31687950787623
26634,23.432363656397847
26635,27.785154851097673
26636,30.561141258000053
26641,44.36253779348925
26642,47.31616460798598
26643,51.61911665147679
26644,54.917665987689595
26645,54.19841602605857
26704,15.515365350197097
26705,20.32766081918359
26706,23.105001568804692
26707,33.135641399062735
26708,42.57453618718404
26739,57.34949585818434
26740,59.70639963740432
26741,63.29554452528806
26742,63.77995461005291
26779,19.179363056773713
26780,21.738716666581713
26781,25.413081031303605
26782,30.040936580397126
26783,33.499308358582816
26784,37.64582702465928
26785,38.32690758711601
26786,41.99262594595834
26787,42.70052990271975
26788,41.33550738197126
26789,43.91850518953474
26790,46.727397094499814
26819,48.01528728267852
26820,55.52013839565455
26821,60.37639962427675
26822,65.93302493072378
26839,41.9549763159391
26840,40.60270653741704
26841,41.04241543978953
26842,44.30896154319143
26851,24.940944057384588
26852,26.377408334581656
26853,28.74707586871971
26854,33.211668857032755
26855,35.39105976009154
26856,37.88865745644838
26857,39.942209049874265
26858,43.450959707268176
26859,47.97103603677186
26860,51.2183627509875
26861,55.01983527369433
26862,54.92186983735044
26863,24.775371413132973
26864,25.478382560147278
26865,28.327696336993572
26866,30.78278397236473
26909,5.825828734354809
26910,6.9031431824392975
26911,8.072996243892495
26912,10.505363759785398
26913,12.938949508343532
26914,16.1969122737953
26915,17.703068098794795
26916,20.975976496610098
26917,22.996615581232454
26918,27.46685003473428
26919,30.053208455969504
26920,36.55289549631538
27006,31.729424822077533
27007,35.30671981964912
27008,36.68088309209014
27009,39.65480420217025
27028,14.163298870812387
27029,19.987789770133826
27030,24.94930557007184
27031,31.538202160392945
27047,29.307072971463484
27048,31.55327744354531
27049,35.116049983985384
27050,38.352568405092235
27051,39.79024307255153
27052,43.108201527733904
27053,48.323675730109485
27054,50.87409089644372
27125,58.85489074481659
27126,61.798913123670864
27127,63.56441623711344
27128,64.4237774824933
27129,18.849900023207976
27130,22.343045046688633
27131,25.173685340373893
27132,25.18810264436727
27133,29.607900551063963
27134,30.538320489528154
27135,32.327131100995004
27136,37.95608214081397
27137,40.587292837039506
27138,44.497665230995196
27139,47.62204785655718
27140,51.040581540552935
27177,34.58308490774538
27178,37.8458662830278
27179,42.38142455491101
27180,44.67132723940095
27181,47.49271280395642
27182,47.585870577409885
27183,47.4938185989683
27184,48.80808255571191
27185,51.729812691973756
27186,52.17291646074534
27187,52.97762793480916
27188,55.381675444933194
27189,25.17239834155021
27190,29.21979560195553
27191,31.593389787863952
27192,33.91004403529707
27193,31.692422173246616
27253,19.24671591579394
27254,20.987880075194667
27255,21.216095014773398
27256,25.301732219845427
27257,27.32982147227619
27258,29.304106767814588
27259,30.760885868521267
27260,32.17064211132273
27261,24.65838735029797
27262,27.932697051775328
27263,34.115938751584714
27264,39.69153628605511
27285,48.44987241460028
27286,49.29055578008742
27287,50.884225247812765
27288,52.841273202573824
27289,50.85442894690206
27290,52.313722637229134
27291,54.25980310174975
27292,55.23844793529494
27293,56.01002749397509
27294,57.140565668672906
27295,61.298295574816905
27296,63.28546532395071
27349,21.973258554859633
27350,23.212025398467322
27351,24.024975147922888
27352,26.880155556902114
27353,35.52751155726347
27378,33.11236770374622
27379,38.96525715315537
27380,42.290027864726
27381,46.47200800199918
27382,48.814952534637484
27383,52.87397025778412
27384,53.6499809054116
27385,54.41648840157745
27386,56.099442845599164
27387,59.715501453364865
27388,59.60887170277046
27393,47.116653052363496
27394,48.70081056337442
27395,51.74375167585945
27396,54.86146531443494
27397,52.81264726499864
27398,53.41634826208558
27399,55.279432412881995
27400,55.06398772348637
27401,58.32343916922433
27402,58.458319193662675
27403,56.959381002220034
27404,56.279399040342724
27425,25.510048375480395
27426,28.321434861293483
27427,31.23363706736583
27428,35.11449869618355
27429,38.25785375937972
27430,40.14486183369371
27431,42.07019814782025
27432,43.9026863437184
27433,26.91456164447586
27434,31.098160678721243
27435,34.69940902170497
27436,38.32544414895562
27437,35.671742360144414
27438,37.84565880107515
27439,37.94691388594938
27440,41.705937299510204
27441,44.045946434105296
27442,39.25407433314525
27443,46.574162435619215
27444,49.397752788162656
27445,48.870928336564816
27446,49.293767696759204
27447,50.79898918643762
27448,50.0211390118377
27449,50.39238829586705
27450,51.521868758485425
27451,53.243490744868346
27452,56.3173740414189
27453,58.18886674857335
27454,6.362461016074828
27455,7.996788902511602
27456,9.251860791018139
27457,10.504178313900153
27458,11.554052038862844
27459,14.612670406013166
27470,27.202568914808722
27471,27.864495512569984
27472,30.34867340760271
27473,32.061683966681116
27474,37.28361545908486
27475,41.05969661728589
27482,37.91221910366682
27483,49.65096926397598
27484,54.60738621220539
27485,58.428574669129866
27486,60.613641254213555
27487,60.35116701543506
27488,61.819253014703136
27489,62.051859500841964
27490,63.32515557544501
27491,65.09218927062925
27492,67.36956156908985
27493,68.21791305043604
27500,36.52804553211555
27501,44.493368332841285
27502,52.44961335165986
27503,55.64373165120641
27504,60.04901342813905
27578,23.502515624385083
27579,30.753418747902813
27580,42.117328412013094
27581,44.10549215267775
27582,47.78164869510942
27583,46.79968865255515
27584,48.19174664418775
27589,59.6040684523571
27590,61.08169372118943
27591,62.87709078523694
27592,63.769680473825154
27593,64.78274480554985
27594,65.16620288953601
27595,67.4937500415413
27596,67.5147472528296
27597,69.2022255902614
27598,69.29451630684324
27599,71.06872400034335
27600,71.26607662157049
27719,19.150067009404005
27720,22.056571334830714
27721,26.413876054115903
27722,29.63862759905213
27723,31.60043294007941
27724,34.40237164197683
27725,36.20189393854362
27726,38.064482734455076
27727,41.4357025518747
27728,42.549908865810835
27729,43.83019328962501
27730,46.78250765029226
27795,45.03368201004924
27796,47.74103567819002
27797,52.27310975449535
27798,55.99125937916838
27799,58.95660448982868
27800,61.014130480268776
27801,62.92681564085956
27802,65.36218664822988
27803,64.17772052653366
27804,64.88518507947991
27805,67.28324944219547
27806,68.16858512623075
27807,20.70094658528103
27808,23.00336968711081
27809,26.539062203281645
27810,30.163036499609348
27811,32.05387667898147
27812,36.759494706214426
27813,38.26899777547997
27814,41.031379359834965
27815,45.3285294810569
27816,47.350240200024885
27817,49.87556807897488
27818,48.343337010307344
27848,12.238649567669242
27849,17.091712231812963
27850,20.528583809784937
27851,26.17475348715564
27852,33.94598658727498
27863,46.46181477073857
27864,48.588942721060434
27865,54.312368158469674
27866,56.89772048934373
27867,59.242312938492056
27868,60.783473275704
27869,61.06854995289876
27870,62.44487438443141
27871,66.90558617024556
27872,67.46262003648259
27873,69.27658255359773
27874,69.18760451571832
27898,25.606704984006228
27899,29.681234933226072
27900,33.11741156124326
27901,35.61688084504089
27902,34.72334994554967
27903,37.72796520442966
27904,36.638386341422944
27905,40.553001204395166
27906,42.984884364782786
27907,43.37277956017179
27908,44.87696284717952
27909,46.325948285252245
27933,3.7635314668711044
27934,7.577374179388393
27935,10.557147546393438
27936,13.480094875170671
27937,16.636673239450634
27938,19.677746868118525
27939,23.24695502262531
27940,25.31753830586652
27941,30.03438482243564
27942,32.60048624040945
27943,34.0478505515845
27944,35.74291392201871
27945,40.99376670195519
27946,50.25661210338445
27947,53.28266692971746
27948,57.44859836767064
27949,42.458573484107696
27950,48.196961816666324
27951,50.50888295585663
27952,54.804807417533894
27977,62.51716924338826
27978,62.960374509835525
27979,64.52392643769109
27980,62.85275288931474
27981,64.21368111963615
27982,67.53741463333445
27983,67.81385442493969
27984,71.24517434398187
27985,72.80462185508206
28002,37.39810356766602
28003,42.32070883808207
28004,42.36040498766914
28005,42.15007530602852
28006,46.007805220412884
28007,48.81097146965643
28008,53.35866092806985
28009,55.236133081055726
28010,57.42646061712013
28011,60.137831237544034
28012,62.193179236243836
28013,64.24007059246998
28037,41.94691733393975
28038,43.38284068655424
28039,46.82909179337218
28040,48.11466009729659
28041,59.13107608432418
28076,24.54594328814439
28077,30.822590635724104
28078,43.64020862419629
28079,48.475080593476044
28080,51.934109771154645
28081,50.83463717344346
28082,51.97914642732775
28083,52.66650508010203
28084,53.21125273091618
28085,56.43862421287595
28086,56.819936031824696
28087,58.67165334201777
28124,38.62194070195677
28125,40.288526370439946
28126,42.99393622755346
28127,45.27386683062179
28128,48.422446451153796
28129,50.648141626197294
28130,53.259187701325
28131,57.32588273483768
28132,59.86742626234922
28133,60.97744547086601
28134,62.839777200239205
28135,64.2843243156265
28169,28.094417323880812
28170,32.64994209856579
28171,35.49271707036164
28172,40.926145983582025
28173,43.060157571114296
28174,21.44011320072995
28175,26.106852112746065
28176,31.645607659287812
28177,33.49609203175767
28178,35.46831159265969
28179,37.538189245168354
28180,40.11169436547778
28329,20.80864808046437
28330,23.89623393842766
28331,25.583119562966484
28332,30.394005250350517
28371,61.047952000291346
28372,64.48313951556744
28373,65.04057816190473
28374,68.38155916040371
28375,70.82810593937111
28376,72.44732809881275
28377,73.11282370805203
28378,73.53648771332651
28379,73.51481195143374
28380,75.29239155866425
28381,75.88971702375679
28382,76.05007157526327
28399,49.079100767392234
28400,51.62541731938414
28401,55.73456271583522
28402,59.22579030574997
28403,62.427772036922384
28404,63.59564376878972
28405,66.47212890589984
28488,49.41777367749725
28489,56.28511148016378
28490,60.72153953901043
28491,65.53228177085774
28594,28.561458666388322
28595,29.459796275552222
28596,32.995512895754125
28597,35.948565563305614
28598,36.0168027008182
28599,38.27923051086148
28600,40.89353768915458
28601,43.99308960745827
28602,45.6357973840838
28603,46.96513418925681
28604,50.63053362006206
28605,52.84240188835093
28618,25.86581770206647
28619,27.21399591327712
28620,30.196986265781003
28621,32.61187147586792
28622,33.61886133898257
28623,1.1885540620529158
28624,1.4563233524663493
28625,3.8398702281989134
28626,6.173051322531227
28627,9.074602793051541
28628,12.152813553243496
28629,14.861319215170118
28630,16.55730716506291
28631,18.078603351342675
28632,20.659123701387113
28633,24.377340766379223
28682,10.70971571544521
28683,11.00038289999749
28684,15.301997957443062
28685,15.941352071346996
28686,17.642744313792747
28687,20.094972357541888
28688,23.364959572405873
28689,27.48469016389994
28690,31.459174861698095
28691,33.420706789344415
28692,36.437331564543356
28693,40.7815247361537
28711,5.252509750525417
28712,7.853315651711434
28713,11.149209315424631
28714,14.45980747967514
28737,19.410335027439363
28738,23.736424542332877
28739,26.223608357539447
28740,29.526342954889895
28741,0.6962863853480321
28742,3.615628116480685
28743,7.014662913183314
28744,10.6010791098287
28745,41.15101503026037
28746,45.36274229205073
28747,47.995850599275286
28748,51.498886966953876
28749,54.08059885878306
28750,56.01356063917578
28751,58.43543336343584
28752,61.27083313066525
28753,62.171614036349496
28754,62.224048691607656
28755,65.32069842089315
28756,66.00211063076844
28761,30.07287068458431
28762,32.383895887816074
28763,34.2406100679291
28764,35.22825715744729
28765,37.34612679040328
28766,40.53344001106214
28767,43.815117204293244
28768,47.62819212230648
28769,50.10608052196398
28770,52.14412704696184
28771,53.251938894807914
28772,53.5619523809026
28825,18.397739550032824
28826,21.43619950226256
28827,23.503875141758023
28828,28.767370190061644
28829,33.96913581442527
28834,27.62435748046445
28835,30.152373783367885
28836,34.503625916485
28837,38.401038871981996
28838,42.0914820320662
28839,45.22261640703784
28840,46.354511254743194
28841,47.460312939211306
28842,50.357558949804435
28843,52.45534560195721
28844,29.070713794785078
28845,30.2604250357536
28846,34.02647332559632
28847,36.961270367843625
28848,42.59770619227831
28849,45.129076913789305
28850,47.05634669866463
28851,46.43940866946525
28852,48.55701224366969
28853,51.41333344134517
28854,53.351922258601405
28855,55.55465554629665
28901,25.666938228921403
28902,26.067769108273566
28903,28.417447732495145
28904,26.311070932570075
28905,27.284417478569136
28906,28.15838523327401
28907,32.18068005504128
28908,34.90011909410591
28909,36.27207322768063
28910,39.75710481769582
28911,41.49328429312947
28912,42.82767454590062
28913,23.516735928196972
28914,24.30585520503424
28915,26.060833383319352
28916,28.45501553443467
28917,31.3599275053679
28918,32.80371216795043
28919,35.9256173129079
28961,32.166878386016045
28962,34.33891945937345
28963,35.332773032510445
28964,39.04856332416213
28965,39.20584390891154
28966,38.37616620195609
28967,39.19251580656765
29047,24.327732132992477
29048,27.65605428106452
29049,27.754940912447065
29050,28.47371524350248
29051,27.424078118722335
29052,30.04532460989935
29053,34.03646348144218
29054,38.68035117600587
29055,42.52167026807352
29068,15.254610202587141
29069,17.967816914632945
29070,20.328117685499205
29071,22.84136852390151
29072,26.28137571610628
29073,29.83362468469451
29074,31.72836166281053
29075,32.371932473753986
29076,32.69827815297765
29077,34.37375034728694
29078,36.761476182228684
29079,38.52789017684248
29221,10.356987351698015
29222,9.685695077205807
29223,11.401372928607891
29224,14.251686428772993
29225,15.940227719649169
29226,18.2057124883207
29227,23.48595076289018
29228,26.557208214912954
29229,28.109502143247052
29230,29.815651665963635
29231,32.227023293567456
29232,37.044872622196834
29341,14.405141158942758
29342,15.424700354473444
29343,18.40208868306185
29344,21.769806040004962
29345,21.978412407490303
29346,21.641789525203322
29347,22.68525254601683
29348,24.05891867363772
29349,27.133821527502942
29350,28.785840222766755
29351,31.17982647002474
29352,32.523154385822004
29384,55.613012571676286
29385,60.18625527776625
29386,60.9822221930636
29387,60.986680383493116
29388,63.766294596645416
29389,65.2995481894622
29390,66.43639674628766
29391,67.79329923796374
29392,67.54215754568743
29393,69.23710503067537
29394,69.88186034895138
29395,70.24464608710979
29417,58.64164989749818
29418,58.05561088410032
29419,61.2416659220606
29420,62.24595839010924
29463,35.81657850433593
29464,39.75468969730884
29465,42.90438756790519
29466,46.71116800962363
29467,49.70510583445287
29468,52.383450485901065
29469,55.40053094876969
29470,57.0278574662823
29471,58.79772938424301
29472,58.90802775937449
29473,57.77478695044582
29474,58.8362686681773
29475,24.83168220684756
29476,26.735969118682803
29477,27.61198318831761
29478,30.041118769289678
29479,31.85458962421511
29480,36.68861982993842
29518,54.69288003135086
29519,58.40012004787467
29520,60.7933912997892
29521,63.36542655279419
29522,65.84590808594999
29523,66.78640073015828
29524,68.71926142064198
29525,69.2597369769255
29526,72.11580906215828
29527,72.4549184556212
29528,73.40595073357471
29529,73.92362954271829
29557,29.25347492897959
29558,33.32882694610034
29559,37.09877226123883
29560,42.00395034372619
29561,46.56531088844253
29574,23.93821011838905
29575,33.5242042550471
29576,40.76031116112218
29577,45.36027844722618
29619,48.57834726452199
29620,49.0280385500248
29621,51.14470062842256
29622,53.80572884910591
29623,42.09217924723473
29624,44.54577205137638
29625,44.57171707052495
29626,47.2243501083927
29627,50.66997791666691
29628,53.101732185114116
29629,56.303935547520055
29630,58.11457739724446
29635,20.0388982569483
29636,23.5300000741744
29637,25.71179126222457
29638,27.081573825241463
29639,28.79406411221034
29640,31.934163663989008
29641,33.60549736753831
29642,36.69909006401256
29643,38.3003701658904
29644,40.5424245635473
29645,43.983997855471806
29646,48.48681177313997
29687,51.55777057624551
29688,52.91655420061977
29689,55.1269167819871
29690,55.191658329719466
29691,61.801104455578994
29704,27.423846742489655
29705,27.790165371350383
29706,31.053262114608845
29707,33.27462622888107
29708,35.77063610285024
29709,36.4217845473163
29710,38.575621951394396
29711,41.643860511271114
29724,7.513377507196794
29725,8.186242233248759
29726,9.382682195923909
29727,14.216033749629641
29728,18.521392081938338
29729,23.254810654507054
29730,26.77273865552354
29731,29.021544129412337
29732,30.064633123336797
29733,33.65832977026337
29734,38.2157459701829
29735,41.247489844448936
29736,20.116183216325616
29737,23.211285951325888
29738,26.48432971015221
29739,27.782989144993202
29740,28.945397873716395
29741,26.68588424003223
29742,31.384516060267668
29743,33.32164331956204
29744,35.56765586568498
29745,39.11828337996779
29746,44.29848833188969
29747,46.12613159777035
29796,34.77316513930332
29797,40.883696633047165
29798,43.83716209072228
29799,48.9292876374232
29800,52.10442123934147
29801,54.618397323908916
29802,59.75524622317464
29803,59.62805922463867
29804,61.36599580185156
29805,61.91642304008278
29806,62.86185894944028
29807,63.72732360204162
29817,1.2645888728081744
29818,0.9619147705705835
29819,2.6354887432482728
29820,5.340675874165136
29826,40.06822133312012
29827,41.29923551504434
29828,44.39681856908782
29829,47.38130159088351
29868,0.6253391678846079
29869,0.9067901444994797
29870,1.9277475167790399
29871,3.643084360946186
29913,20.822736463340178
29914,23.074509205166766
29915,24.634407802809896
29916,24.117701759010213
29917,32.61952707820421
29918,33.66446425513011
29919,37.385904760460484
29920,39.67028068365766
29921,42.746831063562325
29922,42.91642781782441
29923,44.17192250067363
29924,46.19482540931437
29998,25.178238357315784
29999,26.094406279756484
30000,29.43508567281891
30001,31.65969318454203
30028,7.788940024123979
30029,9.228190128485066
30030,11.77504700710453
30031,16.098784917923183
30056,2.8663392090386064
30057,3.2989314944876638
30058,5.261825758635744
30059,6.929247251786624
30060,10.44612107320393
30061,12.280588686623352
30062,14.364992628626212
30063,17.815601860963522
30064,21.506319874467884
30065,23.863526119485744
30066,25.39420119921406
30145,29.46756198043184
30146,32.12110922484904
30147,33.26985188246962
30148,36.60994420468005
30149,38.90252366442582
30150,38.37789241362552
30151,42.93283828110179
30152,45.76184983825057
30153,51.15291252643499
30154,53.086663030653426
30240,27.178543047968354
30241,31.26548580515408
30242,33.609353201109194
30243,33.351084841205164
30244,29.494561740422917
30245,37.20440584241116
30246,38.27310380874753
30247,40.99271203378268
30248,42.6630429332957
30249,46.03612141784723
30250,49.73569394871441
30251,51.94391771069317
30252,18.482055740982815
30253,24.299667479465946
30254,27.321925249257756
30255,30.799358005777105
30256,34.26339238163732
30292,11.495126748930513
30293,14.340925189314127
30294,17.875634032586255
30295,21.902344062338194
30415,20.055399597489334
30416,23.293140783777925
30417,26.081810571999032
30418,28.827614886555992
30435,10.672376939717855
30436,13.340298215225085
30437,16.415519254108794
30438,21.41382806115958
30439,22.70312913324961
30440,24.533321102404244
30441,25.74845578897259
30442,28.34460797103679
30443,30.28093242967984
30444,31.807473963612424
30445,35.063806946995015
30446,39.16126112576979
30452,55.99720509437186
30453,58.34038402199853
30454,61.233141997143115
30455,63.924796935578655
30456,65.9660176679908
30457,68.0685076353978
30458,70.0701941710776
30476,0.8334654810898672
30477,1.858648870785672
30478,3.347175631082875
30479,6.495841519294686
30480,9.59866005466354
30481,10.330421807731735
30482,11.997205296152904
30483,13.208668563305784
30484,14.716833919926966
30485,15.949804125980876
30486,17.711229917210932
30487,21.47783806674723
30500,35.017110941439704
30501,38.61888010648409
30502,43.02670443633311
30503,45.53918904496992
30504,45.24788812716441
30505,42.86774527161382
30506,45.09177610670403
30507,47.17270687627268
30508,51.5984971027847
30509,54.7016719388544
30510,55.102900476065415
30511,57.117549913227336
30517,18.401774207687772
30518,28.861878975466052
30519,32.43903452704316
30520,41.867808404618835
30590,31.595019032077253
30591,35.31797759842967
30592,39.21385303173145
30593,46.176529202204705
30594,27.421934590416363
30595,32.956815472948634
30596,38.15004057071215
30597,39.428525047948085
30608,36.78482137639359
30609,39.07885324751424
30610,44.202572838463844
30611,46.57556241115763
30612,50.03210138451024
30613,53.472205019568925
30614,56.408048429607554
30615,58.28798963685064
30616,59.996508822084344
30617,62.20640585138963
30618,62.254980100231634
30619,62.470640320521866
30655,20.955810853765037
30656,28.632107083765824
30657,32.25820306228986
30658,42.07658538425183
30769,6.756623400874393
30770,7.827732461865442
30771,11.494872785332813
30772,16.392055685643868
30773,19.461763480218632
30774,22.81842856291802
30775,25.745814758562613
30776,26.87829292048253
30777,28.910325231369004
30778,30.861094660968327
30779,33.35548199149117
30858,2.3944215058716036
30859,2.790412348881702
30860,2.615071304152602
30861,6.238813923285541
30862,8.978534842550976
30863,10.637691117729542
30864,12.727309979406561
30865,15.939928775794458
30866,17.821574482848177
30867,21.20397078782758
30868,24.831403267747163
30881,33.3579091233646
30882,35.72390539535437
30883,40.25498421401087
30884,43.030906481920034
30885,45.635006580400464
30886,51.38796755605023
30887,53.76495485934294
30888,56.52418133577498
30889,60.75334730315188
30890,62.46387630162087
30891,62.10494600387462
30892,65.10937996236875
30893,26.56491994071204
30894,28.929830658864724
30895,38.49742668257486
30896,40.828858271217776
30897,44.926459639724506
30898,47.51889243200141
30899,50.41865400774757
30900,53.909146988903885
30901,56.0079689989045
30902,56.77552255446988
30903,59.398181565681085
30904,59.874205219972886
30993,31.011266230398675
30994,30.716082971955075
30995,30.60359866761048
30996,31.849518521885397
30997,34.56011014913221
30998,38.94362200217121
30999,41.93277066221853
31000,43.49638430346924
31001,43.7007333407461
31002,48.063531962797185
31003,49.220317275236965
31004,52.068316455327135
31005,27.204411415204973
31006,30.56098063376293
31007,35.6754182688999
31008,38.69113228959459
31009,3.040343517863025
31010,7.2050387027933525
31011,10.302628098699177
31012,13.398681907256261
31013,16.85912933724236
31014,20.42386722093155
31015,22.07325459106907
31016,25.40800971622238
31042,28.048779178426592
31043,30.499064557284655
31044,33.891864036595265
31045,38.88706142878453
31046,41.413220758446414
31047,43.67011019349251
31048,45.74556407697617
31049,49.586127070975316
31050,51.43200521904533
31051,53.13051157931599
31068,20.869535759894827
31069,23.042249129549262
31070,27.513938197976014
31071,32.789172140609764
31072,37.37697731244736
31073,40.563267009084356
31098,10.872779646761284
31099,14.347667242102709
31100,17.506864734469197
31101,18.70514892454939
31102,22.01798432242211
31103,25.96620703522943
31104,28.31910049617419
31113,38.41478623752621
31114,45.3677258429086
31115,46.24903425073687
31116,51.32032861463305
31117,12.019408786143643
31118,15.390693520483866
31119,18.810347121498868
31120,23.986197255703004
31181,4.546529357914548
31182,8.198459554233228
31183,10.64639025597545
31184,13.626315191717573
31185,15.757546645758126
31186,18.235601729684987
31215,22.727195822056878
31216,31.562453851399905
31217,36.69239365430286
31218,37.75928112655557
31219,42.582178791257824
31220,43.35227176134665
31419,24.474071223970395
31420,28.661464246625016
31421,33.26478313299368
31422,42.9172524936763
31443,39.103998609888585
31444,43.91731266557473
31445,47.68905311844718
31446,49.0920995254072
31447,48.48116063609873
31448,52.16428946025491
31449,54.05955749739663
31450,56.74047022939768
31451,58.02434662047244
31452,59.85905628020716
31453,60.3180482448316
31454,62.91516679816025
31483,51.25385828861923
31484,52.87560488884231
31485,53.35904963569632
31486,54.852407798615204
31487,58.17550247005589
31488,17.57346183550506
31489,19.50802700112778
31490,25.45433228484103
31491,32.19026241027466
31492,36.547863165377876
31493,39.788389848347435
31494,44.222285240562606
31495,46.746778245431614
31496,49.677745923981036
31497,46.00263571961589
31498,47.09750320951793
31499,52.17917995700235
31536,40.39656702856415
31537,44.87349528853233
31538,48.81698402555796
31539,52.547755451417636
31540,55.41877697231226
31541,57.84882047178108
31542,59.12509970042677
31543,60.823355977732724
31544,60.56949369367503
31545,64.36536264959176
31546,67.23826198381018
31547,67.5734463182758
31548,21.295220385936762
31549,26.762732289045484
31550,36.43857758642477
31551,39.1168150009312
31552,40.34544306077069
31565,29.858230240632494
31566,31.49575221373827
31567,34.5672166609842
31568,38.487536400391626
31569,43.64082095912231
31570,52.0766511504637
31599,19.529419100813193
31600,22.305676562269937
31601,26.07847651913535
31602,27.978347305048548
31603,30.442001217705936
31604,31.39915680002495
31605,36.51618230689233
31606,37.24724522205924
31607,38.03923200114072
31608,39.34213379047769
31609,41.05153331853022
31610,41.3427108560115
31627,24.82204123642258
31628,30.09164945877608
31629,31.251641920030444
31630,34.885525337050325
31631,42.004217228058266
31632,50.30305421885849
31633,53.277270407759495
31716,18.09852717978748
31717,22.858202443598664
31718,25.410397697246996
31719,29.495513283429318
31720,32.66349964521888
31733,2.7869071120101214
31734,5.443645557328143
31735,13.766185471021908
31736,19.644237740536504
31786,5.230462852403675
31787,10.124007635811473
31788,12.658318176170225
31789,16.666200328114453
31832,55.38056013065473
31833,57.18072350148778
31834,61.33176232859
31835,62.92036865685872
31836,65.20813710167035
31837,68.22174717310119
31838,68.06525360895887
31839,71.56298972679728
31840,72.68582581764574
31841,73.06627664559649
31888,34.31194942398029
31889,38.18894880395369
31890,41.504985556217825
31891,49.13936899694274
31892,51.52414832912537
31893,52.58600483241521
31894,55.83394080262552
31895,60.7363451578913
31993,33.19581876512452
31994,38.64199605731024
31995,43.035300749384064
31996,47.96194528938293
32014,17.712052542699414
32015,19.939889083735505
32016,20.584371689238175
32017,23.491947860944148
32018,25.18253104032093
32019,28.227923746668548
32020,29.835696723184125
32021,31.334059402825137
32022,32.26710348948113
32057,26.302056511157545
32058,25.898971023729718
32059,28.560770453189086
32060,27.279720913186225
32061,30.397167761867593
32062,27.547299755346423
32063,32.563252154176084
32064,35.22990582646355
32065,37.929560340809275
32066,41.416153792823145
32067,44.68109335700659
32068,50.52329183019781
32119,1.178065172582603
32120,1.1857073488873475
32121,3.9769964730759684
32122,7.610952638959431
32123,13.308293693324238
32124,16.570296829979902
32125,18.428883751616507
32126,20.79055812375786
32127,23.316010376116594
32213,31.8631279566444
32214,31.241159966164822
32215,34.226212417521864
32216,34.40103431143543
32217,36.26479315253543
32218,39.45716023727876
32231,23.13145708113927
32232,32.58344935485886
32233,36.43196024472689
32234,39.567373673588165
32235,43.600617916561845
32236,22.148573907656683
32237,23.32998956035487
32238,26.206471371492764
32239,28.55650513672302
32240,31.588375306634287
32241,36.12193485020418
32242,39.608278461980476
32243,41.5755262412636
32244,40.13811592994268
32245,43.66221411861291
32246,45.48504961967647
32247,46.83490236798091
32353,10.368839846043791
32354,10.401416087751421
32355,13.066215756812685
32356,14.143750053522796
32383,0.5627295132121237
32384,1.7807881836068078
32385,1.8679105922518555
32386,2.7112082971047418
32449,5.659936144104335
32450,7.162323238521712
32451,7.942637313996053
32452,10.0816357451099
32453,10.03443446976862
32454,11.597696299068408
32455,14.417318695495004
32456,17.25393458194077
32457,19.68138536968399
32470,31.341385400537842
32471,36.47089879230073
32472,39.449476996541634
32473,41.819885010333294
32474,47.101733518655564
32475,51.56205108136911
32476,56.04398457868385
32477,60.543260741643465
32478,61.18207174804771
32479,64.34111153418725
32480,64.40514090386083
32527,37.952079123379406
32528,36.57232502992928
32529,41.42960314195417
32530,38.90001653543934
32608,6.626498348469424
32609,7.250675884124339
32610,10.399687120787782
32611,13.72102825463676
32627,14.837747505296862
32628,20.467045176128376
32629,26.54777026451408
32630,30.169810279998615
32713,25.302231717263123
32714,28.835440199914416
32715,32.190919732965604
32716,34.12013084530887
32717,33.43414008433168
32718,36.19499902885253
32719,39.21879213507951
32720,40.168870285977334
32721,44.31566863856864
32722,46.51390697531635
32723,48.13246297454407
32724,48.85694630869651
32725,28.816279421040846
32726,31.37053008748291
32727,35.56556630719281
32728,35.580540500814976
32729,38.132740151153435
32730,41.58086091105783
32731,44.86053473921972
32732,49.64928266305371
32733,54.3376808906113
32734,57.4784472117098
32735,59.03036322837648
32736,62.19846636550811
32741,14.260922507970623
32742,16.905790509860832
32743,18.92480919522547
32744,22.174321194413572
32745,29.590584857036596
32746,34.19123638638784
32855,26.4628408098148
32856,24.473753698780275
32857,25.953587678119916
32858,25.473885942293066
32859,28.09521344181073
32860,29.762467469824653
32871,1.1036599395826212
32872,1.2505474421701794
32873,2.370818186884207
32874,7.236455806042919
32875,10.1046751832657
32876,13.558237964624068
32877,16.68081156998542
32878,18.21335650384261
32879,20.50828526070111
32880,21.914831102151798
32881,24.274320575745335
32882,27.763318127226594
32901,12.323815101061625
32902,12.80248761018932
32903,14.395803198292628
32904,15.588775506860502
32905,24.295826155697828
32906,24.936762630863615
32907,30.025904598538833
32908,38.70365037537799
32909,48.68004051166856
32929,47.47639416093352
32930,52.465899257150326
32931,54.943577855822255
32932,57.11458069714956
32933,59.07026363905119
32934,59.75987385385299
32935,60.37998492208182
32936,63.84099754243044
32937,66.47277291277945
32938,66.53160605151946
32977,0.6655066752574248
32978,1.1654303789839313
32979,1.260963316168169
32980,1.758886659206898
32981,2.98148620646761
33029,36.615317624800625
33030,37.27216872021865
33031,40.57256736441877
33032,43.23711605292849
33033,47.048645345142845
33034,47.47522307048623
33035,50.027752653893096
33036,50.28424227839174
33037,52.17204866586162
33038,53.466085583273525
33039,51.89770052917329
33040,53.66738118312909
33107,43.86511387501122
33108,46.45302700470889
33109,49.72331146952373
33110,50.18996244742099
33111,50.465456163935066
33112,53.406661198087
33113,54.00266785670191
33114,53.67758820097373
33115,55.83348851094931
33116,56.4524832475433
33117,58.459916162042084
33118,61.873606448594025
33119,28.492398888470266
33120,32.61886538446108
33121,35.88690995721976
33122,38.15028948710747
33123,41.05697173128111
33124,44.23018931075465
33125,46.10407970003762
33126,49.38538937719249
33127,51.67761812215932
33128,52.78505540632806
33129,53.10681942245327
33130,54.64420555346401
33135,27.00996752445159
33136,28.143746570411775
33137,28.688448457621778
33138,30.802098144003015
33139,32.77962442229797
33140,33.671919082393195
33141,36.54023507950746
33142,41.13531216627955
33143,43.98812626557445
33144,45.63631209992698
33157,29.44184555975903
33158,32.34019701682069
33159,33.46456761537196
33160,35.71813101056253
33161,34.57799316481077
33192,10.402171370531116
33193,12.335713221820717
33194,14.016682152573441
33195,17.00971293994033
33196,17.85554976916029
33197,19.19476152732719
33198,21.57489106430346
33199,27.720406450223972
33200,30.593656188531135
33201,31.495512952270804
33202,33.93932998779091
33203,37.78548931729232
33204,24.671687733674293
33205,26.58585615399425
33206,30.309115720695328
33207,33.510106128440164
33208,36.27550240333048
33209,37.57052788053385
33210,38.24403034036879
33211,38.009187124930854
33212,39.18187807496037
33213,39.9991539508411
33214,42.18775302843263
33215,43.18918045269739
33228,14.873845605591343
33229,15.422441371225244
33230,15.356195949867665
33231,15.49441128847363
33232,15.299367228761275
33233,15.302999583691946
33254,16.78479445556988
33255,21.955512557095044
33256,25.629670551390838
33257,30.31274620556978
33258,0.6031600768025245
33259,1.1339932350198207
33260,1.5819244336601315
33261,2.318878625925323
33262,12.0982667088483
33263,14.052167772958537
33264,15.549117256048344
33265,17.857119897476807
33266,17.45005209490506
33267,18.32239526497744
33268,18.916223384965747
33269,20.05037624233234
33270,22.710561588674516
33271,25.098394919805525
33272,28.30692880441513
33273,29.668120849881472
33274,14.51695083541471
33275,16.26962209110415
33276,21.6859778056411
33277,24.380623762758553
33278,26.435617431537512
33279,26.297329055744143
33280,28.938468391407064
33281,29.581197648646807
33336,36.73203733187851
33337,38.59094251201231
33338,41.91316263533114
33339,45.639937988020094
33483,4.029047199029901
33484,4.9555306428539625
33485,7.118215116806459
33486,9.101446098286512
33487,12.651331511904953
33488,14.525373895280719
33489,18.408158053979243
33490,21.992233295267184
33491,36.067857482761646
33492,38.36913339263159
33493,41.34146543013779
33494,46.705751730594756
33495,49.61787920410124
33496,52.7035211384945
33497,52.060281599476454
33498,56.556160570807556
33499,57.61450849023284
33512,27.740976672892266
33513,29.58196853981072
33514,31.957412161473698
33515,36.27129650059534
33516,39.770917396987294
33517,41.73943865906105
33518,46.47008261150406
33519,47.98905349510071
33520,49.938247998635326
33521,52.48632326807034
33522,53.50361884962192
33523,54.03729001504074
33528,31.406687586321066
33529,35.813374905588304
33530,47.85156488316245
33531,55.10927986663723
33639,4.654005504928569
33640,7.483888811496963
33641,11.037213844881821
33642,14.656517316307282
33659,38.93588093817644
33660,43.9324149639371
33661,49.857713550112315
33662,53.31852278021921
33716,34.28648364421515
33717,38.11298994974747
33718,42.059390990352426
33719,43.96651444920735
33720,44.979051463585996
33721,47.20565498534091
33722,53.550109140388706
33723,56.375175579697476
33724,57.82076799437226
33725,58.52655846768261
33726,60.68862529343401
33727,62.74845061986737
33958,14.438975175168519
33959,17.432121336049473
33960,17.919395794910365
33961,20.11137705547127
33962,19.16518127539944
33984,10.355061429874263
33985,14.052685603196588
33986,17.374474442630643
33987,19.975784248269026
34035,1.0506586884447955
34036,1.2530113215561423
34037,1.889929044801592
34038,3.248861245221448
34039,5.794053010235661
34040,8.536791476822673
34041,11.29288694571396
34042,12.436159428068798
34043,14.135384608201631
34044,17.49727378503726
34045,21.48869284072468
34046,24.884185217466698
34047,54.93320295982301
34048,61.54244193066387
34049,63.6838267190276
34050,66.26489259018801
34051,68.23212409827885
34052,68.42188510731744
34053,68.25970739970528
34054,69.96988118991716
34055,71.79585436787134
34056,73.62420093185384
34057,73.92415697893698
34058,74.71801725007876
34063,29.675600166114044
34064,34.08039636804436
34065,39.60276553198568
34066,44.2015660170306
34067,48.02827716438464
34084,9.430083101284607
34085,10.264119332844867
34086,13.942160692562435
34087,16.270884740047503
34088,18.92961916271609
34089,20.938377525703196
34090,22.941855303261054
34091,27.27310804775829
34092,31.428409826919797
34093,35.656475791586644
34094,39.269285502578015
34095,39.35065149334199
34108,28.150201691473537
34109,29.651759119617914
34110,31.301922055297943
34111,43.79012142629517
34112,46.89998911346495
34176,16.358504240445516
34177,18.035560515019107
34178,20.871602747367337
34179,23.461687435096696
34180,26.746976353113396
34181,29.097154557422815
34182,30.987825833776267
34183,32.65199115643618
34184,35.87087099631454
34282,13.950710915179348
34283,14.386118559654513
34284,16.979633839258383
34285,18.572997606310956
34334,8.276489012092929
34335,12.975287768372223
34336,16.441942869195707
34337,19.79690962836828
34427,43.51297712312973
34428,46.555566693519715
34429,48.287348429087096
34430,51.019479514680185
34431,52.00609978971534
34432,53.795553894945556
34433,53.75382754750493
34434,30.844545121055003
34435,34.112687170505986
34436,40.7084395636748
34437,47.0358388270499
34486,28.83373528877413
34487,32.26940157212157
34488,33.86097160927414
34489,37.04721175154378
34490,37.72561737769967
34491,39.58154498432419
34492,39.820782679179565
34493,41.65407120886927
34494,44.393035624475004
34495,41.10049532951887
34496,44.38716872111195
34497,46.767881438634795
34538,0.5596687356918444
34539,0.7916033121001544
34540,3.881141786589689
34541,6.759545141225865
34594,36.28577024190753
34595,38.70065762583147
34596,41.7210905982015
34597,45.217494349929346
34598,6.470506366460579
34599,7.6433756434791915
34600,8.919887471924943
34601,11.602220519332745
34602,15.017005546447338
34603,16.645967322011558
34604,18.038002592992356
34605,20.326386167452277
34606,22.628312022020964
34607,26.349793878684853
34608,29.042503741939726
34609,33.46100450197778
34610,25.25960407033936
34611,27.491762351403295
34612,31.88634765808088
34613,32.63183413720814
34614,35.27541014142228
34615,36.748297113665686
34616,37.18425329846848
34617,10.700154216286565
34618,14.327443694693422
34619,17.261671840624434
34620,21.127035637256288
34621,25.54044515969604
34660,10.84927400097784
34661,9.380643670185977
34662,14.977800186705975
34663,16.69691002952106
34664,23.79912956278169
34665,29.74443105187901
34690,5.0986048646805155
34691,6.498607967002403
34692,9.729783967486474
34693,10.794371287908199
34694,13.374404808365508
34695,16.20881060469144
34696,20.717544312830043
34697,25.111699784202035
34698,29.66702319326358
34699,31.36761310123332
34753,8.115292807711803
34754,12.691541341432066
34755,17.589844599259436
34756,23.935049058372137
34757,25.45281176523969
34758,27.266714104026168
34759,32.40209502957175
34760,32.572225236791006
34761,35.62189797408629
34762,36.7407102053589
34763,38.87636961546612
34764,39.70436690252481
34806,10.793427201051893
34807,16.014833539426284
34808,19.488052964511855
34809,24.236382856201903
34810,27.84355193844966
34864,18.890603049128714
34865,23.573859144683798
34866,27.23077148361548
34867,29.95191780125829
34874,20.966930797635634
34875,24.06364836077674
34876,27.895754948652367
34877,35.075462291455885
34906,27.646500139511655
34907,28.875740626635974
34908,29.213126063037553
34909,29.996627904043024
34910,32.75598840781891
34911,34.06365885608565
34912,34.24200612664087
34913,37.99897511178454
34938,40.3264811258642
34939,43.53206357145747
34940,46.31418374719427
34941,51.913115783700036
34942,55.817960086429714
34949,18.14006190289934
34950,20.925028732219054
34951,23.844009467742193
34952,25.144333234630217
34953,27.96744821492957
34998,36.728530302802135
34999,36.16066913708707
35000,39.91252094437886
35001,42.30361035510115
35002,46.90269581877576
35078,42.1611413838105
35079,47.112738372084834
35080,47.47157039074387
35081,48.91157993558417
35111,9.313710274790392
35112,14.455028060298746
35113,18.152167819264726
35114,21.015163346829283
35115,24.971646665989674
35116,28.69698851423373
35117,31.911746887143533
35118,36.89861648358235
35119,40.15635468943274
35120,40.351832893166005
35121,41.56396250010584
35122,44.52294249323413
35177,34.109004322923056
35178,35.5911512201569
35179,39.72733437662366
35180,44.89586127821866
35181,51.201096320652205
35207,22.58739406954978
35208,24.9468334553307
35209,29.10580530837075
35210,28.321761339900156
35211,30.736394952748647
35212,32.52815918085127
35213,36.292793636412526
35214,40.4346665521574
35215,46.162005550097376
35216,48.19357122388918
35217,49.10907478280476
35218,51.013612419592675
35277,44.85789734600639
35278,46.588426643284784
35279,50.63655146275328
35280,52.62187151784569
35281,54.78615899011751
35282,59.015546075768086
35283,60.840169108970706
35284,63.09093967135058
35285,64.7604501056755
35286,43.859373709946276
35287,45.019848304070294
35288,48.14713853743788
35289,48.95903980030542
35389,21.750628415058923
35390,23.794415874105432
35391,24.317830711486923
35392,26.802455114053465
35393,29.254882020735053
35394,31.200655471992768
35395,32.19083472522316
35396,33.07878340701733
35397,33.53808401790226
35398,35.19789608826524
35399,36.08833349847502
35400,39.08295891349415
35401,28.517622525314835
35402,31.850916954914705
35403,36.0546847325995
35404,40.496518415732915
35405,43.577929543200945
35406,45.97275111804416
35407,48.016895338735935
35408,48.73800423369442
35409,50.57156201239243
35410,52.836046003063224
35411,54.16328112137669
35412,53.312406900761566
35438,30.630232914999002
35439,33.25198777021933
35440,37.59081635936097
35441,41.7548127920394
35442,45.15942760394589
35443,42.6801403009125
35444,43.433298886276496
35445,45.16868783864284
35446,47.85262903247086
35447,51.97480460311873
35448,56.2492083247327
35545,57.7077875432664
35546,56.54245688434543
35547,57.00584366427228
35548,57.087484728569436
35549,60.05620299722617
35550,59.930762139124504
35551,61.6601572475634
35552,62.82457274304716
35553,60.696482859955736
35554,61.469650325375405
35555,65.66779157874893
35556,66.7489306482943
35557,31.7948256999811
35558,39.4049089262028
35559,42.10022818987596
35560,45.447681397578556
35614,39.82964278781801
35615,49.13961886685603
35616,51.591089603382315
35617,58.07619347202617
35618,52.122373293232684
35619,53.906865368447654
35620,55.55193807715794
35621,17.248696238231993
35622,18.873865487462595
35623,24.074013260727153
35624,28.367695948935484
35625,30.957012484626652
35626,29.510737951161573
35627,31.213932025321608
35628,35.049811140704456
35629,35.64370107850943
35630,37.85707013662945
35631,37.356728465318966
35632,38.523932679834736
35676,50.36340928186602
35677,53.16292455045857
35678,54.92674801807594
35679,57.78284190731293
35680,59.76847933383353
35681,60.03506556771058
35682,62.112428874244344
35683,63.71749667585984
35684,63.68801134981938
35685,64.38860530085562
35686,65.61322270478367
35687,66.86249101845164
35706,22.478800619217317
35707,23.6848363948747
35708,25.2066944264395
35709,27.035159912704977
35710,18.414803135072546
35711,20.85987739178541
35712,23.998951577655113
35713,25.32791831035069
35714,28.47423413517306
35715,29.960138355430093
35716,32.04421298527675
35717,35.056267769456554
35718,24.500121398934137
35719,29.839932065684735
35720,31.990586074438102
35721,34.32095881852007
35727,17.5900290509183
35728,22.660681954822426
35729,24.936155690265377
35730,28.377546693629608
35731,29.725408677726904
35732,33.44970190737716
35733,35.56524362241619
35734,36.66804354167
35735,38.032004465446484
35736,39.8881767029522
35737,41.82729069128981
35738,42.506633129501466
35745,13.123523888627366
35746,12.053966060646694
35747,12.093691631437611
35748,12.465471814069213
35749,12.233547119034204
35824,17.91801060904975
35825,15.90115771994479
35826,16.03755720414774
35827,13.819446176123517
35902,2.2310508802026434
35903,8.77206251478981
35904,12.386987608684347
35905,17.98068523371322
35922,18.77004115457981
35923,22.11882995173826
35924,23.6553704697756
35925,25.21805485079656
35926,29.004495777886078
35927,29.800621452362783
35928,30.831331448243102
35929,33.8420831140937
35930,35.67231825391993
35931,36.208236255762074
35932,36.925017514769515
35933,37.92733305415734
35974,16.327118804851064
35975,16.964366178836187
35976,19.99705747358688
35977,26.254824523319016
35978,28.596651837639342
35979,31.783556487924212
35980,34.41360192738332
35981,36.327063276619505
35982,39.952518113534445
35983,44.752537793463915
35984,46.347803704949165
35985,45.93266974337432
35986,12.014535704862505
35987,17.866172006805396
35988,22.724968771223782
35989,26.33854610329002
35990,33.79771331162738
36068,22.494800603116996
36069,24.93393167733897
36070,27.529506982042633
36071,33.2821708335634
36120,34.604609384617
36121,38.81876017197438
36122,45.02176870240585
36123,48.85844700962076
36124,55.76365668269352
36137,19.95030759876882
36138,24.120576081103238
36139,26.689381694557657
36140,28.011368566081668
36141,32.73130044223077
36142,35.93944785168242
36143,38.00393434728093
36144,39.437181816931
36145,41.061179695789754
36146,42.50512725069211
36147,43.283222609833594
36148,43.89127067434331
36192,37.11531941473288
36193,39.28563772507686
36194,39.90193978730956
36195,45.196999495048814
36196,45.716840729133246
36197,57.57382149438064
36198,58.81495050428252
36199,59.37771602606467
36200,62.090734628557016
36201,62.8082874745025
36202,64.31452713763764
36220,24.633405969806635
36221,26.68219756878857
36222,28.175790178354312
36223,30.850117589107178
36224,31.887734801482484
36225,35.836919965260726
36226,39.31408449073978
36227,40.13986857644672
36228,42.65399872811518
36229,43.87516958244243
36230,48.42499517417119
36231,51.97345095948675
36245,44.298737380490884
36246,44.2558182566672
36247,46.498908632238226
36248,47.11018846450157
36249,46.708071897271445
36250,47.02472651017481
36251,49.44186945425897
36252,52.76935865994865
36253,53.06094961646674
36254,36.89614559137468
36255,35.98645657223002
36256,39.22356913493055
36257,36.75440665140552
36258,37.76431056401902
36259,39.568997055051504
36260,40.549156539082794
36261,40.78879413089408
36262,40.09514954210073
36263,43.060331083818
36264,44.04190652972794
36289,0.8520460438944792
36290,0.8611005615566183
36291,1.1615689160528142
36292,2.0849678185378386
36293,3.86052847649897
36294,8.26633529513165
36295,9.138171744642197
36296,11.663606732963547
36297,13.754551409273734
36298,15.74443518554289
36318,24.939439826753063
36319,26.5424436053865
36320,28.06293544390487
36321,31.48704805673065
36322,32.693393804678905
36323,36.698788460917584
36324,40.603945364617715
36325,44.325648497095045
36326,46.478493453197004
36327,47.24761718879654
36328,48.46708398435752
36329,50.91831711550968
36330,53.26444226051693
36331,54.98512960834215
36332,57.33060325489692
36333,59.83200851531719
36343,20.61439315908153
36344,23.05470810671423
36345,24.104512864992117
36346,25.89398050501439
36347,29.128893127028462
36348,30.36320900210632
36349,31.34312617673798
36350,35.33964799932754
36351,38.255487815238496
36352,39.19622855351316
36353,41.378449666805786
36354,42.60111717768006
36367,17.39869303167532
36368,20.80595804076529
36369,22.66841830133046
36370,25.76837258828044
36371,24.41460509201562
36372,26.451267111811195
36373,31.415776128277127
36374,35.239620538031964
36375,38.66723370465588
36441,37.05624440575324
36442,39.557914118901635
36443,41.67760275227834
36444,46.25607955609354
36445,48.70040496816602
36446,53.02457332275155
36447,55.58067937741251
36448,60.516259783547206
36449,61.45174714057617
36450,64.67769833021569
36451,66.23333977426284
36452,67.7157888477265
36453,22.040941271501246
36454,22.617975709103828
36455,30.281641482259843
36456,33.910798208344005
36457,35.928806875262424
36458,41.209410305054206
36459,43.56008829576172
36460,51.381463694725895
36461,52.06455628347312
36462,54.42821768433132
36463,54.23373739869706
36464,56.91355125215892
36523,1.5759377575563283
36524,4.189570441728569
36525,7.914826586674315
36526,16.02663016009596
36601,21.840948777715543
36602,27.234565663388967
36603,31.198412733774173
36604,32.868669398634204
36605,33.85038955627853
36606,34.88158638966191
36607,35.335919715448256
36608,36.289531052783296
36609,37.099096881211786
36610,38.359895561267585
36611,40.66378000231396
36612,41.7121738227995
36618,34.90209699888191
36619,34.56003936193872
36620,38.39199515919793
36621,40.81737388074045
36637,40.177923828007735
36638,44.59341017779637
36639,47.976448249572016
36640,50.70615511625979
36641,53.601125990831015
36642,55.406198822570914
36643,57.47321134845319
36644,58.34062182096964
36645,58.36549309998367
36646,61.94797110509209
36647,3.0594113994091483
36648,5.856283784589487
36649,8.210398204017984
36650,10.512719884701562
36651,12.753067389548814
36652,16.431918730482224
36653,19.954199866364927
36658,43.56259576204765
36659,45.23333722059393
36660,46.75274517961716
36661,47.60310087832289
36662,52.25619922114153
36680,30.522422482039296
36681,35.19920112980717
36682,39.58610174036882
36683,43.747231406385644
36714,13.736922597961845
36715,17.881313309427522
36716,22.707844917911025
36717,26.036477387687544
36734,45.31215406386356
36735,50.02005400687223
36736,53.539417999700575
36737,56.03261796652471
36738,58.674891613080874
36739,61.52633346514273
36740,62.5476714434428
36741,63.16226076878846
36742,66.05446446412685
36743,66.33591952132855
36744,67.38231930215315
36808,28.700351924504194
36809,29.735690144694633
36810,32.77022495633178
36811,34.336839149859536
36852,20.393022772787774
36853,22.843019385836186
36854,24.533992196349335
36855,28.382662282391273
36856,31.314491351724698
36878,5.760607545929254
36879,8.231283637911414
36880,10.578526005075844
36881,14.665098230460456
36882,18.399285004437136
36883,22.76132806846352
36884,27.653941241788324
36885,28.21738791106988
36886,26.749997150275767
36887,25.794059243417642
36888,28.74144306323714
36889,30.577101355665267
36890,39.43062762195555
36891,47.34755935445455
36892,49.1250587137855
36893,52.66323834017905
36894,51.886603659538814
36951,26.40451416130159
36952,29.829934323678565
36953,34.210556277798624
36954,37.67061888168908
36955,40.03391880352334
36956,45.3066394774154
36957,47.7386138469629
36958,49.82628702474036
36959,47.50455333879556
36960,47.87213515975102
36961,49.177344493136204
36962,52.84666564824093
36975,35.726987387247036
36976,45.1017140596034
36977,51.03993780186786
36978,56.63806677559965
37010,3.7108437234137286
37011,4.643312926878918
37012,4.180645627019147
37013,7.427911292075154
37014,12.42606200381269
37015,13.396417577355914
37016,16.282979242964284
37017,20.258182909412252
37018,23.979767076586747
37019,24.461302616105073
37020,28.592863424234203
37021,31.23310057656781
37022,46.43335919446448
37023,49.682149001681495
37024,51.087414983360325
37025,53.3531512273537
37026,51.56140460170904
37027,52.52078917810828
37028,55.28370519197298
37029,58.20592287053646
37030,59.09742006971811
37031,60.14310401379281
37032,61.82308289597582
37033,62.98039125221798
37034,24.635980154868612
37035,25.863243424541157
37036,26.304269137684813
37037,25.52797475948464
37038,26.755204471046202
37039,26.90978892966824
37040,32.405271513695226
37041,17.195812895627842
37042,19.279737719582894
37043,21.519569381514913
37044,22.610182384171765
37045,25.088541386457013
37046,26.729891140750397
37047,29.661429357085
37048,31.51561028759058
37049,32.28538922939743
37050,36.467934385049006
37051,38.37694316270799
37052,40.96377135483431
37053,36.999530041010125
37054,38.02275836983695
37055,42.72331826575719
37056,47.57856449051741
37057,63.21164810850714
37058,64.3482437827275
37059,64.14986003963143
37060,66.97626061996459
37061,69.18509858463511
37074,29.978667911821166
37075,33.91160592952989
37076,34.82582424267788
37077,35.548544888846
37078,29.994737033073935
37079,32.480337178079246
37080,36.856017906814856
37153,21.376526958694814
37154,26.293881160993354
37155,29.579985158961975
37156,32.43448911961924
37157,35.59777672120156
37158,35.47006467795763
37159,36.70273551541187
37160,38.09620849200632
37161,39.06623580742128
37249,20.130321713522374
37250,25.555960468666363
37251,27.63470753075513
37252,32.311738547475315
37253,33.07011795525918
37254,37.96977527942156
37255,40.923240044995644
37256,41.93709592564972
37257,43.6432620240865
37258,45.77515086828393
37259,47.1057523904519
37260,46.48235973276965
37261,7.04701754797868
37262,8.406255345799735
37263,11.485418087519829
37264,14.539854557195302
37265,15.558348319895234
37266,18.319648817893707
37267,21.20757682996808
37268,24.200702950891028
37269,27.60417475696696
37270,29.64977422906073
37271,31.68108126543352
37272,33.05930790102132
37308,36.27607560590035
37309,40.680133578576196
37310,44.596428992700574
37311,46.86540165519097
37398,33.86815686992218
37399,36.9971232722674
37400,42.81784270030754
37401,46.85232341256545
37430,19.659660516018462
37431,22.89054569961643
37432,26.36849395509044
37433,28.910939170546598
37434,30.66945153803247
37435,33.75078343952561
37436,34.17735423607523
37437,35.24605845936439
37438,38.776240146112286
37439,43.09592864669709
37440,44.817106148613234
37489,35.263881974690115
37490,47.53140101701399
37491,50.876694957615534
37492,53.704468780267746
37493,53.66282579086807
37494,55.24186321998552
37495,57.25696367746535
37555,14.657884303515708
37556,14.960094021457804
37557,14.692549440695455
37558,17.750349145821982
37559,19.132703304436507
37560,23.35210136962815
37561,33.91764010209829
37562,36.62375467339166
37563,42.36451209637604
37564,51.956515612399805
37577,27.82128868849647
37578,30.076388684578507
37579,31.855500296617947
37580,34.94297177275467
37581,40.932546757841955
37653,22.245122014889592
37654,24.046883368383476
37655,28.176697736483696
37656,29.275579436960538
37657,32.12447867653404
37658,37.988453093779285
37659,48.591788236789704
37660,50.59804378829471
37699,41.98491412366128
37700,44.429886045902926
37701,48.65505037400757
37702,49.50802156401034
37703,52.165617758057984
37704,54.24039210125409
37705,55.992151905166
37706,54.65683605767478
37707,56.315949398866124
37708,57.91412843412207
37709,58.37342502452832
37710,59.857985559338225
37756,46.195702807280924
37757,53.459337899228885
37758,55.10629871508133
37759,55.916229063986734
37760,57.41268283617287
37761,59.284054817789915
37762,59.296310275788414
37767,32.86524958387112
37768,34.799178930400664
37769,41.43774606599892
37770,45.3313228387805
37771,47.59383432161524
37772,52.24665772497097
37773,52.959177922304015
37774,56.172343470442975
37775,59.396051500744086
37776,61.97091436519931
37777,63.41141909935083
37778,64.82578135806395
37816,12.311179275158812
37817,16.896360459659146
37818,21.259418105014312
37819,23.773284893192297
37862,19.43380167401655
37863,21.555875261772275
37864,22.662185848434664
37865,21.424379534482284
37960,21.08378475910854
37961,24.020868284563296
37962,26.173964914050714
37963,29.21120131912678
37964,29.651638694097088
37965,32.357441397374515
37966,37.26965349983221
37967,40.60832611555427
37968,45.76329396303697
37969,50.52189768651391
37970,51.04647918602245
37971,54.3309019640913
37994,29.62498824997028
37995,32.485979248309825
37996,42.161702761327525
37997,50.7164545531897
37998,57.158462517122565
38021,28.20817360004335
38022,31.735123260775733
38023,33.41878715333544
38024,34.86226134341733
38025,35.683236358190065
38026,37.71779089810516
38027,41.389801926328104
38028,44.57323141234523
38029,46.04568869597157
38030,48.9040466841932
38109,26.57921086422715
38110,28.248577420338663
38111,29.86529997773373
38112,31.564690039274492
38170,24.06553025114552
38171,24.478194407131625
38172,28.20906158336859
38173,30.9637600490916
38174,33.164451232338926
38175,35.90326604784855
38176,39.25661515420828
38177,40.21320724885806
38178,43.590719919885395
38179,43.01665666630229
38180,45.36879687734031
38181,48.052958564296425
38197,30.40682895377952
38198,33.630883714986375
38199,34.83599445914287
38200,41.02251598705577
38201,43.28943606897701
38202,44.110633372467476
38203,49.99856071167726
38204,53.26618224267219
38205,57.300467852763965
38206,61.280408959200244
38207,61.079112119457164
38208,61.62766268280573
38209,64.52155505976597
38210,67.01682838243515
38211,67.02855031307377
38212,69.96386805347377
38213,72.05411605256855
38214,73.30315054528721
38215,44.16369733325671
38216,50.103812262898025
38217,55.7325736739615
38218,61.916488356260395
38239,15.744677330321814
38240,20.509124023939048
38241,29.274651604989558
38242,31.068012209628183
38243,32.98384708287869
38244,31.145682950230068
38295,15.414004904045116
38296,23.451425296093273
38297,27.45080342172335
38298,29.273197746068224
38299,31.142381855725453
38300,34.9734253332168
38301,37.636283265117015
38302,41.16809786036964
38303,43.01235522627353
38304,46.12963097877879
38305,47.65171482844813
38306,51.949710461719334
38307,53.4955065323829
38308,57.62845751690601
38309,61.20059265808952
38310,64.11502477201803
38311,65.0058971458006
38312,16.104129412371286
38313,18.164861206709542
38314,19.67923669008922
38315,21.39504033125501
38316,21.718343837274166
38317,22.851038127002703
38318,23.620088473435654
38319,25.055217758266192
38320,28.2854026467175
38321,31.286311508264443
38322,32.39923401036821
38323,34.29221098887843
38324,29.402136859798546
38325,30.79645373015381
38326,35.09535404985072
38327,37.94629423066819
38328,39.838011464993095
38329,42.93667428056461
38330,45.52202217142181
38435,27.629612070296698
38436,27.85508042242761
38437,29.853332714547683
38438,30.672294552998483
38439,32.52036469032867
38440,34.86695533141891
38441,35.65537972104901
38442,37.80381386313014
38443,38.820068328664824
38444,40.66150462514286
38445,44.85006655463272
38446,46.47631538835123
38447,37.5067351991006
38448,36.439912565276444
38449,35.874647620487856
38450,35.83995174344473
38451,39.10586072636477
38615,26.895383209325782
38616,29.896991944173248
38617,33.49058756792082
38618,34.92552498869944
38619,33.75151704207413
38620,35.57784429975165
38621,38.652920466191475
38622,41.75782088235664
38623,43.061418207122
38624,44.456153920466676
38625,48.483463701650614
38626,49.88782419426309
38627,20.33350252803189
38628,22.726703541477963
38629,24.94595377880543
38630,28.044215440404557
38631,16.296925884153406
38632,21.596216906726262
38633,29.558625745189214
38634,34.09321787372188
38786,42.37223148867074
38787,50.887160769971736
38788,58.4233177006847
38789,62.57466379428247
38790,65.40870456988982
38853,32.061323108448875
38854,35.75660647685986
38855,38.17266540874766
38856,44.10475483186297
38857,48.35959266236345
38858,50.85236593358049
38859,52.95520967750248
38860,53.55030134662733
38861,55.18251711909371
38862,55.936870995234955
38863,56.89987733052119
38864,58.96729012298956
38869,32.079279479800135
38870,35.82624560951711
38871,43.28438464603012
38872,48.02333031691003
38916,32.3267319024634
38917,34.04668579147125
38918,34.09494835498605
38919,33.23511631393322
38920,33.68508976166063
38921,35.25659239054303
38922,36.37910112628852
38923,37.69349552572803
38924,37.05464862580483
38925,38.06823182302325
38926,39.98759203147377
38927,41.821997325103034
38936,38.649165437697384
38937,43.88266812010574
38938,48.071778088427855
38939,53.53408934089326
38969,19.752020017362145
38970,23.350214936282892
38971,24.52833885129085
38972,23.26030399724658
38973,24.621407615638848
38974,26.778089849435858
38975,28.671767221837737
38976,29.662547965763082
38977,32.83278379527605
38990,4.679541171571718
38991,9.272043389720018
38992,12.926766391099699
38993,16.536632238713814
38994,21.449928428538158
39004,38.34833855113757
39005,41.34278759731701
39006,46.12702931726974
39007,46.81019855976164
39008,50.28876905755794
39009,51.83137889364292
39010,56.52714569778347
39011,58.14703942789189
39012,59.019098022404066
39013,58.644284540989375
39014,61.50521894021289
39015,59.86823362005634
39040,21.43162767360551
39041,25.750058754450613
39042,30.16824101576346
39043,34.1012608847277
39089,32.47630612014119
39090,41.43173444411203
39091,49.0631772466001
39092,53.55745933826171
39222,17.122274530525612
39223,20.298685353839154
39224,25.200837879601053
39225,29.902668922932488
39226,35.79071146761848
39227,38.69016255566491
39228,43.51065856963189
39229,45.20290978168905
39230,44.91484385003648
39231,43.9388042396966
39232,45.84056233070674
39233,45.44647339191625
39252,33.33373695276031
39253,34.513076301824476
39254,39.874835604675454
39255,44.05473899833492
39256,42.58320823423832
39257,48.87411765529696
39281,11.487001150501143
39282,15.23112231329558
39283,19.816173720654962
39284,22.102449300213348
39285,22.469845902702165
39313,12.961306682235348
39314,16.09020435452891
39315,20.42945994191347
39316,23.701984060945144
39338,26.84431682365383
39339,28.249773094776746
39340,30.13311672637712
39341,31.0330546819498
39342,32.01539487300889
39343,35.927322107849015
39344,39.46931080593975
39345,43.64068759737832
39346,43.78104684982989
39347,48.646329632856364
39348,53.68559037684144
39349,56.447487422007136
39408,21.011566999639506
39409,23.07184637701061
39410,25.278497706505576
39411,28.203035380212963
39412,34.88823281613111
39413,37.61292718405886
39414,39.92342022234515
39415,43.36760151058467
39416,44.31624769488019
39417,45.799072529535835
39418,49.92097267857785
39423,20.52300297160795
39424,24.769449048713966
39425,26.45239155496193
39426,28.1240633580265
39427,31.016741353011717
39428,31.580050565238594
39429,33.28746790386159
39430,35.8612708059426
39431,37.80862606776794
39436,29.730278915175223
39437,33.415053914694525
39438,33.466838193918605
39439,39.63131406994882
39440,44.76315934257542
39441,48.86832704763064
39442,49.940615986357635
39443,52.62086747056935
39444,54.530139187302176
39445,57.36204480921214
39474,13.163642784225617
39475,17.76971823742765
39476,23.44535085655885
39477,29.255817882638844
39478,17.596087700975204
39479,18.05709520994468
39480,20.261704755139238
39481,23.08299220698844
39482,25.23670594370139
39483,28.25430287685278
39484,31.401097412183937
39485,34.52194784006305
39486,40.94943325452447
39487,44.85834529386125
39488,48.22502283757378
39489,49.32894302735152
39522,43.466871805936314
39523,45.67933501830232
39524,48.46586850702874
39525,51.43726041401194
39537,15.334665952114335
39538,20.746429437045382
39539,24.859326990608373
39540,27.728515565247772
39541,36.2404786913689
39542,39.27577669550943
39543,42.52194852856578
39544,47.99630948181577
39557,24.749737930542086
39558,25.974719959974166
39559,30.213790801113312
39560,31.60871138556753
39561,34.60863985454804
39562,37.469749561710195
39563,39.687194185661724
39564,42.94807569520135
39565,45.67071771929076
39598,21.538019144111374
39599,24.996093257043213
39600,32.052982931725055
39601,36.91742720876395
39634,10.023545384616133
39635,11.404873553441115
39636,14.560601730277424
39637,16.677033370740578
39638,19.625685462642004
39639,19.438361453504893
39640,22.812882029140656
39641,32.910633605703836
39642,40.65764201528035
39643,44.24001798813073
39644,45.51215939615885
39645,47.99530001136515
39708,45.31833833794234
39709,48.90413179959396
39710,52.64396581621304
39711,56.819948358056706
39724,28.339360201050575
39725,31.63746261770456
39726,35.97879583380384
39727,39.49633129340268
39728,40.82263273850662
39729,41.870162414617944
39730,46.49269707951511
39731,50.15326377163559
39732,52.80306214504931
39773,37.579176073412796
39774,37.37119830037746
39775,37.74353314924561
39776,38.302244133926614
39777,40.89270606033012
39778,43.50568161613463
39779,14.546692994707296
39780,17.571696457771207
39781,22.988695091652797
39782,20.82477034812348
39783,25.49975330295743
39784,26.58101194274098
39785,31.67158055459255
39786,33.37163447789526
39787,37.13050822601866
39788,42.67666249926449
39789,47.60946043151192
39790,52.374770650580686
39803,38.8974379957593
39804,44.3481754698435
39805,53.91426647467178
39806,58.76898442945945
39807,61.15478606514681
39808,59.00501207685735
39809,62.558823036601
39810,64.46354071684087
39811,64.66153428272743
39812,68.5251286733331
39813,71.92752605647433
39814,72.53817892504928
39815,73.9119312299634
39816,74.64082840079983
39817,74.49920708516882
39818,76.314214759257
39819,76.67852033123864
39860,34.28322135768391
39861,36.007593558548
39862,36.088155809452594
39863,37.74877922017519
39864,36.36349701475901
39865,39.62509520056175
39894,31.559718161652736
39895,31.472641428265913
39896,31.639174610471148
39897,31.596360339016965
39936,12.057202499347454
39937,11.866545435479779
39938,13.618598805427142
39939,16.19571264800083
39940,18.625396494101054
39941,18.108908816030638
39942,19.95013497792771
39943,20.202931036512396
39944,23.179150655567437
39945,26.315695206774027
39946,28.410279152158388
39947,37.44041792966428
39960,16.79336569159007
39961,23.454489805750555
39962,32.18607391540777
39963,37.95594495940643
39964,41.04356505953552
40034,33.02476811052919
40035,36.97749243122356
40036,41.333294282529344
40037,45.50980878471171
40038,46.867409869371535
40095,35.94448950857081
40096,40.01694681153853
40097,42.278067084605304
40098,44.834132041580396
40099,44.962982039462354
40100,47.32705624693969
40101,46.274256854144326
40131,9.576053370260189
40132,9.450490428445647
40133,10.179477711282612
40134,13.06680314733282
40135,14.184217429111595
40136,17.16815452544429
40137,19.895149445175768
40138,25.79390928905453
40206,7.477210213448433
40207,8.069802374289312
40208,7.687304839926578
40209,9.124026150113957
40210,8.142841766175803
40228,9.722685197441624
40229,11.690323561871795
40230,13.510027798504698
40231,16.396732821259555
40232,18.604496015851318
40233,23.927136216107346
40234,27.07563293389507
40235,28.804705764790185
40236,29.585339007148008
40237,30.311437857137218
40238,31.926756450516756
40239,33.243114652238845
40252,25.126662456394563
40253,30.14381748251109
40254,32.84457857005848
40255,41.78174546342567
40256,44.641545945669264
40257,53.5370004778595
40327,27.677513211344085
40328,31.24001192099454
40329,35.10796996211985
40330,38.65831092520295
40331,42.54520346244074
40332,48.69581004401066
40333,50.76815492590218
40334,55.58679177095189
40335,56.29381362904937
40336,57.99393386856457
40337,61.19598082041268
40338,63.19094028697305
40394,28.105614849226654
40395,29.15270902082589
40396,32.19697516077132
40397,34.85186851086627
40414,44.78636372670093
40415,48.07245343468916
40416,52.0508855635453
40417,52.87247435796035
40418,55.83851390664286
40419,57.72550316918073
40420,13.040860301723738
40421,13.887274052235252
40422,16.446151451057254
40423,18.637686324549854
40466,24.130185670505945
40467,25.73542221043217
40468,27.57497762264446
40469,30.940699506856664
40470,33.77443539154589
40471,36.87332071668274
40472,38.70990577970738
40473,40.56498659779466
40474,43.180292304554975
40475,47.659263073097065
40476,49.303003082047915
40481,36.31705694237891
40482,37.64195197776399
40483,43.485101171066006
40484,43.90000031470015
40485,47.8659203914859
40486,50.15433864542189
40487,54.8311416837053
40488,57.34205039336597
40489,59.72650191698537
40490,61.1303060297327
40491,63.44125306732715
40492,64.83218154131873
40493,28.240019688021178
40494,33.28732207418627
40495,40.22721232012571
40496,45.564510953828936
40497,50.04974780849883
40556,37.50336296182582
40557,38.132852089921094
40558,39.52651170927401
40559,42.230484676624855
40560,44.13438152972833
40561,46.91838023619844
40562,49.08886364275916
40563,50.38845156818561
40564,50.25628421851677
40565,51.608753132606346
40566,54.957758709313445
40567,55.293710922351785
40613,26.35966541804854
40614,30.80301920017157
40615,33.39735466575971
40616,36.30513155449772
40629,11.0143441805701
40630,14.715728789931354
40631,17.346472894873536
40632,20.422683543613807
40633,22.341438460964067
40634,23.871480089177453
40635,28.143202248606833
40636,29.775236147599493
40637,32.288918950012615
40638,32.811770818638635
40639,35.81075436336234
40740,7.658912488139941
40741,9.619193136870592
40742,12.184638810459804
40743,15.037905339461181
40744,17.22121139978788
40745,20.153497299028576
40746,23.228386353981175
40747,26.33925366665026
40748,28.466043044458566
40749,31.04491213849803
40766,50.857670148707626
40767,52.94778797057347
40768,54.16467784728893
40769,54.79165424143007
40770,37.813051606343436
40771,43.10909411513514
40772,43.568043418456426
40773,44.62135527242896
40774,50.087318888430765
40775,52.74916780133389
40776,55.81355949152903
40777,55.09923822601577
40778,57.22700675980277
40779,57.748310284574146
40780,60.046633253202856
40781,60.75760425101423
40837,17.75971944237598
40838,21.64374533070616
40839,26.501498168352608
40840,28.21725973500728
40841,29.582814100972353
40863,7.458572859793034
40864,8.796240085333425
40865,12.663213765227672
40866,14.434491640881497
40891,15.070029580363823
40892,16.40311329248842
40893,18.970851004755183
40894,18.589782077308353
40903,32.45127875357529
40904,32.90854180402473
40905,33.42505824363528
40906,37.24116376789177
40925,4.943855639840287
40926,6.540964947432407
40927,8.292526147263096
40928,11.490589222387403
40963,28.75332371428385
40964,31.48601725881751
40965,33.57450357194892
40966,34.7886639388356
40967,34.85416140085607
40968,35.894838778862166
40969,36.368538525674275
40970,39.5922848786774
40971,42.81341594396096
40972,44.811402948628164
40973,48.79046923116137
40974,52.203967483927734
41003,26.191918438208535
41004,28.92807987392838
41005,30.106235279737398
41006,34.047008355932846
41079,43.687475699435794
41080,46.9099396529965
41081,52.418850438905004
41082,53.28984436780487
41083,51.33342421310135
41084,53.88851317140333
41101,23.426419503969978
41102,30.014107087849048
41103,32.75296638397693
41104,34.382866444502106
41105,37.478442142979404
41106,39.165020259280936
41107,41.85593686320958
41108,44.46813551708589
41109,47.23403156100456
41110,45.76175077883249
41111,47.29955831332642
41112,47.606791926058065
41129,33.31238180646874
41130,34.43241341666198
41131,40.60400246547129
41132,44.17974821172214
41133,46.59357325184707
41134,47.63962611866998
41135,47.52836025270228
41136,49.68075070737316
41137,51.75212347294385
41138,50.78947072894366
41139,32.82229770473068
41140,34.37305728295813
41141,36.4354572241951
41142,41.124221742009595
41143,45.9350335444179
41144,46.476822723346956
41145,47.40925853228568
41146,50.72494504749481
41147,53.267116368633054
41207,12.070236903293535
41208,13.827890983683103
41209,16.831878158747248
41210,19.774651238408477
41211,22.74523052295914
41212,25.36861364450156
41236,14.674502078510175
41237,16.422931085887512
41238,18.793472984181378
41239,20.569162523578864
41268,27.10948936897303
41269,27.92364518916237
41270,32.08687705949868
41271,36.800914234378105
41272,45.43623814231413
41339,36.05800468957329
41340,36.10709342636135
41341,37.171806959667975
41342,40.14844069487848
41377,27.700175586769042
41378,31.768045360925996
41379,35.193137036785146
41380,38.96600606976234
41381,46.03192431299125
41382,48.461889045160696
41383,51.85111251556243
41384,50.099992051819996
41385,52.11070974525459
41386,54.861511322702256
41387,56.656391624925725
41388,59.14707757111275
41401,22.259373143581293
41402,28.64090645992869
41403,33.546574612129476
41404,36.75205034999501
41405,37.03897702610387
41406,38.91620814419565
41407,40.485256801948466
41446,50.94917964059637
41447,52.71478289235577
41448,55.210498716168644
41449,54.9121510233987
41450,56.41395833048512
41451,58.68085694582181
41452,58.54472125470729
41453,61.108598797852856
41454,63.04140204834684
41455,65.16530401443814
41456,67.63512011717003
41457,70.0164903432663
41484,28.420435356843846
41485,36.012550349163575
41486,44.75412863408657
41487,47.81771607427843
41488,53.12170969450361
41493,12.796525153931091
41494,14.99820747180181
41495,18.626112991315754
41496,19.267625400480835
41497,22.14305848750224
41498,26.514122075516145
41499,28.199857974039936
41500,30.10705941254588
41501,32.53573955646605
41506,29.82756147003973
41507,35.95012087804779
41508,38.10210526477133
41509,42.559062398295154
41510,2.681983302446385
41511,6.542834966893825
41512,8.663126343446644
41513,10.232923971858291
41514,12.385015389610187
41515,14.501388863303168
41516,16.514664644752756
41517,20.35193153934316
41518,23.320063734738692
41519,26.566070189470096
41520,27.208240034467945
41521,27.27751758545865
41530,2.761577860558366
41531,2.9399608892215037
41532,3.5531434244298343
41533,5.726351085729835
41534,8.091569299024918
41535,13.904864537603327
41536,19.595636486375298
41537,22.086357911064944
41538,22.966909631285795
41539,25.90723764736972
41540,28.194848275418778
41541,27.90834277513061
41559,32.006173824037624
41560,36.34557786074418
41561,38.802701354502474
41562,42.69967075240203
41563,48.15021732382069
41564,50.65695218320437
41565,53.76916410709038
41566,55.33402687477573
41567,55.505039534922325
41568,60.44497172409003
41569,63.972115515676215
41570,64.68085971584699
41579,33.6774832443542
41580,37.531410230691364
41581,41.53451729860512
41582,47.4951564580089
41595,23.647657548561174
41596,25.536063705507036
41597,31.322508984345777
41598,32.39906173216649
41599,32.598730210816456
41600,35.467069593697815
41601,35.36737467879541
41602,38.13381895585481
41603,45.27228530946152
41604,47.36688372668238
41605,49.3626312693942
41606,49.37739548911661
41652,52.62399711751105
41653,55.929400774874104
41654,57.8897621184063
41655,58.99850789242222
41807,17.574191229004462
41808,20.28803015532973
41809,22.278646157908952
41810,24.973302203958294
41811,26.70503504952859
41812,25.786067554910318
41813,29.292086077255384
41814,32.342324977978535
41815,33.7524707080536
41816,35.21459180822578
41817,37.127463284450485
41818,39.177380697626454
41856,1.204995485396261
41857,1.3238282257749225
41858,3.1235041734655464
41859,6.146813450470668
41860,9.373250384783198
41861,2.8870855287895663
41862,2.9343482230464493
41863,5.120674856985995
41864,8.461722509440905
41865,9.895813563620356
41866,11.360259708107707
41867,12.161470700232872
41868,14.91960642971306
41869,17.69247464724239
41870,20.17781383598709
41871,22.496990315363163
41872,26.10162995299893
41901,13.048714469996996
41902,16.582595781647868
41903,19.29204767913778
41904,20.66840611525839
41905,23.552334548993638
41906,27.292461416485402
41907,28.9577537005767
41908,34.06498551548615
41909,35.61870924694904
41910,36.37533744397423
41911,38.449221795114944
41912,41.219401421446626
41929,35.68721951279597
41930,39.18398013747306
41931,45.80704056647721
41932,54.523518327689914
41933,31.34195892211345
41934,32.04904767347073
41935,35.441335333526176
41936,37.71890496723564
41937,38.25470899506488
41938,38.39419035944651
41939,41.04771720625832
41940,44.68355388472694
41941,48.30114618377721
41942,49.98399232196747
41943,51.61424589826065
41944,52.315240740818936
41972,23.955259693135826
41973,25.377999151879166
41974,27.65777020432448
41975,28.29232192640399
41976,32.713506303386055
41977,36.126995595491046
41978,41.15638584470088
42010,43.93361325963564
42011,47.14380761931201
42012,50.45993408631629
42013,51.696239550140554
42014,54.11649161305414
42015,57.61599367080795
42016,59.91626723426191
42017,62.259723450384676
42018,65.82783542440446
42019,12.846147789346855
42020,13.671236443028915
42021,14.816316230354934
42022,16.823782663961488
42023,39.92537024073452
42024,42.63507688469693
42025,44.98514036227083
42026,47.627014957949
42027,48.796030092870204
42028,51.46685245196429
42029,51.13807203599039
42036,5.494137101371227
42037,8.173094489143601
42038,10.349926860506836
42039,13.625386883149293
42040,15.489455970998256
42121,19.069526835043455
42122,22.548894937158778
42123,23.899811491779115
42124,26.69688416126658
42125,28.615857586268138
42126,31.384287021473966
42127,34.27154910266198
42128,37.660295332104106
42129,39.53092417832192
42130,41.7283203612342
42131,44.66575524134623
42132,45.43420512988668
42133,19.044945670999677
42134,21.168677647526454
42135,24.863706898799027
42136,28.137128702566425
42137,31.128234806000105
42138,32.60497343457507
42139,36.652494139799046
42140,36.91355268140588
42141,38.74269576025268
42142,39.31815861707114
42143,40.787840477484416
42144,45.03531554076438
42181,7.381117436550645
42182,8.009991580331716
42183,9.343134129831745
42184,11.719256962620346
42404,40.141061989924765
42405,43.23985396083709
42406,45.839543731930014
42407,50.469049611507465
42408,51.64587016942789
42409,49.3430183481991
42410,51.52708247419103
42411,52.62926092767456
42412,54.2362574037087
42413,57.29457702737463
42438,17.42867018333982
42439,19.435678332017016
42440,22.257278560320422
42441,23.916511094089138
42442,25.022886200028477
42443,26.947653958514387
42444,30.001526568324934
42445,30.285190738603845
42446,36.168544602459136
42447,37.70079353222422
42448,39.16503691726314
42615,30.202946442775986
42616,31.68489018652475
42617,32.15538033011672
42618,32.543000372932006
42619,36.51755553278489
42620,41.383209696127494
42621,45.38477446045508
42622,44.137295455492996
42623,46.32175826412457
42624,50.2669375293257
42625,52.37261122124907
42626,56.746261805442295
42639,22.17309967196018
42640,25.09092117916538
42641,26.71809479296322
42642,28.47650868290745
42643,32.132881368527265
42711,7.092153127357455
42712,8.402050715531901
42713,9.920344075173954
42714,11.89037478863202
42715,13.76947792336729
42716,16.57405388886062
42717,16.998459114929183
42718,17.77483153956002
42719,20.353446009174966
42720,26.8514250173178
42721,29.94126621866972
42722,31.65944285202481
42749,28.19177768031944
42750,31.50774847346739
42751,36.01291006398658
42752,42.977690497097825
42778,26.820117651939878
42779,28.71921160694008
42780,30.504943094504632
42781,31.222014525960894
42782,31.89302258108076
42870,5.789314923333865
42871,7.037099366963068
42872,8.40143873158979
42873,11.991121460528124
42874,16.371218433232514
42875,18.94807865514119
42876,20.92641491195165
42877,23.6747963553228
42878,28.560164111073856
42879,30.703319371117832
42880,33.47237508204679
42881,36.7751621648533
42977,3.0737290319172224
42978,5.167009641586854
42979,10.625926085031313
42980,12.0196883345639
42981,16.892192415456663
42982,19.65638308802231
42983,23.324719907701436
42984,26.919911887101787
42985,30.035292004658082
42986,31.649451414141065
42987,32.80106680382026
42988,36.263681935307694
42994,49.049012353510825
42995,52.691717277171364
42996,55.11801199913205
42997,57.39416722666109
42998,60.12585427816669
42999,63.01952534837903
43000,64.83148053627023
43001,64.04794501308315
43002,65.17778578387252
43003,66.22197152701148
43004,67.44333220077829
43005,67.33850100784142
43018,15.878626010724172
43019,20.783518347817573
43020,26.185737906128054
43021,32.11014995196312
43038,20.056951846810428
43039,22.021140959142905
43040,24.58085635282197
43041,25.851931454650376
43042,26.807849623649826
43043,30.19981715631641
43044,33.73444437664666
43045,39.26378199917937
43046,40.616656569620005
43047,41.33918679237415
43048,44.048432070490136
43049,46.12999632506883
43050,35.48969107686678
43051,31.911859095459967
43052,31.743010853438193
43053,34.24281338794378
43058,17.820145445940852
43059,19.791038189436367
43060,23.122916895218566
43061,24.531479368139916
43062,29.018311415758056
43063,31.76878726725231
43064,33.769524162936115
43065,40.14806826898902
43066,41.87823454055377
43067,42.89854337588934
43068,43.3298550232454
43069,44.571197927837254
43120,17.739866346240515
43121,21.780334731739934
43122,25.460876024527884
43123,28.184993748250125
43124,27.560647555137358
43125,30.517465861348334
43126,33.299861814072656
43127,36.03079509239583
43128,37.53026158841885
43129,39.771145357482766
43130,41.94690255918223
43131,41.30583651996269
43132,14.585296969735612
43133,19.225001003170494
43134,25.62316090028222
43135,29.229275499426105
43145,31.737632787983934
43146,33.52211846766454
43147,39.8822978692047
43148,44.55358049048789
43149,48.95394686653457
43150,52.058077269639305
43173,24.189497599618175
43174,27.105926469721283
43175,29.294237380854305
43176,33.06027006727669
43203,41.10805363943231
43204,44.034232156037454
43205,49.22192925601128
43206,53.120669137312696
43223,21.715836517508126
43224,24.402776422284767
43225,28.449434696702898
43226,28.022733778769105
43227,31.18095152081569
43228,31.071926507310618
43229,33.166534121331814
43230,35.8378199560935
43231,35.4775662514084
43232,37.88999276159813
43233,40.63200471718587
43234,42.792503675276265
43279,23.693790632340136
43280,25.569014556025007
43281,29.316085926797644
43282,31.78538415087421
43283,35.7799623154505
43335,24.787192032078167
43336,27.53731139331434
43337,31.951870198406446
43338,33.05360105091385
43339,36.56724357768566
43340,40.164041280874095
43341,45.56367046094232
43342,48.411019710043895
43343,49.57055668386831
43344,49.84963697523986
43397,35.34373336019344
43398,36.325434272085296
43399,37.073454355490846
43400,33.32198712723118
43401,37.47953623216089
43402,40.82567752321138
43403,47.030179591553086
43404,49.307403119790195
43405,50.92621757601953
43406,52.300068225184056
43419,34.42509710498319
43420,38.93830001501317
43421,41.754673120725265
43422,42.8417843410588
43423,45.91676484287399
43424,47.87868862101871
43425,47.37897446202445
43426,50.46454711950211
43427,51.809704702592306
43428,53.38406995211574
43429,52.4561423253988
43430,55.18292407932084
43457,18.09466315123577
43458,20.328504890643966
43459,23.439196066850208
43460,26.570284157633683
43461,29.0228879077591
43462,30.227328791876648
43463,33.189008588427555
43464,35.51742634169053
43465,36.52871150370786
43466,37.77797760627326
43467,39.487815672805034
43468,40.88191052618294
43506,57.376118437987934
43507,57.98301731452826
43508,58.683674082255514
43509,57.81093495429475
43510,60.90552556989423
43511,62.882790231606286
43512,60.798592023276186
43513,62.49678601440805
43514,63.242639459622794
43515,65.4391100222369
43516,66.15673064400679
43521,2.3689923136704736
43522,4.625907673242706
43523,6.5925098894630665
43524,8.944091987683812
43532,23.468821491354955
43533,24.817277574436286
43534,26.72233858641038
43535,27.656673138121853
43536,31.005512567133756
43537,31.860895169342545
43538,32.40679525137541
43539,34.19516159792333
43540,34.920796695675214
43541,36.023224295776934
43542,37.87619263194796
43543,38.28119500785078
43616,26.867808615923874
43617,28.27562013859084
43618,30.958563144946705
43619,30.22630586769029
43620,33.84465787490769
43621,35.27495535678326
43622,36.22323203183793
43623,37.86769560240018
43624,39.895112283603105
43625,41.34920638296933
43626,43.6428343809613
43627,43.42749738740447
43776,14.79316162243052
43777,16.298299586325697
43778,18.454135930877293
43779,20.625514668408886
43857,31.346951076019696
43858,33.952625023149885
43859,34.94456073361929
43860,37.42863914334684
43879,0.6705832125616003
43880,1.2359733301402076
43881,3.234185614544804
43882,5.195917596309202
43883,7.8656420649507615
43884,9.802990403102237
43885,13.22800705188991
43886,14.773664680787366
43958,47.21164934902921
43959,49.62915784814141
43960,50.248797827381914
43961,50.89903080398078
43962,53.78802859688371
43963,54.948399015508734
43964,55.139372355590524
43965,58.05426704951102
43966,59.7091041255891
43967,64.80349165304544
43968,65.8166794115295
43969,66.82168913730735
43970,16.1699274039973
43971,20.951915334801104
43972,21.921154050293783
43973,27.3019190163625
43974,32.07349994150972
43987,22.05989764690864
43988,27.713912311653772
43989,41.627894097091115
43990,49.402607374046184
43991,32.850288951810164
43992,35.443449839533365
43993,38.94325595514242
43994,42.79474962717971
43995,44.505885916122075
43996,47.84702828679945
43997,48.29895682412077
43998,51.69822162711507
43999,51.16372235766461
44000,54.094507806324174
44001,56.16810713593941
44002,57.17401230128267
44074,30.799947832621758
44075,33.67864873657196
44076,34.104669963332306
44077,35.66046909347965
44078,36.55110237579439
44079,37.94742420723722
44080,39.03545939303293
44081,42.62314818377911
44082,44.84618666851761
44083,48.85418354087887
44096,42.13799922965772
44097,45.89494460085286
44098,49.979319894783366
44099,52.59307811094313
44125,25.28507705217719
44126,27.8142435464994
44127,28.848581987909196
44128,30.845615652354425
44129,35.015695493077935
44130,39.11016773380303
44131,41.060278250064584
44132,43.51074902803319
44133,45.471036547384564
44134,46.95045234068212
44135,50.471030978071006
44136,56.86325483053925
44188,10.193400239499006
44189,10.36350946359902
44190,13.897615841903729
44191,15.926377523190558
44192,17.765712757085293
44193,19.4874480082527
44194,26.646292455649736
44195,28.717452613706197
44196,30.58491671008292
44197,30.75696713386355
44198,32.85565985714588
44199,34.74394956634592
44200,6.252980900691583
44201,9.110734958510594
44202,11.820533955760203
44203,15.393148126485753
44262,10.044248817664897
44263,10.906967042888473
44264,13.949279054266876
44265,17.658334746970066
44266,18.94537437992234
44267,21.619019659483605
44268,23.66174677187155
44269,24.32950629787613
44270,23.89202989418133
44271,26.635069956061642
44272,28.91552512093521
44273,30.046240953527686
44274,7.958011990259742
44275,13.171621356120669
44276,15.423094693019952
44277,18.833209827656997
44278,20.48050991084039
44279,23.956313482053766
44280,28.306803983533484
44281,33.27192084810315
44282,34.65402421500975
44283,35.01232398586355
44284,35.718951129247515
44285,40.5920218092668
44286,50.398534381038715
44287,48.03859322611645
44288,54.244768118420744
44289,55.32448731477991
44306,34.47976437070823
44307,39.21266590313831
44308,41.70652744876476
44309,45.23244294114123
44310,47.329296826858865
44311,50.87543861710145
44312,49.81826217803957
44313,51.76893595998733
44314,53.91787953625507
44315,55.96862329562335
44316,0.5012759735956767
44317,0.8235884935705078
44318,0.8661602438520791
44319,1.5301042814379284
44332,23.213057076085647
44333,27.04674201627384
44334,28.1212883618866
44335,29.51102115929399
44336,31.84645010567936
44337,38.02630025213792
44338,40.586735137197635
44339,41.2018151958491
44340,44.62786346680043
44424,47.08847640157232
44425,50.80478703539267
44426,53.29130853028986
44427,54.959862810809305
44428,57.420201955285805
44429,59.970678732308215
44443,38.45478763246606
44444,43.55719716707177
44445,46.76516790178941
44446,49.324722624875726
44458,4.499992715028946
44459,6.747892126030124
44460,8.86953725250951
44461,12.932240793489495
44474,49.64288601754193
44475,50.868227059394364
44476,51.114574162128946
44477,46.89721076354244
44478,48.03837965861569
44479,52.28485922650171
44504,52.07423951282337
44505,53.888139323998914
44506,56.31016284462789
44507,57.00706267456673
44508,60.25155246930975
44509,63.16182253358522
44510,65.22273317320904
44511,69.02671275653692
44516,32.264784127177336
44517,38.95951404327083
44518,45.93411378281619
44519,48.7190084403571
44582,6.9495603664481145
44583,11.328039658310727
44584,17.143966988371222
44585,22.115319727881538
44586,22.571674439383266
44640,49.559630029514686
44641,51.38156708058577
44642,53.47664687939038
44643,53.957239883567794
44644,55.75621126568572
44645,54.981105210962795
44646,58.43181538377227
44647,59.607214909643126
44648,63.1374512938624
44649,63.39360727925623
44650,64.8918705851763
44651,65.65066268512213
44669,31.42278161186638
44670,36.04286645360369
44671,37.83486016093848
44672,40.110264910072765
44692,44.0432281977103
44693,47.43622461984224
44694,49.69223955542876
44695,53.50635226629893
44696,54.84390606978124
44697,56.01166783630655
44698,58.83500366657329
44699,59.46032767506298
44700,61.84953947796016
44728,16.260021361192482
44729,20.484158533422367
44730,27.91864992672324
44731,31.35938196150263
44732,32.153229587200315
44733,32.14775866975963
44734,35.10628429208404
44837,18.310493999428676
44838,20.153419697924406
44839,28.463809063162742
44840,30.846707730725665
44841,32.51405021767576
44842,36.132915820509524
44843,38.295392650562576
44844,40.2671620950164
44845,41.81874972256045
44846,45.223301069801266
44847,49.09495514438567
44848,53.572322759548015
44849,55.46575249016524
44850,56.2955723790376
44851,59.10434163002775
44852,61.203900727842026
44853,28.367751599841
44854,29.690312349677583
44855,31.749211540185488
44856,34.08687512179784
44857,36.499567990323456
44858,39.94569603807799
44859,41.233736165129464
44860,43.10793603013402
44861,44.36823512659932
44862,46.275584007326735
44863,48.5979314422202
44864,51.70186013292007
44885,30.14961803975095
44886,28.11087151623288
44887,28.37457089051402
44888,25.86561058358844
44897,49.5659919288569
44898,53.13034028058769
44899,55.76803811360483
44900,59.40495078576474
44901,62.198801654228745
44902,66.99174544283505
45041,22.23072535439024
45042,24.755134856764546
45043,26.386944151133356
45044,28.505772589987483
45045,30.800086119407258
45046,32.93296620071438
45047,34.51006370493801
45048,37.20908484259719
45049,39.84584837728352
45070,12.067390295170254
45071,10.919038964711726
45072,11.508260172845693
45073,14.999460349472647
45074,16.603011591294706
45075,30.467822821394144
45076,33.27487138198624
45077,37.91231940192391
45078,41.10995701076046
45079,47.88251075702113
45080,50.01496369656032
45081,52.466425499589604
45082,53.336354292441406
45083,54.30631537692707
45084,56.90702940500977
45085,58.01835634662461
45086,60.423124743494654
45087,61.449683488962876
45093,50.90534699956938
45094,54.424038205216995
45095,55.40740322096339
45096,55.749206367003296
45097,58.6119956857258
45098,59.55915037159215
45099,60.91314581626258
45100,63.99728841187055
45101,64.03551035833938
45102,64.43355572204709
45103,65.73063584129835
45104,69.48052417522557
45105,30.410535067193248
45106,33.939272039234105
45107,40.921937891108485
45108,47.15579142823248
45140,18.58384479178939
45141,21.19902965148358
45142,24.20947796892738
45143,28.357423401435412
45144,29.552250744255236
45145,30.379404251836593
45146,33.975165720875545
45147,34.1445921285128
45148,34.62551660990911
45149,36.280833275143166
45150,36.89600214680215
45151,37.68251027285968
45176,21.5285141174829
45177,26.263880674443662
45178,30.50209551932683
45179,38.36621832524402
45180,42.91304971150449
45181,43.438252220485545
45182,46.11516267853731
45183,44.60746948277086
45184,50.635863571732244
45185,53.54920568112406
45186,53.48598869707903
45187,50.240901130726684
45253,19.678145161682533
45254,22.34454658615059
45255,25.17876125365018
45256,28.034233697492947
45283,41.498972542667055
45284,42.79469220552935
45285,44.73785326072889
45286,46.35229253325904
45287,49.59541976907174
45288,50.48475310165727
45289,51.97651033223113
45290,53.0292892856605
45291,54.75403102544923
45292,55.836042397418076
45293,57.82421274239758
45294,59.96860630902661
45354,8.98508835448787
45355,11.358943908171936
45356,13.672626405904822
45357,15.796694995327512
45399,18.72909729297367
45400,22.23114242724343
45401,24.419696754280857
45402,28.079939360043753
45432,16.109294943687313
45433,21.54070723849402
45434,24.541473821673993
45435,26.902062421207578
45476,27.967902402612207
45477,30.255551801093517
45478,34.97146718831138
45479,39.526085801938954
45480,0.7346316420938668
45481,1.0912019345548798
45482,1.9384713677850811
45483,6.842298990040764
45484,9.152363457174651
45500,20.482794381531846
45501,23.651153436861254
45502,27.013122200597866
45503,29.150841012111187
45504,27.968310300604646
45505,29.6096443227927
45506,30.22707725989043
45507,31.08400973793737
45508,34.794809527774675
45509,37.42350406114931
45510,40.0192785428349
45511,42.187744381981666
45512,43.48901388635355
45513,45.690045317218576
45514,50.47409530014438
45515,51.89547033262434
45556,22.791916291614076
45557,27.233863200670584
45558,30.070983945611715
45559,31.33460247040011
45560,27.041680683128142
45561,30.84466137314281
45562,34.845339727021795
45563,37.67715341481835
45564,31.521434923707016
45565,31.517948921218387
45566,32.952532967402874
45567,35.56236414403246
45568,41.00172194857004
45592,18.867076464577888
45593,22.74578239710924
45594,25.3417547856997
45595,25.471050712647493
45662,30.66326485329148
45663,35.603683853709164
45664,36.161714030435725
45665,40.21379974036412
45666,43.16586329677234
45667,49.5497919192051
45668,50.51555430247223
45669,54.128007735318974
45670,50.68551996303267
45671,52.421724036876235
45672,54.53446739486194
45673,56.4588876952579
45690,21.296376328931046
45691,26.603175668839427
45692,31.566227037526073
45693,42.07304255355575
45694,42.228898060711245
45695,49.76920165743856
45696,52.00823167988904
45697,54.248540502366815
45698,16.561397245029465
45699,18.99835454532349
45700,21.440861201757905
45701,23.60023354777928
45702,25.567524706845703
45703,28.317777671878748
45704,34.461513857185444
45705,37.62127470121157
45706,41.935985665961034
45707,45.30196270911742
45736,14.82822420318932
45737,16.931048490070072
45738,19.019001646126394
45739,21.969867782389173
45740,22.691995113841323
45741,27.59004356805157
45742,29.46018121140349
45743,30.791150193924707
45744,30.31187576640431
45745,31.465046643072505
45746,32.87927992270087
45747,33.87217090358324
45820,0.9293753161479439
45821,3.4749149497064096
45822,4.740665249535264
45823,7.526756918766002
45824,9.90226747390048
45825,12.640474348287693
45826,16.543654779417686
45827,19.031672302828714
45828,23.238838587996803
45829,24.628674679815145
45830,26.38244909939099
45831,30.518650239331727
45832,39.66558549552402
45833,44.6731699646696
45834,49.26515670492978
45835,52.88784468691509
45836,56.926189281120806
45837,57.351264049999195
45838,60.165429937193245
45839,62.52630825229838
45840,61.896061771905615
45841,63.17057879701867
45842,65.82004600413951
45843,66.26495089503359
45873,42.617227860273864
45874,46.04084400788452
45875,50.80426554493353
45876,54.130995380072825
45877,54.96564127540474
45878,59.86694870293711
45879,62.65825487307514
45880,63.79362059703615
45881,63.44177435558419
45882,65.44113087495545
45883,65.52010868165415
45884,68.08572969231993
45920,46.39993653946873
45921,48.40414072946308
45922,49.77016319824924
45923,53.2453744283816
45924,55.81182748960644
45925,59.11528644612097
45926,56.607731650101876
45927,59.2397042983596
45928,63.506083400226984
45929,63.99068968491512
45930,63.85276585659179
45931,63.75937503481198
45944,32.014001146534284
45945,40.30959080048457
45946,43.83427698693807
45947,45.28317102400425
45948,40.91763255409979
45978,45.55319172606142
45979,51.060811086186405
45980,53.93097524133087
45981,56.80961899496087
45982,55.85497345665178
45983,57.374963072602
45984,58.12461743611954
45985,60.69846289994973
45986,62.36167324306463
45987,63.98891476935387
45988,63.7080695029912
45989,64.99677950326807
46068,26.096296634670896
46069,32.580347095960214
46070,36.54115822898828
46071,39.66297125842792
46072,42.76902356292495
46073,45.88644231712204
46074,48.63800785316061
46075,49.3904538020426
46088,42.806855939397224
46089,45.201611888840006
46090,46.56612189376923
46091,47.80612058062816
46092,50.68040595713003
46093,53.397248754353384
46094,53.02634792333825
46150,33.885819314269455
46151,34.7899520299327
46152,33.78741313890427
46153,32.102123955198046
46154,33.741815044657706
46155,35.48641522987966
46156,43.20301248548762
46157,48.21760206959346
46158,51.35987256191843
46181,36.00130340361073
46182,45.230137621061914
46183,49.115624861377846
46184,51.31569630183441
46216,48.57694006094017
46217,48.865619746324114
46218,47.95551214061915
46219,44.81591703020584
46220,50.64160836941687
46249,44.348061053958936
46250,47.165653818337155
46251,48.774955685225535
46252,49.05097667802047
46253,51.48333723659157
46254,54.39502546131782
46255,58.21862480196075
46256,58.55965880501667
46257,59.80476813302579
46258,61.506774898456555
46259,62.255502077811336
46260,64.24581149057454
46272,9.248267204103007
46273,12.04954381988933
46274,14.89469707956079
46275,18.2618996764302
46276,24.326554259114587
46277,26.963412565674105
46278,28.522467672505496
46279,28.89151910049763
46280,30.230490555350954
46281,32.164513331580146
46282,31.25754378800174
46283,34.12942336781863
46288,13.193595155722917
46289,18.16166695286182
46290,22.71485201846591
46291,26.408697226108032
46312,6.554264544428167
46313,10.75095514897791
46314,14.487190532165366
46315,19.31433635164952
46316,55.97778315679128
46317,54.59318689206011
46318,57.07899929652784
46319,56.19062166374365
46320,59.4455917964076
46321,58.90122706917333
46322,61.11771248017935
46323,62.22473027342973
46324,63.09398451387124
46325,63.31726994375081
46326,63.65473928466779
46327,65.5236767954839
46340,38.2717229187397
46341,41.38715017667708
46342,43.152173846810825
46343,48.258680138322646
46425,11.253057402473413
46426,15.418239492489526
46427,19.79563592463655
46428,28.710223521086053
46429,34.08213359132242
46437,33.68508485030027
46438,38.21555494794729
46439,39.45975043183649
46440,42.22811058735551
46470,19.730937752533077
46471,22.200624136253595
46472,23.73488527231399
46473,26.04835942618598
46474,28.543563578924427
46475,30.08040234178446
46476,35.0380725306054
46477,38.816469138977524
46478,42.76555371865613
46479,44.06782934092788
46480,43.478893638368575
46481,45.53607494125355
46530,30.09057111125896
46531,30.966471084771637
46532,36.9930708779087
46533,38.94486636543735
46602,33.97649208694379
46603,35.73348096697507
46604,38.34440349140139
46605,41.389551014881846
46635,22.805319381454296
46636,26.605400538994196
46637,28.044953485263765
46638,30.813939292856123
46672,22.54046164559957
46673,24.606634587780484
46674,27.614018975817466
46675,31.740123140656536
46676,33.13127473487607
46677,37.92221658607231
46678,46.0420171435837
46679,50.53080411342306
46680,18.313797033802604
46681,22.342346225188695
46682,26.13209202173939
46683,33.770813966785354
46684,35.56290867477802
46685,39.17120234554756
46686,40.42587024734794
46687,42.65850726246617
46688,44.80200185524202
46736,53.02617520209585
46737,48.90006281608931
46738,51.17796935326828
46739,46.520464103427805
46780,19.26587175155209
46781,19.258309051718115
46782,20.103433312105498
46783,23.898359459361924
46784,28.052851259850343
46811,39.050398637112494
46812,44.02377769801601
46813,49.1005395850124
46814,52.56673565137091
46815,52.51872611936007
46816,55.074981752868375
46817,57.80928742249262
46818,59.91548191965809
46819,61.6509369675769
46820,61.25753729938821
46821,63.28399188933523
46822,64.92594215682401
46839,19.05711533033224
46840,20.853984436473677
46841,24.724039379989158
46842,26.960737808734947
46843,28.83847887436932
46844,27.514627753487453
46845,30.48501501337126
46846,37.44034988810506
46847,38.550572736827256
46848,44.06799089898345
46849,46.57446436028547
46850,49.49961385112437
46977,3.1613097012221476
46978,4.283323607182995
46979,4.888568550106527
46980,6.873282016742431
46981,10.845123326224812
47007,15.59582452505613
47008,18.163307469068457
47009,20.076089117390534
47010,23.120337370493054
47011,27.4378629498759
47012,9.166730978079922
47013,15.005933886875702
47014,19.27586449468595
47015,23.899179716237903
47038,21.96035397945394
47039,23.45338011145741
47040,26.05168079098332
47041,30.196792819782328
47042,33.30029574215279
47043,36.906807281260946
47044,39.70797944528838
47045,42.28736561598078
47046,45.5001722929944
47047,46.849030845585574
47048,49.08533515915662
47049,49.07537032011978
47141,43.65226443792375
47142,48.20568234108802
47143,49.89452403588597
47144,53.048384441862446
47145,53.444163059565575
47146,57.77240395673741
47147,58.51663153730936
47148,60.122214178632255
47149,64.05898758707501
47150,66.50789941539254
47151,67.52142866964368
47152,68.73273575465353
47211,0.29616851850750064
47212,1.0206220484323172
47213,1.4024258226857163
47214,2.3858296774458236
47215,5.453191521206724
47216,7.6819475235643715
47217,9.16762811342925
47218,10.995229222128156
47219,13.859615956027909
47220,15.720416192207763
47221,18.650358472225843
47222,18.620634716003284
47223,61.029991849645334
47224,58.70654308291096
47225,60.90377156953005
47226,62.402494311855115
47227,17.183939507762357
47228,21.552255483742293
47229,25.39970640217221
47230,30.33723805296742
47231,33.97650855855358
47276,1.0934494026097137
47277,2.6702950635071385
47278,7.956628679875947
47279,15.118534936679568
47280,1.133003875934862
47281,2.034680415392615
47282,2.033578054987487
47283,1.5584249346526178
47284,3.4236393529835665
47285,6.777265022149093
47286,11.014988215739256
47287,12.81149514568709
47288,15.545329179974777
47289,18.91073796073499
47290,23.04764468606843
47291,28.191509849483303
47292,25.266135410784003
47293,28.222354824599464
47294,34.73814092210322
47295,42.60919635740753
47296,8.15761172731962
47297,13.848975250503793
47298,16.847306135161407
47299,22.417756639396657
47300,25.34770430240981
47301,29.5628914786896
47326,61.38738352829058
47327,63.25667995048069
47328,67.91909352371957
47329,67.08219532194396
47330,70.38458582791485
47331,69.75639747002263
47332,73.00994070606946
47333,73.62536219800353
47334,74.14200866415574
47335,74.796270986415
47336,76.67591481725646
47337,77.32522785111358
47377,12.34435806693156
47378,16.465052123679648
47379,18.386745988310366
47380,18.08487074777317
47381,19.231842975403286
47382,20.541663844242915
47383,23.551912448547345
47384,26.45989368426208
47385,28.18977992900907
47386,29.215557199829483
47387,31.125725603958678
47388,33.923072691445064
47438,37.77361583283144
47439,37.197996169788404
47440,39.67634410625418
47441,40.591807204321036
47442,28.368324407071213
47443,29.31565901934253
47444,32.217944236629044
47445,36.9756442936255
47446,40.1369149852123
47452,51.81388993654487
47453,56.84584301204372
47454,58.67295610843068
47455,60.13614569059247
47456,59.34454272000445
47457,61.1180840750128
47458,59.740287872000444
47459,13.714181024900064
47460,16.372689581464794
47461,18.106614190255645
47462,25.688496490756414
47463,29.731202103497154
47464,35.429164010582845
47465,38.00574901134976
47466,40.882884544235615
47467,42.44648087267459
47468,42.33012224826404
47469,45.05285122993447
47470,44.183248056735295
47490,14.095536221255172
47491,20.382724240666306
47492,25.445355690187828
47493,30.556951743032663
47494,35.84694724128053
47511,39.377791324219984
47512,44.34717754458529
47513,50.91592458534238
47514,57.691015464150894
47530,27.264957928809945
47531,29.12019176022883
47532,30.091903877892847
47533,39.06840661153029
47534,36.38058222208413
47535,39.22616944735757
47536,42.903690833376594
47537,45.0947986057153
47538,46.14254020061919
47539,48.30412557850707
47540,49.67676661602151
47541,51.245678062249524
47551,9.521857805644823
47552,9.455673920957896
47553,8.800249850371598
47554,9.494382694856316
47555,12.942463267931153
47556,16.396019513231895
47586,47.94000836868108
47587,50.80214422585206
47588,56.43667696035556
47589,57.30567080867148
47590,61.19625096914932
47591,62.57167021703003
47592,62.554717690001894
47593,64.74539162459696
47594,65.00704092431836
47595,67.5054882130426
47596,68.730129644553
47597,69.55561340353239
47598,27.56920883612021
47599,29.601054970853042
47600,31.450107950784368
47601,34.88260124459129
47628,10.745999849987681
47629,13.086567024493547
47630,14.81709880445136
47631,17.1833037878198
47638,17.402003075326938
47639,18.12004696617213
47640,19.4757732952979
47641,16.902631011583935
47642,18.96890568450119
47643,21.695916745623872
47644,23.843193176848878
47645,24.855116180254807
47646,28.123629341419473
47647,28.772798748008537
47648,31.274319386425475
47649,33.06878255740979
47697,10.958694864585464
47698,11.713178297108641
47699,13.630497128463567
47700,15.15574084409525
47701,18.19339660195816
47702,21.885236826655312
47703,27.062404994341545
47704,29.515588733803465
47719,12.530716147884526
47720,13.740589055547876
47721,15.55063725514457
47722,18.812648886100646
47723,21.25978888519882
47724,23.825958800222104
47725,25.853283688091857
47726,29.5649280731011
47727,11.60472014832101
47728,12.687475281717086
47729,16.2792368991697
47730,19.155493415532323
47731,22.45281483268791
47732,24.561121331606362
47733,25.59534554346951
47734,25.776888527197713
47735,28.458107088793128
47736,29.159713080788865
47737,31.16690707505199
47738,34.497549052475414
47739,42.706236863840054
47740,48.34131229335277
47741,49.668064079590124
47742,51.85947792934417
47743,52.9054451367905
47744,54.45542586493301
47745,55.75163494391827
47746,57.75050609157777
47747,59.222553613330476
47748,56.63508462838978
47749,57.282362034843736
47800,39.21563475855634
47801,38.779757188240566
47802,39.900001146097594
47803,39.37940066737186
47804,43.16348265084415
47879,30.251972479251542
47880,34.686043172369054
47881,39.34368552191882
47882,42.714947375320385
47895,9.269707544551375
47896,10.674681317825343
47897,13.400702185874836
47898,16.289465245472467
47899,18.68231974082261
47900,21.479982346153236
47901,25.139765718028066
47902,26.50339581484259
47903,29.80814548962482
47904,32.44894722249519
47905,33.468480600533255
47906,34.016645108614306
48043,16.92936215752191
48044,19.053636629160444
48045,22.910415072221483
48046,26.001977131007667
48047,31.56034033435085
48048,33.73971648750121
48049,35.8885323341727
48050,37.57836605384002
48051,39.37041055822087
48052,42.28386347456774
48053,44.35138727033784
48054,41.44477473839912
48055,49.9201489750158
48056,51.23276024349964
48057,52.65976392168493
48058,52.650019886366444
48059,58.993516444306316
48060,38.14292323803715
48061,37.769155257376504
48062,38.898681143344334
48063,39.62811588949631
48064,41.13924845681339
48065,43.98468310726956
48066,45.58741141783773
48067,47.40401439666909
48068,50.176037668622506
48069,52.83659234290705
48070,21.98005359245119
48071,23.73445089472649
48072,24.54299842551611
48073,26.966027176534254
48074,27.36905994638154
48075,30.962669467798147
48076,32.660637682032956
48077,36.78566331348429
48078,39.18365861976293
48079,42.08892968006547
48085,38.537077216801336
48086,42.35186962005921
48087,47.21971878590886
48088,49.97522553427736
48089,55.657851204665405
48090,60.597208366234156
48091,21.59937143104502
48092,32.44168804063972
48093,36.34927666662224
48094,37.5005407816631
48095,42.1718938881509
48096,44.60551360469141
48097,48.82029499609131
48098,50.68034968962324
48099,49.81796814550563
48100,52.64275949749852
48101,53.82783843868441
48102,57.82509536972754
48128,2.272240744721134
48129,3.8524586152968423
48130,8.131960156076891
48131,10.820870802631726
48132,14.63521900323259
48133,17.356568032879103
48134,19.005985266570068
48135,25.312036311380492
48136,28.367098652240788
48137,29.32744801220096
48138,30.31434154413424
48139,32.89661755972654
48212,25.360459666496713
48213,28.536870399036523
48214,32.79334134317406
48215,35.188102242728554
48216,39.44139095218152
48217,41.454629421719176
48218,44.20578750489084
48219,42.4539083256286
48220,44.938043134427176
48221,45.86783146090957
48222,49.842101042771766
48228,6.963341926537309
48229,8.325565108131062
48230,10.836290875751596
48231,13.301905918416214
48244,31.82446174304481
48245,32.98622850719248
48246,35.215138439453845
48247,38.40661399050908
48248,42.18665465245669
48249,42.5628116026725
48250,51.04679184667803
48251,51.94069338537594
48252,55.66381079888003
48253,57.787845174760115
48254,59.53954081815355
48255,61.64257272942439
48256,65.8971668515249
48257,66.36337251473937
48258,67.18915947509932
48259,67.41226040730463
48272,18.64210631794846
48273,22.26981678689984
48274,24.38762204705567
48275,26.126205531373564
48276,27.86134159384256
48277,29.055133361710514
48278,32.26844407746523
48394,51.027755854575304
48395,54.27324614726876
48396,55.23463295095213
48397,57.36896361869403
48398,60.31293310211194
48399,61.9169814327902
48400,63.578716819369085
48401,66.17075418196943
48402,65.71881829121526
48403,66.74369866848615
48404,68.69695697615701
48405,69.95641946012007
48406,45.412760050162646
48407,44.790993425723514
48408,46.0005796301565
48409,46.915018792048066
48410,47.05517309666782
48411,51.21525944947542
48412,53.26460557385492
48413,56.74446097589567
48414,56.51013572096404
48415,58.14029309412374
48416,52.94486376470612
48417,53.195181386551894
48418,52.1752517888764
48419,49.29655565792167
48420,51.39905242432745
48421,52.492391536653514
48422,54.453742211583275
48423,57.07304365246627
48424,58.88171916559999
48425,58.340854135139885
48426,59.41367154836507
48427,61.68161203111637
48428,12.43670196650626
48429,14.46504209939302
48430,17.033811328966753
48431,20.871025218398227
48432,23.51302426315552
48433,27.891540534874157
48434,29.62360465981531
48435,33.50028107551972
48436,32.44416120081025
48437,36.10955763373627
48438,37.801216658603764
48439,37.84631043361889
48475,3.232672757661459
48476,3.84133332786926
48477,7.958322714539848
48478,10.97482926223778
48479,15.114546861025632
48480,17.897509373930262
48481,20.337195544855597
48482,24.462224221137387
48483,26.452379568755326
48484,28.476764828859437
48512,15.687358248522624
48513,16.571650940902984
48514,18.060194495330066
48515,16.92291252017182
48516,18.08449138880286
48517,21.222813799877066
48518,23.62391386008003
48519,27.72769808993059
48520,29.476224205331494
48521,33.915373094720955
48522,39.19951752551363
48523,42.08492291606094
48528,17.77004793278334
48529,20.765679829837726
48530,21.659533426025764
48531,23.162980986208847
48532,29.59804906158225
48533,31.484003824200606
48534,34.61842161625244
48535,39.177768732302546
48536,40.22553078628706
48537,43.392683010738715
48538,47.997784183700894
48539,49.53382834399189
48610,21.242493114747504
48611,25.95989916869324
48612,31.722360943217357
48613,35.23835808704689
48614,35.84047703368844
48615,34.47494450108545
48653,13.648921428278395
48654,16.687710463552467
48655,19.23760273056398
48656,22.593647337256396
48662,11.470449271682211
48663,13.32665352946952
48664,16.935536999284285
48665,19.076745124755295
48666,23.550492699736413
48667,27.64026294398559
48668,37.96715722646365
48669,44.37976116268735
48704,24.18600218791007
48705,29.158031038153172
48706,30.499199372346233
48707,33.7006659933307
48736,14.763605770970823
48737,17.87383197579501
48738,20.95137395813629
48739,23.8121481696069
48740,26.96155040983448
48741,30.69753748429531
48742,34.84496185430121
48743,37.92409068856331
48744,41.25679278721848
48745,40.80046557963315
48746,42.807786667779666
48747,41.570875563177225
48748,38.574947905416295
48749,39.68180999930721
48750,43.20737205370145
48751,45.20592789931958
48752,49.13871888556209
48753,51.78223587547173
48754,54.511423738341755
48755,56.65352223311162
48756,57.01044144032933
48768,57.532035455189686
48769,58.14642503885364
48770,59.60117750550126
48771,60.84059855298255
48772,63.83090575978736
48773,64.08629792781171
48774,65.68120521070267
48775,66.71067770694512
48776,67.13885594473037
48777,67.14116677475354
48778,69.43226035301572
48779,70.68838014314142
48828,24.768750384048648
48829,24.929878738251034
48830,28.12287368521894
48831,28.762298537510752
48832,18.86571190893868
48833,22.28854958162237
48834,24.80984461650386
48835,30.487106404392197
48836,34.0389654258329
48861,25.521574080494183
48862,27.369614792008107
48863,30.210620448547086
48864,31.583094172930785
48865,35.19558409290519
48871,35.29001183422179
48872,38.52677051736132
48873,41.64554256776042
48874,46.36002886351962
48875,50.79321403251836
48897,10.958822385181705
48898,12.558596030838897
48899,14.446322983977028
48900,15.532641981327574
48901,17.76966109703278
48902,20.23870354621344
48903,24.889094635428627
48904,26.54250251767611
48905,31.576147829041112
48906,34.3633306387838
48907,36.07215786502097
48908,38.339129470627554
48918,12.548744993705336
48919,17.291727038830462
48920,19.660914568779823
48921,23.042636126863506
49051,25.496159022514203
49052,29.61021601802352
49053,39.600961843310486
49054,47.35241911672875
49055,33.78691549088411
49056,36.82878574045714
49057,39.873041969472105
49058,43.15565524109132
49059,41.459864946629686
49060,44.74548475848215
49061,45.178691768223096
49062,49.321805130766364
49063,53.779893794771496
49064,56.63847124349689
49065,59.31390889247202
49072,7.889743690829149
49073,12.25605225725501
49074,14.251423615912792
49075,16.89101126001008
49102,29.50673051897214
49103,35.6340127314781
49104,39.9049765430249
49105,44.501518198080184
49106,48.6795683968141
49107,48.178243863224
49108,50.83785398733866
49109,52.545913590508086
49110,52.14516654802159
49111,52.89722440304784
49112,53.874142350394116
49113,54.86802140577571
49126,24.99455792407949
49127,26.02275895874129
49128,29.206879165224997
49129,32.044790956279435
49130,33.36076282781597
49131,37.80346649193901
49132,40.24601341619711
49133,42.541646197380075
49134,43.48531272495007
49135,46.62809409744468
49136,51.519508950174774
49190,33.970798657040866
49191,36.03392922686787
49192,38.61464026217627
49193,43.523981443157595
49194,48.07330765276397
49195,51.54330639969072
49196,52.0590141471725
49197,52.27207273912762
49198,54.237406327986974
49199,56.43764301399373
49200,59.7948242725462
49201,61.319593287843574
49212,28.9933435345169
49213,32.42443554290775
49214,37.87756590828869
49215,39.92420703725166
49216,44.67019680057669
49217,49.189872877932686
49218,51.47484255218304
49219,51.522783401634236
49220,53.144568927064476
49221,56.223603993108334
49230,17.50837894052984
49231,22.222720286902344
49232,25.01730192030663
49233,29.242744991215645
49234,34.29370695866499
49270,53.836386782267795
49271,54.438702257599324
49272,56.23119600773003
49273,59.98164877757872
49291,20.527453374438426
49292,24.999302051201823
49293,31.274781175699754
49294,37.556208083086716
49342,18.16430521430349
49343,23.425258114464945
49344,24.924539015561553
49345,26.14603739978514
49346,27.088473420238305
49398,8.162164698896984
49399,12.685449113685745
49400,14.96848854475582
49401,18.815828649834504
49402,20.613492350911226
49403,21.98050840468524
49404,24.31469800413857
49405,27.640560978903927
49406,29.324084728620836
49407,30.479262682270218
49408,33.874845171972645
49417,21.383092162020873
49418,22.961818895408545
49419,24.874715471686073
49420,26.740092777414905
49421,26.06358849557162
49422,30.352590201271987
49423,37.532846942160134
49424,38.087892106083025
49425,42.73067856464091
49426,43.28142701360146
49427,45.31983352838472
49428,48.44000762533758
49429,67.82222144638258
49430,70.19325014747047
49431,73.22570127711815
49432,73.89925055538089
49433,14.74978944268654
49434,20.492559319142327
49435,24.603269119631914
49436,27.683841507763205
49457,23.15639207248025
49458,26.044426632297007
49459,29.76396301675275
49460,36.43024776228242
49485,46.27891119926525
49486,48.218761377990255
49487,48.78542633847105
49488,47.46759045827548
49489,50.69188137905014
49490,52.51784625752899
49491,54.39987262522189
49492,57.72920999474524
49493,60.136939220121334
49494,61.66594999157494
49495,64.52315302563036
49496,65.38431091539272
49497,42.75687942249549
49498,47.60427127219282
49499,47.52658026912688
49500,49.72603838875453
49501,53.95195993211436
49502,54.75986000359514
49503,56.77485043393379
49504,59.7517674039898
49505,61.314720773604684
49506,63.59210590931051
49507,65.25133575894381
49508,66.82789961912685
49585,17.90751706468841
49586,20.859527589010252
49587,23.88450500634491
49588,23.834139552769205
49589,25.76382647630693
49590,26.803883743357837
49591,29.372955853164974
49592,37.41237762588767
49593,41.75914381091108
49594,43.51192983079383
49595,46.947252332988704
49596,50.662369223151295
49647,5.153535835103151
49648,8.378880671661967
49649,12.522203565815962
49650,17.78784625670735
49651,20.406520972140875
49712,38.91230278967637
49713,42.64555621537796
49714,42.67903077933125
49715,42.8046731612748
49716,47.959968831597195
49717,51.65498149398051
49718,54.82895188653592
49719,57.61295508825738
49720,60.70887053840567
49721,61.99584112420736
49722,64.3442456166478
49723,65.25551627068042
49770,42.79129508822549
49771,43.89661391103944
49772,47.16656433068453
49773,49.350278449411626
49774,53.245357939319085
49775,56.82732395306738
49815,15.994157855426149
49816,21.35496641315285
49817,24.42460100262831
49818,25.728939319329502
49897,21.021553485168933
49898,24.62433501861021
49899,27.82942261362022
49900,32.03113236072472
49901,43.16165162843045
49902,45.09182773351843
49903,48.88242683479608
49904,50.493151408656225
50004,2.3425479732655914
50005,4.033365998468037
50006,7.111595531950194
50007,10.990963019351984
50032,25.090250299531572
50033,28.359768894708893
50034,33.55522254600477
50035,38.109136184353176
50036,25.552129596505512
50037,29.36636322084405
50038,31.86823489352954
50039,33.67681559009736
50040,37.26598445929331
50041,39.92710024159363
50042,40.389515794342294
50043,43.12958283897481
50044,44.70866534966124
50045,45.85200297131338
50046,47.68316038464331
50047,49.11002614830983
50096,50.508245695808036
50097,56.99358202264772
50098,61.10518964690127
50099,63.77633191403307
50100,66.13374727281904
50223,43.36626780647628
50224,48.90252457317863
50225,51.13334808546119
50226,53.52524657372436
50227,55.52090848260301
50288,22.500668357255815
50289,22.169805645590372
50290,21.09213099832317
50291,23.478677379384063
50292,26.308003528992696
50302,8.023788154194326
50303,10.402757184425097
50304,14.861662453936574
50305,20.59992148733333
50306,27.730906030185242
50307,29.53636947384939
50308,31.73210537397288
50309,34.659943047471714
50310,35.15242710372902
50311,37.365643721452784
50312,39.518081007301674
50359,28.169592425428014
50360,31.195078951223923
50361,33.39796653654706
50362,37.168272178850586
50363,20.7360294445995
50364,22.962730173237208
50365,27.1159310762179
50366,32.5348669306428
50407,22.36083952331754
50408,25.93294319934779
50409,27.67302512987631
50410,30.226704882838572
50411,28.391424464619064
50412,32.34820009491905
50413,33.87224825268657
50414,34.65347581356536
50415,37.87877810610773
50416,41.606238986656145
50417,44.47851941834137
50418,45.87142392358752
50457,36.35310540409842
50458,45.368267335836904
50459,55.361770089636444
50460,62.05953468818589
50507,17.43452374378899
50508,21.094271632130056
50509,26.724664829153877
50510,29.761646662484516
50511,37.84037668688562
50512,40.88637657575196
50513,45.57205962793722
50514,51.3934514903646
50515,53.23180957250925
50516,53.60039906932777
50517,56.66870690534425
50518,60.261291671102576
50519,59.503655042976895
50520,60.999227626638955
50521,61.66692808347996
50522,64.99061104953073
50558,26.170491278968925
50559,30.217626812826953
50560,33.163083469256875
50561,36.153108873029645
50635,58.350653103970274
50636,60.57668090762511
50637,63.221642961454684
50638,64.45844110637591
50639,65.60923221080104
50640,66.58032712410832
50641,66.97356697982234
50642,68.38669385314847
50643,69.14791291825694
50644,70.09540332677598
50645,71.28870288776842
50646,71.91277415549824
50656,19.964130018551312
50657,24.651504142978354
50658,28.775431765588547
50659,32.174899008346756
50660,24.770683446282675
50661,26.471453317264565
50662,28.570279829875453
50663,30.764779092672345
50664,31.718704868783725
50665,32.08855522937233
50666,38.642880423129526
50667,42.561666718293644
50668,44.11973436197126
50669,46.46988230534309
50670,50.96712306478241
50671,54.6856834472572
50686,22.07599475169448
50687,25.815489758325228
50688,26.288334546788168
50689,30.199062964675598
50735,9.230356680644846
50736,9.020908109350007
50737,12.014685350798157
50738,14.286124129951968
50739,16.90415395542151
50740,17.83702373232373
50741,20.775072660624243
50742,23.86945649969755
50743,26.84035996615374
50744,28.359478528827985
50745,30.117239654301788
50746,31.595487894578998
50752,33.27414464122227
50753,34.2600548913131
50754,41.35754311509934
50755,42.11018814978327
50756,41.807413756801104
50757,43.94237615341862
50758,44.90471234331938
50759,46.06843579951338
50760,48.47836669042451
50761,50.10321835032086
50762,53.20185243177392
50763,56.57934360932518
50768,6.546055872879625
50769,8.856833391077174
50770,11.240135637678327
50771,14.478513021518653
50772,16.8336041467941
50773,19.092953567591277
50774,21.41058473316973
50775,25.37760710588883
50776,28.488561619236336
50777,29.14051387283237
50778,27.7078172772166
50779,29.94098719331544
50792,49.48389801356315
50793,50.867516916789896
50794,54.86706320769484
50795,57.76607268274109
50796,57.47620825785262
50818,28.088505393225134
50819,33.962052757429284
50820,36.41061104684062
50821,41.357085948569235
50822,42.42668239362204
50823,45.0180829566841
50824,48.249729314988464
50825,50.12328270147641
50826,50.396803455125486
50827,50.72752143370499
50828,48.309410479675144
50829,51.403025368232136
50848,47.40238191243834
50849,50.42006394341616
50850,54.56052536469388
50851,58.27547362655437
50852,60.65430146680384
50853,62.353509094846316
50854,65.62040849495904
50855,67.28422403741652
50856,67.67672004222324
50857,68.60420582568808
50858,69.91976691710447
50859,69.43339414346956
50860,33.52121855055884
50861,33.940645249034084
50862,37.3805093508947
50863,40.056577397912186
50864,41.49025233662285
50865,46.09398958374054
50866,49.54471796257922
50867,51.50657152918831
50868,54.30556490080173
50869,52.72293592489995
50870,53.87944043223766
50871,54.869849964843844
50890,18.40414003206068
50891,19.692689963896193
50892,24.56566973194682
50893,28.461067620607132
50894,31.676855445582298
50895,34.990300028506034
50896,35.75881923866579
50897,37.6284441512666
50898,38.85045559298294
50899,40.045618102685175
50900,43.30269151227959
50901,44.80100484632311
51021,35.62664625458493
51022,38.5158678672893
51023,39.56591565991376
51024,41.36845860312798
51025,43.736021001435326
51026,48.50701102396282
51027,52.9897335629016
51028,54.48268781444157
51029,56.971150282433534
51030,58.898014212678014
51031,61.41026558522834
51032,63.483993799427175
51088,43.60642870846155
51089,49.98933979157839
51090,57.75362440941868
51091,61.935496525062405
51111,23.035220229833698
51112,28.25832068819103
51113,32.47192508260783
51114,43.42172493063869
51122,40.389963106027004
51123,42.24955139400373
51124,43.60974221486002
51125,46.489944362390986
51192,12.562844885848186
51193,18.26945493235169
51194,24.216565306149814
51195,37.123869253454444
51204,49.12489086010685
51205,50.20588873883597
51206,53.03437298010746
51207,54.56547319841172
51208,57.511229457754
51209,59.63955847576786
51210,60.31159911401034
51211,61.99759958942775
51212,63.66589027028493
51213,64.57696277191468
51214,65.36881551476614
51215,66.69301495245149
51221,11.803767542006378
51222,13.56848856103204
51223,17.59289313759209
51224,20.84751398621584
51225,21.995125151822315
51226,21.269546450218673
51227,22.3928484693794
51228,23.798725152804785
51229,27.28499492168151
51230,29.27213135747319
51231,33.091118056037274
51232,32.97660201840668
51334,9.226114264484801
51335,12.470868140800155
51336,14.496833044907607
51337,17.646593518853848
51338,19.18010001920147
51339,21.22717428581341
51340,25.6206018641584
51341,28.391517581892415
51342,32.69148910973551
51343,38.267045078019514
51344,40.45249364792406
51345,43.24504081655856
51400,13.451219423635305
51401,15.25261099670867
51402,16.731062519799735
51403,20.39499244108198
51404,22.668849101611446
51405,24.0159022542408
51406,25.410721859753068
51479,16.718050829351174
51480,16.503855065394657
51481,18.2297362110001
51482,17.942714051913352
51541,19.51246246685898
51542,22.385115140753086
51543,25.13729073228549
51544,25.69645268131225
51545,23.52528655165888
51546,24.104738553407
51547,26.019339812520265
51548,30.283332679250837
51549,33.20107485264828
51550,35.47258724097016
51551,37.073347730102434
51552,40.069788828034525
51577,38.097762873389506
51578,41.78952904525445
51579,47.81524280483384
51580,49.8924770968059
51581,52.66197583288108
51582,54.80315673248732
51583,55.95137625006057
51584,55.97639537761697
51585,56.75242095525095
51586,57.42668607522541
51587,61.13141345750225
51616,46.15892677403394
51617,49.03427899068891
51618,56.519671850136355
51619,58.177109341868736
51620,59.348510023441946
51621,62.31011032107877
51622,65.06793736287692
51623,66.59435095796262
51624,67.67948057835308
51625,68.93102300314503
51626,69.73591570680217
51627,71.39955154625314
51674,31.7135263870426
51675,37.46189935096832
51676,43.65830648632568
51677,47.49350770744294
51678,49.08585874652047
51679,51.66246180335645
51680,55.95973625323102
51681,59.575878037413084
51682,62.263589314555034
51683,63.229537230650436
51684,62.101597230351366
51685,64.13035730820752
51702,31.891455475811764
51703,33.35097988150943
51704,35.125304980653084
51705,49.0279996984131
51706,52.132714037646
51707,55.01045685369784
51708,58.908303775474906
51709,59.5175343274191
51710,60.59293742135363
51711,62.27626697010728
51712,62.87545302639851
51713,64.04500339560245
51718,17.835800755048414
51719,20.969471606809318
51720,24.010754384021325
51721,31.341198709119496
51722,33.19358814472607
51723,34.63277796563853
51724,34.909109650832825
51725,37.05588718635727
51726,38.63074665275561
51727,39.85519528978933
51728,42.76232471040937
51729,43.97347876463234
51730,38.24118824998076
51731,46.83776204572314
51732,51.32917969784659
51733,55.235800045218504
51734,58.564334028053636
51735,60.982387699596096
51736,63.870214627579195
51737,65.07879226474768
51738,65.73764909560198
51739,67.53365014186419
51740,68.74296310087057
51741,70.27481357406951
51747,21.49712935946101
51748,22.5452913523014
51749,25.817087102753607
51750,30.582284832212558
51751,33.78207955394025
51752,35.285529376668435
51792,23.369698816908397
51793,26.14595009422011
51794,29.01187572404143
51795,31.554727181188237
51796,34.79229340523925
51797,35.96406886198814
51798,39.30440750974082
51799,42.87558090091042
51800,47.93983706941688
51801,49.880938026838784
51802,53.59696508480194
51803,58.675183861756594
51812,8.560183864620758
51813,11.196392179155586
51814,13.14705498488965
51815,15.312681408356703
51833,26.411378784961016
51834,27.61955065785344
51835,28.312896864971744
51836,31.038455380127445
51837,34.02080689858199
51838,40.02210533193466
51839,44.43564344491209
51840,32.60193289424485
51841,36.244156182727984
51842,35.8899930485325
51843,39.31157536141091
51844,40.27729066907566
51845,41.198410416072896
51846,43.37555240087345
51847,45.53332130402517
51848,46.36819696453
51849,45.52333050518283
51850,46.74743045233608
51851,49.44997437247442
51864,32.134336493133546
51865,33.72013963779848
51866,36.75381384073241
51867,39.12898389312808
51868,42.01063514208998
51869,42.86473415268411
51870,44.293661643414346
51871,46.337219881729546
51872,49.17779246501902
51873,49.47423854046299
51874,49.81489222612585
51875,51.130990875653
51891,11.517280137597021
51892,14.333074727380518
51893,17.939251905187238
51894,20.25509763813382
51921,22.484995419936535
51922,25.548136773321044
51923,27.915078101702242
51924,30.00451303860324
51925,31.056451130004902
51926,31.410845322859046
51927,32.9749044710457
51928,35.55364002850231
51929,37.82508506409088
51930,38.74949247825779
51931,39.91754880160183
51932,41.27428703957517
51937,44.46176156523491
51938,48.704248417666186
51939,49.50569853292071
51940,51.895843398377046
51941,54.266728235027394
51942,55.823459219731454
52202,30.541727062911793
52203,38.06419840911411
52204,41.675832706529114
52205,48.40811819113795
52206,14.846547436337662
52207,20.683262787264614
52208,24.216537061684846
52209,27.230109897318574
52333,27.141058173083717
52334,29.510053368508395
52335,32.31877349380126
52336,33.66422994754996
52359,31.486283014245195
52360,35.26781320576801
52361,39.60931053226449
52362,41.522165823076925
52363,47.82505465341821
52364,52.84091277245834
52365,55.352047647570906
52366,52.89966005389965
52367,55.61915677190287
52368,56.78722084049267
52369,57.470262860503375
52370,59.595430264906575
52377,6.35394586896785
52378,8.185938616726501
52379,9.120568821084984
52380,11.537531660970544
52381,13.202837207121146
52382,17.16967651717347
52383,20.59199350695551
52384,23.25445168082168
52385,26.363299869084667
52386,28.617446789401587
52387,30.152347379261172
52388,31.408713630493697
52413,60.70403456480158
52414,60.367403314802104
52415,61.170049341325694
52416,60.59715509463152
52417,60.57817891379629
52418,62.58438013750355
52419,64.87079080054389
52420,68.20619705379507
52421,69.72566368777399
52422,19.953123099722383
52423,19.694623896868976
52424,21.049863309370483
52425,18.667715774504558
52499,20.52499553656103
52500,23.713898852752124
52501,27.060513067352097
52502,32.56768687358516
52515,32.942638796627804
52516,38.57390930555478
52517,45.702649041449455
52518,48.405790690850885
52524,13.960637151529735
52525,15.998275495513035
52526,21.028702874408328
52527,23.9992758349821
52587,25.922947423717417
52588,26.642387111793393
52589,31.127855456632926
52590,33.79644539940545
52591,33.850321935930594
52592,38.72210501197413
52593,41.951454524840095
52594,42.699688467924304
52595,44.49373026647944
52614,27.686207973746935
52615,29.984301107645074
52616,32.04957930568708
52617,34.82328673768066
52657,3.1396438792665515
52658,6.381734713936841
52659,10.384813470664012
52660,13.6452712286741
52661,41.64872643962345
52662,49.28841633761481
52663,53.45466236580234
52664,58.965999089210364
52719,36.550672512394016
52720,36.6592569339748
52721,38.401654525293544
52722,39.05498248405075
52723,39.78323509503263
52724,41.60558122790248
52725,46.41863647662829
52726,47.732894676494595
52727,50.67011425263149
52728,50.153928478825385
52729,51.71864965333775
52730,52.897404593947
52753,9.817783610810595
52754,10.864053594992416
52755,11.480815706145375
52756,13.625202666176891
52757,15.550970185960225
52758,16.64608541159786
52759,17.42334162147358
52760,19.859807035107742
52761,22.747491589733507
52762,23.627368036374836
52763,25.073039579430052
52764,30.60195289460355
52802,59.924807228942875
52803,60.32438987936164
52804,63.30331009865831
52805,66.15267910877105
52806,68.64167950970706
52807,70.02217346937645
52808,70.52742569617217
52809,71.84015179292003
52810,71.47304236955284
52811,71.41297919588969
52812,72.82980678052719
52813,74.46931692753239
52861,19.3403797674365
52862,24.117597539952904
52863,26.184299710474757
52864,29.21139354702591
52865,39.33634765281874
52866,43.094706948609044
52867,46.08357022685314
52868,45.77376379404663
52869,46.59507466465129
52870,47.63438278878739
52871,50.18242436219348
52872,50.25527533709502
52913,12.442796429647814
52914,13.555560730182297
52915,14.260699335496353
52916,14.618322101565802
52917,15.074556375483736
52918,17.514970984476996
52919,19.713374637900856
52920,22.361422669218573
52921,25.840981832701033
52922,31.813273428937677
52923,17.275165333046818
52924,19.381241236064483
52925,22.838523265499607
52926,24.56082800821971
52927,27.457165664151336
52928,31.680133872074638
52929,32.90750506298191
52930,37.93143445705811
52931,38.77344404141888
52932,40.38791670139106
52933,43.761792252573734
52934,44.87780712381249
52955,27.046820521063548
52956,31.297615298872156
52957,34.26351364255134
52958,44.218655095496366
52959,47.241274058313415
52960,49.02949255449829
52961,50.68228998692702
52962,49.795649210420436
52963,51.87205608893915
52964,51.66950624678567
52965,53.73872724313971
52966,57.37790122434917
52998,36.152207294477606
52999,37.49792316103083
53000,39.91356664139462
53001,44.89285707068182
53002,31.471989390772336
53003,32.74963671533603
53004,34.175404495859375
53005,38.68560064273893
53006,40.34166567160325
53007,42.63681253204858
53008,43.85016935829782
53009,45.45822410208495
53010,47.079400221027456
53011,50.356142216459105
53012,52.68901600438359
53013,55.43966637106725
53014,20.276646291101706
53015,22.25560644634144
53016,23.117324808000802
53017,24.28902964511241
53018,27.848029846786147
53019,31.078836804315337
53020,36.39995954489365
53021,39.970790879201985
53022,40.63337853696481
53023,41.06280093927233
53024,45.39964247099601
53025,48.05371530139964
53141,25.144396837445008
53142,29.86603939158721
53143,33.234457404150824
53144,37.6535963936797
53145,38.80388994368506
53150,5.885793084995179
53151,8.07558746891709
53152,10.73311768995914
53153,14.190038232360845
53154,15.923109399882778
53155,18.74611681021955
53156,21.134454403759616
53157,25.77190557050886
53158,30.04333838143409
53159,32.80169029992341
53160,35.207596756313855
53161,33.17566383269474
53162,21.445748117706117
53163,26.15883888035337
53164,28.670765668196548
53165,31.3616729908942
53166,26.37557471988246
53167,26.664664467290095
53168,28.215792363128816
53169,30.162005604265804
53170,29.916282101170488
53171,23.301786345749544
53172,27.200238248182263
53173,28.387015040865148
53174,29.59007326955766
53175,28.234623559769563
53176,28.777048320977343
53177,33.05523333952847
53178,34.9373561645032
53179,40.72087962529279
53180,43.124585603643474
53181,46.36890369786552
53182,49.19978916865367
53183,50.65096729051113
53184,50.86960698063004
53185,47.92925498733881
53186,49.35113187743948
53187,52.01608542678259
53193,31.62954657309548
53194,34.60383706980308
53195,36.847310282132554
53196,39.036662567030945
53197,41.37548318691944
53198,45.41418703427951
53199,49.96207346294525
53200,54.04482139990731
53244,28.3716788712639
53245,32.50072354741416
53246,37.68939446779801
53247,44.03674978496494
53248,47.86418684947128
53281,22.23991705476611
53282,22.42096788367254
53283,23.14932814060691
53284,24.18851808315925
53285,27.417913367263743
53291,42.158912731028124
53292,45.35730297241796
53293,46.82542123711665
53294,50.415796950058564
53295,51.72613322406572
53296,56.676568174144066
53297,58.30446797129177
53298,62.32054233612593
53299,64.25297974973559
53300,65.86432647200596
53301,66.71021400211434
53302,66.53170085870941
53318,34.98125318893104
53319,39.16514946673681
53320,47.43449288860479
53321,51.26713693275051
53322,56.20320396653249
53323,57.69392922273688
53324,60.45398322454589
53430,30.883634703766194
53431,32.672880930564325
53432,35.53176195059562
53433,41.40874603670178
53434,42.7679137432174
53435,46.03876224340176
53436,47.52310981853177
53437,49.40978249383435
53438,51.59399856787443
53439,49.62011592852646
53440,51.7743672810611
53441,52.75366642166683
53442,29.288070593787452
53443,32.367377724549904
53444,34.51237278168931
53445,39.630286957777344
53446,41.67478946308032
53447,41.68398852959655
53448,43.75948730178512
53449,43.34554048150672
53450,44.15216415785938
53451,45.84751385259431
53452,48.07434853917911
53453,48.881144563543955
53483,24.082975013026267
53484,28.240575721406348
53485,31.98668685580651
53486,34.06429428652095
53487,36.082181296558026
53488,39.385651140486125
53489,44.57177039470645
53490,47.0902427353869
53491,52.13098742022363
53492,56.503393192393574
53493,57.49218495625677
53494,55.385282330549416
53527,39.365248942121546
53528,38.23863137363049
53529,40.85077243240958
53530,41.385467197215455
53531,45.554397419367476
53544,28.30980473082759
53545,33.56905748274583
53546,36.9995942074201
53547,45.312289862866116
53589,53.26727703612901
53590,54.331465041356346
53591,59.20867126048199
53592,62.06868092158496
53593,65.94763382619816
53594,66.06549922388857
53595,68.9149995030048
53596,69.89895764652127
53597,71.32639142473614
53598,71.65236147407794
53599,72.59853791723289
53600,73.06674765078745
53651,44.42914792274566
53652,53.004750443080745
53653,57.143620421365156
53654,60.925424556599644
53655,58.53655123897929
53656,61.26127219442353
53657,65.66741068163522
53658,66.08428613707832
53659,67.49220455632305
53660,69.68929239634161
53661,71.14231757939949
53662,72.13491659873338
53663,71.75632574385527
53664,72.09681252389484
53665,72.24966446673788
53666,72.88334967920062
53667,27.149673490381865
53668,28.932205372648536
53669,29.904387091368147
53670,31.889161916149504
53671,34.60122138276608
53672,35.559228120048374
53673,38.089714469019356
53674,40.02230663838269
53675,42.71827715972626
53676,45.21638031450355
53677,49.88391011618904
53678,50.44349407779085
53703,30.209961207869753
53704,34.509656701182166
53705,40.18859299360686
53706,48.85903550558734
53707,56.28158309049093
53720,4.701938702086933
53721,4.43858545506281
53722,7.016337436581625
53723,8.954898294419609
53724,12.411954578814566
53725,15.41758509641663
53726,19.100306961816884
53727,21.478980199869326
53728,23.417658462036822
53729,27.10819283966849
53730,29.799518599763193
53731,32.5902025838561
53732,20.91916669329136
53733,22.43625451124913
53734,24.76869035010292
53735,27.166280275227525
53736,30.087594397146848
53737,31.02229395277062
53738,33.37691212765654
53739,34.09936835851443
53740,36.55848187476011
53741,37.85981124939038
53742,39.65847157311721
53743,40.809810427901986
53794,14.732991904997787
53795,18.463019195610848
53796,20.60834016322748
53797,27.32801014263216
53798,26.190118186875573
53936,44.14506181970917
53937,46.67589648301159
53938,52.3506013423725
53939,54.36447485831451
53940,56.96261051689881
53941,58.91519910250923
53942,61.19034798111069
53943,63.88780411328369
53944,65.92892691592513
53945,65.96065529860331
53946,68.03055879793912
53947,68.58580741506505
53954,0.5935736111242866
53955,0.9174260543774404
53956,1.0591002743856701
53957,4.525628224044569
53958,6.454787604877829
53971,26.844773480541843
53972,27.600048833954112
53973,30.220798616487514
53974,31.429285144040488
53975,33.59136368599152
54001,24.264303222252696
54002,28.40621114492911
54003,32.1327698271307
54004,36.13680578639381
54017,22.367323977189628
54018,24.901352124589874
54019,26.262158037282443
54020,29.561732400323358
54021,30.41030440086207
54022,33.02377063761535
54023,34.840990966489926
54024,36.97149077494206
54025,39.00197507264135
54089,35.30530545398697
54090,36.39585803933705
54091,41.042294795636955
54092,44.0154512182357
54093,49.77594840711816
54094,54.64720697932516
54095,61.32359806395962
54108,53.621753251486304
54109,51.73029255134945
54110,53.93983279418265
54111,51.09824296163625
54120,7.072131119589965
54121,8.060592649828381
54122,10.269470496078897
54123,12.035388856261866
54124,13.935070250910538
54125,18.333869081942144
54131,5.006368507850841
54132,5.023541668481713
54133,9.147916171481379
54134,11.914807512887165
54135,13.190174990911151
54136,17.848381833941684
54137,19.86881519411816
54138,26.400255055937986
54139,30.174274631780857
54140,34.64357292887198
54162,30.958631742476598
54163,35.408479536347606
54164,36.493768234501665
54165,38.6762794766866
54178,0.896189113688546
54179,1.233673167488425
54180,4.385239438373404
54181,7.617155764878856
54182,11.10117928770006
54183,12.827153316468808
54184,15.61568044266532
54185,16.58797760312854
54186,19.218211210519904
54187,25.31670780447979
54188,30.318334329461152
54189,33.02219400129203
54202,63.478264312115414
54203,64.58030860622213
54204,68.63898428334116
54205,69.97452873068886
54206,70.64219663004317
54207,72.82498791182944
54208,72.89979597046512
54209,74.64508885463209
54210,74.83089191491956
54246,4.797570105856221
54247,4.821643472754579
54248,6.837721702462131
54249,8.64927183030816
54250,12.358009089979205
54296,41.692204800447335
54297,43.72565328282356
54298,45.07779977766761
54299,45.00583197027126
54300,46.16397418734985
54301,47.56947013737742
54302,50.86149642299739
54303,55.34235452327592
54304,57.96899579157224
54305,58.51726257993832
54306,62.84743424808142
54307,65.43015541603339
54323,16.276666030463424
54324,15.268493557933345
54325,17.950580785123844
54326,17.899471217893478
54327,15.952534295990374
54328,16.872172799048755
54329,23.21253821022578
54330,25.92636339347307
54388,24.89063702764743
54389,31.22521086630658
54390,33.32194153506582
54391,38.87093679266719
54392,41.26187166276548
54475,5.206519720965812
54476,7.0087630743562235
54477,9.08727035107965
54478,11.964941016873295
54479,13.07630648590672
54480,14.692545566565792
54481,15.94280794857878
54482,16.458501933599656
54483,18.096303936818575
54484,18.7756024851218
54485,18.527523158977836
54486,20.675287866990693
54493,29.92613282628866
54494,29.636886090851295
54495,31.588311141653598
54496,32.535051615367514
54549,14.22401011987465
54550,16.943810448883912
54551,19.278920289901663
54552,22.58691066229042
54553,26.51552397313088
54554,28.791373404079053
54555,31.96683623657226
54556,36.17218106248231
54557,37.69213213969873
54558,39.24950907202991
54559,39.95805952807658
54564,1.811934345742655
54565,4.0710661953868
54566,8.176610818125866
54567,11.969261499151283
54659,13.251947663186721
54660,16.586327356903446
54661,19.54298907644717
54662,22.5507347002887
54674,21.886305416892633
54675,22.39703453143669
54676,25.54015544266493
54677,29.072732483605943
54714,19.56153148612823
54715,21.20815144339792
54716,23.538719589206647
54717,29.706041964073087
54718,33.91282774974564
54728,32.987754383160954
54729,35.68937399551198
54730,37.268122028509204
54731,39.06810665768011
54732,42.43155377651516
54785,26.57548470530822
54786,29.084434101159008
54787,31.36423245076954
54788,34.06091646214493
54789,34.93439283980647
54790,36.72005175266106
54791,14.685682950524175
54792,16.873756878322467
54793,18.358072325809324
54794,22.335352942474213
54795,25.736779548754562
54796,28.58116152330337
54797,30.865709669800918
54798,33.80158431230422
54799,35.51510189654271
54800,40.74407701801157
54801,42.53190040628148
54802,44.48731243765357
54851,20.844619588672135
54852,24.543648178809313
54853,27.103490061897823
54854,32.324177743641876
54935,39.702745963960105
54936,44.30803971406249
54937,49.1616947444974
54938,56.088997901385966
54953,56.80365837813092
54954,58.60312472720192
54955,63.54955146547078
54956,62.376175389127724
54957,63.0012192599757
54958,66.0659484771219
54959,65.61199177796782
54960,66.48410195927742
54961,67.88827477654048
54962,69.45432296208115
54963,71.18302935418065
54964,71.4850131802596
55017,37.63962479734047
55018,39.98996044412007
55019,43.573701475547594
55020,45.7733959501783
55021,44.82121483484796
55022,48.057880147993416
55023,49.96937832050251
55024,52.64084371058648
55025,50.64468285252977
55026,51.68551325175867
55027,53.72333922055802
55028,55.300330801273454
55041,39.22966804245008
55042,41.35080260266688
55043,40.56184736998107
55044,43.03374284708591
55045,43.61079868627661
55046,44.7508939543364
55047,46.6812891224071
55048,45.23229183528072
55049,47.26606361697855
55050,46.63339121265633
55051,45.755735094587116
55052,49.085643606971104
55060,43.14432753456003
55061,44.747069490061875
55062,49.706687460695136
55063,53.43566908773815
55095,34.058031647581515
55096,42.53141504118008
55097,45.86460077653797
55098,54.35558344769952
55127,27.56514043515843
55128,28.452032799233063
55129,28.819130555632857
55130,27.771507348472387
55131,28.08504760973147
55132,30.726480197636388
55133,34.122409706402706
55134,37.35801149771158
55135,42.59814193275188
55136,44.39093834204762
55137,46.88197135561506
55138,48.21797872886051
55179,25.240450302180385
55180,31.020674552526234
55181,34.057354946442395
55182,37.732378522646854
55183,40.395764934618384
55184,44.599195423814884
55185,46.33876189752782
55186,49.15994396488638
55187,52.5677882370477
55188,50.68485414502225
55189,53.66765171538696
55190,53.972587729110465
55191,56.76571881987229
55192,58.2645889491313
55193,60.420580249882185
55194,61.13071301142322
55220,15.248638924028496
55221,16.328072833763915
55222,20.73485297588504
55223,25.71263773609776
55224,29.409043567231194
55225,31.651448468055815
55226,32.99335027490912
55227,35.584815263663046
55228,37.82915638289505
55229,40.352734275388
55230,41.640391470339964
55231,41.44050998415633
55261,7.611379673498015
55262,10.619678691577139
55263,11.194033435419064
55264,13.571722488711627
55265,14.84370461557698
55266,17.226144956831547
55279,44.789453210433024
55280,48.36427327914933
55281,50.41660749709716
55282,51.91955325531864
55283,54.06992053637528
55284,57.42392055214717
55285,60.440145646770844
55286,62.076669175487545
55287,64.43593022326704
55288,65.09242809789717
55289,64.72908299513509
55290,66.00583992266763
55349,53.5352952830144
55350,54.771602447260506
55351,56.632237720117466
55352,56.523621958653905
55353,60.08366141045767
55354,59.707469262843404
55355,60.87410013311436
55356,64.27337650432268
55357,65.6216986017584
55358,65.37868968348793
55359,68.94576708666354
55360,70.1921981900736
55517,11.806747042840184
55518,13.547128118855762
55519,13.901684775562563
55520,15.321293405311215
55521,13.13710954477028
55522,14.264302537124335
55523,16.687270706973734
55524,19.489668523457407
55525,24.591530232595538
55548,25.282040423924666
55549,26.001581232853802
55550,29.209494243216042
55551,27.993468499270932
