Index,target
66,22.372265999939486
67,28.362149428478098
68,28.67999298217966
69,31.250668881274954
70,32.99837147209983
71,36.852664088319855
72,38.689661909277504
73,40.39155471630021
74,44.61929703644701
75,46.41783083455461
76,48.7453399813603
77,52.04387550328295
141,25.815921806536636
142,28.904951512382087
143,32.27427607324013
144,36.957057608858385
217,26.56142848851447
218,31.93291548916186
219,35.8588413780526
220,39.47595556338011
221,9.498394413939277
222,12.072666667681784
223,15.210758714442369
224,17.094838730048632
225,16.875817200895668
226,19.474562344317526
227,26.9414844282324
228,29.51862776195648
229,32.017331051774
230,33.582971397153855
231,36.71674515746742
232,39.357496086654756
233,38.54923617755853
234,43.66480470387196
235,46.27838119904284
236,49.45539145682546
237,54.56255696354865
238,59.76654242741481
239,60.445270518339306
240,63.24727783605063
241,65.54811288876537
242,67.64262716232543
243,70.57660228987406
244,71.18248425197547
423,15.873882977359838
424,18.492908698601543
425,27.018713916850494
426,29.240473081394736
427,31.38628124541005
428,34.677974522380964
429,35.346130107869996
430,37.543744289537024
431,37.984578893890756
432,38.885722304672406
433,39.78152150418764
434,41.44760941633408
447,13.933240294670957
448,18.15372334100695
449,20.05325898335053
450,22.900244833621777
519,29.336277260509483
520,33.990783611775555
521,38.38439917619995
522,40.32483048238214
554,18.218740574966546
555,25.98393761025066
556,35.190683656500006
557,40.31309987546359
558,46.289530226994444
559,12.730165868332938
560,16.076701645947345
561,18.160070423263498
562,20.09442102169511
563,22.858722295162757
585,28.85732578030194
586,31.38837269359571
587,33.13508849131133
588,35.59868554137203
589,38.23919385073657
590,40.898680240296486
591,42.84015577739485
592,44.450657584102956
593,44.03419455499234
594,44.87112070611302
595,48.50051588625761
596,51.8595896322546
606,22.11739406751633
607,24.72007796184021
608,26.49940720775094
609,28.329533571326692
610,30.21763758879147
611,32.92113872543446
612,34.721362582408794
613,36.04521591839691
614,37.9053325155565
615,39.36867250105223
616,40.98363403553758
617,42.67827425783912
618,31.11138631252707
619,33.29370839628556
620,38.7439600631048
621,43.62799631421298
622,43.33833591385044
623,44.50605037037393
624,49.99260598483022
625,54.85779583372488
626,56.69189746453071
638,42.62782047908589
639,46.465175547797216
640,49.029832777500765
641,53.133915669434884
713,43.41119553990928
714,48.20210307812731
715,52.33489750902387
716,54.98426498415919
717,56.93013959835751
718,57.473847360065044
719,59.2310171604128
720,61.39948287576743
721,62.63956528874802
722,63.78168795567137
723,63.600767334618844
724,64.69229420216092
731,26.689490942003715
732,28.1826768985738
733,29.39812109739849
734,29.850991110386662
735,29.549587862382925
736,30.519516664018802
737,33.54448447282338
738,35.08679257002014
739,37.15279575906438
740,40.52121161936266
741,43.370972508318786
742,46.74827219570976
759,30.10614529064448
760,34.17386352754403
761,36.61035955384652
762,38.87704748045565
763,41.14987704960295
770,32.106328707859305
771,35.85501748074746
772,37.00331684948804
773,40.425182029259375
774,44.803740610601366
775,20.37649495630196
776,23.526422721593796
777,25.214007351406067
778,27.112947008365218
779,29.546286114286346
780,32.622186473782946
781,33.2841423148367
782,37.79667532221337
783,41.43900602395489
784,47.04452892827739
785,51.495914624698855
786,53.091349556442026
787,52.844505576251926
788,52.161045230131705
789,53.396603293923455
790,55.14182911614351
791,57.6085063678341
792,59.0434130111194
822,40.11889044898844
823,44.31182753376881
824,45.36404081634712
825,48.384278022403656
826,51.565076267340075
839,23.234237151611822
840,29.26645410752436
841,31.905622163927404
842,34.915259260014274
843,36.48519605100267
844,38.838326854510264
845,40.56443015804269
846,42.62762582364699
847,44.088728502499904
848,45.14115269651027
849,44.74359247779655
850,45.61904767552411
911,19.489713900939726
912,22.794676271255646
913,26.437227811810494
914,29.174014161812345
915,30.09042135990706
916,34.142629792184465
917,37.61731244616188
918,40.4528357749078
919,44.56178328109185
920,45.31995537002973
921,46.27680099687095
922,47.052135117077704
944,20.32303620639831
945,28.7432185270663
946,30.571296965223514
947,31.160372988890437
948,34.135732499520735
949,36.16278994928633
959,50.62880460881447
960,54.25358846497477
961,56.84543210210586
962,58.32707078169578
963,60.27245090897087
964,61.547400110960055
965,62.56759350369026
966,63.671014554931034
967,64.75636754340044
968,67.71252793506135
969,68.32162496689298
970,69.21168675771604
1097,25.56118113247305
1098,28.75537936215191
1099,33.07971453806515
1100,36.23992401172965
1101,37.756384973459554
1102,40.66532654096302
1103,43.65665182198781
1133,39.59554401648121
1134,45.961787033207706
1135,47.43609050563848
1136,50.59736156369081
1137,55.57283522553954
1138,58.98812951989406
1139,33.30965651625479
1140,34.767398771654136
1141,36.6873290781376
1142,38.53180883245783
1143,42.8126393914064
1156,33.25722995699182
1157,33.74830551938176
1158,35.39806849004241
1159,36.750112178402915
1271,23.819061985467574
1272,26.090823954189535
1273,29.394127961630396
1274,31.264861262556785
1275,34.43462295710741
1276,37.511621291476914
1277,40.568487348510985
1278,42.72159796239577
1279,44.453523403254806
1280,46.428282557045875
1281,48.11841590664543
1282,51.677375480714055
1294,59.573892960675195
1295,60.79735558230452
1296,64.33162710857772
1297,64.99613728490387
1298,66.00198240457367
1299,66.61976005396049
1300,66.46251982233771
1301,67.84984788522904
1302,70.61205356059222
1303,72.07935585738268
1304,73.38240950398384
1305,76.34826997710907
1318,10.653617069596612
1319,14.08284282488535
1320,16.210138444782025
1321,18.554438508479063
1322,18.756940686544265
1323,20.878166262749634
1324,27.814425899684686
1325,29.135975400843883
1326,35.36442351361618
1327,43.058691595798
1328,45.95260315258186
1329,50.922254584996445
1443,27.19283145364646
1444,28.64056239226627
1445,31.995974268333942
1446,32.80779920424861
1447,33.50665941298166
1448,34.020082008058786
1449,33.9742707863765
1450,36.62382766400066
1451,39.70777832555044
1452,43.916412598335036
1453,50.20317345034878
1491,29.267819978710037
1492,32.242960825536855
1493,36.7910221586459
1494,40.55561829544338
1495,42.41995713056269
1496,46.321600547333674
1497,35.67892557277553
1498,41.843118338111864
1499,44.50003014785909
1500,44.70982676835555
1501,45.138208363999794
1502,46.317340986911525
1540,45.36143290968758
1541,48.106941563970516
1542,50.758762018339525
1543,54.31762922085319
1544,56.43209488923011
1545,58.15514409549189
1546,59.364739861367184
1547,60.39303553314859
1548,61.667983984065586
1549,63.314426351025546
1550,65.76105063071842
1551,67.3727763528358
1682,40.13283636412267
1683,47.83410886141479
1684,51.50397810125916
1685,53.27513152095512
1686,56.70707323045533
1687,58.733486783100226
1688,60.164249016007
1689,62.000085751967596
1690,63.484126315312224
1691,64.38803725900557
1692,66.25926976169109
1693,67.783586056147
1788,0.4172925509510825
1789,0.6174342780059122
1790,0.7430539514220087
1791,1.942627553561834
1792,3.30815381812617
1793,5.880471860924009
1794,9.17135356144757
1795,14.600693870385896
1796,15.48467963189376
1797,18.539218987371022
1798,18.715662932532563
1799,20.511718322402487
1823,19.83276124322658
1824,28.411625114422087
1825,31.53106408412442
1826,33.061248346217425
1827,38.037372595835
1828,40.60800158821576
1829,43.05955162164638
1830,47.17152324349978
1831,49.96406991370593
1832,52.21110042285308
1833,54.32078102874859
1834,55.257299895466495
1835,16.99287993050916
1836,21.289819003806066
1837,27.739845239729163
1838,31.44055189064788
1839,35.62178785819823
1888,12.337447794920429
1889,12.979657007333515
1890,14.22782174916087
1891,16.983582921655604
1892,18.864887423735837
1893,22.07250809887036
1894,23.141335317625856
1895,25.81287905868094
1896,28.64552688052138
1897,36.75646546361958
1898,43.62844090164192
1899,46.84752111449692
1900,19.18259476820979
1901,30.178718359610542
1902,32.891393357137325
1903,33.52562052301188
1921,23.655370191334455
1922,26.405262405484393
1923,29.69576123217871
1924,31.072471023823663
1925,32.20064522973428
1926,33.62967635401034
1927,35.176836553041525
1928,38.20032338712631
1929,40.15357987895196
2057,20.41928849739626
2058,21.34550353303105
2059,23.539045531036653
2060,28.830870545923034
2061,28.994716020608074
2062,29.532413400499514
2063,30.542445534665955
2064,34.142376549797405
2065,39.65662525630093
2066,43.236905248960674
2067,46.7790999281343
2068,52.37995769014642
2139,56.70539430568105
2140,57.239202523017966
2141,60.55148822234669
2142,69.64365692458709
2218,30.25304148984195
2219,35.45368020361052
2220,37.34562359827975
2221,38.014629425765854
2222,39.335098919522196
2223,42.22207225455797
2224,43.10735374966463
2225,47.00492375781525
2226,47.444527905730396
2227,49.63546436478948
2255,36.31175653464366
2256,37.474531567830965
2257,39.08589969003882
2258,40.55667246353818
2259,41.73641015728829
2260,42.12842976281138
2261,44.64289130896113
2262,46.055607137055766
2263,48.293482372793896
2264,50.971709833919405
2265,52.00100132296073
2266,55.16924093847348
2271,30.252419881662934
2272,30.502745159976474
2273,31.892421985307998
2274,33.50050325925202
2287,25.0969020363391
2288,26.55088992426509
2289,29.163188102854217
2290,31.997665276960635
2336,18.29450076415761
2337,25.492630342177907
2338,29.566483913779468
2339,33.23192340492755
2340,37.895239735758274
2341,38.503140416359216
2342,40.346697598737464
2343,44.196912197977795
2344,45.762409368259945
2345,47.09126194116881
2346,47.990588051021376
2347,49.66711548040426
2413,18.800505669146283
2414,21.90110588494002
2415,23.277884081148635
2416,24.235780502712608
2417,25.064079126714567
2418,26.52615189012199
2419,27.507218809734844
2420,30.508226584655148
2437,37.67662846222107
2438,41.65645482167035
2439,48.87595614616838
2440,55.17697255205744
2479,36.66308881325868
2480,40.141876765028414
2481,42.165379503010286
2482,43.80245802346081
2483,19.581972491906253
2484,20.775908731543193
2485,23.476752396032506
2486,25.006242638618595
2487,28.118994640058723
2488,31.19948296260383
2489,36.13659834253151
2490,38.52865110172261
2491,40.88840507340265
2492,43.50838657337498
2493,46.374949400312424
2494,47.2496956903099
2535,44.60864516413489
2536,46.99683390467264
2537,51.27187917330933
2538,54.88027132064951
2539,57.43716256008601
2557,23.300135294399723
2558,25.011107615171202
2559,27.32634749568013
2560,30.371797297127074
2561,34.95584558925735
2562,36.1361058222614
2563,39.86308426634834
2564,46.83932518694344
2565,48.43075279323479
2566,50.1498438730998
2567,50.85273247922722
2568,52.654054807161856
2573,37.76621277789186
2574,39.85223225646266
2575,44.15046350249045
2576,48.04652727188253
2577,51.971855075674284
2578,52.86589311594288
2579,51.959517069736556
2580,52.38720363339443
2581,54.96687776024129
2582,58.126295091230794
2583,60.4227952608072
2584,62.64232788615017
2585,14.876704697226199
2586,15.063554778692753
2587,17.132074148207277
2588,17.75165192792421
2589,36.07916962800778
2590,40.64247753636228
2591,44.1422580295306
2592,47.437219901143685
2593,52.5737970342458
2594,24.67602537107397
2595,27.178728829676537
2596,31.612200184863543
2597,33.9588145945583
2598,38.029139163292555
2599,38.20914007788337
2600,38.66652437651711
2601,39.10696183527904
2602,40.190476232261666
2603,41.37227908326887
2604,43.58185260190142
2605,46.052802246073576
2606,9.573542461905172
2607,11.72025676779062
2608,14.703287900243328
2609,17.34013788253557
2610,18.037235861391327
2632,52.98422626946619
2633,55.256782978596206
2634,57.52981608923684
2635,59.42796616434248
2636,24.237165293962896
2637,26.492851806773785
2638,32.33058501027605
2639,37.285396098639055
2640,43.89499324998505
2641,47.63981068244728
2642,53.4672852451272
2643,55.19367063846064
2644,57.48459820529361
2645,58.62929932214839
2646,59.58568079411525
2647,60.84314385443101
2672,2.8959960591835703
2673,6.69045674320395
2674,8.510268803640995
2675,11.732038037100068
2676,14.889788122477725
2677,19.22129132180627
2678,22.557922094563345
2679,25.20132814179745
2680,26.136622651463096
2830,30.372438446700567
2831,30.26187271347959
2832,31.31691795610139
2833,31.759754380308408
2834,33.87917881318852
2903,4.5227486868163265
2904,6.213206597745778
2905,6.842814204687604
2906,8.62387065820748
2955,38.259707941111664
2956,40.33085295416326
2957,42.12811702253132
2958,43.17319088412617
2959,45.41330447552672
2960,46.7564025680244
2961,51.108847533330014
2962,56.13090940734041
2963,59.25758739820769
2964,39.91531488338176
2965,46.51237353878556
2966,49.027530973568126
2967,52.18236683493359
2968,53.972686841659744
2969,55.339655506195506
2970,57.86263433253456
2971,57.76691843003717
2972,60.90593110733971
2973,61.99116325019453
2974,63.95384685816541
2975,64.88851275130382
3006,58.76103368522887
3007,60.99962250525031
3008,64.4309158312769
3009,66.15683497566968
3010,67.52931899098303
3011,69.24930146767335
3012,69.67337040602021
3013,70.31807919900994
3014,71.60171933116148
3031,32.42087394658115
3032,36.87216864075719
3033,42.93073817208331
3034,48.32567622006611
3035,51.78025380065632
3036,56.52988962285838
3037,58.976598570782144
3038,61.60471108538464
3167,16.57581262121752
3168,18.546010275822564
3169,21.08436763256049
3170,22.42658512286181
3175,30.503632276851164
3176,31.696447980815528
3177,33.942530664907125
3178,39.23367832943524
3179,41.85098406682387
3180,43.66057521135865
3181,46.446450332999135
3182,51.59598842634832
3183,53.723851694723145
3184,55.88329302022221
3185,57.51368851281792
3186,60.32812049417178
3192,25.512530761042278
3193,27.53245250408769
3194,29.69971875575366
3195,33.612099519601465
3196,35.53293709519184
3197,7.180893009374512
3198,11.594384184871599
3199,18.06176619011771
3200,21.215217007897063
3201,33.18212576204566
3202,36.541895563363916
3203,40.23350361431898
3204,46.490030673198376
3293,35.5063761355474
3294,39.708755217714796
3295,41.836885459111
3296,44.90602892223874
3297,38.524261308690704
3298,42.59094497983193
3299,44.781009471248275
3300,46.63668668518327
3301,48.984606208579756
3302,50.536790406835415
3303,52.05182521588748
3304,54.28235939108758
3305,55.00111640244097
3306,56.527302828891116
3307,58.228428869843206
3308,60.58638175965264
3309,15.182155353201631
3310,20.099316239068354
3311,25.489942011284803
3312,31.606992049146363
3313,33.83495911247332
3334,24.668551628233793
3335,28.284078178318385
3336,31.100442713002916
3337,32.818776326287136
3338,34.43873740899924
3339,36.23734960917188
3340,37.20900664357364
3341,39.282150202456805
3342,40.683842814014895
3343,49.98631429599372
3344,52.3669482144458
3345,43.81125585396861
3346,51.289734748555205
3347,54.31015405191122
3348,55.32439133616221
3361,20.061988709529363
3362,21.490926178658107
3363,23.190114372301686
3364,27.031580756074497
3393,14.469056888648273
3394,15.980380196802452
3395,21.026875337754802
3396,25.717852719783174
3425,34.77614541766094
3426,37.45269848154866
3427,42.0297694837606
3428,47.61617432803721
3429,51.149376625099976
3430,51.93003571750503
3431,56.810355586089315
3432,59.41026334758361
3472,14.639491732504803
3473,18.00250447036364
3474,20.579184594648424
3475,21.69979148017496
3476,23.763784908660156
3477,31.622039873711014
3478,33.92426528767557
3479,34.88590021505339
3480,37.03951821554006
3481,38.38433888003096
3482,39.03453241591559
3483,39.86958621727281
3521,12.90585859558497
3522,12.452657882547745
3523,16.114915168809418
3524,20.10540194936977
3583,15.683711218788298
3584,19.380190098687542
3585,21.48968919487906
3586,25.272912437348836
3587,27.99096558866151
3588,29.847802794731457
3589,33.52306851361614
3590,39.139043219834534
3591,40.89336924699952
3592,42.36573467458137
3593,44.106999110223725
3594,16.95589034231291
3595,22.5948769878761
3596,25.456145591627433
3597,31.153504869561573
3598,34.033133724557196
3599,1.1893226648131452
3600,3.273642083182543
3601,6.340737359545416
3602,10.22436398841453
3603,11.447789662964903
3604,14.50416265684521
3605,17.613323198956422
3606,23.44198738714671
3607,25.745935904093187
3608,27.439121642075293
3609,27.88934443233
3610,29.27586337265231
3644,9.912476921288222
3645,11.815638089554117
3646,13.592632241392868
3647,14.842328516098254
3648,16.801832741160766
3649,19.12307073975789
3650,20.843981251327055
3651,24.252480977886403
3652,26.228431894991388
3653,29.358137841256013
3654,34.83599595107011
3655,36.99287361055672
3812,29.563829772539794
3813,32.337192513654394
3814,35.434663280126166
3815,39.86932162578544
3816,48.57473987588755
3817,56.186205325482
3818,38.65420615744004
3819,41.33752379171089
3820,43.16808454297286
3821,44.71458907280261
3822,47.138816883026095
3823,49.276540484370436
3824,51.57599546587683
3825,54.21937201503435
3826,57.71196743135719
3827,59.31301566351997
3828,60.64403154926322
3829,61.19905751425447
3886,28.049253665464317
3887,31.93264984840341
3888,34.9817531435149
3889,37.71715311390112
4051,13.217825569307417
4052,17.06075174413545
4053,18.19528960461306
4054,20.26258624251887
4055,21.557437775743843
4056,22.21891064352859
4057,22.74653220789216
4058,24.542816261523452
4059,25.7999871860057
4060,27.554283405140325
4061,31.155377964110414
4062,33.00426037084465
4128,16.753994112654684
4129,18.69548311054381
4130,20.554184169176274
4131,23.343723317316716
4132,26.134864127452992
4133,27.498939174455877
4134,29.539964964208632
4135,32.4575054158736
4136,35.043721000340895
4137,39.1014026141231
4176,17.764573042755124
4177,22.426183382456905
4178,24.083969401203188
4179,28.067496258193465
4201,49.64517635218447
4202,51.72039292174615
4203,54.20917547015337
4204,57.23829755498033
4205,58.63226927471142
4206,62.44827141160979
4207,66.14160962878185
4228,55.116853064867826
4229,57.1730463571774
4230,59.36354177782523
4231,61.11447345456158
4232,62.63501497952494
4239,24.482086775977486
4240,29.188801312978814
4241,33.61298568725113
4242,36.778387735036475
4249,23.674466901668957
4250,25.16547983599272
4251,27.693113174403425
4252,30.331350480937022
4253,32.51163438267615
4254,34.57549292785435
4255,35.565217188173015
4256,39.396465149729785
4257,42.14362907059533
4258,44.42582436389218
4259,44.17668200090666
4260,46.7543465884314
4270,42.312955721222814
4271,44.81206948810211
4272,47.85239767675439
4273,50.35198583843476
4274,45.173088565942386
4275,48.156307003410596
4276,50.12705624380352
4277,51.682875957304574
4278,53.299233813505204
4279,53.29610807742008
4280,55.25780366903753
4281,57.74142272823487
4282,59.613557353253974
4283,60.18033581935848
4284,61.99856818729002
4285,64.48681488289527
4323,19.70760202437101
4324,23.54249578705648
4325,27.654298309440623
4326,30.0760649953614
4327,39.44568839581982
4328,42.069425306454505
4329,44.09573566325524
4330,47.55474159344031
4331,51.91383331239691
4332,54.30627043213674
4333,55.87860563568553
4362,12.235196840985875
4363,14.136586650588304
4364,15.691928089621054
4365,15.274494780677562
4366,16.674905908545686
4367,38.99038649282372
4368,38.5991775739724
4369,40.84885922973915
4370,41.00331170777514
4371,42.19583204128624
4399,32.383302132442154
4400,35.347643957444056
4401,41.31912731882908
4402,54.699105041352425
4403,61.00933690029209
4425,33.06664237299074
4426,36.43047208209597
4427,41.25850982206826
4428,42.03352969594351
4429,43.41072808989075
4430,44.295195444346
4431,44.671546388399726
4432,44.7025207380011
4433,46.37798456308492
4434,47.90692497931652
4435,49.81247902925095
4484,12.146559139872531
4485,17.54181619742373
4486,21.930962418296808
4487,27.977858745925197
4545,21.305042092320157
4546,24.22453989382094
4547,26.980023044430162
4548,33.11174494900423
4549,37.72477110564689
4550,40.801191346229196
4551,42.94231933241123
4552,44.69938555479138
4553,45.98812206167513
4554,47.013682042282994
4555,51.04564798935702
4561,13.437940501438419
4562,15.626140109550283
4563,17.53586435423101
4564,18.002661093482345
4698,26.097883429401925
4699,28.529736711156744
4700,31.944335433720404
4701,34.39527531253831
4702,36.62970991227256
4703,37.69139538356529
4704,39.52667503764841
4705,41.925562453500866
4706,42.39104165460459
4707,45.03056270919749
4708,45.03347429261738
4785,17.074693333403715
4786,24.605995180103697
4787,31.764093403855423
4788,37.086730570501445
4828,29.586591763657548
4829,33.28035014683652
4830,36.022533836548874
4831,37.6528388023913
4832,41.62845507029748
4837,6.987539009405728
4838,8.839676789308715
4839,11.613170079177788
4840,38.83829530778013
4891,18.0604849983563
4892,19.998479639737134
4893,21.787223047125323
4894,22.901052223747786
4956,60.13343551519591
4957,64.22424068973321
4958,68.24493036891599
4959,71.60957222807097
4997,19.00011768507866
4998,21.500884883622625
4999,24.92720429964214
5000,25.94280284987196
5001,26.528540023643366
5002,29.602361699901856
5003,31.309101616639953
5004,33.00483094793266
5005,36.36274426144981
5006,39.730493362907744
5007,42.35583441424846
5008,47.0812128513838
5045,2.5136938512797204
5046,6.173191938263938
5047,9.20578566378287
5048,14.328575148355252
5085,11.823686922689232
5086,12.289649359751923
5087,12.7147253669169
5088,18.939388748985632
5089,20.881463793310694
5090,24.825735225667877
5091,26.560904118825704
5092,28.501040167699394
5093,30.711084436969212
5094,32.71736911078496
5095,34.87908744281172
5096,35.87327835316938
5097,18.098204837789858
5098,21.098105021808703
5099,22.894479839582527
5100,26.832385265938903
5101,30.44852686264594
5102,32.82712391364167
5103,36.53992853900348
5104,44.21001364530897
5257,7.29974545386717
5258,9.447072523817024
5259,11.418324805248115
5260,13.772008661338868
5261,14.875471556414706
5262,16.820200413765267
5263,20.380100534274774
5264,22.736012054786595
5265,25.306498334419437
5266,28.40785149107063
5267,31.93545784124624
5268,34.034766105233686
5372,50.56191722377573
5373,54.80899918583158
5374,57.57998774404141
5375,60.04909434208038
5376,62.69605855592897
5377,63.80717243729795
5378,65.66362498981472
5379,66.17303682322422
5380,68.54545302163625
5381,69.41962345835681
5382,71.15691904744864
5383,73.76817150511496
5419,19.452706126466616
5420,22.33104366030518
5421,26.66148681867761
5422,29.43482953745692
5423,33.38466250488437
5424,35.876240178917655
5425,42.41145823002956
5426,45.284857527299536
5427,47.49382182484512
5428,50.52014526086026
5429,51.38550275500862
5438,46.16420787568962
5439,49.22163080314862
5440,53.70542745607681
5441,58.88429312976704
5454,46.245144233301644
5455,45.99152603629058
5456,46.85815110288109
5457,47.10508949826719
5458,59.30494019736286
5459,66.70857321226738
5460,71.54627097233974
5461,74.06831511503069
5494,14.248356883272354
5495,17.85805761537909
5496,22.16389894364213
5497,25.88282478434359
5498,26.90029215411779
5499,31.473569507750074
5500,33.86223457454898
5501,35.408239297593674
5629,4.7214324553460685
5630,5.650717862033774
5631,8.73080507778062
5632,11.280041555483384
5633,32.03266586883717
5634,33.971451372912334
5635,36.57078729764388
5636,38.074798346392036
5637,40.42366110045457
5638,41.269635282293464
5639,42.681871958892216
5640,44.23283833974712
5641,46.25079337348111
5642,46.413796515534045
5643,47.527211344894305
5644,47.76089350823457
5645,9.568484853455498
5646,9.714015672950236
5647,11.623346292520665
5648,14.690329564016153
5649,17.345144407597353
5650,24.332205382038396
5651,26.92819730366893
5652,28.93934233588239
5653,29.62424958027043
5666,36.78421313300263
5667,38.03559976250502
5668,41.16601384775773
5669,41.540534305147084
5670,43.076201529977325
5671,45.1638283716798
5672,47.86851247878501
5673,49.50065178151815
5674,52.12643701666663
5675,52.936054557215016
5676,54.12501364116366
5677,55.70167741811779
5732,24.428452899276046
5733,28.650813480672184
5734,28.619396353664833
5735,35.160490382743255
5736,38.33157076621702
5737,40.89974635150768
5738,43.21356151957498
5739,44.535518444671546
5740,47.12227920531235
5741,48.38786271294307
5742,49.79893782555297
5743,50.47855886681352
5863,50.16422502358388
5864,52.65806507226682
5865,54.58531582019337
5866,57.287442399169365
5867,58.964195267025715
5868,60.36153521698962
5869,62.79629993359795
5870,63.1010931386774
5871,65.39659531303401
5872,65.29974078562641
5873,66.47670719474743
5874,66.70359221438713
5907,33.087538698408125
5908,38.08175493891076
5909,43.09230528727781
5910,48.46944441247568
5911,51.04867286304675
5912,54.10155612809753
5913,53.52047141953763
5914,55.44878384271857
5915,57.477909334081104
5916,58.707355871567415
5917,60.554665781218276
5918,62.52407530432814
5940,29.545461609801485
5941,30.92472886284316
5942,33.31154708456673
5943,34.84897532601226
5944,8.995399698729523
5945,11.280979614020469
5946,19.826031598665768
5947,22.99189153543438
5948,24.956186014154305
5949,30.008911599344447
5950,30.870517144016695
5951,34.413950822119304
5952,39.01292162755056
5953,40.959309663505515
5954,43.00921610815773
5955,46.50153193619965
5980,28.89878781222045
5981,31.524465624645053
5982,36.47950383906292
5983,39.93592717883297
5984,44.8551255356882
5985,30.6727214856352
5986,33.6242045213929
5987,34.75238207497569
5988,38.42094777534812
5989,41.082148432815266
5990,42.99133386068483
5991,45.496905623612875
5992,47.45057664169078
5993,48.14948377893829
5994,48.5653869195258
5995,51.09355130380036
5996,54.218728689549586
6001,29.506237428513764
6002,29.608041424672866
6003,33.06897730030356
6004,40.9006148780518
6005,54.30465921162787
6006,56.45718237480181
6007,64.66068772524557
6008,67.30345124752401
6021,29.247812003826862
6022,32.7044490834427
6023,47.810062524911345
6024,48.26616815864327
6025,50.27037814926806
6026,52.64236219994675
6027,54.0807031683244
6028,55.80869420856887
6029,55.954840606655715
6030,57.80046665614316
6031,59.634198783126706
6032,60.41991574415706
6122,33.10039222042424
6123,35.9589230327377
6124,38.00147798707017
6125,40.74029634712609
6261,36.85153783326025
6262,40.33376216192407
6263,45.63352514304667
6264,49.109182033051056
6265,51.80661324736275
6266,53.611048504694
6267,56.39961468854379
6268,57.053603928857385
6269,58.29553829395404
6270,59.41555496140644
6271,60.83234905904787
6272,62.823271359741966
6313,43.876211667072006
6314,46.382290278410814
6315,49.01639798570683
6316,50.994864083520724
6317,54.173017796872145
6318,55.181478042846024
6319,58.37874378550041
6320,60.145809628104665
6321,1.2091141740061733
6322,4.269175011784526
6323,8.36098744795389
6324,10.148417553549919
6325,12.608598843282433
6326,14.867572295041978
6327,17.209613386778564
6328,22.36273624552752
6329,26.832136891317738
6330,30.220167491342124
6331,31.365293960830417
6332,32.98448755904157
6348,4.639898348406729
6349,6.018761531809564
6350,7.626016898706257
6351,10.314716362770051
6352,11.60148373929908
6353,16.503058038154933
6354,18.93805440079126
6355,23.06104034091925
6356,25.085110785815072
6357,28.711586492104544
6388,27.302396079525618
6389,29.237330177013753
6390,31.39128192955339
6391,31.30206393473686
6392,33.915178633118195
6393,35.624143934597825
6394,37.48449411341215
6395,40.77994037223224
6396,42.038846916978244
6397,43.841146994019745
6398,45.34945191915169
6399,46.34229407490461
6462,7.913000549153685
6463,19.05211561906314
6464,25.771362977283804
6465,34.246159349338214
6486,15.287636654794644
6487,15.636615375652147
6488,17.97401526466674
6489,20.06940678866848
6490,22.881351023863438
6491,27.45345824388442
6492,29.811826166481598
6493,31.992870713830968
6494,36.4887898384532
6495,38.61709315927949
6496,41.035734970008285
6497,42.62724322178837
6538,27.723865973408568
6539,29.2198055139255
6540,32.95810835388464
6541,35.46931972633914
6558,34.194312746461
6559,40.432155986205515
6560,43.534181989756505
6561,47.34426351590536
6562,14.396782600621526
6563,16.26522652787667
6564,19.616866044242222
6565,23.636153898302048
6566,26.27043365310401
6567,27.40708423682966
6568,29.28370029316172
6569,31.408255944761372
6570,34.27203260978278
6571,40.45001116371783
6572,42.223962891048956
6573,45.970611248750195
6574,26.950789555443436
6575,31.582291828756848
6576,35.97602383739288
6577,37.13865410232162
6578,43.374287432778885
6579,34.89179865691339
6580,36.33419826104116
6581,36.88668934531441
6582,36.40697074843357
6603,27.205718710143863
6604,29.359662763668315
6605,29.611697561722544
6606,30.72604953127214
6607,31.851035042997307
6608,34.14424993340791
6609,37.55124760811472
6610,40.55079033964985
6611,41.986475301195476
6612,43.49737883560701
6613,45.02973776443478
6614,49.773208056859865
6643,3.668313559514246
6644,9.504300187554723
6645,11.835560650030276
6646,13.55403435782576
6647,16.476929202122484
6648,18.190846136858063
6649,19.41635646294572
6650,19.486169721182886
6651,21.957221991450904
6652,23.563591275136297
6653,25.267777511011428
6654,25.616917000349748
6663,25.51198559559158
6664,28.229229438156644
6665,33.45365822732119
6666,35.35312572876095
6667,38.19272739123652
6668,39.99179393493625
6669,42.08874586202398
6670,43.056316255364486
6671,44.22743315262533
6672,44.96033928440706
6673,45.68204691636816
6674,48.56350771384929
6675,23.76376063374768
6676,28.048154594911807
6677,30.424545365281993
6678,33.08136554182389
6753,49.18125006409037
6754,56.65298925503496
6755,61.393838998178786
6756,63.978093297616034
6757,36.272438327573255
6758,42.930857296406536
6759,45.789260396119474
6760,51.42641114722717
6768,41.74748230653465
6769,47.45154504391188
6770,55.24963581041762
6771,56.6119312438298
6772,61.654828272295546
6773,62.53207976787114
6774,65.04094799863779
6775,65.11505350110097
6776,65.4883207454232
6777,65.97872651518597
6778,66.48961939429384
6779,67.07331675000702
6788,10.947381662972978
6789,12.464972721875728
6790,13.482459305074098
6791,13.364038077763734
6792,15.036699558943724
6793,16.261325638584033
6794,16.632386889535347
6795,20.120191682426775
6796,21.75804404141192
6797,24.326869383517337
6798,28.36127264590371
6799,32.35918864181514
6842,39.237740616329916
6843,41.00969839160372
6844,45.75732404700979
6845,49.160942143705384
6846,52.42476471103233
6895,31.505518971869485
6896,37.8856871218142
6897,40.8341265346854
6898,45.120751345164436
6899,42.741398451780114
6900,46.115604019935304
6901,48.549348462573946
6902,49.84312926487073
6903,51.885697928701596
6904,53.73536978761534
6905,56.65220511115564
6906,58.162568057189716
6907,59.50052160952267
6908,59.87460998103812
6909,60.706410370332335
6910,61.987781537870354
6956,32.88722739373413
6957,37.24801034953355
6958,40.02672523106758
6959,43.78605750545135
6960,46.43876175691021
6961,48.253622996504205
6962,51.77813128664904
6963,53.35446863218188
6972,21.602335478451373
6973,26.097198176979994
6974,30.117145802427338
6975,32.8287719041521
6976,35.66553134890828
6977,37.97763205052435
6978,39.63692073748624
6979,41.67960101785258
6980,43.792697197620285
6981,46.796785934926234
6982,50.55043134367272
6983,53.20185105603298
7052,35.921348716411615
7053,36.41136063693791
7054,38.981314358264484
7055,43.57897211320143
7084,-0.1978045555803644
7085,0.3342335425557731
7086,1.371141766566869
7087,2.069302971680792
7088,8.612250803301883
7089,12.287321330488501
7090,13.66120606829843
7091,17.598261110431082
7092,19.18984325163888
7093,19.907301553861664
7094,20.343322784205235
7095,21.620696661253795
7096,28.09324782908726
7097,32.70449491601478
7098,36.46420844630908
7099,45.43105114390651
7100,52.223353611839016
7101,37.32710229037382
7102,38.61324919966437
7103,38.68337475066062
7104,40.49927833462219
7121,20.803021573723665
7122,23.28772390023139
7123,31.47142015289084
7124,42.920423794056774
7134,50.2126185915002
7135,51.90749598750284
7136,53.12982813546172
7137,56.45435955289658
7199,25.68481297850908
7200,29.27798271410934
7201,35.77784899221935
7202,38.54162023497439
7203,39.294773198845824
7204,41.377910934724
7205,44.871217305217584
7206,45.85488084946409
7207,46.56389232663125
7208,48.439730031028795
7209,49.06200044328257
7210,49.81453563513056
7279,20.302560832348494
7280,21.556412483778015
7281,25.52244104171858
7282,27.879550510044147
7287,19.420265289453127
7288,21.83418508585129
7289,22.462692405107227
7290,26.3414222645478
7291,28.46447473477827
7292,31.823160260176365
7293,34.97417439711414
7294,37.66522278618335
7295,39.99346500531003
7296,41.45937830795408
7297,43.15216540705813
7298,47.618171636233384
7371,4.1302462224135725
7372,5.794970369004205
7373,8.543505882241409
7374,11.34020092157428
7375,12.866385110354717
7376,17.011678717614135
7377,19.51771165678886
7378,21.884853550752105
7379,23.915517907733392
7380,24.638681030126026
7381,25.631529087322768
7382,27.44046593654668
7510,40.75745957051922
7511,44.344562151489434
7512,47.506494440443426
7513,49.240556334430735
7514,51.55755047356772
7551,-0.20191035989530576
7552,0.3499512677023217
7553,0.9920084405049003
7554,3.2610389266058704
7590,24.204820896555088
7591,27.136239383789803
7592,30.803992515747364
7593,33.56432901918107
7594,44.3032193691078
7595,44.180278837916475
7596,43.66462035551088
7597,43.43864906579051
7629,27.018805879090728
7630,28.48960920212827
7631,29.73642512499173
7632,31.215520190501614
7633,34.0506696056851
7634,39.98371644353215
7639,32.10477047815168
7640,36.3041601042816
7641,40.622915069132674
7642,45.17502900046743
7643,55.76119122036651
7644,57.713731153459605
7645,59.285723198616026
7646,61.78666648753383
7647,63.680420494935994
7648,9.902001805090897
7649,11.274340222374523
7650,11.128729115630799
7651,12.443089803763112
7652,13.842018214520952
7653,15.80399527543187
7654,18.883935543569333
7655,24.359934859754873
7656,26.234406617565156
7657,28.25720290511689
7658,27.592217773424597
7659,28.692838181749313
7690,15.015917111558812
7691,16.208350756914307
7692,19.856308858435472
7693,22.476678984801076
7694,25.07467011372118
7695,28.282182082983997
7696,30.405660267756843
7697,32.35976752797117
7698,33.5850041453517
7699,34.95002883881527
7700,35.88454771008516
7701,38.93313013861506
7734,12.261987284983158
7735,15.055388583063944
7736,18.671735282016417
7737,23.619890204574098
7738,26.46343016324917
7739,28.33979385677469
7740,31.877329348631918
7749,5.51719367315481
7750,5.843712326104455
7751,7.841002194138589
7752,10.41327750794505
7753,11.950531352733469
7754,15.678142213180525
7783,22.52433838462627
7784,24.771091866536608
7785,28.894600917114538
7786,33.33492762466796
7787,34.67066895922695
7788,6.4562238139895936
7789,8.878693569165282
7790,11.241212370763083
7791,12.647614185634751
7810,38.862970810000924
7811,43.442504183438835
7812,45.747609723531816
7813,48.607196208756555
7814,51.236604834281636
7815,53.76850244394318
7816,55.861414447588935
7817,58.602165765655435
7818,60.264982256472535
7842,32.00133676595259
7843,37.8407447788194
7844,41.246777682473386
7845,44.73590077986693
7878,29.245795396039416
7879,31.190249728106824
7880,34.750436181173924
7881,36.69748182650612
7882,39.33727372157155
7883,40.14676595756456
7884,42.663937920480926
7885,45.554277765118876
7886,48.22041556995619
7887,49.139735007917515
7888,49.389672984912565
7889,51.0067377175621
7895,25.53565005637382
7896,28.663120246552648
7897,30.336741191304384
7898,31.802893938694382
7899,33.91448110135646
7912,12.657047477846067
7913,15.62872232606145
7914,18.892036783126397
7915,21.762655415690137
7916,27.683627277049993
7917,29.799509914884368
7918,32.3502116392592
7919,34.386381518992835
7920,37.206448889618095
7921,39.20276345275469
7922,40.650194055404334
7923,41.61950435145626
7957,33.98280057447245
7958,37.439752790668074
7959,39.08477989232056
7960,39.72729962143294
7961,42.01381474377579
7962,44.90875784131493
7963,49.18570897702542
7964,55.31265119144225
7965,56.798006503468116
7966,63.654399617988915
7967,66.33509690562512
7968,41.68362465388278
7969,46.44377894217539
7970,49.90234145129562
7971,52.596535163249584
7972,54.33204049658946
7973,29.700668168977394
7974,34.691537786752086
7975,37.157546160979464
7976,39.28784648721641
7983,5.320387308948099
7984,6.767721694504712
7985,8.997057345879316
7986,11.48589466798538
8027,45.55633325654502
8028,50.30770217452606
8029,52.71388836968443
8030,53.7425852593228
8031,54.454893154227804
8032,54.94298690863582
8033,56.18980464865175
8034,56.97639186429617
8035,59.694632303436606
8036,61.44367711550476
8037,63.77465161133
8038,65.58059572508287
8101,20.779779515121966
8102,28.901391271432523
8103,31.340729176690395
8104,34.635787720645716
8105,5.578413822548621
8106,6.574340605115405
8107,7.876669801955096
8108,9.391374934422952
8126,42.108482573167734
8127,48.75044123999153
8128,54.58348672848291
8129,58.47561455604921
8139,33.880846342136934
8140,35.547986718927596
8141,37.92591880347387
8142,40.84123703204602
8143,44.42942188685553
8144,45.75773441435585
8145,46.71770297391843
8146,15.032987452088548
8147,13.755905516701821
8148,17.252169911600856
8149,18.138732604742422
8150,7.493949090432951
8151,8.981684945298293
8152,10.289436339139199
8153,11.902560976576002
8154,14.362047913803627
8162,44.26681866097627
8163,47.53831467734001
8164,48.93360586913025
8165,50.45180557021165
8166,52.06751745723492
8167,52.23136446861084
8168,52.96632830003832
8169,54.56205361372416
8170,56.156087652758195
8171,58.60028686163611
8172,59.09196601762402
8173,60.42086979560378
8203,16.893908608555712
8204,21.132718797173464
8205,22.803887479094044
8206,27.85893948238957
8207,30.55068891737786
8208,39.22850283639675
8209,41.631453604891156
8210,43.63721083830933
8211,47.244864435692605
8212,49.17177996490544
8213,51.66713566584533
8214,54.3853948210364
8215,0.5942220501279956
8216,4.339429174982101
8217,10.048043395515588
8218,13.484455426279087
8219,19.051242777377745
8220,21.23332027629093
8221,22.889598794384376
8222,24.87668564686367
8223,26.385782717090933
8224,29.019574887469787
8225,33.877199617575926
8226,37.14404944905082
8305,15.100784784914321
8306,17.449166925799016
8307,20.104420860277152
8308,21.77285106508869
8309,24.360246308540095
8310,26.733271221624637
8343,15.73852323146788
8344,15.12172419986238
8345,16.25268369237946
8346,14.964966151044047
8468,25.26192516464596
8469,29.237475444721817
8470,32.11392496477054
8471,33.980552099815014
8472,26.35889134760911
8473,30.09126782798134
8474,32.03950831893848
8475,37.21211492674617
8476,39.272843115243084
8477,46.23564201458332
8478,47.31955274348721
8479,50.87149515856966
8480,52.63214644973275
8481,54.97982088169137
8482,56.32704496335798
8483,58.80469880053729
8536,24.81234459572956
8537,31.772339314827388
8538,36.22659999536573
8539,38.61506973337382
8540,10.500609717819048
8541,12.384891545651778
8542,15.60484460607508
8543,16.49054874765694
8544,18.652111928677066
8545,23.370070975691146
8546,25.786854360671292
8547,27.066794555953912
8548,26.530983495865
8549,28.469798122105146
8550,31.869432327903247
8551,33.03628812121186
8564,29.45404235340852
8565,32.5236973061541
8566,35.97408083076747
8567,38.835883126753984
8568,45.86283166810547
8569,50.014489396085786
8570,55.277798790484894
8571,55.843176118392115
8572,57.24477305716145
8573,58.0856619887986
8574,60.105479187463665
8575,60.92036999222016
8604,12.582731111788469
8605,19.219111315481733
8606,21.06958641447293
8607,22.845810135210712
8624,15.411240728094569
8625,16.436016687202873
8626,17.658134177259694
8627,20.61682770348812
8677,24.912114005710468
8678,29.80285505693117
8679,32.37197044243146
8680,32.977710877071914
8681,32.99510866176521
8682,34.05562436482679
8683,36.693855016926655
8684,37.8886477892285
8685,38.56464848799762
8686,39.514412659672914
8687,40.555493633838196
8688,42.07252330405235
8732,57.24000345324056
8733,60.74545660073348
8734,65.40513788577366
8735,68.96494156540712
8768,38.2632408125532
8769,39.06696961807473
8770,40.60566495374427
8771,43.20661470526862
8772,50.46670757497311
8773,53.07049825279539
8774,56.167423107133985
8775,28.54767899865987
8776,29.263013229622334
8777,30.036263172459968
8778,30.886421638158232
8840,23.801819365829854
8841,27.670768826315985
8842,31.003461617163502
8843,33.070198537683794
8844,35.67834135550474
8845,39.49693161414094
8846,43.70158478048989
8847,45.29191618053695
8848,46.390205597899026
8849,47.72527527096621
8850,48.5655906956343
8851,49.87307604878893
8852,35.98076530565401
8853,40.13703511081485
8854,53.893825857268624
8855,60.521614487875766
8868,44.07928379596997
8869,46.13881837717642
8870,47.461485214188784
8871,52.451935715165675
8872,53.58018437686419
8873,55.815084108341054
8874,56.56116494164468
8875,58.117920011530636
8876,59.488434451969496
8877,61.0868321734507
8878,62.47050996783317
8879,63.26610616747515
8898,35.994936383416956
8899,37.53705932361161
8900,38.78406656074189
8901,39.105510427961626
8902,40.2964718197514
8903,42.260376885381014
8904,43.1921212492627
8905,44.694492203382076
8906,46.21946918243701
8907,47.671916159894536
8908,49.59100585559152
8965,34.01978944317925
8966,35.009216313481275
8967,35.42356029043559
8968,36.092206018175354
9070,27.68757110648707
9071,30.37377539910262
9072,32.63893133564016
9073,33.36855556575236
9074,35.33567655347493
9087,28.041100819427243
9088,37.35940929040557
9089,41.33863300940995
9090,45.07643337332702
9091,15.548661635233236
9092,18.997423147556642
9093,21.626161009702756
9094,22.501236298136646
9095,23.1619103811717
9096,24.116732695871637
9097,26.4025778214944
9155,20.61740013213374
9156,22.119774174304787
9157,25.377637913789307
9158,28.718419620682017
9159,37.446608963490846
9160,39.98855607845242
9161,42.494835781401456
9162,43.80883221267769
9163,47.35999614301642
9164,49.424069502565075
9165,54.53610445514245
9166,55.36250118944972
9167,31.862579519834604
9168,36.11075460096104
9169,37.35784524251867
9170,40.763438897045226
9171,43.48176604695864
9172,47.938353073558844
9173,51.136245272402846
9195,10.475491753334012
9196,12.431998106571395
9197,14.195769575176854
9198,17.635525708236926
9282,24.012237357323258
9283,25.295745171966797
9284,29.98108425517994
9285,31.494662506079415
9286,32.80622836860247
9287,36.33430112085939
9288,38.170085527166314
9313,15.464553724103919
9314,18.797985566093654
9315,20.46512422742411
9316,22.93158480081561
9359,34.99393331708969
9360,44.75247052648011
9361,50.178984695874455
9362,52.26416407846525
9363,35.106975876263945
9364,39.53621703066375
9365,44.85097172275634
9366,56.473015417494096
9367,64.15227160744705
9368,33.27882778445863
9369,35.28005296139278
9370,39.99395337458695
9371,42.70634734180885
9372,47.01369336898137
9373,49.00740181503731
9374,51.75402269492529
9375,52.42162612059108
9376,54.16821903947825
9377,56.11782364127659
9378,57.431778982082484
9379,59.63323918825993
9380,25.39263453659748
9381,29.351994576645474
9382,30.20318192127313
9383,31.615376973425622
9384,33.111970383915676
9385,34.57438114188868
9386,35.113235335358596
9387,36.05541479850893
9388,37.786305219173066
9389,39.81843057076834
9390,40.9651298283444
9391,41.823292521600635
9392,25.39360017848356
9393,26.417417993976738
9394,27.56838150281356
9395,27.788742818720813
9396,30.284416912960687
9397,33.80932962429581
9398,36.57496242531322
9399,38.30219854490609
9400,43.807859970469735
9401,43.98128797688699
9402,46.39076207938552
9403,48.814766319827854
9502,24.332393228637017
9503,24.227186036768625
9504,26.74203472221634
9505,27.756752939819176
9506,29.493852995876335
9507,31.631555293086887
9508,32.767000827973455
9509,32.168902716548615
9510,34.34495668638314
9511,32.18407274088281
9512,33.78737075899875
9513,35.310893542175016
9514,36.3558722506573
9515,38.284073385484795
9516,40.08011978984892
9517,40.25303192745019
9518,41.75046576049444
9519,43.92871129579267
9520,44.75875558261669
9521,44.13080971193183
9522,44.84207446121552
9543,57.137125624464545
9544,58.244441156950394
9545,60.74642132105946
9546,61.5406262809091
9547,62.48928942689444
9548,64.3669098768899
9549,65.79862143084543
9550,66.64098837359937
9551,66.82901047271405
9552,67.48586327279966
9553,68.92774075360055
9554,69.90151105501225
9724,26.08654216260457
9725,27.340644416073587
9726,29.32951645115154
9727,30.529298494029955
9728,32.37712285823578
9729,32.01042519193578
9730,34.20973337373781
9731,27.598404301417855
9732,37.50951357289822
9733,40.21726349126037
9734,41.55701751216196
9735,44.223258158199954
9778,24.873747264917547
9779,30.824297986867084
9780,34.583301549788224
9781,37.79830233067703
9826,33.34439994825351
9827,33.695783719473404
9828,37.81832187367761
9829,39.990957033321806
9830,41.12334142598452
9831,42.19881400138364
9832,43.373681767993965
9833,45.85972303725911
9834,47.36808263905059
9835,48.57788046092256
9836,48.75457370075246
9837,49.66419466479802
9850,25.670639375709385
9851,30.086392917692148
9852,35.36379115963429
9853,41.005066338089975
9854,43.991132475530094
9855,44.88685234339976
9856,47.29596519987693
9857,49.54062008014341
9858,50.66729136430857
9859,22.204459125993168
9860,28.54950852608862
9861,32.585525392383964
9862,36.09758585124415
9863,38.81452392390334
9945,39.57215128339912
9946,46.081704378303
9947,50.4482470152534
9948,53.08923626186786
9949,53.56972681014609
9950,55.07833253802046
9951,57.790481619341314
9952,57.889003666503434
9953,59.67920801701384
9954,59.30738461943689
9955,60.42620063782236
10058,16.1800381548693
10059,19.576678310938217
10060,22.030774043720907
10061,23.288703472218636
10062,24.645311224581764
10063,26.153986935624637
10064,28.24887027310665
10065,31.872664857070323
10066,34.95806997566359
10067,36.1214796099241
10068,37.179987659149376
10069,38.49677883734087
10070,43.570817978012236
10071,43.813091763520355
10072,44.79584762519032
10073,47.57271514834265
10074,51.6930030249796
10145,21.57372675345824
10146,23.221960307998486
10147,25.990102856701203
10148,29.014701041398343
10149,32.38820102915302
10186,44.895294553509615
10187,45.81657976789386
10188,47.91449566515281
10189,51.10304071498618
10190,52.48513419859569
10191,54.13305124062921
10192,57.17731477418128
10193,59.55878683951056
10194,60.97879041698506
10206,25.9731681648371
10207,27.683621386152176
10208,30.978926132818106
10209,33.14964870020785
10210,36.61384681397742
10211,39.29549550026415
10212,40.92964822166809
10213,43.976745486566855
10214,47.57264577231173
10215,48.99169136684206
10239,33.83513024934533
10240,37.45030122640279
10241,39.78847475945676
10242,40.398802096556494
10271,10.939372695481179
10272,13.342040793302223
10273,15.037039514628855
10274,18.200029462872983
10275,20.386242652255333
10276,24.598852607042392
10277,28.736027430556952
10278,33.6877398411656
10279,36.354317512202655
10280,39.0169244374502
10281,40.64466135971861
10282,41.65102266863285
10283,9.852635735025235
10284,17.047867535300895
10285,19.201782721793993
10286,23.838768175073028
10310,31.93896899070693
10311,34.807391384864076
10312,37.828989926770284
10313,39.43692632866241
10314,41.511557416735386
10315,42.079941575757516
10316,43.49465676177583
10317,45.82984490628663
10318,49.29175392653118
10319,49.26780847703308
10320,51.80996289743581
10321,53.54441928538554
10322,20.2520025552213
10323,31.85857587072827
10324,35.74383425232018
10325,38.39706043072001
10326,43.060772556359055
10327,31.51723407946872
10328,33.55367205668709
10329,43.12630022658777
10330,44.8813526070531
10331,42.40873015034961
10332,48.87019746141018
10333,51.987624330844106
10334,55.31291275798276
10335,57.35479750221697
10413,30.395811120376788
10414,38.941052388878646
10415,41.58816222937417
10416,48.4849687175257
10477,24.424338171753316
10478,26.715083820071925
10479,30.466793494925916
10480,34.01638041834882
10481,40.48741099168824
10545,21.399592948492774
10546,25.12090466421973
10547,27.911041031506265
10548,29.66021228484061
10549,32.24042413233844
10550,35.91257689901856
10551,39.83413819650786
10552,44.230273258440576
10553,46.62233375506794
10554,48.07116342245328
10555,47.3616957365639
10556,48.137284666953846
10634,37.34531335402865
10635,39.10015274347712
10636,44.557299649254524
10637,48.54773472882335
10638,42.07661330808699
10639,46.70382494394945
10640,51.41174258158399
10641,56.567483509492966
10677,20.10197254155064
10678,21.540498299978218
10679,23.0915300629502
10680,26.058526580804863
10681,29.94489647229164
10682,32.85581565100274
10683,34.90773173191478
10684,36.287105764675786
10685,38.879716311548506
10686,41.188037999450536
10687,43.11019315696906
10688,44.173199763120934
10689,54.22004925218107
10690,57.73209755228303
10691,61.83645914233691
10692,64.14299595782754
10699,24.006969181589902
10700,28.656901390388253
10701,36.70723544478791
10702,36.89078748788039
10703,38.525352307927236
10704,40.788467015603025
10705,43.88489556934594
10706,47.90675012712093
10707,52.587206368307776
10708,53.75792175965147
10709,54.754513682958795
10710,54.86083405582947
10772,27.627366829668517
10773,29.847477392607395
10774,34.39854911686069
10775,42.91391076708588
10776,43.72698425266148
10777,46.2068160913866
10778,47.623030722942545
10779,49.24391114495209
10780,52.05301407319572
10781,54.09292508583303
10782,56.128856501700874
10783,58.12856852913484
10793,10.46276353719353
10794,15.21668541653843
10795,18.945539054764023
10796,22.977601533751788
10797,27.080126648089085
10824,49.95663271034652
10825,49.94864774468529
10826,49.780444204697645
10827,50.26291665167618
10828,52.35743532717129
10829,55.69365980544118
10830,57.66528495725786
10883,7.734459620318465
10884,10.453266658032907
10885,13.72290894409726
10886,18.053722346463342
10934,26.715425628449548
10935,27.107246002759933
10936,28.20461213408124
10937,28.185140924681132
10938,28.93022437053316
10939,30.62975951064475
10940,33.31056857305559
10941,35.88226703199187
10942,36.21234411642016
10943,37.24287468142331
10944,39.579632089487816
10945,41.32994625505816
11128,20.655584626195147
11129,25.115834686954486
11130,27.49246061636766
11131,34.54089803876034
11132,36.24320753732534
11133,37.36335879490181
11134,41.897044052512925
11135,46.91404687188777
11136,49.08430287304073
11137,51.64176794417963
11138,52.188699520605226
11139,52.862443988592986
11189,27.629472027034957
11190,35.64864194305827
11191,35.493959006540585
11192,37.430817075682924
11193,42.3019737355983
11194,43.80713913505413
11195,45.145711271388436
11196,46.34963593766724
11197,47.23384401515448
11198,48.23462450499093
11199,49.235080413221695
11200,51.013609464050276
11236,4.673073176000993
11237,8.943234668235501
11238,12.35842346188582
11239,16.151098522677916
11240,19.6786224938052
11261,3.956002773944167
11262,7.424992394229537
11263,11.128793971439325
11264,17.195982803630866
11361,46.2306949061029
11362,50.14215504983345
11363,54.389839105179966
11364,57.205021934038385
11412,12.065027953543687
11413,13.024256820244137
11414,14.441223138178648
11415,17.48341789326334
11416,20.48844806294085
11417,23.151194048637002
11418,24.783085480574236
11419,27.002525103986216
11420,29.094986055988578
11421,41.18410944499258
11422,43.92097139674431
11423,48.01265529470184
11424,7.036874045393972
11425,10.01957798519614
11426,16.225299074938444
11427,19.52754585227657
11428,23.687560664602852
11429,37.98406694904854
11430,40.2996584524546
11431,44.40105917151935
11432,47.76468923341749
11466,13.317628871760641
11467,14.548630983936064
11468,19.73675698376463
11469,21.135427251601705
11470,24.229395992842836
11471,26.903528153640565
11472,30.193335904702884
11473,32.56939242292947
11474,35.26356286643951
11475,39.59004566200055
11476,41.809082012430295
11494,26.398515138878974
11495,30.38965304618342
11496,32.46715098804434
11497,35.87152678166867
11539,29.548631428271836
11540,31.89385767878764
11541,36.027841615227125
11542,37.121417990058475
11543,40.52934861952597
11641,1.0687640406605454
11642,1.6805616509637957
11643,3.31038435021046
11644,5.072244478388855
11645,7.509017582043223
11646,9.397922110866029
11647,11.650303362880162
11648,13.942839246688475
11649,14.194904196192576
11650,20.21953315896463
11651,23.552638710003546
11652,25.198219245593773
11757,38.82608255585227
11758,38.7787653567956
11759,40.38175761220687
11760,41.45488472374471
11761,43.451262132200426
11762,45.65011223466216
11763,54.56521070521484
11814,36.482646705891355
11815,38.12071418254002
11816,39.826061562785114
11817,44.79881441782751
11818,47.225659962212795
11819,49.60585143765745
11820,25.049454440547937
11821,31.933412441575467
11822,39.08527195168627
11823,47.81665349925832
11833,0.9422103779560314
11834,0.4210258342077914
11835,2.261262392011995
11836,4.889624666355997
11837,7.831827012600132
11838,10.967977996430376
11839,13.433208925687058
11840,15.4878026329506
11841,17.776413086006695
11842,22.604564546155228
11843,25.97796604105788
11844,30.244012394884557
11995,1.2403048181281886
11996,1.842265650762937
11997,3.8161575618719574
11998,4.936234609424949
12009,36.468554575369055
12010,39.07654564681815
12011,42.68546064817365
12012,45.63536509999408
12013,49.98742838584981
12014,52.64041872111769
12015,54.01049308247825
12016,54.69848296981181
12017,55.58932341976824
12018,56.781624446462885
12019,58.01613819550907
12020,59.87208513537924
12032,41.32200001285967
12033,43.92433934436479
12034,46.72357492233683
12035,48.88402382868075
12036,51.7816592660515
12047,23.884344832744077
12048,25.694259724652476
12049,31.717590143509256
12050,39.08281734073889
12051,44.65653114394698
12106,60.67849085365556
12107,62.03792565094924
12108,64.84026303154948
12109,66.4962064495611
12110,67.9008267681559
12111,69.31147950301387
12112,71.07870793246732
12113,73.2211421843325
12114,75.32168140786874
12115,76.16887267508623
12116,35.42157965155362
12117,39.18478862671592
12118,40.95201616941431
12119,44.778835207882494
12120,47.65348689756702
12121,49.298033605065385
12122,52.73798272275826
12123,54.20012765561133
12124,54.275078449036265
12125,54.73816883814229
12126,56.42415363312489
12127,59.32002411078382
12132,55.75373235655926
12133,58.217159646039235
12134,59.80177684397792
12135,62.019792426548875
12186,25.838733358087154
12187,27.79292424559558
12188,30.01261514758603
12189,32.38699396682762
12190,34.83727035386114
12191,36.41365235717294
12192,36.59227299482232
12193,38.83318999463103
12194,39.501988113892835
12195,40.83728800572525
12196,41.47853954640738
12197,42.28790661105645
12210,37.74824563355552
12211,38.79172517932994
12212,38.61215184477382
12213,37.58261499253918
12233,10.196888116088004
12234,12.373081394332473
12235,14.553346050156497
12236,18.19584958861512
12237,26.88645759882349
12238,27.797985058189248
12239,28.53890719416437
12240,30.675620942476733
12241,32.24152445135053
12242,33.083467672934894
12243,34.66578985538089
12244,35.8111312898158
12245,43.07053517348175
12246,47.83130611771339
12247,49.410120620163745
12248,52.29291349735526
12249,52.83159944650352
12250,55.51565256096676
12251,56.382210268124254
12252,57.420403884284916
12253,57.6910355430698
12254,58.96296201556679
12255,61.675478035447284
12256,62.05595012028765
12269,41.189277576241544
12270,44.76987207831071
12271,47.48622668153425
12272,50.321996246424774
12273,52.91997993149524
12274,53.17366934921838
12275,53.866945746658374
12276,55.82076348756857
12277,58.01857756264629
12278,59.02623308168211
12279,60.246136254468766
12280,60.486985816588856
12307,15.1730903273802
12308,18.661003054541673
12309,21.82954424127774
12310,26.883313553266554
12311,30.671888154536116
12312,32.84520332299739
12313,37.14840280974897
12314,43.20831631028566
12315,45.24915936427823
12316,46.55508457232892
12317,47.62688901046314
12318,49.035668711594646
12363,15.158236636106187
12364,17.053126661558558
12365,19.488052755615556
12366,21.981608281650413
12367,24.393477282279655
12391,33.07353343011042
12392,37.07475129455382
12393,39.0793805868421
12394,42.71912415525895
12395,44.88981152216926
12396,46.594060157562225
12397,49.5798162319129
12425,40.56410805384632
12426,43.100430460554314
12427,46.461865132960284
12428,57.63533301668756
12429,60.7508694207375
12430,62.78970802300421
12431,65.94293034559051
12432,66.74539679107764
12441,19.861493874879613
12442,22.874743439615454
12443,25.45117833357041
12444,26.962639244316343
12445,30.059056501842168
12446,32.86093794755095
12447,34.63556564533185
12448,38.018669940963875
12449,42.674280196792765
12450,44.11666372736563
12451,47.92452769701929
12452,52.499437439667716
12514,7.543400379365065
12515,10.398095749041149
12516,11.487604520253473
12517,13.376499564567387
12518,14.829287712235374
12519,48.65725981255667
12520,50.058178248582266
12521,51.89990243400716
12522,52.84827983737961
12523,54.54932420879736
12524,57.25245253825127
12525,62.04721729534966
12526,63.95501006090535
12527,63.43336066578875
12528,65.11303377817538
12667,32.074135186767464
12668,35.8836113054427
12669,38.70939595189121
12670,41.26353639765221
12671,45.74077724957147
12672,48.784531908303954
12673,50.57220601627348
12674,56.339377935216724
12675,58.997917604672026
12676,60.55234934022783
12677,61.357020221865035
12678,62.43697535884422
12711,32.86498919412074
12712,34.01229744679154
12713,37.66680607836987
12714,45.72324642855576
12715,53.00549410036285
12716,38.12208889882912
12717,38.52656935583683
12718,41.34068782291927
12719,40.866752835684956
12720,42.689396025188195
12721,45.63574416135863
12722,49.282564012326795
12723,53.33426455003337
12724,54.701178544051665
12725,56.599179557893045
12726,58.47879172255885
12727,60.41955671513667
12733,13.096865874928563
12734,14.218669982844597
12735,16.614973884420046
12736,18.73514433974941
12737,22.586016112074653
12738,24.770739097631967
12739,28.266773872644585
12740,31.18636450727168
12741,35.18694385732902
12754,27.349137936946182
12755,28.628113269846654
12756,30.108612940097135
12757,30.94017423209031
12777,1.1073509279177762
12778,5.994401708915894
12779,9.25539022958895
12780,10.605861436271457
12781,13.938973352576685
12782,15.067105216392656
12783,16.29944207664249
12784,19.788377350788537
12785,23.812040709504345
12786,25.950511889136227
12800,36.47260162830096
12801,37.25281275021883
12802,38.84049967899664
12803,42.08577247191632
12804,46.47886768286405
12805,48.875199913732686
12806,51.71839038717476
12807,51.93661158224806
12808,53.645540560330424
12809,56.22016679852982
12826,15.08468701500529
12827,14.796728484895192
12828,17.060517757747185
12829,18.962673542960786
12853,5.4240901230711955
12854,12.250477643598552
12855,18.49573053716703
12856,23.782638805601636
12857,27.640217981592002
12858,46.33200032058587
12859,51.22821576362351
12860,54.19174895968761
12861,56.39434516293615
12862,59.04113950666657
12863,59.637002416726
12864,59.812329550157585
12865,61.52089314253607
12866,62.73385164650824
12867,63.412321558672474
12868,64.9049469181138
12875,18.63330187285502
12876,22.103250735245133
12877,26.3035978190285
12878,31.670889925900646
12879,35.72480180717089
12880,38.76923990787212
12881,41.93816654673866
12882,43.647971251189134
12883,46.97793650881732
12884,53.6545525414921
12916,24.479591475720685
12917,25.802416720569415
12918,28.94018638990018
12919,32.486785037295036
12920,36.13898270154826
12933,11.364044798651538
12934,12.86946963399024
12935,15.28636310897642
12936,22.061146016160656
12937,25.061307960219263
12938,27.060513439973967
12939,28.85326323593323
12940,30.079182948313456
12941,32.07049768927718
12942,33.79769721566178
12943,34.73264448805431
13020,27.95912074832362
13021,31.524539444559196
13022,35.74083305363366
13023,37.38616897357643
13024,46.18789908407046
13025,49.63405306008281
13026,51.617926500498754
13027,53.81041832957563
13028,54.81101999280395
13029,55.51226475870327
13030,57.408786117581485
13031,51.62121599619657
13032,61.13370973464841
13033,64.48558700341599
13034,66.95674195189557
13039,12.19036454244124
13040,15.68296646419692
13041,19.3464182522781
13042,22.97905524196581
13043,24.258732816285665
13044,26.32220162137089
13065,9.164260788124862
13066,15.22400587423275
13067,19.004513051973625
13068,20.77542019055042
13069,21.114273544737877
13070,22.547924780537116
13071,25.662375427668696
13072,26.484793305373955
13073,29.68309352606247
13074,31.703258992881267
13075,33.46201120800174
13076,34.584805251748676
13077,8.696039551019375
13078,13.126800408043371
13079,17.369346227820394
13080,23.14617506511441
13081,27.008679635240505
13134,9.741829776439005
13135,16.356144932743046
13136,19.430077664706594
13137,25.030958682621705
13162,21.988449181502045
13163,22.82757989989099
13164,25.855097654364283
13165,28.283903593239437
13166,32.20677951202559
13167,40.497583819667355
13168,44.228446534624496
13169,45.24999838851753
13170,45.463816548771135
13171,49.71033647924357
13172,52.71875281144014
13173,55.50763751091499
13195,37.427243480461
13196,38.66063820797383
13197,40.33918525326993
13198,40.892642424736046
13199,42.32212233171054
13200,43.8695119971774
13201,45.44327459139348
13202,46.7029009088227
13203,47.453608206784224
13204,49.19259319270794
13205,50.44854941149165
13206,51.69375793887233
13219,17.406818265420533
13220,20.07405283146543
13221,21.91267445328956
13222,25.48006596363739
13223,28.369083330935762
13224,35.58102506427919
13225,41.92176790237319
13226,47.605526570407164
13227,53.135708482424796
13252,20.889984917820513
13253,21.892090092655554
13254,24.536041711208703
13255,25.498712172375882
13256,30.449012312200615
13257,34.83916571044694
13258,38.96485326775891
13259,51.62726481977811
13260,54.18981360772426
13261,58.2665717425381
13262,61.54105655307645
13263,64.15479453247796
13294,35.060737160636265
13295,38.06913578262032
13296,40.95556881716456
13297,41.8496991015405
13298,45.82731819549556
13299,46.43136405961545
13300,48.11922933812975
13301,49.67207581125748
13302,50.990804401396076
13303,52.24543135098459
13304,53.16549135493169
13305,54.68213182498831
13332,47.26381577583492
13333,46.28878154016527
13334,48.62960489032836
13335,50.70251581383261
13336,53.78430755120428
13337,55.6289283224207
13338,57.10662054685074
13339,57.577537841660686
13340,58.23253704217998
13341,59.542379443803384
13342,60.40885949437808
13343,61.29900339026123
13344,2.4354917346075213
13345,4.301353499230446
13346,5.64398581399144
13347,9.349873465211807
13348,15.909087110945283
13349,21.086142513738572
13507,13.344747034298749
13508,18.49370479029443
13509,21.916333722011803
13510,25.934217602279055
13564,54.31954508316759
13565,55.67226524545892
13566,57.581728447474156
13567,58.76897494582761
13568,60.60439990202436
13569,60.8082855033644
13570,62.28624865055416
13571,63.69706602686169
13572,65.7241917900195
13573,67.69557214448201
13574,70.02588809168842
13575,70.35319410269207
13674,8.423368010387588
13675,9.934760552228411
13676,12.17473699834676
13677,13.861379859892788
13720,11.554459715313566
13721,13.389540190039696
13722,16.128288469886513
13723,17.36982587143884
13724,18.608036769621723
13725,21.653370054348663
13726,28.760056150327586
13727,36.75532740663191
13728,46.02003030220577
13729,32.035579910899706
13730,34.124846605021176
13731,37.53535667602523
13732,44.13179532734026
13750,36.01986308086187
13751,38.53400658422639
13752,40.532581549330494
13753,42.06076810992229
13754,46.21014198640254
13755,48.46256920926713
13756,50.590397830396384
13757,51.91991795965597
13758,53.181328717136466
13759,54.31518536536635
13760,57.68609518551923
13761,60.02685713047155
13867,21.306823284614673
13868,25.129351852331457
13869,31.220646773605147
13870,35.389932322294186
13871,37.60648152300106
13872,40.20190674704323
13873,42.92997898680629
13874,44.80659217550084
13875,47.58198785432264
13876,49.21248191518039
13877,52.87382098615971
13878,55.48374925576569
13896,35.11124017691438
13897,38.943782111835404
13898,42.63445847184816
13899,44.09950656841479
13918,38.9316050243452
13919,41.26735549578749
13920,45.62555407640659
13921,47.45027943605811
13922,49.11076130097365
13923,51.40031228740613
13924,53.022895453689934
13925,55.67403490195725
13926,57.274050925628465
13927,59.016747656017536
13928,63.1409544428093
13929,65.65877260346028
13946,15.578588803582978
13947,19.504283530685605
13948,21.719918576069865
13949,22.071767744938406
13950,21.82559690042828
13951,25.594698454691212
13952,27.622399929966697
14097,14.163114522540905
14098,19.361208308645423
14099,26.203023498242523
14100,29.066715600623247
14219,23.535957258084203
14220,26.450960622050683
14221,29.308108476595446
14222,30.590136128745662
14325,46.684036335032985
14326,48.93682902208443
14327,51.25329396635529
14328,53.761966264782544
14329,56.40707608065325
14330,56.74719809367425
14331,59.18009610565389
14332,60.85269992668475
14333,62.60430460147179
14384,9.61058945192474
14385,11.116208288867316
14386,15.934450671213222
14387,19.575137231948247
14388,20.958407069628585
14389,22.99581879107449
14390,25.533745451058337
14391,27.48438926717744
14392,30.50176829717359
14393,31.804184732118745
14394,34.14564077182841
14395,37.000604769562145
14396,32.32557965433439
14397,41.84441087481994
14398,48.47136391651998
14399,55.61718002747318
14400,3.507847210500252
14401,7.037925599806876
14402,9.60143498211526
14403,12.650903553641095
14404,14.55349094301214
14405,18.01224085719165
14406,20.429255761429893
14407,24.41389973926574
14408,29.167675267106016
14409,33.174645835412505
14410,35.39350009407265
14468,21.260285788688794
14469,26.52926367100372
14470,32.04718711276669
14471,34.15636761331989
14472,35.59388446013362
14473,36.689489506645785
14474,39.55345687814399
14475,43.278762461743824
14476,44.55087443303158
14477,45.8072708895115
14478,46.06873034244747
14479,47.57544950371495
14498,0.3308207046617781
14499,0.46803064555662643
14500,0.8120198164650045
14501,3.4400351779816325
14502,5.215846181298354
14503,7.284805153757512
14504,8.648201144226865
14505,10.797645720841594
14506,12.569873985589016
14507,14.167279898707235
14508,16.563038390070368
14509,17.518759031976344
14510,11.060707891766562
14511,11.934300749612657
14512,15.066506815236519
14513,16.617379573113716
14514,18.628867035794816
14515,20.130913430966018
14516,22.632807053369977
14517,24.181761432713454
14518,25.858521550951075
14519,27.025449504965515
14520,28.514575610354967
14521,29.93610278367182
14535,7.704638034846871
14536,12.233157946531431
14537,15.979498843352033
14538,21.740634423530985
14539,26.929771233538588
14540,28.64763908879599
14541,31.644221745743017
14542,36.694027072092226
14543,40.144901144262136
14544,42.538851671708265
14545,43.57788422898996
14546,44.628940692388404
14547,27.493488415710175
14548,32.59916574919205
14549,34.23187529909074
14550,34.38055962846882
14551,36.96875339823394
14552,41.02245654603881
14553,46.61555966402499
14554,49.45567254286247
14555,53.501561124934895
14556,56.70338084901702
14557,59.00857828139465
14558,62.98655620120559
14563,53.28711034174487
14564,53.42087679850484
14565,55.55760785901075
14566,57.19167039892851
14567,60.33279627292846
14568,63.019259504752974
14591,19.216279688262254
14592,25.400959278390015
14593,31.693053152826213
14594,44.16077559971078
14602,40.01640569348801
14603,44.71088154592136
14604,47.10580558143929
14605,48.940673697688034
14639,13.154966942331246
14640,14.970115414056554
14641,16.68505702946003
14642,22.504120489481274
14663,15.276643686161739
14664,16.78969608031771
14665,20.10377032966
14666,21.218168342337947
14667,25.06406691382357
14668,24.93950189174803
14669,33.0967411818505
14670,34.99954958968347
14671,37.019182531003956
14672,39.174029742899066
14673,40.54749013071565
14674,41.147907129758735
14675,59.86333704425582
14676,59.64569012384341
14677,60.81916284227507
14678,61.49309002013085
14679,62.92214214876428
14680,63.19557499425182
14681,64.78021720114599
14682,65.44196968441655
14694,41.90897361120354
14695,44.6107738101624
14696,46.5284730451489
14697,48.36888532019392
14794,19.934370578809446
14795,23.958087026718974
14796,31.397653603230964
14797,34.58630003738996
14831,2.6238250258029487
14832,3.8141844278071737
14833,4.563050306658241
14834,8.838586815808894
14835,17.974536754536764
14836,20.247127851019535
14837,23.28271759887823
14838,28.192877510574455
14839,32.24339622872499
14861,44.17587042202136
14862,44.44733904126844
14863,45.508387239160086
14864,45.502617041914284
14865,44.84797340818185
14866,44.972367914206075
14867,47.1450872808757
14868,49.31933231257362
14869,51.18276765011978
14870,52.55255491697308
14871,53.64142554515477
14872,54.69184998109368
14873,36.221109852797326
14874,40.321750817989894
14875,43.927735625788856
14876,46.44814764674278
14877,7.914761427415391
14878,9.193986043139068
14879,11.363957311393921
14880,12.869341842844083
14881,15.52519270001928
14882,20.04655095670703
14977,2.274592558334254
14978,3.4272317596893664
14979,5.906982077817
14980,9.23211646352078
14981,11.535474615389507
14982,12.894483849569605
14983,15.119552882445342
14984,16.88692593909461
14985,20.23650190068837
14986,22.9148028737595
14987,26.073618619311482
14988,27.905396958892574
15001,38.00917931205258
15002,42.03877808274352
15003,46.869079336725875
15004,49.373708841744836
15005,50.81585748939681
15006,51.72124610484275
15007,53.848700488608515
15008,55.995717936708935
15009,57.170180278592035
15010,60.14364219566518
15011,30.846754654588118
15012,37.532885044929834
15013,41.31205667041591
15014,45.338067638299236
15015,48.40275712919329
15016,50.078580716419154
15017,53.77523005343339
15018,55.98283653681098
15019,57.43120193725008
15020,56.99221438561018
15021,58.20382746933153
15022,59.20302481785156
15039,23.472949740030952
15040,29.075670775996297
15041,32.02319942188949
15042,34.52289086190233
15043,35.66549529374653
15044,37.783173772890045
15045,41.12558794364976
15120,51.557871769572145
15121,58.08999512088362
15122,60.549495928447
15123,63.71397896272989
15136,32.96022595007482
15137,38.159193721186014
15138,39.52241820775453
15139,40.76849042284624
15140,40.860936148752714
15141,44.231645343348475
15186,10.229200782814448
15187,10.90363012718488
15188,13.732386057404785
15189,16.42155494686437
15190,19.60779015817919
15191,20.76110345349525
15192,22.707092956678526
15193,25.05947194087871
15194,27.80872696435738
15216,32.12515688635848
15217,37.03426521110308
15218,45.33318890741147
15219,50.88370993881965
15220,33.00096012019988
15221,35.928445296263305
15222,40.18461941807638
15223,42.06106029041429
15224,43.69784273476423
15225,44.472272622893854
15226,45.41660928216691
15227,45.74576637628838
15228,47.55347655866026
15229,48.39432359605566
15230,49.08849460904234
15231,50.38031300482836
15232,22.52491142157396
15233,26.047404565100067
15234,31.88265189307112
15235,33.629497633588144
15236,36.7715036693906
15237,39.863016117388135
15238,41.24602596516608
15239,43.03661708960408
15240,47.10925199019476
15241,49.23930163715089
15242,51.70536343915986
15243,54.25923467743362
15260,27.458882461229507
15261,28.944421350934864
15262,31.873273841695685
15263,35.38258597687203
15264,38.32175385955049
15265,42.642456933423105
15266,45.42049775699585
15267,47.266420567233524
15268,49.3880489800191
15269,51.74247634624622
15270,53.44475811789921
15271,54.97667691284946
15281,16.15888666053474
15282,19.572432257593142
15283,21.51870546778255
15284,24.31198751417818
15285,24.922403324876573
15286,28.505419829988462
15287,30.359898834446305
15288,33.83566493036601
15289,35.14315164573795
15290,36.199997760436204
15291,39.60930756603347
15292,41.8586833554431
15574,34.85357779010875
15575,37.08703242979093
15576,39.879791380404995
15577,41.72357825169231
15578,43.690442528800745
15579,45.27275751793964
15580,46.229379681745186
15581,47.30588661626135
15582,49.848436421685015
15583,51.05924563077965
15584,51.39914088357473
15585,52.29106968020835
15606,22.341530419094664
15607,26.7521977758768
15608,30.33157841292793
15609,36.869061062318174
15654,9.999335965041903
15655,12.51504368589731
15656,14.761892037075668
15657,15.904852009829554
15711,45.60630361424171
15712,46.75830222521433
15713,47.856045693158315
15714,50.454907268538435
15715,52.2000061240582
15716,53.97840413830627
15717,55.95911929896779
15718,56.45364431853106
15719,57.13186202454381
15720,58.53509311009674
15721,13.724636590969217
15722,16.384223357290317
15723,18.92405664932681
15724,22.864478869232872
15725,32.415904995197515
15726,72.544980039816
15727,76.47105217536125
15728,82.60122417346484
15729,83.76566888776253
15730,83.39100821957575
15731,84.34711631538939
15732,83.84937951636068
15733,84.15901709627941
15734,85.53055988947946
15735,85.77419014861024
15736,86.87371806888126
15737,87.63975840016306
15762,24.51678008481334
15763,29.836737094618126
15764,31.832641679237792
15765,34.11390998782472
15766,36.45366149287734
15767,40.5853037192555
15768,42.64465838017567
15769,44.62653239491285
15791,37.00219935715289
15792,39.47751052918635
15793,44.521695695634406
15794,46.971235729554074
15795,48.91928434725143
15796,51.03270054244392
15797,53.01154439025187
15798,54.78355590544909
15799,56.62253735731292
15800,56.94006057839822
15801,59.89884440093242
15802,60.185239584398026
15815,17.873256321670173
15816,20.150269857234985
15817,21.754064582365295
15818,24.631668349645057
15819,28.770190089690868
15820,29.921109868928063
15821,31.8484975598172
15822,33.762978798406735
15823,37.20332504621081
15824,39.31280539976443
15825,41.04670827313529
15826,42.219714999325845
15882,1.7294520391260153
15883,5.227185235220704
15884,9.387837952032026
15885,14.53088436135545
15943,40.2892883813065
15944,43.23799796857653
15945,45.548048190942296
15946,49.89801124480188
15947,53.343969753233935
15948,0.3669267782213069
15949,1.036200379482769
15950,3.2837801047339576
15951,5.893841009459168
15952,7.358287227102369
15953,10.641656730220014
15954,11.598859343642008
15955,13.289146924682717
15956,14.48567979811347
15957,15.919835437127082
15958,20.697594251021997
15959,22.35248582649823
15960,34.00308182459442
15961,35.37897392367554
15962,36.71459964805309
15963,37.284430021757075
15964,39.97554038566271
15965,41.62612264159916
15966,43.00934261395955
15967,47.1725785567736
15968,48.42040697641783
15969,51.78274341406639
15970,54.839196533208124
15971,0.12946528130592172
15972,1.5710874311202954
15973,3.133333902312768
15974,7.780392562749799
15975,9.968299192201943
15976,13.206366226451152
15977,15.004294748696452
15978,18.022718668719186
15979,21.161553165806303
15980,22.928482830336925
15981,24.115896450946508
15982,25.04247755777652
16004,26.34121896795883
16005,29.901916407553188
16006,31.444377136120398
16007,34.555533087566175
16008,36.0475334564987
16009,37.516170181259334
16010,38.41617426919247
16011,42.17767654694588
16012,45.410319236391096
16013,49.07479485638613
16018,11.323967519294362
16019,15.509795893949981
16020,20.129968506977967
16021,25.759008251391116
16061,59.680787068537725
16062,63.807750688775364
16063,65.72313310047261
16064,68.07000973470684
16065,70.06893815284013
16066,70.44580897409938
16067,71.87518637134653
16068,71.56207097231953
16069,72.18114417424047
16070,72.43331626038595
16071,74.29082334170008
16072,74.8798117882314
16073,11.082927052242823
16074,10.926160611112227
16075,11.363494614240594
16076,11.564655274221872
16133,6.754616878427707
16134,7.404398329650926
16135,9.800804957435162
16136,11.216278160163494
16137,15.037464521195862
16150,40.51181564226643
16151,44.20065569597854
16152,45.32597626286438
16153,46.64940289785933
16154,48.39822759768737
16155,51.011793919825614
16156,54.07908543782518
16157,56.08521338946872
16158,58.54345995201095
16159,59.06445420681134
16222,29.532357828275117
16223,32.62833019025523
16224,37.70384486584937
16225,42.06573361882512
16234,34.263857231472514
16235,35.94289282416427
16236,39.20852759719777
16237,42.60351231014556
16238,46.707050707492165
16239,50.49234187413665
16240,52.9517615869522
16246,25.456655702875675
16247,29.873551913405937
16248,32.06984317712311
16249,34.27683771102795
16250,39.99549493760449
16271,47.91878117943044
16272,49.46451645747358
16273,51.42289012493673
16274,55.649373087065314
16275,57.74973050321584
16276,58.36800125263496
16277,61.46619571049389
16278,62.937639233282525
16279,64.43088126487056
16280,66.25013080336028
16281,67.55530898830091
16282,68.22945780160529
16354,34.71405703720774
16355,37.18440555449776
16356,38.88087467312977
16357,41.2684107105757
16358,43.26913310687379
16359,43.66735643097757
16360,15.798991131731096
16361,17.572667598107426
16362,19.59358105055102
16363,21.855037294569918
16364,22.71478565899408
16365,25.245441221228937
16366,28.21929672651663
16383,18.793073061595834
16384,22.68978103901413
16385,26.660331529735934
16386,28.806543300947432
16387,30.239252417608082
16388,31.67588714176329
16389,34.611129120938585
16390,36.24891092260405
16391,38.75934857093411
16392,41.17109266205893
16393,45.496879967468516
16394,50.336480591800054
16395,53.22593178896118
16396,55.377758310365536
16397,57.631131207574036
16398,58.75523213287611
16399,61.14126831750669
16484,15.576754931037751
16485,16.909718030707538
16486,18.37236990291124
16487,20.285666678007868
16488,21.381714100399655
16489,23.11037118523688
16490,26.409831467400085
16503,0.11992795160102054
16504,0.4435111162388795
16505,1.1770732580588117
16506,3.598795348344855
16521,14.623444652086665
16522,15.79172775959547
16523,17.080278219209834
16524,19.23780265557638
16525,20.52728001329421
16526,22.47617049829999
16527,25.174872879456856
16528,27.949140631549398
16529,33.67876397483443
16530,34.11253153576111
16531,35.445923773379384
16532,36.331387904926956
16538,23.54198296319103
16539,25.719608353867905
16540,31.786455079664172
16541,34.71701674806367
16542,39.17973422954317
16543,44.750848385971615
16584,0.572893709835731
16585,0.2855807237433176
16586,0.8253131489312663
16587,2.488862135025019
16588,5.44007338943818
16589,9.827826570152212
16590,12.024842405751706
16591,16.418710783723064
16592,21.182176204059118
16630,29.950219095627187
16631,31.34786236012466
16632,32.97530028036227
16633,35.26819112698586
16634,37.2165376918108
16635,41.7366905492254
16636,43.987726575333944
16637,46.592934900083456
16638,48.29878782631645
16639,50.19188157645369
16640,51.9392363626337
16641,53.98715964071435
16676,37.536099957755845
16677,44.210506378785794
16678,46.23549076144393
16679,48.86942303657652
16680,54.93639874973262
16681,56.61760442942632
16682,58.57893699921853
16683,59.629497638007265
16684,61.51115241591416
16685,63.203382470333864
16686,66.33093538091327
16687,68.25831522310004
16712,46.23738447717737
16713,45.633233353871084
16714,48.29600479768932
16715,50.68835521626596
16716,52.95057084787813
16717,53.78758986866277
16718,53.706993583408874
16719,55.12346348331971
16720,56.18434646638436
16721,58.23807366997473
16722,58.97213241275615
16723,61.27080906103045
16743,50.28382247150771
16744,51.84931869277737
16745,53.667823232454964
16746,54.75297703542187
16839,10.796711304521217
16840,12.580850577913392
16841,16.164663969083705
16842,17.97247287784971
16843,19.47523274399886
16844,22.984283926559968
16845,26.707796640072967
16846,29.162029886209126
16847,31.43995632204537
16848,35.1419652542848
16849,37.17656288268448
16850,39.350115304500456
16855,38.320656675266555
16856,40.16463006994242
16857,41.08627430449912
16858,42.79622501828694
16859,46.587439059302284
16860,49.974174273907224
16861,51.794656109739506
16862,53.836687227717846
16863,56.22937909342378
16864,58.962599023232954
16865,59.970930998861625
16880,42.17500043974765
16881,44.67991756999951
16882,48.11901692682408
16883,48.708035385594414
16884,48.74558824671944
16885,50.74319915260979
17000,18.707436281235523
17001,23.549209718719265
17002,25.5695179301055
17003,28.174162756667805
17004,30.73711660401191
17005,33.65077570614956
17006,38.90710148191997
17007,42.07750713979389
17008,45.49529859815242
17009,49.26007968718212
17010,52.97062335036251
17011,55.92198677957615
17072,36.78974723609131
17073,45.169726575534185
17074,50.669432875747944
17075,58.059425650667684
17076,42.41668251764493
17077,43.30957873053352
17078,44.7623512508825
17079,45.71002523891315
17162,14.609855586757956
17163,19.455246943911543
17164,22.672414735879386
17165,24.67737677505891
17166,28.474445369903016
17167,34.35190450091018
17168,38.7206112876392
17169,43.27287364481592
17236,7.834786168580901
17237,9.081300626629266
17238,12.457532718411441
17239,15.027759811245138
17240,18.1202476025899
17241,20.39053063118382
17242,22.221430371217128
17243,25.49819288514937
17244,22.716808845120916
17245,24.037742447749807
17246,26.298311940456976
17247,28.62543004325198
17248,30.23156587300402
17249,32.77545554309994
17250,35.30888920772275
17251,38.096332715191096
17252,40.85714818295553
17253,41.77078275949741
17258,40.93216974719439
17259,45.594930227325
17260,50.16155031939943
17261,55.09765033224983
17262,59.97208434600933
17300,23.96031601952092
17301,25.77424071703664
17302,30.244262513877732
17303,32.7328286439557
17304,33.33528431663278
17305,35.533774193583994
17306,37.656832244167155
17307,39.76895937850782
17308,42.43807993879305
17309,47.40821451853598
17310,49.212690230087766
17311,50.70350252415252
17324,19.82007664878776
17325,22.47078642670639
17326,25.32026779846252
17327,28.08414353014312
17328,30.002410898584763
17329,32.391089567260494
17330,33.80101971883866
17331,36.430010915566605
17332,39.33294878489341
17333,43.58420409235966
17334,45.94192841489733
17355,4.441436100022369
17356,12.42983348436197
17357,14.292818395807558
17358,17.066745488229593
17359,19.63046311142779
17360,23.056532726110564
17361,26.510965677149045
17362,29.119916223935014
17363,30.541324332997714
17364,30.56115374159156
17365,32.634517697976904
17366,32.58785684100933
17371,6.377055966502979
17372,13.129841933129807
17373,17.75677080191101
17374,22.549053420023775
17541,19.853246668298333
17542,22.902149075161233
17543,28.506796201038373
17544,31.95230834185299
17545,34.64890144106363
17546,38.27519280463822
17547,39.475052546554856
17548,42.29971305048057
17549,45.23281794111899
17550,46.12234150769433
17551,49.50915211710695
17552,51.18271396126555
17557,20.09408987514444
17558,23.462166740673783
17559,27.612817022550797
17560,29.806721751282954
17561,34.17505376525354
17562,35.70949579260955
17563,37.700885915355954
17564,40.378541523533485
17565,41.500430734985876
17566,43.611979780428065
17567,45.28913920106331
17568,47.12122170931439
17653,7.214616415153739
17654,9.713374036318754
17655,11.215556673108303
17656,12.254700776950221
17657,16.738937805679058
17658,19.42695411106218
17659,21.760056903937315
17660,24.530868130488905
17661,27.33027032066699
17662,29.465330337864835
17663,35.40530851793222
17664,41.35853898928535
17681,31.51901793545209
17682,33.982969858018514
17683,35.94660221992384
17684,37.87232748897543
17685,40.402194801303736
17722,9.669536346489517
17723,16.28826579870044
17724,19.460118961306144
17725,21.81480910669284
17726,25.027633583256698
17727,28.07088608323803
17728,31.701046544077407
17729,35.6135890391427
17730,35.30193308343601
17731,37.328937392553556
17732,38.207188716335665
17733,38.21157183293572
17765,4.5302746774874585
17766,5.459474454645901
17767,12.126408118779537
17768,13.460679671503788
17769,17.20739890552714
17770,19.5586454619753
17771,22.66216014442482
17772,25.821115463263805
17773,29.168708537617437
17774,29.181613739406828
17775,31.175424327694532
17776,32.144609215385415
17797,29.97739169445445
17798,33.59288544942265
17799,37.174168827757704
17800,41.75628666189526
17847,27.644187695629956
17848,29.68800131443651
17849,31.445330856677554
17850,36.01092048997815
17851,39.261600330128445
17852,41.430644771709254
17853,45.1254041054014
17854,53.678144613642516
17855,59.31060724278594
17882,27.80593062363378
17883,28.88012783209279
17884,31.47094599298248
17885,36.02240186711954
17886,43.17382007019887
17936,7.01338665167197
17937,14.530230043313392
17938,19.582136383650226
17939,23.88702664562236
17940,28.170975194696332
17951,30.2459906570184
17952,35.5901160134155
17953,38.23617400858701
17954,40.34462707961932
17955,42.87740955342606
17956,44.656634869506895
17957,45.672467907340646
17958,46.87261270116194
17959,48.23466876011897
17960,48.99208833925793
17961,50.45888125909726
17987,28.514690297265236
17988,33.26159668654758
17989,36.39710891864043
17990,39.96222147824742
17991,44.40864644070717
17997,33.62501872918265
17998,37.887340870796926
17999,40.41127405161809
18000,43.262348991595815
18001,44.94760862835909
18002,48.07443045753287
18003,50.29926459009174
18004,53.890335054011736
18005,54.82999424936844
18006,56.00148750639579
18007,57.73884333749428
18008,59.71947365194025
18096,20.752290010851574
18097,23.078099831460015
18098,26.660466387597
18099,28.919990071591393
18100,31.593331097379224
18101,33.34754543503959
18102,0.9995050106753501
18103,1.6648406995138896
18104,5.047047370435711
18105,6.19563061419022
18106,7.446258107478298
18107,11.089981180021447
18108,12.19576176377768
18109,14.301774608129895
18110,17.201551230775287
18111,18.50860902323686
18112,25.743963452393437
18113,26.869067915380878
18124,15.8929080165149
18125,19.439521227428948
18126,21.143852668147517
18127,22.976848351929107
18128,24.81505339937413
18129,29.27433953298298
18130,30.975690916420128
18131,35.125360113610796
18132,40.242364553066594
18133,42.41662564335025
18134,45.040502470702165
18135,47.76170190713701
18184,3.9530750615318424
18185,3.6157354302846287
18186,5.974507951698227
18187,6.691807811152572
18188,8.692257106835422
18189,14.665069132295875
18190,16.533631049056808
18191,22.634619140798563
18192,25.71520484650257
18193,27.30072134996331
18194,29.818303849891084
18195,31.855786381358904
18221,36.53589959264756
18222,38.13084114243422
18223,40.65271580136384
18224,45.9700686021835
18321,16.262911529294932
18322,20.386230670793204
18323,25.491511066910142
18324,28.324478145171348
18325,30.27061935155806
18326,30.982212367676603
18327,31.692530502129056
18328,34.07563574050225
18329,36.56611204596425
18330,36.82835985242865
18331,38.4782277104405
18332,39.42930654282422
18391,34.56903562547926
18392,36.30580408152741
18393,38.53553992030106
18394,39.20048777867426
18395,39.98473168521764
18396,42.28348087304246
18397,23.017834344043692
18398,24.97982618377598
18399,26.5491968653889
18400,28.966161250613272
18401,31.621152773555615
18402,34.05025460033122
18403,40.14701308686908
18404,46.27790695797438
18405,47.778682309424845
18406,49.03314960504498
18407,50.673162925048004
18408,50.908433623560065
18479,-0.022727795925269988
18480,1.817024962997462
18481,5.079686259585828
18482,6.13056940565236
18483,6.662891404918385
18484,12.514225234547336
18485,14.046232200908127
18486,17.09083535154861
18487,18.114747387584615
18488,20.192724983285995
18489,25.27735198745329
18490,27.737425644873696
18566,12.51642269261457
18567,17.739737492478564
18568,20.36138586168974
18569,23.677193492182706
18570,31.844163024663505
18571,35.30651960524661
18572,36.51076798322116
18573,39.183058715602286
18574,40.44563952694165
18575,41.11935376540043
18576,42.7524728345187
18577,45.71269179533149
18578,47.9944119029998
18579,50.87633971581781
18580,54.02223606363666
18581,54.54446492570113
18653,36.74930833148394
18654,40.93838812459667
18655,43.85478685909031
18656,52.7530394460026
18657,54.161808512003766
18658,57.823156136975356
18659,58.10609079011338
18660,62.98930822252004
18661,63.61945960813866
18662,65.26813921545087
18663,65.5671571841364
18664,66.63957393583502
18665,27.91108446429182
18666,31.053789053053016
18667,31.912485939984144
18668,34.2493589939164
18669,8.4577049840296
18670,9.781390847808519
18671,11.508103817239759
18672,14.76851830985824
18673,16.169985075186773
18674,18.07335962613139
18757,24.131485976500247
18758,28.96181440627812
18759,35.14979010512817
18760,37.09800831112742
18761,42.36347802528682
18780,16.898354302875678
18781,20.154360748724407
18782,23.554876046979377
18783,28.319890904621495
18816,16.76991863106638
18817,21.36844415141302
18818,26.252662700380824
18819,28.951342736664902
18841,35.676190160854425
18842,37.6788910987105
18843,39.764175270822186
18844,42.39583602107764
18845,44.84899151983573
18846,45.19178465027479
18873,34.02803539418538
18874,41.582084332918875
18875,43.684104323029615
18876,48.251861171655776
18947,28.129184638521604
18948,29.0109342731724
18949,29.89949077445757
18950,30.613220710349715
18951,31.392037693478517
18952,31.87944838902281
18953,34.975069422595624
18954,36.037436414524976
18955,38.074097522875206
18956,39.91384168359097
18957,43.43809973928116
18958,47.37510048068138
18979,39.701499237666916
18980,42.16991757785195
18981,44.06867810176859
18982,46.732255853852685
18983,46.29231679808896
18984,45.83346168528112
18985,47.770507511644794
18986,49.51630586314429
18987,49.823700290855896
18988,52.22508456117995
18989,53.25228522821212
18990,56.00144032433965
18991,17.07176396725295
18992,20.430016849923852
18993,22.57061130988597
18994,25.36938072155487
18995,27.439887294594946
18996,27.900853894328925
18997,29.724462480491887
18998,33.73973869156981
18999,35.09661520545989
19000,37.856754384250436
19001,39.31834794447572
19002,42.78453692997343
19003,47.82627639297874
19004,48.83214174768366
19005,50.559678373324445
19006,52.31451488727872
19007,53.81099167269988
19008,57.247010533931714
19105,3.1428691113372396
19106,5.349362815148884
19107,6.810809687729474
19108,10.064412693494514
19109,11.592761175842199
19110,16.08911745800062
19111,18.63137600169114
19112,22.378379717091413
19113,24.94935347091286
19114,26.89367218378113
19115,28.91884488720968
19116,29.565001423353955
19259,52.32262242001351
19260,55.11545543319028
19261,57.05214692632317
19262,59.22570687780935
19263,60.53644575479249
19264,61.74975205746978
19265,63.947266866364124
19266,66.45648788031565
19278,35.59629507713055
19279,36.12747960856553
19280,38.543585746842936
19281,40.38583724599283
19312,20.684634702127767
19313,23.973101026155984
19314,27.104702017883188
19315,30.305552539060578
19350,51.96615294862969
19351,52.78743878553526
19352,53.40449922652787
19353,55.596570245607246
19368,23.566254832706733
19369,27.107588219635794
19370,28.84584137752513
19371,31.652341842459883
19372,35.25080378274103
19373,37.335434578375256
19374,39.783259262314665
19375,40.42782238753553
19376,41.24789390800704
19377,44.00894081514205
19378,44.17941929232247
19379,45.68247528649272
19397,16.36343808589553
19398,16.751012512688085
19399,18.185234068747995
19400,18.8211032938557
19430,19.311965124730456
19431,21.03878842596398
19432,23.828247149459763
19433,28.378786652315643
19434,29.840948121345956
19435,30.19439747905176
19436,31.9272336318553
19437,31.129895449486497
19438,32.071747876688654
19439,32.4232963636965
19440,32.82066297278654
19441,33.66143008101734
19454,17.820999801818736
19455,20.74989080450622
19456,23.65853211593942
19457,26.08215162267416
19458,29.301685256014544
19459,31.733427266180996
19460,35.105519399730234
19461,37.03616245761177
19462,40.92038655308043
19463,41.09982482683241
19501,30.040967418335686
19502,32.26624941589613
19503,38.19919244070017
19504,42.18991441985311
19505,44.442006331371225
19506,47.58816660422639
19507,50.35222598973544
19508,51.328315913178265
19509,52.64946569763016
19510,54.718575614431515
19511,56.1785643724869
19512,57.04348575243599
19566,1.0380157754178756
19567,2.3891509752359292
19568,4.979849952987424
19569,7.32743037721041
19570,11.630431010352526
19571,14.02868510823625
19572,16.187360460298457
19573,16.549067527258575
19574,19.342889595034887
19575,21.47557861416463
19576,23.50450364992706
19577,25.963078967246407
19590,5.9460008783172675
19591,7.370621048321032
19592,10.290774323965499
19593,11.211327097380542
19687,16.51223136709068
19688,18.04513231963916
19689,20.000731953023063
19690,22.639511455402012
19691,25.987073175819877
19692,27.59329623004959
19693,30.97189008534203
19694,34.323573744996736
19695,37.20771696351956
19696,41.201387341534094
19697,45.27935662922896
19698,48.15462716334724
19759,41.8078935894968
19760,43.02021317957457
19761,43.092757452908
19762,42.808922845581115
19775,44.90075325513271
19776,47.51196193759891
19777,49.037605715001334
19778,49.66068998417086
19914,6.027995613757764
19915,9.279237436640603
19916,11.26095301548178
19917,18.866188946625904
19926,27.887781514921517
19927,33.98961673147893
19928,38.28529702237529
19929,38.411220466366245
19930,41.418903281020825
19931,43.029749931036555
19932,47.22927563935794
19933,49.943987752821094
19934,51.943496410618685
19935,52.594853642458304
19936,54.114530059658634
19937,54.90856645668053
20000,23.754670680544802
20001,27.212903102056707
20002,32.95268559354339
20003,35.91357100995683
20004,37.72504592976928
20005,40.124239571919404
20006,44.50504509755319
20007,45.77827913179824
20008,47.09872414132471
20009,49.21322861927296
20010,50.51656611257421
20011,52.43168972364255
20012,3.2834177529805415
20013,6.88703591998968
20014,9.989704960217656
20015,12.921600438931893
20016,14.892289884041883
20017,18.321356701609886
20018,20.641619049164166
20019,22.786367116036452
20020,24.68800502297617
20021,27.522349733173144
20068,26.595563258652362
20069,32.60835607243129
20070,34.403837823145565
20071,37.30238255027538
20072,40.32863905820851
20073,39.569606379561456
20095,13.326293981008197
20096,17.326879311832574
20097,23.650305077978736
20098,26.940578521711693
20147,42.22258577877194
20148,47.696532683512075
20149,49.64333715727834
20150,51.65334195621487
20151,53.87759057816042
20164,23.249467225022457
20165,22.972722585614456
20166,24.49816697312544
20167,24.96957512151669
20168,25.801164277041387
20169,26.707306976420774
20170,28.678493733410853
20171,30.524646530688976
20172,32.532478825982054
20173,34.594688277774836
20174,36.20011861835499
20175,38.30683631129479
20245,6.578538357201663
20246,8.248446764483646
20247,11.035586934981378
20248,12.81727067122824
20249,13.896154854879873
20250,14.72966499241269
20251,16.550383345089354
20252,17.750431265732608
20253,18.92739546125758
20254,20.599838643668857
20255,21.572029410674155
20256,23.56621120122884
20285,18.976928668253255
20286,23.301190648938203
20287,25.735872273347326
20288,29.382182158438894
20289,32.060547092148006
20310,10.207602533906742
20311,12.573186537017914
20312,14.107192190113022
20313,16.138917353107868
20343,4.554744122505816
20344,4.663719943189146
20345,6.168473434879461
20346,7.390982126008112
20437,0.27341789269165434
20438,0.4833324820201807
20439,0.5456318480341604
20440,1.026715370119041
20441,7.040645380912632
20442,9.885245567487324
20447,0.08081764638534406
20448,0.4261174763935542
20449,2.2799847304094065
20450,5.190222567118786
20507,10.923067610330566
20508,10.84640330561022
20509,12.31483435540004
20510,13.36555853108877
20557,33.89397711896652
20558,35.517732980848635
20559,37.125904599155625
20560,38.292311227680145
20561,41.22412061077911
20562,44.74793104322989
20563,49.41226445890696
20611,40.6154135214674
20612,42.05134485524063
20613,42.5371746946175
20614,42.09782012095721
20615,43.655184502049686
20616,44.10244914479588
20738,21.566228364987808
20739,23.833143640799108
20740,25.832793693667973
20741,27.867014438897353
20762,23.319792751791987
20763,26.433004255195357
20764,27.67350043361835
20765,28.778646427409495
20766,28.433771767869427
20767,29.31205250309956
20768,30.806879843476327
20769,33.51358595581473
20770,37.84717345555174
20771,39.40542421918845
20772,40.982437450884994
20773,45.54157729674244
20790,51.57750198683253
20791,57.18722040359815
20792,61.29247891008903
20793,64.80920925603772
20888,10.801261390616476
20889,14.027002630262228
20890,18.08372105294155
20891,20.714349420737364
20892,43.1766568997997
20893,49.140516912359075
20894,51.976148325105896
20895,55.23952476099299
20900,15.179520256667535
20901,18.5633886291394
20902,21.878666164109596
20903,25.223895835681102
20904,26.779129174881028
20905,31.603712783961907
20906,33.73910472253344
20907,37.44087324797674
20908,40.105195881004526
20909,41.6546195466161
20953,8.040870560238744
20954,11.366186250565494
20955,18.05616128444276
20956,22.786706001179155
20957,25.985718599294195
20982,30.51281548915721
20983,34.62513700544702
20984,37.07870203353761
20985,39.9486792995272
20990,18.833801931674593
20991,23.10715009227182
20992,24.703972783700525
20993,27.375525549073938
20999,52.977030058319954
21000,54.63847890555887
21001,56.63503312651265
21002,57.34702026329624
21007,20.26406223602479
21008,21.528496619518826
21009,23.91486108235942
21010,27.35588070200469
21047,33.96202111380633
21048,34.76573569422371
21049,35.3304135999511
21050,36.92288047770678
21051,37.53129484382394
21052,39.170981153916856
21053,41.36582673786504
21054,5.1041974429197765
21055,6.716159256754554
21056,9.263925616417726
21057,10.478085053784065
21058,14.473654585436055
21059,16.949347405622937
21060,19.683993939596064
21061,23.329541388126476
21089,41.03214771006818
21090,43.96025699858457
21091,47.482627522965565
21092,53.210038298822994
21093,56.76059411276251
21094,58.15020508231207
21095,60.13572807001977
21122,15.151795068764013
21123,19.206395321200326
21124,20.730029690783603
21125,21.702248289437335
21126,22.03954164417349
21127,23.444398353495636
21128,24.841547215897105
21129,26.786414798055596
21130,28.95994279026155
21131,30.23544488158467
21132,30.793229118450277
21133,31.551575954934293
21189,17.96361801359813
21190,20.925204483139673
21191,22.892125775516643
21192,37.57395423893038
21193,38.229661879122524
21194,42.80368036212259
21195,45.27150557846615
21196,48.25194474310301
21197,50.28149363618644
21198,50.07419942302622
21199,51.17349880984142
21200,53.85607754944262
21234,22.212157492296715
21235,26.36699422000139
21236,30.551599894921196
21237,33.5586056468181
21238,36.20133472733404
21239,38.42672786853474
21240,39.70288460070266
21241,41.941891705363616
21242,46.663954584387554
21243,49.15803853279342
21244,51.77899521991908
21245,52.73512963837046
21246,25.70608456337009
21247,25.869425201630417
21248,26.82835543569758
21249,25.56920140772196
21250,26.112887897446182
21251,26.86103485702636
21252,29.96890986382483
21253,31.908546275158614
21254,33.64060311995391
21321,36.70901072416776
21322,37.27481663350814
21323,41.88034826333642
21324,45.19490265406465
21325,52.14150753992563
21326,54.28643305222063
21327,55.16241395085601
21328,57.58167256658423
21329,58.25948213741067
21330,57.970877073393375
21331,59.46409609508068
21332,60.137448334878954
21421,24.85552529605319
21422,26.665587663986976
21423,29.076479202931203
21424,30.528063010452115
21469,20.107143173237837
21470,22.78551736086259
21471,26.43798859844663
21472,30.569891293086222
21473,34.86301017659193
21474,37.15449455140902
21475,40.681634079001746
21476,44.178586872250534
21477,47.07469686915664
21478,50.06187868490629
21491,24.468667625318588
21492,26.18884979355253
21493,28.10928494983609
21494,30.66991754904219
21495,32.11876687991199
21496,34.817878733204296
21497,36.60017800510472
21498,40.88781277517414
21499,46.62036622833871
21500,48.29655855212057
21501,52.40293320695432
21502,52.83731994839785
21553,37.136106370012364
21554,37.499620732835936
21555,45.33923230972473
21556,48.38860014574178
21557,51.43900359966292
21558,54.74190088221896
21559,56.817747609796626
21560,59.96932045933098
21605,60.318693896315
21606,62.42643516443669
21607,63.460079459442376
21608,64.1969518325574
21609,64.22795467860853
21610,65.90962770913443
21611,67.35736373162577
21686,22.89954744505477
21687,25.592213104829973
21688,27.49030737585155
21689,31.32104581424681
21690,24.04067450056988
21691,32.797441091465735
21692,36.21755244096805
21693,40.218785090026806
21694,42.23150924370176
21695,46.03968840163681
21696,49.099647912756296
21697,52.368190052856406
21698,53.59366943437237
21699,54.909877885681624
21700,56.251011614679
21701,58.33158322346047
21735,14.322078487086563
21736,17.472662002908322
21737,20.66759159029412
21738,22.457702276050036
21739,24.493929154002327
21740,26.64777959962147
21741,29.012385275407933
21742,30.57940562379316
21743,32.790054149173145
21744,35.06667240260166
21745,38.552384208803424
21746,40.50049823755128
21840,24.50656740400204
21841,26.822163468319406
21842,29.216914525720284
21843,33.56892476629476
21844,37.87654180749508
21845,44.07141406794298
21875,8.960392569319216
21876,10.255898947810678
21877,13.02712048427387
21878,15.455320111999786
21879,17.627778680739908
21880,19.136767512682326
21891,14.75520986874048
21892,21.524246512842204
21893,24.456448510701154
21894,29.118544367244425
21934,28.776755505642313
21935,32.89994110536157
21936,34.525469949531484
21937,36.97390760993343
21938,39.7194699588084
21939,41.64612358848509
21940,44.678050618466116
21941,45.33973080275449
21942,47.050295873279865
21943,48.679778168424676
21944,50.643918359061765
21945,53.33474881259433
22029,64.12848097010593
22030,68.2364958044266
22031,71.37113081025838
22032,71.72168450201248
22033,75.03371105295074
22034,75.25737716140348
22208,37.60851856385232
22209,39.162147778219456
22210,40.63502802708079
22211,41.887409650779574
22212,43.77129203419346
22213,45.32885464092264
22214,48.0798845713781
22215,51.97770272674378
22216,54.32295294281861
22217,58.226884399349686
22218,14.431747209255724
22219,16.693651665598054
22220,22.426371406229695
22221,25.485914780384398
22222,29.0486526053463
22223,32.79460319158032
22224,35.21938215449317
22225,40.77176135394414
22226,41.512119043428136
22227,44.8791455990582
22244,28.007234252104958
22245,33.67998729465417
22246,37.166430668585384
22247,41.06356793025074
22248,40.20467698730461
22249,44.238303504271734
22250,46.491952662633494
22251,48.71616965602524
22252,50.387992024270225
22253,52.13789900763968
22254,53.45462455459584
22255,56.084232226042616
22256,57.355371286717286
22257,57.88172494472762
22258,59.69429913382379
22259,61.119045680637655
22296,0.5337480930348744
22297,0.8402457684332655
22298,1.468681687875684
22299,3.936793868533526
22300,5.618501350859235
22301,7.031481442907648
22302,10.665761840904182
22430,38.64790889823216
22431,45.066212855756206
22432,48.190551013918295
22433,50.41343410174413
22450,8.786322490817636
22451,8.901100304721183
22452,12.280898831834524
22453,13.958420175071089
22454,16.391888064365467
22455,22.473641507271786
22456,24.789749401446738
22457,28.260275984259085
22458,29.209044779957697
22459,31.12797074102
22460,33.232792814729194
22484,42.68867097130806
22485,42.948559978594
22486,45.992336662282696
22487,47.2050630131135
22488,48.849117433637055
22489,52.2166363257136
22494,16.325110054304204
22495,20.637066466961343
22496,22.720779500841083
22497,30.59856627071099
22498,33.9481759501261
22499,37.40772500176244
22500,39.034674218334075
22501,42.41396444546248
22502,43.32979106603818
22503,44.170952202394396
22504,45.182492684668986
22505,46.61168052083736
22518,8.007986702596812
22519,9.769779625215955
22520,17.50101436580048
22521,22.047947246598433
22522,24.523902504554144
22523,27.612726483627597
22524,30.639154739093982
22525,34.636575587975486
22526,36.75115960351043
22527,38.49739070298281
22528,40.433994038727455
22529,41.05515989070417
22681,7.175018354955671
22682,10.509520999896111
22683,14.442538635914834
22684,18.989777648702297
22685,24.60584013860504
22686,1.4919594438732378
22687,3.32153081140802
22688,5.289520261102178
22689,6.43766283995443
22690,8.39442478724617
22691,11.47432656740217
22692,14.113400017158853
22693,16.113116128778884
22694,21.198828769201974
22695,22.978681789107448
22696,26.77223541315731
22723,31.98590773298192
22724,35.671024974725775
22725,38.722466733069254
22726,47.48391279341679
22727,53.57377180789176
22770,40.83961881529339
22771,43.93586128984996
22772,47.15806485638851
22773,50.289068198086326
22774,54.75948971669301
22775,59.773357543008885
22780,28.660413393402145
22781,33.34189392895308
22782,35.69878706544565
22783,39.28276218027723
22784,41.05918655513693
22785,43.004552382818005
22786,45.712463120111046
22787,47.28395587413513
22788,51.15372955310564
22789,53.70352758635528
22790,55.38496780244058
22791,56.120686837335235
22792,48.94971897611807
22793,52.63924452860209
22794,54.59190765923607
22795,58.00009013250515
22796,59.325076370031084
22797,58.559267313433224
22798,60.00158823416734
22799,61.655059949984505
22800,61.96551261470911
22801,64.13508097340693
22802,67.31195921519954
22803,69.85797983049899
22839,29.136207784537568
22840,31.51168094943309
22841,33.44495661693436
22842,34.976035065893385
22843,36.51954875633823
22844,40.466787937809215
22845,43.17520197379233
22846,46.435143349596444
22847,48.62651010383327
22848,51.527259426352224
22849,52.81133019844374
22857,19.801887830821013
22858,26.127144354779567
22859,30.385693753946732
22860,34.29952695843453
22874,23.567718362791464
22875,31.98590363642154
22876,35.022221026112376
22877,38.42033664307497
22878,42.37094196186116
22879,45.03196574604232
22888,44.61164282795919
22889,49.00749724483437
22890,56.5511941909357
22891,59.043557668765075
22892,61.827349983824284
22893,64.75765387657816
22894,66.32272518089042
22895,68.04033184691131
22896,69.43745099794698
22912,43.07137761600239
22913,48.817803763728804
22914,50.00624834233422
22915,55.16664774230056
22916,56.53102637743389
22917,58.880666158623555
22918,59.97055010477847
22919,61.79682333655281
22920,65.80402088936701
22921,66.43683015102258
22922,68.02423042143867
22923,69.18047430286299
22964,39.43782822859977
22965,40.576961880780395
22966,41.73124951621457
22967,42.790259838310945
22968,43.936509443607235
22985,35.13572523346369
22986,39.17304188413708
22987,43.455396777990124
22988,49.251224960434314
23022,18.95539934135891
23023,21.210567788034147
23024,22.682795518773787
23025,29.734923565371002
23026,32.710101822894735
23027,37.94018287223945
23028,39.870710749182635
23029,41.26733289536856
23030,41.34234566536601
23031,43.74126045873853
23032,46.90717549096154
23033,52.49028346923393
23034,52.8496098229147
23035,54.73334106889371
23036,55.84726895486811
23037,57.54178532010036
23038,58.61135588795732
23112,10.31289902335717
23113,11.99599324370904
23114,14.068323392446885
23115,17.843226339851935
23144,23.978596986012725
23145,26.91153078058094
23146,29.692559144581516
23147,31.96689593227186
23148,34.640479461041
23149,37.55715838653666
23150,40.400323574030274
23151,44.38636904581581
23152,47.446258480553844
23153,50.37588496546489
23154,54.75005141679247
23155,58.90606707703271
23178,33.00140060981035
23179,40.18003136303343
23180,49.09185847189987
23181,53.08116568449327
23182,56.811817213322755
23183,8.315824959276412
23184,9.687153889006861
23185,10.639375573068913
23186,11.011195235877363
23187,12.760130518222612
23188,15.341112175440983
23189,12.522784960674898
23190,16.216614849615162
23191,18.960363879162376
23192,19.96502766965734
23193,19.521393394808946
23194,21.677120156842797
23195,28.04207089117387
23196,33.19260983182353
23197,34.6333894688807
23198,36.50772894958559
23199,39.71570329777126
23200,41.023402082013526
23224,18.105252344741643
23225,23.886014131791228
23226,26.42905701008683
23227,28.241215605867417
23261,31.762485362237886
23262,38.83019991468721
23263,42.35278689319392
23264,45.07283305640571
23265,50.37141433332748
23266,52.57652523390949
23267,55.998822304029886
23268,57.83483128719797
23269,59.02872096560204
23270,60.42098972114047
23271,61.9408045213062
23272,63.38973801282384
23301,1.8922032503897004
23302,5.005818606622199
23303,6.496355989138695
23304,8.111731796560461
23305,10.913913329918767
23306,12.607917217276887
23307,14.739076141972884
23308,16.416434412717752
23309,21.601928393269212
23310,25.31502396295847
23311,28.831777373003085
23312,30.262091284475012
23313,34.61557355161832
23314,40.25989451842576
23315,42.239418697002904
23316,45.84642980406124
23317,47.42597294067763
23318,48.96502448712971
23319,49.7396913660402
23320,51.22728625745268
23321,52.732816820926395
23322,53.91762294067339
23323,54.435351400304285
23336,56.814859941383645
23337,59.10805587694597
23338,62.10216876358747
23339,63.585833373127386
23340,64.05424984174603
23341,67.00320571740669
23342,69.7981801036533
23343,71.72793469725707
23344,70.69869879329586
23345,73.3633870460385
23346,74.25945306431701
23347,75.17893123240238
23360,8.133432609358435
23361,11.042899282057089
23362,12.212864828353508
23363,14.69609786659447
23364,16.69197776436993
23365,18.874439100486146
23366,21.806461105678657
23367,24.376465998770207
23368,28.28047776244575
23369,31.956812428048288
23370,35.425127175013074
23381,19.207661310435537
23382,22.733292056919367
23383,28.039193107822335
23384,30.171049649279496
23385,32.970817437330524
23386,34.738880777877014
23387,36.204119082101876
23388,37.47393734936193
23389,39.25554666773546
23390,39.86232620749984
23391,41.0207228281946
23392,43.27479808545191
23442,47.1930735885563
23443,55.80644221305778
23444,57.38956297930233
23445,59.92540703741439
23506,21.404134624483536
23507,22.54493456502477
23508,23.370644316519883
23509,24.66752939568086
23510,26.310879472285666
23511,28.396535079156457
23512,30.440962939911014
23513,35.08697241650714
23514,35.81371445402216
23515,39.729243595342844
23516,42.580258011864665
23517,49.87561936836022
23552,17.44984758967351
23553,22.073156556981765
23554,25.442492561226057
23555,28.197245551941545
23556,29.46721845331615
23557,32.47668110139062
23558,33.23047877410408
23559,35.75623271458296
23560,38.42141370029629
23561,42.61006907023172
23562,44.3046562996767
23563,47.028823323234676
23564,54.38721495158344
23565,56.802580407644356
23566,58.84167329678144
23567,58.413609504192934
23568,58.834109081036374
23569,58.92281514076525
23570,60.82958337048897
23571,63.708355868915916
23572,64.36707219734735
23573,64.31780958051726
23574,66.68712913690368
23575,67.49676201204844
23604,16.991730961350537
23605,17.97046567005894
23606,20.10282421244738
23607,22.42713640418847
23608,29.266165369339394
23609,31.329141166872386
23614,32.741269938615076
23615,35.63065769303658
23616,38.591001120104764
23617,41.169073968272514
23618,44.91724241153634
23619,47.65341857925961
23620,50.30352690720797
23621,51.03449976629137
23622,52.549054073218066
23623,55.21740987598464
23624,56.82874577591466
23625,58.204421309536386
23655,46.90028384617832
23656,46.75491484362209
23657,48.22008946099179
23658,49.0086744353126
23659,48.89817368769245
23660,49.49632867917863
23661,51.947576227659326
23662,55.34207103879929
23663,58.09472444923845
23664,59.69837487619933
23665,60.568710129230816
23666,61.37579025493919
23667,22.833086391070943
23668,23.288693683544846
23669,24.29648451267106
23670,25.58024562793073
23671,28.91924092773719
23672,33.00951843555166
23673,35.76074201091942
23686,31.100591242247543
23687,33.060758112926734
23688,34.70310865051255
23689,37.45814543295424
23690,38.21879802570341
23691,38.52621187245781
23692,40.54664561453571
23693,42.846444808800946
23694,44.54809733393089
23695,47.54589704068401
23696,48.092356698710034
23697,50.1048477326482
23711,59.015347200036715
23712,60.478775827268166
23713,62.94746997541455
23714,66.25974016908131
23715,66.69956272278662
23716,69.90760931461536
23717,70.19198838162829
23718,70.82421860945814
23719,72.12144762226269
23720,72.7620358417103
23721,74.11187414419078
23722,74.54187601594671
23809,34.15865981284405
23810,41.94695510007533
23811,44.474099307316415
23812,46.57998745808667
23813,55.89535379033297
23814,57.218177429769284
23815,59.1125640855544
23816,59.771721785269946
23817,60.06204963894722
23818,60.64225812301977
23845,32.6189372781035
23846,35.910777522256005
23847,39.186158835979185
23848,40.66177842743868
23849,42.62230016223773
23850,46.675282968768684
23851,49.65032632757645
23852,51.269260920848104
23853,56.04697801453286
23854,56.642295901859335
23855,57.67429415711301
23856,58.92939701873934
23890,22.678986389590637
23891,26.003814193444292
23892,28.92342913850204
23893,32.85298297146424
23894,36.686548390800155
23895,41.931466228845885
23896,48.90998162354219
23897,51.52193302601613
23898,53.551028638810934
23899,54.59808900364975
23900,57.20903328120831
23901,61.57879315228886
23946,43.38188063220492
23947,43.680989829959614
23948,44.615777061851006
23949,45.39263671803597
23950,46.533823235691315
23951,47.301602951846775
23952,49.2730783459558
23953,52.00757427987888
23954,53.31821894544701
23955,54.212651455287684
23956,54.24478877861598
23957,55.60017002926736
23958,13.402381557328269
23959,17.478118173733236
23960,19.433614095974313
23961,23.30703973418946
23962,25.52652350082863
23963,33.868028579161646
23964,36.73046679622296
23965,39.39179907567302
23978,17.993137123298716
23979,21.474678110285787
23980,24.020886374082366
23981,26.683586844652343
23982,29.069733703526328
23983,36.647991774477724
23988,21.54128527822782
23989,31.288489618296307
23990,35.169403062820585
23991,35.64610637758316
23992,39.535810307844635
23993,40.81021728208297
23994,41.9466028240438
23995,43.41540122928995
23996,44.722293795058214
23997,46.32145211867089
23998,48.83131614440878
23999,51.622130083191095
24034,17.675719784018483
24035,21.616699996113887
24036,25.267821142461237
24037,28.371692952016627
24047,26.481336176822293
24048,27.20805395140179
24049,29.766766587402874
24050,31.5260364767911
24051,34.446024564742785
24052,37.344707645635125
24053,39.432871887559955
24054,41.714220417233655
24055,45.2114501644605
24056,50.189202374988625
24057,51.543614494879606
24058,52.560552078798445
24147,20.697349831439013
24148,22.917424442204585
24149,28.269578008464613
24150,33.7798316101624
24151,37.591138809029225
24152,39.5273321879723
24153,40.538986963921566
24154,43.628991155431564
24155,44.94870966954306
24172,25.191691933307663
24173,27.61981824099747
24174,30.486600969111215
24175,32.45620294933953
24176,35.5437981723595
24177,37.635795605927136
24178,39.96700038556675
24179,41.91083796107066
24180,43.494746849266605
24181,46.026889391471535
24182,46.94900310216714
24183,48.12749911459091
24184,24.508700642087867
24185,28.271626381518765
24186,30.529761706674556
24187,33.38656114063067
24188,38.207971257852265
24189,39.94170453120019
24190,43.26867900361659
24191,47.47968687764087
24192,49.180444795827626
24193,51.5655940974201
24194,54.459594185191065
24195,55.971961269714974
24201,7.054176343270223
24202,10.663847419395402
24203,13.262329220892667
24204,17.282388473956726
24224,34.53125922396647
24225,39.75677809055556
24226,43.14470796029791
24227,45.099588870212365
24228,47.90231530305581
24229,51.10326968753143
24230,52.57445318142536
24231,55.872889012760936
24232,55.598967905048724
24233,56.60698397624858
24248,13.99823499481054
24249,17.872202500181565
24250,20.36223702427835
24251,21.03133084346734
24252,24.067678918100956
24253,28.451172998080683
24254,38.51292676232195
24255,31.28546883515021
24256,36.33143845069643
24257,39.33478960186301
24258,40.457375309902275
24259,43.602361286339125
24260,51.031846544190955
24261,55.297302546379875
24262,57.66130138824087
24263,56.91063687191401
24264,57.93476004009788
24265,58.935221146833555
24266,64.32094429487567
24303,8.726345195363654
24304,10.901914634799725
24305,13.825298381596962
24306,18.000825805510722
24307,20.500910849787882
24308,22.00752690274566
24309,25.352782937526314
24310,29.766758425727392
24311,36.131038252183764
24312,40.51352601234508
24313,41.37670372362161
24314,42.148301355086346
24315,46.58423392880015
24316,47.65771720919092
24317,50.49067228965217
24318,56.33144173083082
24319,60.44089089610966
24320,63.325491251901006
24321,65.16135249381568
24322,15.83849042092346
24323,21.71090055861919
24324,26.376175467476333
24325,29.088381467201025
24326,31.126111736266427
24327,35.11544784190476
24328,37.900249032875074
24329,41.78233282624228
24330,31.801831917528737
24331,37.112876204675295
24332,38.84810129454675
24333,41.7239237748681
24334,44.1310405639721
24370,15.263742942269095
24371,17.421793916636737
24372,19.68074640043844
24373,22.28702899843784
24392,29.564710047377435
24393,36.042303267477905
24394,41.586934539908476
24395,46.1354584873114
24436,28.38696892874894
24437,36.87377733706684
24438,38.98207402053974
24439,43.01881098641727
24456,30.827073778753608
24457,35.71840739538718
24458,40.44239313170378
24459,43.771750705695176
24492,25.582091145727123
24493,33.3618138269958
24494,34.925135276970956
24495,36.852617746964505
24496,39.0001342720656
24657,52.38968334168724
24658,54.49014687496397
24659,55.75734604130482
24660,57.99896092956292
24750,16.05142782628097
24751,17.708016971611876
24752,20.420103694312083
24753,24.125625061806574
24754,25.84780987016569
24755,27.486544792534527
24756,27.96740316017865
24829,13.871003087779204
24830,16.57350612629039
24831,18.74342807443707
24832,22.55087600898373
24833,21.086763710533408
24834,23.72040256723324
24835,24.73925681363402
24836,26.268061235156512
24837,27.137781680459504
24838,29.161783591071718
24839,31.403145788751022
24840,33.046170690355986
24841,36.94134740728026
24939,32.02905005822404
24940,35.71300332259777
24941,37.339442400282124
24942,40.77631142569449
24943,42.657361780582974
24944,45.136077053558765
24945,45.690407021252334
24946,47.4365275007465
24947,48.28953774446634
24948,50.218614513009065
24949,51.93371579559016
24950,53.405053747150305
24989,30.348218621541257
24990,32.72990921915097
24991,35.42386348215645
24992,38.02848486632483
24993,40.60438419677884
24994,42.70044351190977
24995,44.30301585622453
24996,44.755438158079855
24997,47.7392277201527
24998,50.07080461055742
24999,51.54997175303515
25000,51.75196725047223
25076,52.906989232973196
25077,56.5083048939822
25078,60.42693448429028
25079,62.08750493986397
25080,63.342129168492136
25081,65.47144468252107
25082,66.47892413524139
25083,67.65522314056888
25084,69.2795262681831
25085,71.0295759344333
25086,71.08614196423909
25087,72.97207620649577
25144,46.364778361173855
25145,46.83234616065869
25146,50.36297506343535
25147,53.1320714405271
25148,55.64255365705482
25149,57.23895507321676
25150,59.093437363261444
25151,58.95559295442469
25152,61.533420148145126
25153,62.56067004976285
25154,63.937934562960926
25155,65.97491167215364
25182,31.30083373817349
25183,34.25616121547585
25184,36.456382706964774
25185,36.3973696470808
25186,36.7704361663631
25187,37.66325765964518
25200,31.105775518567963
25201,41.48214122646857
25202,47.76472484609933
25203,53.343059330683424
25204,57.78127809693508
25205,61.071394079548874
25206,14.761640203927659
25207,15.533263041004904
25208,16.95220463735865
25209,18.4216582170774
25210,20.47279187433103
25211,24.23886150873483
25212,27.744131183369596
25213,29.752335419338316
25214,34.13862209651268
25215,35.707965218427226
25216,38.31503799659534
25217,42.367375502503
25218,11.627672311284766
25219,14.287029388029392
25220,15.860619783175233
25221,16.969866805933766
25222,19.86492813876808
25223,21.241492089305343
25224,23.98219450336698
25225,26.532668451702847
25226,30.116277029883953
25279,0.45724478490080533
25280,0.9307122535845631
25281,3.211181914806493
25282,5.700974631754839
25283,8.309226089298999
25284,11.733032129276406
25285,14.978524957568615
25286,17.436796080870327
25403,27.31828184467249
25404,28.26481563341334
25405,29.3206155875867
25406,30.544949512886365
25407,33.0079477185221
25565,32.15035296647897
25566,35.36969294532953
25567,38.30195264054528
25568,41.16479411559584
25569,42.429137279024005
25570,45.25943355479645
25571,46.3108916926356
25707,13.19883838933298
25708,15.285168132104193
25709,17.880662873088013
25710,18.798361505529243
25827,12.505060676840461
25828,14.750000275882105
25829,16.048428027807837
25830,17.01875352964425
25831,18.00108581678902
25832,20.456245093136854
25892,25.659055377871102
25893,28.811618507365417
25894,31.22626400245565
25895,34.09571098573247
25896,23.29247276067885
25897,25.383988644983845
25898,27.870107069714
25899,29.159900759244305
25900,32.78123833215615
25901,34.21906433247902
25902,35.817232526113486
25903,37.07177475527483
25904,41.47198128497002
25905,47.57842770965431
25906,50.087673294552154
25907,50.9031974816515
25949,36.26416076528565
25950,37.09831697603188
25951,38.386787038887256
25952,40.07434048986321
25974,16.065833862711976
25975,18.643613715694936
25976,22.514029048774
25977,25.890440814123558
26011,30.10235409309044
26012,33.37450224479029
26013,39.99040880979446
26014,48.38897117559368
26113,1.6421242570249963
26114,2.655681701901797
26115,4.350614496639368
26116,5.332721436090617
26117,8.916672324914249
26118,10.785052268003023
26119,12.686100167856711
26120,14.044146671690385
26121,16.575793977089756
26122,19.774074134661152
26123,21.839803810853862
26124,22.69506965342915
26140,37.423410500256054
26141,41.61396463341671
26142,43.18530614342728
26143,50.39849892144889
26144,51.77604409979349
26145,54.91373884416275
26146,56.81907803429542
26147,58.80023339144479
26148,59.79180633916171
26149,61.70051591716771
26150,61.43134646863117
26241,50.34562256582064
26242,53.44200884821156
26243,55.961700238250884
26244,59.56001496651494
26245,61.2144881138268
26246,63.56642192383356
26247,65.13031993950847
26248,67.37833760188447
26249,67.09941823512017
26250,67.02404895798722
26251,68.82678875710141
26252,69.35350282389685
26289,16.426399941066396
26290,18.61610192207778
26291,21.381656278051413
26292,25.243199310598907
26293,27.1171443502913
26294,28.797728560144073
26295,28.95914147385681
26296,32.47915812821791
26297,33.38112921810257
26298,34.2118783756858
26299,35.30833149172686
26300,35.344595441727314
26315,31.04647640549512
26316,32.63235456363722
26317,35.14547652833819
26318,37.86767986524267
26319,39.6567049424293
26320,42.918290895296124
26321,47.3237922748044
26322,48.01116747352484
26323,50.80617983124227
26324,51.455052394494054
26325,54.49794702511035
26326,57.08316495320021
26455,28.703346495809775
26456,31.881616910424462
26457,33.56995961917282
26458,40.12848656600459
26459,20.491177640690076
26460,21.663831621621927
26461,24.72947595977544
26462,29.13438386983976
26463,35.59897160540722
26508,19.473473664127017
26509,20.42571276857286
26510,22.097259872356567
26511,23.236028410108073
26512,23.832484641295746
26513,24.473083614085194
26514,25.97110839411465
26515,29.266001646116344
26516,31.407744319569865
26517,33.50299176093091
26518,33.6983841553771
26519,35.909031357057636
26520,28.019849969629973
26521,32.294680196456305
26522,34.53191956045225
26523,35.397271856494896
26524,36.16609807009318
26525,38.511682643265715
26526,41.26128934064276
26527,43.95120366626169
26528,44.87586284799744
26529,47.35493696632262
26530,49.94781343334699
26531,51.725380601546235
26564,19.11374943041932
26565,21.941883992845572
26566,24.421272686010543
26567,25.1421549944477
26568,26.81074070114647
26569,28.97252618121704
26570,31.005635188608743
26571,34.06849181513587
26572,37.71746039425903
26573,40.00000513968486
26574,41.85236531089259
26575,44.50439278085692
26576,26.115267721338817
26577,33.29782334475758
26578,41.997993856369334
26579,44.74808938453852
26580,48.120889231973976
26581,50.29680417848857
26582,53.36748635616961
26583,57.49954042901019
26584,15.62027201299648
26585,16.40573080570699
26586,18.241709785698013
26587,20.18733080993536
26629,16.43850684777783
26630,16.935494672996274
26631,16.89715867921585
26632,18.37126034034552
26633,20.417698874242873
26634,23.81579981653787
26635,26.614433261530053
26636,28.997091808439315
26641,49.41635739141873
26642,50.13341041048059
26643,52.11464685062556
26644,53.14359291366452
26645,55.76745601868065
26704,17.954749201125214
26705,21.55865625400876
26706,25.119067892227143
26707,33.24215971216472
26708,40.95651423412765
26739,57.520131096366796
26740,59.71128412986847
26741,61.75096956259326
26742,64.06071649570846
26779,19.10622726101109
26780,21.614546655057648
26781,26.00792078613129
26782,29.427157477303943
26783,32.2222760989395
26784,35.9356849096989
26785,36.364114082477116
26786,38.53612927104011
26787,40.268598006414
26788,41.367051963479035
26789,44.2354854302139
26790,45.57632977846727
26819,52.94401316271883
26820,60.519250809656114
26821,63.59637947639679
26822,65.63213665461869
26839,40.47908059426054
26840,41.95660843913803
26841,44.2991076195058
26842,45.25337433136259
26851,23.264074026873054
26852,25.575675638195502
26853,28.811507385820114
26854,32.88374405646426
26855,36.02967207008784
26856,37.84516159538326
26857,40.25445196308736
26858,42.74700342721081
26859,47.71163988161028
26860,50.645991666888264
26861,53.136432412152566
26862,56.24164100430154
26863,26.06607749944712
26864,26.67205024864565
26865,28.970327343853818
26866,31.215012739897208
26909,6.2007775935466185
26910,8.11674904720061
26911,9.089153215750912
26912,10.837239767816934
26913,14.433380971130628
26914,17.168095451203605
26915,18.59917359520259
26916,20.646997040090582
26917,23.12088080413655
26918,26.738396787702413
26919,30.888909457052364
26920,38.47254229074954
27006,32.59884050841987
27007,34.80527387627606
27008,36.92372822243061
27009,39.680223577861256
27028,16.416850392161997
27029,21.124293388224537
27030,25.841513496846158
27031,28.98861167261751
27047,29.164808634388674
27048,32.07777845303618
27049,34.47338115008426
27050,37.74741821833857
27051,38.64709820862736
27052,41.57275037770967
27053,44.82703935226471
27054,47.887319540934755
27125,55.47364617660545
27126,61.43651742928655
27127,63.73992320442604
27128,65.33567458426509
27129,17.78818726464097
27130,20.830174001085922
27131,25.140821531693355
27132,27.02127752080794
27133,29.48372429656564
27134,31.369489412781427
27135,33.68307352657089
27136,36.29232273615759
27137,38.5968013097288
27138,44.76971987716674
27139,47.74405737501088
27140,50.12702102595982
27177,35.58493527916967
27178,38.39631717653772
27179,42.23545768249731
27180,43.72523192726363
27181,46.74957840264101
27182,47.78612226945597
27183,49.94384074143623
27184,50.8618369547875
27185,52.07345764999134
27186,53.3457098253882
27187,55.25300964496498
27188,56.96981233146896
27189,25.45478126941423
27190,30.831309211768463
27191,32.179634688475375
27192,33.87526913639693
27193,36.66898369026103
27253,20.71059551062344
27254,21.5255996616402
27255,21.391949486639987
27256,25.55359862453104
27257,26.652176293067914
27258,29.270791787204626
27259,31.854239032401733
27260,33.84030213856858
27261,25.5296545101817
27262,30.379634349827803
27263,34.91623624279423
27264,40.63556438774763
27285,44.14513571406373
27286,45.70528680062682
27287,48.25855828330115
27288,49.37326276075028
27289,50.60518894478067
27290,52.315240813218
27291,53.31354107228202
27292,54.884340337308345
27293,56.854636886246396
27294,57.46633000287013
27295,59.689608423039545
27296,61.47531987784223
27349,20.69267431590936
27350,22.23980047705283
27351,25.191369717190412
27352,27.379549204289532
27353,37.36256732957355
27378,34.635836034616304
27379,39.22965653165673
27380,41.7078872916288
27381,45.71461236382284
27382,48.114654274919765
27383,51.052332070436705
27384,53.11464497942427
27385,54.321039109591574
27386,55.95499222721044
27387,60.513824719072964
27388,60.78868902411002
27393,50.357190946628954
27394,52.75120706317182
27395,54.12073994292433
27396,55.33128421893897
27397,55.99802758925455
27398,57.981081890438816
27399,58.624046445983176
27400,57.83110763014656
27401,58.21905913460745
27402,59.7983891391357
27403,60.10423308033546
27404,60.60509776111935
27425,25.53877261382989
27426,28.782265209441437
27427,34.040516235418906
27428,36.319754255422694
27429,39.81282692582986
27430,39.94722177445986
27431,41.99951444888262
27432,43.252607696843576
27433,28.35708018356355
27434,33.34445577228095
27435,36.34584153534676
27436,38.613850298412466
27437,39.09491734472586
27438,40.76756351548612
27439,39.874757004329844
27440,42.558200750373075
27441,45.594891441091036
27442,38.98370142243821
27443,46.541456160802795
27444,48.49092860774069
27445,49.62554845584405
27446,50.720560479625505
27447,50.676895701977756
27448,52.85255107648741
27449,55.22784504900837
27450,55.8605861002541
27451,57.30211066993057
27452,58.38014238751994
27453,59.9102012976732
27454,6.2836886374907746
27455,7.507309935837742
27456,8.558721223472759
27457,10.101492218656897
27458,11.122783668609937
27459,13.412644130674233
27470,26.25364045567816
27471,27.795610088722288
27472,30.14902795371454
27473,34.6523308595064
27474,36.616005839524725
27475,39.71779672590936
27482,35.28937814008226
27483,49.17150223847956
27484,51.65593204915213
27485,52.85583477873352
27486,55.54128836808475
27487,57.77526373388052
27488,59.34746763475077
27489,62.05029386716061
27490,62.488890277168515
27491,64.54746148731962
27492,65.33163708915278
27493,66.54318033600343
27500,33.527953426339955
27501,42.71439358161626
27502,48.606353317571006
27503,53.405286488754584
27504,59.37435910568919
27578,26.626348461256338
27579,33.11037027562335
27580,43.83784677990868
27581,45.63603105342535
27582,48.84133919907812
27583,50.67484609613833
27584,51.161208631081934
27589,57.576368614633886
27590,59.402560391706324
27591,63.02176045862635
27592,64.73995921682508
27593,65.59103304532168
27594,65.57325581636437
27595,65.80954499867953
27596,65.62033451803113
27597,66.78443675582034
27598,68.15684936979439
27599,69.93688069476788
27600,71.16057832979274
27719,22.07373600479618
27720,23.29273716832871
27721,27.005144272114897
27722,28.862137749410625
27723,30.388940477623557
27724,32.985387415138305
27725,35.25059319288004
27726,37.60619108476892
27727,41.02675203318817
27728,43.427694879173295
27729,44.37859555958736
27730,46.904934568643
27795,44.62223551316183
27796,48.968722828672156
27797,52.847132277066066
27798,57.05767765853805
27799,58.447744441112675
27800,59.234462380755666
27801,62.21952388061776
27802,64.09256765233745
27803,64.85272013840344
27804,65.62501179544692
27805,67.79932980823737
27806,68.63406552274489
27807,20.012507003747878
27808,22.006613127203742
27809,25.858515036946024
27810,28.916779260932202
27811,30.62413128264111
27812,35.629877533718876
27813,35.702839550668095
27814,38.77046139030146
27815,46.359951540878306
27816,47.75668392216639
27817,49.45497497969132
27818,48.868629055099134
27848,10.852778540217638
27849,15.189989434448233
27850,19.260841426118628
27851,25.451497959127572
27852,33.02152238621382
27863,45.72057733564914
27864,50.91223436467542
27865,53.412887772062604
27866,56.99100834731431
27867,59.20767998704552
27868,61.215927176664934
27869,62.909569272321825
27870,64.26874392342019
27871,67.54267506510512
27872,69.180861012956
27873,70.52014438209375
27874,70.0002523968139
27898,25.4807186485458
27899,31.75220947196538
27900,34.78727138029757
27901,37.03386870634055
27902,36.478916232122785
27903,37.48596319470129
27904,37.441193388849115
27905,41.46464165250585
27906,41.73873848686004
27907,44.528378902143324
27908,46.54137145800677
27909,48.28963198171117
27933,5.770896801357528
27934,8.768887462090328
27935,12.168642376795795
27936,14.261595847118695
27937,16.54286277700827
27938,20.55647250239662
27939,23.17299126352576
27940,26.974824456514977
27941,30.27713311222336
27942,33.62669669410586
27943,36.95145687987495
27944,38.87493633645754
27945,41.62645063817381
27946,49.36772603198766
27947,53.1585026163486
27948,55.38206159248384
27949,40.22479768545734
27950,46.52504764184699
27951,50.940732404714254
27952,55.498642260523624
27977,63.93034459931569
27978,64.90681366286631
27979,68.7083026203398
27980,67.50845891858724
27981,67.80718992693889
27982,70.26364875760311
27983,71.0612721257431
27984,74.69716931022094
27985,75.08752570476358
28002,40.23505582330803
28003,42.19489759377458
28004,43.914414167520135
28005,46.17069986189307
28006,47.96028394530343
28007,49.61045937612914
28008,53.722171279001984
28009,56.959012609764805
28010,58.68692225792664
28011,60.3141006886579
28012,62.880790963190535
28013,64.78243113688578
28037,38.32549926032259
28038,44.277288979606645
28039,47.226448631283496
28040,50.304153758271056
28041,58.22331657096934
28076,26.335224340517463
28077,34.309307370798464
28078,47.031559144812526
28079,49.56501090891264
28080,51.44068687606525
28081,52.36708298444289
28082,52.852217557089475
28083,52.9395108448977
28084,53.76094049037422
28085,56.31181334875445
28086,57.430783436237924
28087,58.681479250702
28124,36.888061107077526
28125,40.07918759513181
28126,43.49784916269626
28127,45.947120661601865
28128,48.6993925544888
28129,50.902710988127076
28130,54.951616353591575
28131,57.76455124051431
28132,59.70085135287841
28133,61.184257634106054
28134,63.173038354608344
28135,65.77942246755995
28169,29.095761487234654
28170,32.395728045717334
28171,35.50283155083681
28172,37.02205142864943
28173,41.529314846166265
28174,20.058803877869885
28175,25.200456856050735
28176,31.977516509837244
28177,35.04033219946418
28178,37.27199316821367
28179,39.2966093895466
28180,43.182363125116275
28329,20.884220532408264
28330,23.190376728150255
28331,26.270877305975255
28332,30.397889477052825
28371,59.508386115148255
28372,60.89904100488475
28373,61.576528404790814
28374,63.318236497410965
28375,64.29754894261853
28376,66.40119996241144
28377,66.71258835764776
28378,67.88337001326852
28379,68.14448495940216
28380,68.87341510611279
28381,71.19835572862912
28382,72.05303139020147
28399,50.13710420759552
28400,52.67516093616217
28401,56.164281128614775
28402,59.58375084093457
28403,61.49095768001242
28404,63.372992067582416
28405,65.95240206010996
28488,48.38315814840191
28489,54.05986560294946
28490,59.1998545043866
28491,63.10772383683244
28594,25.570850945278657
28595,28.444209434736802
28596,31.149487035514124
28597,33.31788738175185
28598,35.496935965772515
28599,37.963689012278586
28600,39.59621734029259
28601,42.14220108925626
28602,45.67629304644332
28603,47.127560352777394
28604,50.66006158737444
28605,52.960097298900095
28618,22.320224696422294
28619,25.17219129577938
28620,28.102279589780018
28621,30.908958281351982
28622,32.67675196606988
28623,0.44857393778451166
28624,1.0320273578499397
28625,3.443638636886925
28626,5.855677600676459
28627,8.027098133728819
28628,10.084900291333335
28629,13.704368527386873
28630,15.563407016875065
28631,17.960774283295706
28632,20.587665554565262
28633,25.554682175530683
28682,9.806085961130965
28683,10.52434943947127
28684,16.131330747530736
28685,16.921300930111418
28686,19.331070483810073
28687,20.842353798440293
28688,24.318082729259157
28689,27.030837574707977
28690,30.340871326215428
28691,33.4736373723336
28692,35.820535940945696
28693,38.83906283127119
28711,6.377670025858503
28712,8.632402915310633
28713,10.059044490324421
28714,13.124584583651409
28737,17.019170513725136
28738,23.026954436894442
28739,25.574689476514607
28740,27.268490852040053
28741,1.1692325765933584
28742,3.407910806525156
28743,5.981951903152022
28744,10.871282743731447
28745,38.25779825601577
28746,42.334737342478626
28747,44.169040598814
28748,47.91647532660725
28749,51.007361870592
28750,52.84656749446499
28751,55.57347246929712
28752,57.7399933497356
28753,59.391863622375446
28754,60.70115629199303
28755,62.075457265227996
28756,63.38493497392727
28761,30.974653668334252
28762,32.63348101027835
28763,34.33337680690967
28764,36.13131969270683
28765,38.64048167291814
28766,40.01189636939359
28767,43.21775725377787
28768,46.53379046034844
28769,47.69148827404622
28770,48.95184091507208
28771,51.2188994641788
28772,53.7686701588827
28825,21.241985678106932
28826,22.8336230520135
28827,23.414210998625375
28828,28.953701575459434
28829,34.39788032107582
28834,25.529440644672775
28835,28.60443593993573
28836,32.69293864671461
28837,36.64864634271959
28838,40.6948119858033
28839,43.75125246505588
28840,45.79184216549398
28841,47.99040229817623
28842,50.1304234504395
28843,54.24473776062141
28844,32.83945970309732
28845,34.58623231498511
28846,38.70726670726678
28847,41.219287010212376
28848,45.318728804935056
28849,46.085802764555446
28850,47.89875761555389
28851,48.97383003114669
28852,51.55697107602894
28853,53.92355854015638
28854,56.51257204934924
28855,58.333658393244946
28901,27.458432189641865
28902,27.5381993498371
28903,28.33558831619621
28904,27.351845601201397
28905,28.436832620931444
28906,30.226615781248864
28907,34.752579629156806
28908,36.95914657992163
28909,38.94939286487047
28910,42.42469680650875
28911,45.011642356200795
28912,47.26213210618196
28913,23.338477883599598
28914,24.083693824583733
28915,25.955085491755778
28916,27.487498535649245
28917,29.811805544459666
28918,32.244615218565215
28919,34.230274371057874
28961,30.544773375688372
28962,33.88164291500219
28963,36.32584599960774
28964,37.96626319590071
28965,37.88218468475778
28966,39.188633736757865
28967,39.410998005566924
29047,25.604454989193425
29048,28.8499670210536
29049,29.56206231405443
29050,31.316881884634267
29051,32.29966641372404
29052,33.965819615349986
29053,35.026149123857856
29054,37.7722394004693
29055,40.8504968764142
29068,15.806823240197673
29069,19.06993005668381
29070,21.5583364010808
29071,22.440592950058733
29072,27.475621977114606
29073,29.17257114491007
29074,31.332189297023127
29075,32.419033842342536
29076,33.29759767779093
29077,34.71019300734277
29078,35.45544207679934
29079,36.26701821190621
29221,10.717943358617571
29222,11.192700857043175
29223,12.094203463019042
29224,15.542092715918338
29225,17.446155226423976
29226,19.77860721671976
29227,23.44659191649053
29228,26.538849643930924
29229,29.40698596586244
29230,31.822451376073737
29231,34.13030879996376
29232,38.152448704339875
29341,11.318680185634678
29342,14.888933944680838
29343,17.934989763488346
29344,20.029839236319344
29345,21.64408229891135
29346,21.92138541332062
29347,23.40379996429875
29348,25.36802994112357
29349,27.713310522329976
29350,29.335759446513425
29351,33.02825759836914
29352,34.44565340038391
29384,54.900446013623785
29385,58.04955436514497
29386,60.634443378765674
29387,62.63613705289642
29388,63.256544779172245
29389,64.26660063734133
29390,66.37150690339878
29391,68.21775468860402
29392,69.46021424114852
29393,70.3382628218404
29394,71.39874481234804
29395,72.59595742737204
29417,55.8457555785882
29418,59.73466268810341
29419,60.84874847400637
29420,63.198530282922036
29463,35.152930672907715
29464,37.70740614610396
29465,39.380323647063264
29466,41.45507753785499
29467,46.86002891953689
29468,50.264302069504936
29469,51.607545564533005
29470,53.194824186004624
29471,54.613064727751215
29472,55.88379442103572
29473,56.83583647395659
29474,59.222847303058174
29475,25.225172055924283
29476,26.75339130805167
29477,28.627877509381783
29478,30.01993549208517
29479,31.23646627879223
29480,34.04439559427803
29518,52.23729789310272
29519,55.53093996355907
29520,58.729822620883226
29521,61.4869842369957
29522,63.749192404256334
29523,66.41826868807182
29524,68.13697996870062
29525,68.93631149223486
29526,70.33786156704201
29527,71.46687782262757
29528,74.46571221233673
29529,74.92391978545919
29557,29.924880597143954
29558,33.272154540359004
29559,36.060644425284906
29560,40.03819726542957
29561,43.36788863524771
29574,21.282666097070262
29575,33.40699254649678
29576,37.46368254548797
29577,40.08224212944382
29619,48.007669524206506
29620,49.849507395114315
29621,51.30509544350964
29622,54.49762467404082
29623,42.02239244135855
29624,44.39971000433127
29625,47.37357136685531
29626,49.433117829647884
29627,51.552333619529556
29628,54.304923444891585
29629,55.21202079253137
29630,57.89480382866566
29635,21.520114499665738
29636,23.3028388089186
29637,24.962414413582906
29638,27.273262314168885
29639,29.873742281613733
29640,31.793760234091422
29641,34.55057850804222
29642,36.92497524850795
29643,39.10235376306836
29644,40.46320251273649
29645,44.09244653117135
29646,49.575368245419654
29687,49.238921959354215
29688,53.1137303300539
29689,53.48697185534873
29690,54.463197049422355
29691,59.74238206232742
29704,23.757136366316086
29705,26.51171403602077
29706,29.97955787912257
29707,32.32450649557519
29708,33.872930488391845
29709,34.954808482897725
29710,36.98306234571497
29711,39.94247120699642
29724,7.239695771066264
29725,8.939858073960007
29726,9.874565415811484
29727,13.913794482545322
29728,18.577390204146287
29729,23.87201051094427
29730,27.161457267347146
29731,28.91318237728053
29732,31.748141263134585
29733,34.15934842162932
29734,36.65478492278989
29735,41.02806042363702
29736,20.392981671279152
29737,22.687030092232042
29738,25.728080522435118
29739,26.60828255662733
29740,27.479424283911516
29741,28.069458240776168
29742,30.248439728183506
29743,32.069704227764646
29744,35.18347722976755
29745,39.39199169387829
29746,44.92021968834918
29747,46.810673342967675
29796,34.82984779246336
29797,40.44270081793165
29798,43.68437582635722
29799,48.26357139552213
29800,51.934970255587565
29801,54.61510736571718
29802,57.865334464618726
29803,58.33182790382566
29804,59.537744740395965
29805,61.13213656203739
29806,61.91911238644841
29807,62.96330827517427
29817,0.5575435993117009
29818,1.1024399409531902
29819,2.9772590764635267
29820,6.0272524935391045
29826,38.90260383815015
29827,43.86425381585932
29828,47.05366203758227
29829,52.3354906688913
29868,0.3176705647329622
29869,0.626783311287537
29870,2.451335129383815
29871,4.1562624377405175
29913,20.224159114284138
29914,21.171340368341376
29915,23.208368132513275
29916,24.226817988985843
29917,33.42529500056327
29918,34.443177244809114
29919,38.38350340076961
29920,39.65559533771516
29921,43.112712212938725
29922,43.808825717800076
29923,46.136014265984414
29924,48.3147421001001
29998,24.845298882878446
29999,28.425336776067827
30000,31.721282889158555
30001,33.93009691682912
30028,6.967160603111033
30029,8.835243925649161
30030,13.075944949165523
30031,17.041484227315664
30056,2.109675772627256
30057,3.431934290922912
30058,5.208712681943654
30059,6.743487804582784
30060,10.09519900205313
30061,11.416163265942627
30062,13.033397626550931
30063,17.75668666172521
30064,20.20512201636476
30065,22.88457797001785
30066,26.293312178348486
30145,28.033795918164195
30146,31.696502928297708
30147,33.47507008661988
30148,35.59651913461852
30149,37.11179031954232
30150,40.05775939172591
30151,43.03224637173938
30152,45.20394584708557
30153,51.186857031401686
30154,56.73177765222543
30240,26.813576170136013
30241,31.537317179081764
30242,34.557524852851955
30243,35.48395719884058
30244,34.27507288144703
30245,37.801003166442406
30246,38.93781402492472
30247,41.11313998781771
30248,42.60032230542397
30249,47.21033944159477
30250,49.46339916271196
30251,52.070039502335895
30252,20.463128766177142
30253,24.233280555879524
30254,27.46068667430088
30255,31.057468294191345
30256,34.22816514493028
30292,10.469387678096714
30293,12.91391177814099
30294,16.897268206531812
30295,21.840174630511388
30415,19.856704043680597
30416,23.519677609103745
30417,26.47390125092241
30418,29.15502495660374
30435,10.951088232627757
30436,12.837079911144889
30437,15.34569119993841
30438,20.25435569748391
30439,22.453387327938437
30440,25.162865033878624
30441,26.729884664708017
30442,28.660194096323476
30443,30.436831520103613
30444,33.02864654128021
30445,34.625051068816006
30446,37.249402140163554
30452,59.11994769524134
30453,60.231608494300005
30454,62.26074156385996
30455,64.11764235512848
30456,65.97547247127315
30457,67.73764966196526
30458,69.45407721849547
30476,0.28697726401173906
30477,1.3994021003928119
30478,3.7421734674242075
30479,5.605961443307936
30480,8.43294173061225
30481,10.016950413644867
30482,10.543260050337532
30483,13.290805088091151
30484,15.72156213124332
30485,16.924016563483605
30486,18.62541938943297
30487,22.06126738400975
30500,34.44372113608367
30501,38.559660932408946
30502,40.843647682540464
30503,42.99065548866918
30504,44.94787544429698
30505,46.98040338044305
30506,49.15300355954359
30507,49.498518914024444
30508,51.92335209775835
30509,56.356315531386166
30510,58.408012953408296
30511,59.65506103933751
30517,17.5587503708385
30518,25.78689828561947
30519,31.040461170902926
30520,39.32016771220454
30590,29.18976241164342
30591,37.28903906811531
30592,38.6291983251618
30593,44.2413022106345
30594,27.447809031460952
30595,31.3740759013338
30596,38.380756883681016
30597,41.929445049265766
30608,35.30904104773235
30609,36.728160884704984
30610,41.26627877327418
30611,43.35092885564964
30612,47.855130437835
30613,52.263942861511815
30614,55.47467383992167
30615,57.92411803051726
30616,60.54493966061451
30617,62.155067182241375
30618,62.03601271939296
30619,63.58672841970322
30655,21.66998834316106
30656,27.101485665178423
30657,30.829892820086183
30658,41.713628769794056
30769,6.904247128312444
30770,7.595144816932804
30771,11.45432631463294
30772,16.015183750360702
30773,19.240901126488588
30774,22.025038207219463
30775,24.935744528165316
30776,27.349142419039822
30777,28.972890728864378
30778,31.543062718483686
30779,34.744983911509976
30858,1.652249961785563
30859,2.732482717349323
30860,3.825823268656437
30861,6.826070655483671
30862,8.51099538848964
30863,10.746547086087189
30864,12.886178519681376
30865,15.412160815875069
30866,17.501653584713246
30867,21.14257060340194
30868,24.937874957488066
30881,36.055712395951716
30882,39.20480768569373
30883,40.78261036960273
30884,44.42681469301693
30885,47.3228082331656
30886,51.27473694725809
30887,56.13222644195315
30888,57.54578941071539
30889,61.45152018431801
30890,63.09326155640099
30891,64.0169353199631
30892,66.88188658589809
30893,28.423848640902236
30894,29.830813654825835
30895,37.40086820085544
30896,38.404646646313395
30897,43.291392757271794
30898,48.00264253699122
30899,51.127630086747885
30900,54.76943606121294
30901,56.749678504417794
30902,58.02300410585341
30903,59.78605741948702
30904,60.337760696981164
30993,31.41715367909481
30994,31.918086115671162
30995,32.93767463378405
30996,36.47948179661011
30997,38.317886012796144
30998,39.38136447913526
30999,42.129254336899464
31000,43.4467217816117
31001,46.51956549088513
31002,49.55579269841985
31003,51.20094127691929
31004,53.71123359986077
31005,25.440873592774
31006,33.59979934725756
31007,37.634744257075454
31008,37.98826846450108
31009,3.0123109650762023
31010,6.174187195516533
31011,9.089513467652463
31012,12.15566924257255
31013,17.090567952171874
31014,20.714564126998233
31015,22.577592843234353
31016,25.077722027272323
31042,28.183836762063585
31043,30.939564371064677
31044,35.07031406664124
31045,37.926862002593396
31046,40.35097692929743
31047,43.70649016819192
31048,44.83909259633051
31049,48.00215612472618
31050,50.17282371062388
31051,52.33000242391156
31068,20.644707210879687
31069,24.271135512452478
31070,29.951640773706536
31071,33.6735504890588
31072,36.21218965184905
31073,41.70989175031713
31098,8.736533896558232
31099,14.764639364641193
31100,17.284184698504667
31101,19.276169347651162
31102,20.82847841733713
31103,23.860799384736787
31104,26.253144784426393
31113,36.48708969127362
31114,43.38361147984001
31115,46.29888394193656
31116,49.40976245471378
31117,12.434657460973005
31118,15.074708554907179
31119,19.267694271469882
31120,23.96929617916893
31181,5.822247613467008
31182,9.2431306175609
31183,10.322587417322561
31184,13.522901911673605
31185,15.517439904837383
31186,18.444880889768765
31215,26.290854176944993
31216,32.331135119291645
31217,38.181345916504185
31218,39.761286701197456
31219,44.23776693036832
31220,44.552202811107165
31419,26.442497047842295
31420,29.135493427093536
31421,33.31328654463693
31422,39.58265704937814
31443,38.007663540487314
31444,42.56995925847868
31445,43.92830123293383
31446,47.08229136225127
31447,49.216220700088854
31448,51.057221402557886
31449,52.69777087043718
31450,56.16462331707946
31451,57.1136407013915
31452,58.64859678448122
31453,61.01530388931728
31454,63.10149149046458
31483,50.23389081545971
31484,51.05681532886217
31485,52.55745458074422
31486,52.976660467948136
31487,54.788516818250216
31488,21.489472236705954
31489,22.7324845211065
31490,26.8030370522922
31491,32.07898633714813
31492,36.619377919428004
31493,39.968644359284546
31494,44.47915359786458
31495,46.55775438560096
31496,49.154559847254106
31497,48.900350307425626
31498,49.92145398954709
31499,52.20830904437416
31536,37.25208873408496
31537,42.57676130407924
31538,45.05144865280612
31539,47.793880658300694
31540,51.15210425264341
31541,53.63087806700115
31542,54.961171611906124
31543,57.025177561713555
31544,58.88740017512811
31545,60.60635419123993
31546,61.8165936846025
31547,64.10403282153021
31548,20.857859537393654
31549,26.29034651641548
31550,35.904463985248135
31551,38.353102903339234
31552,42.51590536569192
31565,27.14270351496802
31566,30.505890688922978
31567,36.52795151742107
31568,39.323576684231604
31569,42.56369950230387
31570,51.447335531511115
31599,19.95451919126565
31600,22.76357405057604
31601,26.33819946977826
31602,27.349809424550806
31603,30.754323666359845
31604,31.76044223435192
31605,36.075027310780456
31606,37.5041747374201
31607,39.101696487111916
31608,40.42421820882197
31609,41.842835108712016
31610,41.68905369083289
31627,25.493297840236117
31628,30.86899202107594
31629,31.493766002368336
31630,33.22893530815158
31631,38.93556917566067
31632,48.67098286529872
31633,51.241366091335564
31716,18.504332968503252
31717,22.625799244592397
31718,26.353298130365562
31719,28.955175465005635
31720,30.757564298675202
31733,2.628823858630242
31734,5.165959970331212
31735,15.11992142415355
31736,21.09834963781251
31786,5.708871229128654
31787,9.529376493586597
31788,11.719013449436193
31789,15.71557513475176
31832,53.10134596718633
31833,55.78022739908446
31834,59.31650918758836
31835,61.442963984030676
31836,63.279438883517095
31837,67.26100545655702
31838,68.26226797371801
31839,68.91975116767014
31840,70.10772154269496
31841,72.3326163570097
31888,32.517129978438405
31889,39.180106454620216
31890,43.61214787861427
31891,49.60667794213068
31892,52.535826952715055
31893,53.26895994584496
31894,55.071558565259366
31895,57.67933692747116
31993,33.559146640117376
31994,39.34414776734893
31995,42.434105388243815
31996,48.26419959658779
32014,17.823965757465285
32015,19.735211542587837
32016,20.91528439630194
32017,24.251056831988144
32018,26.75557319689126
32019,29.269660777108534
32020,31.423312419256554
32021,33.82557981923412
32022,35.276023086236044
32057,23.701668918615237
32058,23.221103977460892
32059,24.907663982573418
32060,25.14449822442078
32061,26.121188345924043
32062,28.247857839778817
32063,30.68911836297402
32064,33.34559271789967
32065,36.995071394379266
32066,40.19543322236261
32067,44.87629239486713
32068,51.55173709613928
32119,1.0925079470937906
32120,1.4728942810640304
32121,3.6607698689959727
32122,7.311697961023593
32123,13.8032914994912
32124,16.770751023750755
32125,18.52450991263151
32126,20.622900451376005
32127,23.535351335140206
32213,34.52392664917654
32214,35.05647995464017
32215,37.24132339560697
32216,36.94202401082213
32217,39.32255618497717
32218,40.99776406392841
32231,24.761130186703376
32232,34.575655146746556
32233,37.92591705385517
32234,39.66797232067172
32235,43.65247993841189
32236,19.56005502330343
32237,22.647585482481993
32238,27.393430754461797
32239,28.11662313588342
32240,31.680963855529733
32241,36.187760247847834
32242,37.35063407962412
32243,40.280670194044625
32244,38.695440087019406
32245,40.62441513501672
32246,45.00349448826667
32247,47.79776746245078
32353,10.666863319873334
32354,10.659768185546287
32355,15.019050198048376
32356,15.893201609146562
32383,0.13252615849186986
32384,0.30238624920403756
32385,0.597360277238397
32386,3.524652684342508
32449,4.897153101229999
32450,6.461879621521602
32451,7.6154954843494265
32452,9.817012134268584
32453,10.762550454885318
32454,13.279115245086468
32455,16.997238771484625
32456,18.758359226453116
32457,20.271102464180274
32470,32.32931151083377
32471,36.77090371535964
32472,37.497678906282474
32473,40.734472136558416
32474,46.01943740557663
32475,50.27641783661701
32476,53.99085915179569
32477,59.963972909423
32478,62.69057570079914
32479,65.99755954113745
32480,68.18928992260268
32527,39.578806222169376
32528,40.58855391055498
32529,41.71520037780914
32530,42.98432678653948
32608,6.062074463101709
32609,6.308610605527347
32610,10.00865700352939
32611,12.932053084121568
32627,14.266895407969438
32628,21.8404354502926
32629,28.082959543743403
32630,31.29713234834829
32713,25.903065055446866
32714,30.823315049637312
32715,32.01676899422946
32716,34.49639931272753
32717,35.237506520011635
32718,36.01496710273604
32719,38.79770783247293
32720,40.671248302102875
32721,43.502064064033526
32722,47.0992154955401
32723,49.940496148566275
32724,51.25043757117585
32725,31.632535838444745
32726,33.25292047805989
32727,35.64016392165222
32728,38.44063518574257
32729,40.264800286570946
32730,41.72774267995126
32731,44.50385437141563
32732,48.82568768584597
32733,53.94797042159629
32734,56.39474563389088
32735,57.90075807011649
32736,61.2378105499413
32741,13.3198543349293
32742,16.293638333744916
32743,18.297673082343014
32744,22.52559039820062
32745,29.13138444993649
32746,33.42566394516865
32855,25.524201155656037
32856,26.42177870088518
32857,26.751952940428964
32858,26.557183121484364
32859,28.652236320213767
32860,30.151236264805732
32871,0.8432466174158157
32872,1.187885904472132
32873,2.539301500345588
32874,7.708104221981837
32875,10.30230005069556
32876,13.447908000072422
32877,16.037363110262845
32878,18.787104069723114
32879,20.40909391118407
32880,22.382462423404032
32881,23.802441450999886
32882,26.143523322486438
32901,11.741640782558996
32902,13.439164435278286
32903,14.662095465266082
32904,15.64768631101752
32905,21.869221587894458
32906,23.76522302270243
32907,28.658111252536408
32908,34.75090394908328
32909,47.215552478559154
32929,46.55518970029236
32930,50.36489951583027
32931,52.65336074471579
32932,54.80426058311275
32933,56.9080227330554
32934,58.75754302522872
32935,60.4393088499119
32936,61.52053665712831
32937,63.38401436651445
32938,65.82870829306334
32977,0.4441553878552583
32978,0.7511427103658492
32979,1.1007753014923736
32980,2.728206555408532
32981,4.141071474415514
33029,36.9077014173826
33030,38.01369026478337
33031,40.892188247516955
33032,42.19442355112251
33033,44.94080036644392
33034,47.25723379974683
33035,48.528857088585625
33036,50.146192399182794
33037,51.0070185104608
33038,52.08448377486788
33039,53.378540548464784
33040,55.38491280639221
33107,39.232125728724306
33108,41.78738591691818
33109,46.5860853226525
33110,48.089553342227816
33111,49.99213343521522
33112,51.27508142378089
33113,52.103189240407346
33114,53.778835972101355
33115,54.90812362483307
33116,56.94451823691143
33117,59.32193856253565
33118,60.18728851748095
33119,21.55856975023378
33120,25.418728709782517
33121,27.76341362545897
33122,31.339103950411946
33123,34.42327052181853
33124,36.70017606426213
33125,41.12366087021618
33126,43.40988363666566
33127,47.36569231159431
33128,50.62953506942973
33129,52.09060296806316
33130,54.29505094638813
33135,26.93400089234613
33136,27.807850079758175
33137,29.478105270549726
33138,31.236762346876088
33139,32.9156297192784
33140,34.96906971007804
33141,36.28550855084062
33142,41.191353263948464
33143,42.62898161079261
33144,44.786767245104215
33157,25.875951182868203
33158,28.859734281354783
33159,31.07791652160325
33160,33.590631625063175
33161,35.134386516607904
33192,9.973438603786347
33193,11.896045294053547
33194,13.698683968129075
33195,16.887567782631596
33196,18.892343123389328
33197,22.788984548707592
33198,22.8948975740146
33199,27.630400118825463
33200,32.122137757527625
33201,33.19496792890722
33202,35.53604576393449
33203,38.36008006696799
33204,24.78104321293387
33205,26.562672812827078
33206,28.964227017786136
33207,30.519529400897746
33208,34.52143809845971
33209,36.58788438659053
33210,37.56493277039158
33211,38.689695510049624
33212,39.62252940757262
33213,40.79217949959057
33214,42.84653770204838
33215,44.37967531546268
33228,13.397540771240912
33229,14.407577690491479
33230,14.594411266694834
33231,16.23907310131528
33232,16.982767081786562
33233,17.497760279039216
33254,16.838227888351657
33255,21.802553812879225
33256,25.54475584484731
33257,29.438506865435254
33258,-0.01943237584031642
33259,0.39195396986229164
33260,1.4656449110437608
33261,4.042713847195694
33262,12.544896651328662
33263,13.939806903929597
33264,15.89327410856418
33265,17.930010045057166
33266,18.26938040406378
33267,20.265787333297947
33268,19.95280001188791
33269,21.78308599701977
33270,22.991967951689553
33271,25.41611507788597
33272,27.13103808564397
33273,28.503058134238188
33274,12.471287107350735
33275,15.33358257088912
33276,20.557361669492934
33277,22.874871848507322
33278,24.519327488103936
33279,24.933581801355295
33280,26.88376365637577
33281,28.40720270773005
33336,36.354179187633605
33337,37.71928800771984
33338,38.773308065321814
33339,41.123591670711086
33483,2.989133349865239
33484,5.118766482588212
33485,5.729173491420531
33486,8.131461226835315
33487,12.096192038396259
33488,15.038236682514144
33489,19.602617800706888
33490,23.345373318654843
33491,37.10512981264709
33492,41.588906570379386
33493,44.39879140760773
33494,49.13606642542521
33495,50.04030605489265
33496,53.987288523241794
33497,55.7145217012489
33498,57.701909447684535
33499,59.19931725131603
33512,28.2109264076662
33513,29.566161397379926
33514,30.11246348266483
33515,34.29634902723323
33516,38.271616595568524
33517,40.35972027473907
33518,45.015968421564786
33519,47.299759748417536
33520,49.33909034590508
33521,50.24448836222295
33522,51.80483160866028
33523,53.490312574857704
33528,31.66056976423288
33529,38.28299769681986
33530,45.9391052709627
33531,52.357340120096
33639,5.816948995505836
33640,8.267465043562185
33641,10.070298950242087
33642,14.967760832010962
33659,38.839808978504884
33660,41.44457915514042
33661,45.38402721689582
33662,51.97942530299575
33716,35.95197225081926
33717,40.19892030257684
33718,43.14171522131411
33719,44.96906756045821
33720,46.23217036345261
33721,48.15710256052248
33722,53.49696056051569
33723,55.52285017552471
33724,57.37378620609562
33725,57.79679770357389
33726,60.948541973618305
33727,61.494888804292735
33958,12.724353511996572
33959,15.90700103539027
33960,18.86981287493827
33961,20.947516043743498
33962,22.518761947457044
33984,9.07175671540892
33985,12.66084532329086
33986,15.26553767851903
33987,18.446153517662818
34035,0.1559449631290723
34036,0.21725738128387562
34037,1.6227934761321605
34038,2.9400353694208183
34039,5.84628968984364
34040,7.563476739204748
34041,11.177188242396408
34042,12.506589081907402
34043,14.764704360083869
34044,16.520631576453475
34045,20.793866977185615
34046,26.81525404370479
34047,55.480776424927285
34048,61.43064891463289
34049,64.77201488788731
34050,66.22689116904769
34051,67.84018097940495
34052,68.64094755474058
34053,69.74820036417279
34054,71.12051517388217
34055,72.2056184757613
34056,72.67353249800465
34057,74.08079202629033
34058,76.8104536908323
34063,29.927208957769828
34064,34.785996867227425
34065,38.872581592325204
34066,42.41059109007546
34067,45.92779546354119
34084,9.111042219571567
34085,10.649380563949238
34086,13.987412349991487
34087,16.336305775930253
34088,19.533042378536532
34089,20.67513285819122
34090,23.976728430745926
34091,28.00897521558131
34092,32.303723660317154
34093,35.3766783481681
34094,37.78045293837717
34095,42.339194825331404
34108,27.4265588271159
34109,29.14759118058913
34110,31.785220486230894
34111,41.69463284695668
34112,45.61188859473658
34176,17.648052033932977
34177,19.046157253906873
34178,21.898708553119704
34179,24.465457697926762
34180,28.60326599401744
34181,30.535618739546305
34182,33.054796430200646
34183,35.16712494848429
34184,37.04333943839602
34282,15.00763397305835
34283,14.848686089018049
34284,17.3255006134578
34285,20.995059926203275
34334,8.59182749094109
34335,14.077162312734359
34336,17.53287014889278
34337,22.192655114785985
34427,41.65794495196859
34428,45.74963450907831
34429,48.611212779159544
34430,51.092052806406905
34431,52.45911728108773
34432,54.22766113382555
34433,56.17680661292121
34434,29.939166824048606
34435,35.77683174831467
34436,39.84353297739584
34437,44.07716572183809
34486,27.884590021307154
34487,31.043894552604307
34488,34.874083102459466
34489,35.889345346885605
34490,36.313515749527305
34491,39.00583561538228
34492,40.127082441168774
34493,40.299086766024026
34494,42.22874037450157
34495,43.14169622401865
34496,44.52610389309414
34497,44.737115211735514
34538,0.2235737066241784
34539,0.937217601537685
34540,4.435453221444144
34541,6.405857781611267
34594,37.38935286917292
34595,40.180381867375544
34596,45.136351305347596
34597,48.66044813365902
34598,7.323852220895368
34599,7.981867593093847
34600,9.57774970887419
34601,11.798424561536944
34602,13.834864648539982
34603,16.055636697579292
34604,18.106764036450784
34605,19.61679088214628
34606,22.285594745668146
34607,25.16741990833126
34608,28.14799398109567
34609,36.632676491065176
34610,24.954425947950686
34611,27.166105307820906
34612,30.911382566841848
34613,33.57702643850259
34614,35.55902122779017
34615,36.84530540482018
34616,37.98481868497363
34617,9.344052835328702
34618,15.480404301842578
34619,19.521630733354755
34620,22.625070855104223
34621,27.258646568824155
34660,9.524020446538731
34661,11.275364080328181
34662,14.789666092877379
34663,18.872720771789567
34664,26.085879804545026
34665,29.260831746801138
34690,3.6157850370733273
34691,7.440838011086247
34692,8.494438198719177
34693,11.256113081488355
34694,12.490970887090763
34695,15.94626656334314
34696,19.945204465008942
34697,23.056804006531586
34698,27.523515575600147
34699,29.847016991971447
34753,9.33914995224318
34754,13.014708824190361
34755,18.116186371559806
34756,23.01977125109335
34757,24.332936899971276
34758,27.268043440050832
34759,29.983744656327588
34760,31.277259290747402
34761,35.524063184714386
34762,37.71066778595048
34763,39.17934567237825
34764,40.02732407072466
34806,10.842815803393105
34807,15.529129289534865
34808,19.21521265706272
34809,22.49077269322933
34810,26.962409617211893
34864,19.668911352344562
34865,22.02709317180386
34866,24.687042676935135
34867,27.30604270184685
34874,22.754778510455616
34875,24.720480741267078
34876,28.104676430522517
34877,35.27126679420498
34906,27.363225218869673
34907,27.440099865500162
34908,28.8639102091653
34909,30.807494387545226
34910,32.132638330283385
34911,34.54949953951289
34912,36.020748861326304
34913,39.096677364357205
34938,37.4845686744313
34939,41.61875012644593
34940,45.515117274876594
34941,49.49062503427746
34942,53.49681584660529
34949,17.911855191332073
34950,19.8102867418938
34951,22.341077196498603
34952,24.13816509432528
34953,26.014418085233718
34998,38.54158915562653
34999,40.01481428150784
35000,42.02419213468612
35001,44.91640209005438
35002,48.3448238146685
35078,45.069993581580576
35079,45.86242537961651
35080,46.7079286409078
35081,46.91345242913713
35111,10.498047634036672
35112,13.911302968706957
35113,17.927195452841254
35114,21.424306138540764
35115,25.508259010571873
35116,28.842015891514688
35117,32.48236540789748
35118,33.85509242375866
35119,35.933387302811845
35120,39.141536503561824
35121,41.24165303919536
35122,46.40108270413262
35177,31.722385145389246
35178,35.365436522114294
35179,39.28971196492883
35180,41.77472843639696
35181,46.61297408523276
35207,22.75504573730355
35208,22.783656964345536
35209,27.637546582760173
35210,29.844310414944847
35211,33.03460034818628
35212,35.2660328311091
35213,37.7197345428642
35214,41.843944654837
35215,43.65030894744317
35216,46.63956607206744
35217,48.38898504875741
35218,49.12187867574501
35277,43.03005770973815
35278,46.25722272387228
35279,49.37473581477637
35280,51.74331768593527
35281,53.80133920991265
35282,58.36411806300988
35283,60.135490821247416
35284,61.94067320773288
35285,65.13151124326752
35286,46.663933692933725
35287,48.60255031683663
35288,50.14840826239758
35289,51.45850497961733
35389,22.709523755482763
35390,23.790763528453446
35391,25.32551977472529
35392,26.607464998077567
35393,27.81266815466207
35394,28.779853378806735
35395,31.224822116011353
35396,30.868682803444454
35397,31.59920983012106
35398,32.70655639524605
35399,34.53610019795667
35400,36.16796274651661
35401,28.43644132847042
35402,32.53616579542239
35403,34.375548665863036
35404,37.87462865414621
35405,41.49540857823714
35406,42.11936234078176
35407,44.58090785505539
35408,47.73632330035177
35409,49.94972174898088
35410,50.6859423211664
35411,53.692057119543755
35412,55.66227502340396
35438,30.2912674864687
35439,33.57686715111503
35440,37.824786582895605
35441,42.492284827777794
35442,43.03246352771166
35443,43.550373676058776
35444,45.05792769422912
35445,45.41475866396187
35446,48.04963554429427
35447,51.239613919154024
35448,55.363269796828966
35545,58.51799832038519
35546,59.29385638667147
35547,60.86277982287826
35548,61.304864067872
35549,62.273993055897016
35550,63.15705817455629
35551,64.58416601739174
35552,65.09362234995956
35553,65.84945492185354
35554,66.9291022679939
35555,67.24218980707482
35556,67.98751194106566
35557,28.736926074466993
35558,38.135066661784606
35559,41.18451198398676
35560,43.70274190809246
35614,43.306350386412284
35615,50.32895913210589
35616,53.17550797012977
35617,57.1383132631173
35618,57.59426865944412
35619,57.93935661118242
35620,58.57938884941136
35621,20.700216905568947
35622,22.80168715114572
35623,25.63687309802832
35624,27.84546528986893
35625,28.383733119454682
35626,29.654613387574084
35627,30.74965352340102
35628,34.496259045975115
35629,36.36495533811527
35630,37.501021432031855
35631,38.7515371396917
35632,40.02430327470894
35676,45.4139250516944
35677,48.410110514706915
35678,51.630565472203855
35679,51.48831686794176
35680,52.77574943880219
35681,53.050831910982694
35682,54.718434201689035
35683,57.51051522888166
35684,57.60388002137812
35685,59.02614654655478
35686,61.775098745981225
35687,63.352506934222255
35706,22.991325522636195
35707,24.158112821762153
35708,25.964972936100658
35709,27.937678776524212
35710,18.17386869000798
35711,19.599667082722444
35712,22.918886087242186
35713,25.799778475271033
35714,27.407179908052548
35715,29.10971228799891
35716,32.440965450443166
35717,36.73429671071549
35718,25.953980405601914
35719,32.106916016286746
35720,33.96946233470079
35721,35.195101440471504
35727,17.31407309661933
35728,22.745309952364003
35729,24.71500812141436
35730,27.132940540546578
35731,29.978139525879733
35732,33.76816406884823
35733,35.37461386154772
35734,37.08962745826831
35735,39.091902111910024
35736,42.281806883658604
35737,43.20858469004419
35738,45.53227931508625
35745,13.272998446439425
35746,13.476719569766479
35747,14.336988589655501
35748,14.694341876974425
35749,15.933723403523663
35824,17.55356559457407
35825,17.955481514763953
35826,18.201749716688774
35827,18.215465791842636
35902,0.9032219508590462
35903,10.094676608195007
35904,12.312492820248092
35905,18.310374955588774
35922,19.018069393960577
35923,20.675999362778718
35924,23.197126156990663
35925,25.401273062263147
35926,27.621435333824422
35927,29.165540091380052
35928,30.580005808478766
35929,32.959848469069144
35930,34.093753226175195
35931,35.59091030109065
35932,37.201132397002354
35933,38.64200358665437
35974,18.368059508356847
35975,20.019165181773666
35976,21.696378882464614
35977,26.37607956426523
35978,28.880047841013532
35979,32.03321097895023
35980,35.23292129726299
35981,37.07851465020514
35982,40.64535209818003
35983,47.33855969195416
35984,49.78916866190049
35985,50.92971375773794
35986,10.208381410752969
35987,17.856492446223623
35988,21.539439249520598
35989,23.145708535309787
35990,29.769459727390142
36068,21.593266563890456
36069,25.45835019575106
36070,29.26923862943979
36071,32.546386842840164
36120,35.12460127708621
36121,41.236372374533076
36122,45.80499400937522
36123,49.18927526837018
36124,58.23279056242048
36137,19.25918160815541
36138,24.364643270666527
36139,26.2355648674095
36140,27.628749036715163
36141,32.159977552748366
36142,35.37476193248142
36143,37.17888170048327
36144,41.30039003301131
36145,43.68984309439689
36146,44.418518386053385
36147,45.66141166605682
36148,47.743776195205804
36192,39.15757536018613
36193,40.8866490219708
36194,42.53410490569358
36195,45.075204737494616
36196,47.59262069136808
36197,57.37549011679549
36198,57.76230909977878
36199,60.07996691946206
36200,61.88918739383907
36201,62.2320931617207
36202,64.28226924289055
36220,24.909330897053206
36221,26.57724649216373
36222,29.08389513499381
36223,30.704099756986388
36224,33.03319138722874
36225,36.72082472557131
36226,39.15666021293954
36227,40.541840167485546
36228,43.26060172503139
36229,45.16731832169587
36230,49.048071645053476
36231,52.250678922872716
36245,42.23238485576921
36246,43.81073975408996
36247,45.04520688480541
36248,46.12916593626333
36249,48.415197005743956
36250,48.501081452494645
36251,49.591667955161675
36252,50.37831840268167
36253,51.870539160601844
36254,34.41940332882785
36255,35.811914934421154
36256,37.621917679889734
36257,37.462729714431774
36258,39.799604554134945
36259,40.894021768281405
36260,42.01182728501804
36261,42.95282054407977
36262,44.14355334189205
36263,44.862850694619354
36264,45.961434915255815
36289,0.6022221693136217
36290,0.3140714949339657
36291,0.8938192413436166
36292,2.7132263319709424
36293,4.625912816346326
36294,7.28682383962763
36295,9.092977296878335
36296,10.59514470618186
36297,12.947850071936136
36298,14.765759532258585
36318,24.532732444054012
36319,26.145121489347712
36320,27.307960393638233
36321,29.31973916204987
36322,32.19209969839871
36323,36.74019113843285
36324,39.429681431827916
36325,42.40204498399131
36326,47.21649202519635
36327,47.97022271809373
36328,50.585381987665684
36329,52.045869838658746
36330,54.59382820216244
36331,55.347844872611155
36332,57.14957530862434
36333,60.19296512105268
36343,20.160891346622588
36344,23.173153812798898
36345,23.534983241123665
36346,25.785820432945464
36347,28.989212409784773
36348,30.3058582455117
36349,31.570342074145316
36350,33.57491171436523
36351,36.214190203991016
36352,37.86320874580542
36353,39.19364574591613
36354,41.547425037846
36367,17.782357077184066
36368,21.45310754398023
36369,22.766853041497725
36370,24.744687632917795
36371,24.585000912905592
36372,25.82858426293085
36373,29.802844150346488
36374,33.29244490944328
36375,35.8947666426464
36441,38.38015640051297
36442,42.02465210943878
36443,41.49452783825328
36444,44.58114360142294
36445,47.38729466260829
36446,50.96672559810173
36447,51.92759275150023
36448,56.00157175072489
36449,57.72181031128495
36450,63.27276449722573
36451,64.51121230568037
36452,68.96754417554136
36453,22.812771125498482
36454,25.189372453613096
36455,33.93375912919958
36456,35.16899383625684
36457,36.553897613968935
36458,40.35345259081763
36459,45.3663816768687
36460,51.212283923480484
36461,53.70452002150607
36462,54.49426881693448
36463,55.70186394107206
36464,58.07519993977793
36523,2.2354540978862834
36524,5.839409442615888
36525,8.075947333009816
36526,16.783392207309006
36601,23.667357549286447
36602,28.54383045006499
36603,31.199708887622485
36604,33.147063732774804
36605,34.41897475414406
36606,35.93205638931695
36607,36.90389407401368
36608,37.26067675339636
36609,38.17858554841773
36610,39.45820975726483
36611,41.85612028435696
36612,41.772370262073586
36618,33.83769252841835
36619,35.23720570475935
36620,37.74774043086533
36621,41.228269991240595
36637,41.83817595058103
36638,46.28703543165899
36639,49.515306515947884
36640,52.69371214578947
36641,54.8258752403092
36642,58.12976473399904
36643,60.21197026051465
36644,62.160631697565314
36645,61.39236249595153
36646,62.72490661961102
36647,2.6632776546284744
36648,5.8623397546474845
36649,7.952587139441566
36650,11.024680131957108
36651,12.870187689701032
36652,16.150239104833854
36653,18.805488491119768
36658,42.460027253642636
36659,43.908643180890174
36660,45.31904307112182
36661,46.81076140043323
36662,49.17157412110613
36680,31.55951756975234
36681,33.84235013640316
36682,37.97361958590868
36683,42.29097717910819
36714,12.681470188950637
36715,17.186424652699976
36716,21.65921970501903
36717,26.424331893672083
36734,46.254038215618536
36735,50.94061528165573
36736,55.51761294983835
36737,56.70339678634946
36738,59.276374748067006
36739,60.14375998974614
36740,61.75979792370949
36741,63.51440991447032
36742,64.87538218397088
36743,66.65250806080903
36744,69.28670339366629
36808,29.54291702019399
36809,33.05652546935062
36810,35.59439609145884
36811,36.5976762569265
36852,20.576706783334988
36853,23.3465203747978
36854,26.791185836416524
36855,29.621874194671513
36856,32.26769238073472
36878,7.029449021078885
36879,10.547400317162799
36880,12.110488029522696
36881,14.743658228219758
36882,18.584505511609585
36883,20.914282076050505
36884,24.98073326298884
36885,27.043594376743595
36886,27.56369731725777
36887,27.258845841235086
36888,28.716629644609537
36889,30.563298915361656
36890,38.92408511628021
36891,48.10717603303165
36892,53.1229180546959
36893,55.80504510681
36894,58.7356743268448
36951,27.613788848143674
36952,30.805259822917197
36953,32.76585735141273
36954,35.1851886899572
36955,37.6380985923194
36956,43.50072384894296
36957,45.319692971946395
36958,47.22790847687584
36959,47.58608226853319
36960,49.095526443301864
36961,49.38904495878263
36962,51.75998849274399
36975,35.13054855581045
36976,44.2745653555122
36977,48.90530003746102
36978,55.36172799814034
37010,5.132278283959764
37011,5.068448309562607
37012,6.483852051412475
37013,8.096393620673235
37014,12.58675703614187
37015,14.783361904088824
37016,16.031127092036023
37017,19.841140345879094
37018,23.906136526130602
37019,25.89150328379252
37020,28.200856451062492
37021,31.909506271264707
37022,47.573152583956755
37023,50.26137490693385
37024,52.386391143287895
37025,54.50246956961926
37026,56.02769079068256
37027,56.09382858468765
37028,58.68512352664849
37029,60.25353078072194
37030,61.38986417970242
37031,62.84213978399597
37032,64.61821066186886
37033,65.46407747136234
37034,24.19152740612423
37035,24.600992622566306
37036,26.226240915569814
37037,25.289381741749345
37038,26.593426278579358
37039,28.186555495967305
37040,30.093096392648654
37041,18.76762941273704
37042,18.41071460656513
37043,20.572119272194826
37044,22.68619561949263
37045,24.80344038260884
37046,26.90929270308272
37047,29.809165252714234
37048,31.61480968102727
37049,33.3135543014496
37050,37.42877912517209
37051,39.26906602611933
37052,40.50867936967835
37053,37.18100285239092
37054,40.0079567112674
37055,43.1303802972988
37056,46.43655258449918
37057,62.158953219527405
37058,62.30419226519689
37059,65.41116323541175
37060,66.59589797238145
37061,68.42988631906182
37074,28.8133565153317
37075,33.71074166139998
37076,35.495708634450345
37077,35.66705358309397
37078,34.8660767559944
37079,34.131809039954405
37080,35.87410457377788
37153,24.904784011388067
37154,27.30536488267787
37155,29.31009119488188
37156,31.79499697361253
37157,34.573256268524474
37158,35.45755599228009
37159,37.1772230251405
37160,38.481569485946025
37161,39.79260154840822
37249,23.34576118075459
37250,25.841439562647206
37251,27.69848849207181
37252,32.427185086952
37253,34.02545920919158
37254,38.03339469584051
37255,40.52289769064635
37256,43.106037246908144
37257,46.49416242772198
37258,49.59167126130397
37259,51.35535303886796
37260,51.758650333287505
37261,6.127286884938393
37262,7.314713479140944
37263,11.021423720256166
37264,13.75634813951415
37265,15.784309483458605
37266,18.841160468891584
37267,21.062063349090664
37268,23.537508246215882
37269,26.059064693876472
37270,28.2394967115967
37271,30.53337685092867
37272,32.48575535921121
37308,35.90442274001975
37309,41.3846553338489
37310,44.76634632389284
37311,46.92163937042149
37398,34.96677102110541
37399,38.48729694177983
37400,43.47169105666906
37401,47.061678624129435
37430,19.43475256953578
37431,23.061015978913353
37432,25.520589868060476
37433,27.822300523226346
37434,30.140883246524385
37435,35.123534734852946
37436,36.98825019088373
37437,40.26993447264707
37438,42.957618089225136
37439,46.11996960173218
37440,49.047450120992465
37489,38.97101235913366
37490,50.00179671188715
37491,53.33405478425145
37492,55.84513110682913
37493,57.40509026291012
37494,58.82780961665727
37495,59.99084801330558
37555,14.08661266286722
37556,14.224459556458541
37557,17.216275433056733
37558,18.044569117303343
37559,19.306241291745003
37560,21.386595557858914
37561,37.430169095633865
37562,39.53497930852149
37563,44.01837834731158
37564,53.49237753560518
37577,28.072860655867082
37578,30.674500597323508
37579,32.09589457734268
37580,35.453267453373364
37581,39.25936155050825
37653,23.3748823075074
37654,24.434378390631103
37655,28.40142927693745
37656,29.568847839074703
37657,31.905194520834208
37658,35.83469102168289
37659,49.37351816191996
37660,53.31333156836322
37699,43.890354730193714
37700,47.30634325986978
37701,50.55176787545796
37702,52.86105733266133
37703,55.3669510975555
37704,57.131732147204026
37705,58.96113704380417
37706,59.482694934722154
37707,60.99697066702741
37708,60.95575543271068
37709,62.05836615819421
37710,63.29866092555416
37756,45.94098058417645
37757,49.65210866204175
37758,51.90618671710183
37759,54.5476946335216
37760,55.77398879244847
37761,57.179654741030426
37762,58.281725408852836
37767,32.45871789094674
37768,34.19395349934997
37769,39.00473290034149
37770,41.95932882281393
37771,43.23193956622096
37772,47.110301896729425
37773,48.37203766304593
37774,51.73576335138097
37775,55.90026756569853
37776,58.578688448146224
37777,59.988898283000346
37778,61.53055867968486
37816,13.17487441358195
37817,18.050135814829925
37818,22.702956923504086
37819,26.169790920703132
37862,18.68413898203272
37863,21.303488635444033
37864,22.4538561493461
37865,23.252768673759476
37960,21.94928263192689
37961,22.899121476885163
37962,25.008969225848553
37963,27.827794894553353
37964,29.29370635520443
37965,31.853665921084126
37966,34.284454411016796
37967,38.17922963523653
37968,41.82395806928516
37969,48.338328806929674
37970,49.52764497354038
37971,51.82287124624835
37994,30.991109025696904
37995,34.709067595885045
37996,40.75576720279975
37997,47.337937613546345
37998,54.487368684245
38021,29.894576310212596
38022,32.72970782379574
38023,34.632540417846144
38024,37.524564377092126
38025,38.98731750117146
38026,40.67276015302046
38027,42.03830456593933
38028,45.40974617779902
38029,47.1397145972074
38030,50.366203965705274
38109,29.37734779153114
38110,30.485598458475643
38111,31.85217998510127
38112,33.37600804837926
38170,23.78035687668742
38171,25.374122352710476
38172,28.126225351772426
38173,30.717795513766553
38174,33.379848604811755
38175,35.573211818882285
38176,38.05736807895111
38177,40.22736650707401
38178,42.05818920632213
38179,43.18046937164039
38180,46.10341738674455
38181,47.03972762238105
38197,30.684055060722386
38198,32.93989724460063
38199,35.502126203470674
38200,39.81246690092049
38201,43.1352338100608
38202,45.040131378828285
38203,50.688788504228754
38204,56.236024369007794
38205,59.94021843749416
38206,61.23915355346723
38207,63.1669197089529
38208,63.52256538952149
38209,65.24162101962534
38210,66.50016347412193
38211,68.2389644149487
38212,69.7230620178934
38213,70.18706648055652
38214,72.09066762805135
38215,42.561666310111505
38216,49.49854453786013
38217,53.43997140601302
38218,58.928443334927195
38239,14.6487176810719
38240,21.927610746996088
38241,28.553261900828243
38242,30.114826362276624
38243,32.45466369082772
38244,34.23402238243317
38295,17.13026570679104
38296,25.148836821805563
38297,28.743384696489237
38298,32.130162721964076
38299,34.500012647128926
38300,35.171579294320594
38301,38.55986553294707
38302,40.415300740356166
38303,42.668384371990626
38304,43.329995081673225
38305,45.69407099772551
38306,49.140478861765175
38307,52.49328638757779
38308,57.60753566861139
38309,60.84812500144001
38310,65.5020700778775
38311,66.90972913367914
38312,15.29569807221084
38313,17.738595636735184
38314,19.408392505366592
38315,20.88812560797443
38316,21.177330481431504
38317,22.835573443245856
38318,24.159898668680036
38319,26.665166844427326
38320,29.562350200061275
38321,32.57347330096532
38322,34.12317886246019
38323,34.8411990154173
38324,26.832478709472092
38325,28.420223566467588
38326,32.468240394320205
38327,35.53880456125523
38328,36.58717357715528
38329,40.824576354573686
38330,43.39146639278672
38435,27.714176309468115
38436,27.62440311732531
38437,28.935322857976196
38438,29.87451581597499
38439,31.903035785026372
38440,33.075813869842236
38441,35.67307508401798
38442,37.02596302953941
38443,38.31795523690788
38444,41.00169748260357
38445,43.837478332075776
38446,45.232970716874426
38447,36.470034886590604
38448,37.40354141557985
38449,38.65274419440974
38450,38.3419686512138
38451,38.84566191106114
38615,28.276033907695243
38616,31.729045826396305
38617,34.36086750767662
38618,35.23548259186227
38619,36.556465568539736
38620,37.862201146050374
38621,39.34071585472054
38622,42.36067568365669
38623,44.079544338455065
38624,45.554482835086404
38625,48.318181297837945
38626,49.546872067815286
38627,20.54067206193145
38628,22.69624862434018
38629,26.707645530971764
38630,30.743620871361166
38631,17.176627960758534
38632,21.306867424242647
38633,27.625828684912467
38634,33.92454716745429
38786,43.778191554328984
38787,49.98550643169854
38788,56.15523854797607
38789,60.94407296144857
38790,64.84831707659012
38853,35.05082670864155
38854,38.58929296244277
38855,40.11994401654257
38856,47.09787186383124
38857,49.69564191734325
38858,51.64918557043588
38859,53.150194300947895
38860,55.872791957780876
38861,58.29559520514958
38862,58.599816918476435
38863,60.90765932205096
38864,62.10604173361035
38869,31.369838899280133
38870,35.68301665283832
38871,41.792667428299445
38872,45.04546140230894
38916,32.740059946858935
38917,33.339364384013294
38918,34.774103192058035
38919,36.81677865868452
38920,37.13940836644694
38921,38.11821773295145
38922,38.99023991800166
38923,40.32408544368178
38924,41.002063948758334
38925,42.61276575487317
38926,42.3219325101566
38927,42.900437767423384
38936,40.82855768724503
38937,43.34279980084498
38938,45.42425990784128
38939,49.32889392743499
38969,19.749597715427015
38970,20.780428205118902
38971,22.183013214325875
38972,22.45253463450406
38973,23.809875978121717
38974,25.270030908152098
38975,27.08334179090926
38976,29.411759925452564
38977,31.629602041510076
38990,4.219032625706879
38991,10.051131178880548
38992,12.855768875583678
38993,16.086098206032016
38994,23.987409897013457
39004,37.577894442654426
39005,40.993469991475855
39006,44.04233066725368
39007,44.80536474025653
39008,47.98491447581057
39009,50.076557356811
39010,54.99830113256625
39011,57.11596184137655
39012,58.51848748790908
39013,59.31715715212416
39014,61.09987832546584
39015,61.764284556603876
39040,20.00886832191693
39041,25.486724242744362
39042,31.202486099239156
39043,33.71780300518158
39089,33.30605663303063
39090,41.800647006412376
39091,48.930619433156764
39092,52.91853640070402
39222,18.516496353341612
39223,20.09890021438343
39224,26.707202026748682
39225,29.877766342803113
39226,35.62818187090035
39227,37.360761162061706
39228,45.15693632133723
39229,45.0396858870006
39230,44.83920511750847
39231,46.90965135628567
39232,48.586186167398964
39233,49.300112693907806
39252,33.43074141581978
39253,38.675618174982844
39254,41.20174046375771
39255,44.118710948939885
39256,45.47146843837485
39257,48.59273969554262
39281,9.82029974873205
39282,13.830807259117549
39283,18.154861480211117
39284,22.134127963376905
39285,26.193309508361786
39313,15.102524744837524
39314,16.822006089368422
39315,20.223987412788023
39316,25.61689285129243
39338,28.89313422225963
39339,29.953239972772046
39340,29.89156582356884
39341,32.95979019317741
39342,35.608829144121174
39343,37.248731077910215
39344,39.865047576520105
39345,42.967849429196164
39346,45.7407337120715
39347,48.008077053421786
39348,52.086746688579
39349,56.99313711384082
39408,20.41696400875406
39409,23.85006240771873
39410,26.953521978208222
39411,28.092731959904626
39412,32.75630548429349
39413,35.39664698231529
39414,37.46600955110478
39415,41.94875830443309
39416,43.22638091881108
39417,46.63567953832607
39418,51.18821246085348
39423,21.8731493540187
39424,23.778475545248277
39425,26.11564680454827
39426,27.684898240027046
39427,30.590019457910234
39428,32.73372429260157
39429,34.965945425922335
39430,35.50329491577131
39431,36.733132805414414
39436,27.704407504140836
39437,30.862330914501285
39438,32.2389443917212
39439,39.347726574497365
39440,42.93248508162607
39441,49.77467181786346
39442,52.559264355236635
39443,54.523293890610795
39444,56.49873322160873
39445,58.1395217657024
39474,12.353590741625087
39475,16.931373457865895
39476,22.158404005697072
39477,29.075319115647467
39478,17.228945285025134
39479,17.842702326847075
39480,20.419848461833997
39481,23.168836243336063
39482,25.728665338443996
39483,28.998341946394127
39484,32.48949008116043
39485,37.72754568118137
39486,46.39689954583382
39487,48.070679879075314
39488,51.58810451567401
39489,55.16531649181701
39522,46.385240777211784
39523,48.34175301572839
39524,49.81415530706429
39525,54.11824552064784
39537,16.39060753430774
39538,21.576690397263253
39539,24.920426712940937
39540,27.76538967456518
39541,36.52250469043112
39542,37.42223551563292
39543,40.33856241270634
39544,46.61721164685805
39557,21.68376538374084
39558,24.7861742685442
39559,29.03479283633242
39560,31.230418359936515
39561,33.17426871763696
39562,35.574574554180955
39563,38.73258340585933
39564,41.7348175557937
39565,45.55713578468698
39598,21.497447612391095
39599,25.99579967100516
39600,34.47513089807456
39601,40.515630204041585
39634,9.101885255692247
39635,10.788175346826053
39636,14.104061740862765
39637,15.467382952436372
39638,16.437086485319888
39639,19.19556330980345
39640,21.495247269946752
39641,33.59970325346588
39642,37.103629211395884
39643,38.85464544710312
39644,43.01194733438595
39645,45.75619253385888
39708,43.84967546498733
39709,45.643829741659985
39710,48.64255054874961
39711,52.9841588629389
39724,29.67165928125753
39725,30.585996030843102
39726,35.85964878185747
39727,37.71026653974852
39728,41.33634551807262
39729,42.736422585153136
39730,47.868024192051095
39731,51.21467731041757
39732,53.55402373782342
39773,38.943957894102695
39774,38.14449881542971
39775,41.73310626691939
39776,41.45001842847329
39777,44.322411666719916
39778,44.85844663325638
39779,18.14532647148054
39780,18.885594245559368
39781,20.753944046594913
39782,21.001705150252988
39783,24.90069601457164
39784,26.652316380373293
39785,30.573572938151255
39786,31.64557071267089
39787,36.439197011533125
39788,41.13111055876
39789,45.67196211175871
39790,50.61014228334946
39803,36.29615470067787
39804,41.64819384170678
39805,54.75793228990674
39806,64.08450772165341
39807,66.29080264827853
39808,60.44123122908464
39809,63.773894103207894
39810,66.3366460865782
39811,69.36132389992841
39812,70.47021773124364
39813,72.2499933072771
39814,73.46444426485813
39815,75.04213529485553
39816,76.42971862854384
39817,77.83290491562525
39818,79.20688116717
39819,79.29906396820286
39860,34.79693632971421
39861,38.97835338481418
39862,39.43135492342838
39863,40.76697924437586
39864,41.18405274118048
39865,42.56381728573579
39894,29.953469671488573
39895,31.1819642963373
39896,32.20621217357882
39897,32.246769805318586
39936,10.52171949529382
39937,11.977678376368369
39938,13.747020874660857
39939,15.148208971787506
39940,16.862157667566272
39941,16.773876339801625
39942,18.81271134978749
39943,20.201485499845738
39944,22.818605128431972
39945,25.046047530685456
39946,27.434971101706186
39947,35.31527125058684
39960,20.672141928210902
39961,26.17432242971811
39962,32.681916371794465
39963,36.875237648167435
39964,40.344547083490475
40034,33.186864037460204
40035,36.75530270884906
40036,40.562755761688955
40037,43.27216328366087
40038,44.14366864644236
40095,34.881054160526
40096,39.11786995245547
40097,41.779821475048145
40098,44.1924259522747
40099,44.791764258684736
40100,45.37616295853659
40101,46.84466435870445
40131,7.6389584281898
40132,8.690536673299258
40133,10.479437626500669
40134,13.86452489434166
40135,15.468775998182451
40136,16.186234250131704
40137,19.894927523882384
40138,26.078381990256435
40206,5.830876149002719
40207,7.218380541151459
40208,8.306830147043264
40209,9.45483966501647
40210,10.109548214399927
40228,7.877359512582376
40229,11.166492164862884
40230,12.719297136786517
40231,14.672382201741513
40232,17.791296787623377
40233,23.685787971926334
40234,25.77017919042391
40235,26.980328261143473
40236,28.643710103405944
40237,29.230449417280898
40238,31.17141905875268
40239,30.963299999324867
40252,24.710368503647636
40253,30.371641372539187
40254,33.45982481277798
40255,39.93710800954474
40256,43.791225509770655
40257,50.36609131569789
40327,29.055696691628487
40328,33.3284184317542
40329,37.09305043168588
40330,39.77055585177512
40331,43.53637862663843
40332,49.35889882297836
40333,51.108817760577196
40334,54.717070045927606
40335,56.97870339109725
40336,58.13861317780675
40337,61.815169484852355
40338,63.80566844765267
40394,29.045896557026442
40395,31.048120314499215
40396,32.2764391306875
40397,32.92815331619427
40414,42.576662343829994
40415,46.689308702820334
40416,51.29313738561008
40417,52.22324805255319
40418,55.454740132591766
40419,57.508853424460156
40420,11.27320888414549
40421,12.88550476283209
40422,16.236957770477385
40423,18.428723165651217
40466,23.433047251747695
40467,24.968095305407253
40468,26.99402668694815
40469,30.427869558239184
40470,34.90987479677476
40471,37.29807424241935
40472,39.75034922161037
40473,42.42260360763966
40474,46.043281872720065
40475,49.38679872231529
40476,52.21801208828108
40481,37.786460709509136
40482,39.261946977696134
40483,42.913728774477505
40484,44.77656414218375
40485,47.22247259701028
40486,51.17908137108482
40487,54.680007614637205
40488,56.91040577683937
40489,58.69445783242306
40490,60.50431992487186
40491,61.91677280131154
40492,63.40485875661817
40493,29.86360015520823
40494,34.48779142684488
40495,41.098462036842534
40496,44.88648891372084
40497,48.6043686657732
40556,38.388613668291796
40557,40.01414502093995
40558,41.86861049616459
40559,42.69948112558045
40560,45.62787262851784
40561,48.84014087061624
40562,49.91146009292473
40563,50.907320366914874
40564,52.00324180980849
40565,54.01679573533231
40566,54.170651744125735
40567,55.99968514256808
40613,28.68291059497571
40614,34.02017372130723
40615,35.77653187830386
40616,37.68007526951568
40629,11.367463376370328
40630,14.417666117526144
40631,16.937296331425166
40632,20.685687165633414
40633,22.46740790396624
40634,23.971423274495216
40635,27.392908369730275
40636,29.587898529436416
40637,31.22850801877749
40638,33.77496337905187
40639,35.670319689106876
40740,6.760870127909068
40741,9.062171222570312
40742,11.725954605298702
40743,15.396956323576967
40744,16.859026447810844
40745,19.861263426581594
40746,24.15660886442986
40747,26.093829629911795
40748,28.112443410279525
40749,30.700384585436932
40766,47.5070017914233
40767,48.846961794360624
40768,50.40328033213257
40769,51.2621828278224
40770,36.85911907216255
40771,40.42363551209699
40772,41.93829490429081
40773,45.09990372745593
40774,48.10391992104445
40775,51.35169013044931
40776,53.48740526462548
40777,54.96824285926806
40778,55.526467871589034
40779,55.20463960322038
40780,56.93024403375482
40781,59.04784659980777
40837,17.670938452470818
40838,21.32078785231692
40839,24.72785646145656
40840,27.181134090446342
40841,30.083469678518828
40863,7.447455684660824
40864,8.615534326808902
40865,12.108837698982233
40866,13.435340577087905
40891,16.174657454188644
40892,16.779986419983565
40893,17.66150664254881
40894,18.437568809023
40903,30.749920343541525
40904,34.2807067995941
40905,35.03722089281558
40906,36.054733418476616
40925,4.730081717740273
40926,7.274885371088628
40927,8.344780585749415
40928,10.388905736778884
40963,28.296703824163224
40964,30.792748124010586
40965,32.886883091475546
40966,35.995105275059515
40967,37.95426954733026
40968,40.22240637732963
40969,39.84903927805039
40970,41.31575227861278
40971,45.133949174321124
40972,46.991530898741345
40973,48.77460247097498
40974,52.170761078108015
41003,26.54656468177552
41004,30.926880555847713
41005,33.05161069590956
41006,35.06511686621916
41079,43.06486283291931
41080,46.08022502986423
41081,47.87532730185827
41082,49.46083592953898
41083,50.33893855079704
41084,52.82426800392727
41101,21.90288145679073
41102,30.7067181503985
41103,33.16757969032364
41104,34.53222864640227
41105,37.76723398161287
41106,39.42029316674165
41107,41.83048127710151
41108,43.700819008452974
41109,44.419901728382726
41110,45.844486362069446
41111,46.96939063500808
41112,48.27116219038477
41129,33.87437747618493
41130,34.72464591535346
41131,39.63186924343641
41132,43.23089207122105
41133,44.56327600924271
41134,46.40748735934428
41135,49.206258366123656
41136,50.993226450633344
41137,52.60868538273685
41138,53.669849674558165
41139,30.83079839886046
41140,33.84657636416783
41141,35.53096073787129
41142,39.97000367126876
41143,43.48475718321264
41144,44.35990545107164
41145,45.70765045488516
41146,48.285525335552855
41147,50.02511549444027
41207,12.95165071810688
41208,13.47681403616178
41209,16.157018838075054
41210,19.51318616123694
41211,22.646762476141504
41212,25.568021667908482
41236,15.550060512906626
41237,16.928873184986884
41238,18.4674158196051
41239,20.567088493560483
41268,26.18294654090074
41269,29.01365831297568
41270,31.5489530849963
41271,34.97073688960134
41272,43.41012848653271
41339,32.99980468147099
41340,39.77885583608459
41341,42.74086159509716
41342,46.83072308312046
41377,30.69390063608237
41378,34.01566233478262
41379,37.14261628038025
41380,42.231395434954585
41381,48.17482983857214
41382,51.00954188050376
41383,53.098286857672235
41384,53.914495440339316
41385,56.59573444324219
41386,59.23700552295816
41387,59.79384752065177
41388,62.275578329802286
41401,24.12574591851884
41402,29.500827301975953
41403,33.39052809185833
41404,35.73399781542542
41405,37.994680610818136
41406,39.79490877689689
41407,40.81786128614776
41446,52.92860882806806
41447,56.655501930985565
41448,58.87489994463971
41449,60.607748008462295
41450,61.5728054124102
41451,61.294092144592945
41452,63.871595287683974
41453,65.03072779558322
41454,66.08149951720024
41455,68.348938357023
41456,69.8230265653606
41457,72.53899450702488
41484,29.906851316838534
41485,36.12657423509721
41486,43.63899215680721
41487,48.1154684104633
41488,54.4688306680586
41493,16.30586474795166
41494,16.81306202449166
41495,19.321609925475663
41496,22.276296837362743
41497,24.66288842990375
41498,26.89648739274559
41499,28.437243759538056
41500,30.353483096905933
41501,33.273585236070446
41506,33.084123549345975
41507,40.14848931499048
41508,42.070542468075374
41509,44.021533938455455
41510,1.7014122553767623
41511,7.206420107447121
41512,8.711774274605698
41513,10.263150299842598
41514,12.238796385527877
41515,14.022921512509395
41516,15.95178314171489
41517,19.14970757097064
41518,22.202761297414163
41519,24.045200567446827
41520,24.554882572800004
41521,26.236241688296456
41530,1.0838161150972312
41531,2.734437336841256
41532,4.117727120230066
41533,5.527477346133056
41534,8.500484208845148
41535,17.963401485771136
41536,21.939309479708
41537,23.428487342332176
41538,25.72163887858316
41539,26.97990182860134
41540,28.58893333490716
41541,29.694832646858128
41559,30.799217886412016
41560,35.20044878979538
41561,38.00352647601353
41562,39.805782928554834
41563,43.472023355555464
41564,47.60945716227458
41565,48.86436633428561
41566,51.45065965321295
41567,54.49029542260971
41568,59.436866468202666
41569,63.046895698476746
41570,64.39568888136095
41579,35.582483606779775
41580,39.05919990047385
41581,43.30645610942811
41582,48.48328383019057
41595,21.41620468636267
41596,25.657891558405158
41597,31.526986707008056
41598,32.823957047066024
41599,33.415464939620676
41600,35.80662839795089
41601,36.66732452735864
41602,39.635981192126906
41603,46.992426883082686
41604,48.588624956242114
41605,50.05964734177759
41606,51.24076377705644
41652,50.958554421523395
41653,56.83447170973763
41654,57.412859862684854
41655,58.76718760907198
41807,18.251348759999868
41808,20.687221407598788
41809,22.109856430421654
41810,23.677985270673258
41811,26.032386715307126
41812,27.052487487380404
41813,30.3061916673104
41814,33.31090253422073
41815,35.969821306943786
41816,38.14241132052134
41817,39.77957657077826
41818,41.54774374157999
41856,0.9022583979992248
41857,1.0541640825751046
41858,2.972143117862132
41859,5.4354881333461575
41860,8.775613202011844
41861,0.9182594355777235
41862,2.617146838387664
41863,5.052042893342307
41864,8.863145458546809
41865,10.219954392494865
41866,11.135834390133542
41867,12.740414505492987
41868,15.542837276361746
41869,17.456068857461
41870,19.98027187357058
41871,22.297489509746736
41872,27.407345970514605
41901,12.153123642673089
41902,15.14019417009833
41903,17.473912043775652
41904,19.812603668802232
41905,23.27414130055353
41906,28.71355544904465
41907,29.836894268077696
41908,32.61212003778837
41909,34.391409939677956
41910,36.704282419347656
41911,38.283162969977575
41912,40.017376374409736
41929,36.206965679681495
41930,39.75512453961544
41931,44.73727452437626
41932,51.35644616172076
41933,29.093215256635528
41934,32.335214655476584
41935,33.73101747738469
41936,36.16362302990564
41937,37.14854674173209
41938,37.78412749223797
41939,39.904038163219525
41940,42.49782274297888
41941,45.06990293922248
41942,46.17338273694272
41943,46.826516830050515
41944,47.09806276115603
41972,23.19665322154315
41973,26.46694803225056
41974,27.713468115277085
41975,30.585880887154513
41976,35.955874741422676
41977,41.322855426821015
41978,44.28695890130922
42010,40.58508959282891
42011,47.63429761697345
42012,49.571508000623396
42013,51.238156502208085
42014,54.16394863317318
42015,57.18676433784729
42016,59.72284005831693
42017,61.47417924938426
42018,65.49270500120846
42019,9.633019176549782
42020,12.387251385399663
42021,13.222054900793509
42022,15.564826862394904
42023,40.71880034313778
42024,42.059959849114236
42025,44.74529776478927
42026,46.29780937655225
42027,48.2904701892827
42028,49.12128649587624
42029,51.249226801769964
42036,5.508882975550304
42037,7.3971053232818305
42038,9.785197465472686
42039,13.42894314887393
42040,15.953707420297897
42121,21.38444574788479
42122,23.704929172036785
42123,24.87962157108086
42124,26.104523105960748
42125,27.418460329759302
42126,30.205660439639928
42127,33.29535501429077
42128,38.00972208873965
42129,40.493931057341555
42130,43.55684540612026
42131,45.30567304050696
42132,46.915226158140094
42133,18.878912031726735
42134,19.88248162253502
42135,25.74290319347589
42136,29.978639609300256
42137,32.88020866125311
42138,34.31496982110073
42139,38.24185684573221
42140,39.173359071506766
42141,41.410638986495606
42142,42.6288337554581
42143,44.04417287258304
42144,46.15188253397868
42181,6.452833022514997
42182,8.349461565509959
42183,10.12793700587137
42184,13.320746789744286
42404,36.77733550120319
42405,43.46369916580646
42406,47.5755168332167
42407,49.92591281815986
42408,51.58470209672996
42409,53.31560454548512
42410,55.40155140757495
42411,56.87007353589216
42412,57.909546151650446
42413,60.562273093819805
42438,15.932610466258126
42439,19.046943810807242
42440,21.045471187757297
42441,22.880343586140622
42442,24.954602725510924
42443,26.679593040380997
42444,28.740045170305574
42445,30.329012826588002
42446,35.46036735579688
42447,35.865138902919156
42448,38.195778861292396
42615,30.120856932656203
42616,32.39095084997223
42617,32.745569763094274
42618,34.04700368447049
42619,36.1295228611221
42620,39.17539651792968
42621,41.85660821921897
42622,43.364658940097534
42623,44.80985744801571
42624,47.142403945055456
42625,49.33527390294943
42626,52.76755846178135
42639,23.298307313564628
42640,25.829179978866073
42641,27.697716230235777
42642,29.688161230221226
42643,31.555398226711965
42711,6.165547525278729
42712,7.4769057778337835
42713,10.921717450328838
42714,12.189996715511842
42715,14.117594037257039
42716,15.954736948506532
42717,17.318807922451892
42718,18.773243658799604
42719,19.917062920308314
42720,25.808127604050963
42721,29.500587323900994
42722,32.557250769809364
42749,27.7196820120768
42750,31.24254716181931
42751,34.97046986011802
42752,42.72736882982341
42778,26.17473127859743
42779,27.894915348370812
42780,28.94928671083944
42781,30.094287774978
42782,32.08859061847698
42870,4.2032986759279485
42871,7.079976934732187
42872,7.949542845492948
42873,12.376059786625826
42874,15.351172824911554
42875,18.237453681161288
42876,19.971496214253538
42877,23.43751974963536
42878,27.566085431611043
42879,29.679444923176153
42880,33.164634304397104
42881,36.007134971463316
42977,1.4912797167805478
42978,6.085399638093477
42979,11.04688105594511
42980,11.836811170827849
42981,17.14098143202146
42982,19.926190235454936
42983,24.074518669815784
42984,27.636880266967268
42985,30.90753851951549
42986,32.058534867192186
42987,32.542525420613984
42988,33.19224430503344
42994,49.6137414681518
42995,53.78812912218122
42996,56.210769808192524
42997,59.49649487672612
42998,60.40936677943705
42999,61.491585669411165
43000,64.0308168402109
43001,65.23502959152492
43002,66.45140914299279
43003,67.32981810661931
43004,68.04668676057943
43005,69.98491935801128
43018,16.20027590185935
43019,20.241299998161995
43020,26.470016413935106
43021,31.538277861424042
43038,18.625213027318654
43039,20.821423705681337
43040,22.41375527114984
43041,23.62192492938382
43042,26.021151551964387
43043,30.184778538971567
43044,32.61740210687037
43045,36.30785045016891
43046,39.990354752659115
43047,42.48472844518411
43048,44.68102000180047
43049,46.79974460012996
43050,34.73474197867452
43051,35.65903963688858
43052,36.954512706802184
43053,37.34479570804651
43058,18.018848615504425
43059,21.03279057099358
43060,22.454891432234813
43061,24.343266810819784
43062,27.225902768225858
43063,31.625188773681135
43064,34.172724659821654
43065,39.693360161021
43066,40.44980379643886
43067,41.819930633962954
43068,42.930222275622626
43069,45.68558243175698
43120,18.732476128796982
43121,22.844129668347428
43122,25.131555239896585
43123,28.58394871680464
43124,29.131403981432463
43125,30.87118983805699
43126,34.26345322480901
43127,35.96694238382028
43128,38.32050642220306
43129,39.74659162679755
43130,43.085597074130575
43131,44.41161080485415
43132,12.66102940944306
43133,18.935340386610683
43134,26.663126539275147
43135,28.965692308627546
43145,35.004448414387845
43146,37.79423042568443
43147,40.37733077404097
43148,45.99092482593654
43149,48.459433520320474
43150,51.326303555341454
43173,23.002657089916553
43174,26.767475997669884
43175,31.26044848360677
43176,34.23668738733802
43203,39.96550959934507
43204,42.97290470613019
43205,48.85316386207199
43206,50.9170409158973
43223,22.751050484687145
43224,24.906380113941864
43225,27.368244451169897
43226,28.408649071593032
43227,30.680496350173808
43228,31.75417482370863
43229,34.444606004138066
43230,37.40630892879236
43231,38.83595940603747
43232,41.15975745460455
43233,44.194820243754315
43234,46.23128515946248
43279,22.446582382200024
43280,23.634875700181027
43281,26.808801942200876
43282,29.584627267640013
43283,33.22367128747009
43335,21.83737633184048
43336,27.197855540142843
43337,31.99238462086537
43338,33.97823960886657
43339,37.36464000497269
43340,39.488868814263256
43341,45.26500407202985
43342,47.804549666179604
43343,50.35417588966927
43344,51.78067505153359
43397,36.82954249154788
43398,36.951262942824336
43399,37.29046652161915
43400,36.466360854258355
43401,37.75550485166882
43402,40.84071668521343
43403,46.034068008378185
43404,47.17324281235656
43405,48.91762389944685
43406,51.14191836611046
43419,35.14416970791689
43420,39.78427123276692
43421,41.72174363159291
43422,43.30166176841688
43423,46.250334869531514
43424,48.56446285712811
43425,50.270789071442366
43426,52.114863290943426
43427,53.49256145416625
43428,55.750105778383954
43429,57.138018029689725
43430,57.95958817620701
43457,19.294487951762374
43458,21.931863034303113
43459,23.489296765036254
43460,26.86052289648926
43461,28.89104760490224
43462,31.607767241250325
43463,34.947887924752116
43464,36.13720659208785
43465,37.724756906990756
43466,39.30758402782973
43467,42.66501117967564
43468,43.69498527664564
43506,60.09018873787269
43507,59.38997270791002
43508,59.87505387201035
43509,62.07648306560967
43510,62.95286132442593
43511,63.998361112272356
43512,63.19778113548067
43513,65.59637065751707
43514,66.29142128039533
43515,68.31327500379561
43516,68.43868594566206
43521,3.224354916295561
43522,4.391426045179985
43523,6.319351318120236
43524,8.043834149532803
43532,23.540270094225594
43533,24.059875384673777
43534,26.13339800708667
43535,27.789809489217504
43536,29.013438010413164
43537,31.0871698173938
43538,32.63170774125126
43539,33.13017812330494
43540,34.286782063161354
43541,35.971305496572896
43542,38.96249316727711
43543,40.61035674791859
43616,28.222704055193663
43617,28.191883560948988
43618,30.078095481399778
43619,31.189192150663377
43620,32.45022365449552
43621,34.582161432992194
43622,35.89648295535754
43623,37.337119986402286
43624,39.71528073999126
43625,41.75804537790461
43626,43.60135342365059
43627,44.69341165834876
43776,13.550741124462803
43777,15.957231238998872
43778,19.448865802722302
43779,23.943443238396746
43857,31.825664677762468
43858,35.344349667291304
43859,36.513653897952885
43860,38.958062003782445
43879,0.5593030317832393
43880,1.3149467861052042
43881,3.0289471833812955
43882,5.03026514580961
43883,6.425641465286648
43884,8.953949066542497
43885,12.500073639553149
43886,14.556115249862959
43958,51.501576067789145
43959,53.21221268362535
43960,54.01640034449749
43961,54.88651510830283
43962,55.690258519292854
43963,57.17484264642691
43964,58.02145657513618
43965,59.10348644990743
43966,60.83604901342342
43967,65.06781727881562
43968,66.4411149051025
43969,69.4105591546664
43970,16.13776165357722
43971,21.593134039733737
43972,24.059734582804932
43973,27.5678919956565
43974,32.41788971226923
43987,22.44046750388627
43988,27.84732889778487
43989,37.603326484907726
43990,45.170355673611354
43991,35.668190162442215
43992,39.18213030075351
43993,41.522665051594444
43994,45.612131443146176
43995,48.98410706684825
43996,51.16644959090182
43997,53.13720773366485
43998,56.066032970642006
43999,56.8760281275676
44000,59.62978521635464
44001,60.46138772403857
44002,61.77716388567429
44074,27.803229161798765
44075,29.426140569294432
44076,31.46143564873459
44077,33.58065364775258
44078,35.72894328938717
44079,37.41692708130016
44080,39.05541091972407
44081,40.437806491861
44082,41.98595886196062
44083,44.62359571969159
44096,41.88111998570591
44097,45.21561041986756
44098,48.52922318745688
44099,54.45574909336763
44125,24.40719166751823
44126,27.362661513564085
44127,29.572043064935833
44128,31.951056648606805
44129,36.201539831244425
44130,39.326792795921996
44131,41.102675195401936
44132,43.21783424062106
44133,44.4262564144698
44134,47.10300773116584
44135,51.143448895440144
44136,53.408924457974706
44188,10.14922841829973
44189,10.469636250259503
44190,14.147892563414647
44191,16.073808592760106
44192,18.780146050771023
44193,21.69535948155201
44194,28.043445623060098
44195,30.819597016006878
44196,32.40527257007504
44197,34.296800498390596
44198,35.63130050679988
44199,38.11008024226011
44200,5.372352711173352
44201,10.247787593131548
44202,14.73678961337951
44203,17.270625716435795
44262,10.069155642177376
44263,12.526429393060742
44264,14.303119032629345
44265,17.03818597947763
44266,19.02824513888719
44267,21.106372201707558
44268,23.55826714424334
44269,24.885936021435956
44270,24.851210892121436
44271,27.195421464625348
44272,28.856276366253176
44273,30.16736747846928
44274,5.390715383403537
44275,12.035432156551472
44276,13.903319798349935
44277,16.793460433595197
44278,18.779666882531398
44279,22.90794628756972
44280,29.71771325301352
44281,32.52819535488966
44282,33.171316180194516
44283,34.38260466061827
44284,34.32718916542545
44285,38.56610217462911
44286,48.64515485895905
44287,50.85366949195453
44288,54.005841250455624
44289,55.2923807159241
44306,36.012858547762335
44307,40.66294237238456
44308,42.65235853449095
44309,46.059669665614585
44310,49.4873195770434
44311,51.7943843950168
44312,53.34247561278674
44313,53.44891521811834
44314,55.52790897526421
44315,57.44924141483045
44316,0.01159278045102182
44317,0.17339714377616833
44318,0.8361303076311171
44319,3.4661417505861083
44332,22.462087406704214
44333,26.88529846341124
44334,27.486213889830374
44335,29.935298860696456
44336,31.818680857615483
44337,35.97160305788368
44338,40.59662570505966
44339,42.31327014611511
44340,45.95807835320388
44424,45.14151149428475
44425,47.60259519277714
44426,51.55620601504546
44427,54.25754514540775
44428,56.96485356044367
44429,59.91935191819027
44443,39.206404023218205
44444,44.62728139306944
44445,47.1177673142593
44446,52.05768306081941
44458,6.540671206650228
44459,7.330037449401215
44460,9.569579417227434
44461,13.642748145098015
44474,49.046234774269536
44475,49.66760554768477
44476,50.92725959506712
44477,50.571096993118964
44478,49.42723155654577
44479,49.63607852862645
44504,52.42945526296374
44505,52.650999053618534
44506,56.666711804310935
44507,57.3873456780816
44508,58.40351607814698
44509,60.825562313269565
44510,62.72381854887421
44511,65.42710049458046
44516,36.77468791899296
44517,41.25130834547389
44518,48.944202815984774
44519,51.23903922707687
44582,8.11440776031711
44583,11.87896346403223
44584,14.931288210021012
44585,19.132002166590485
44586,24.274852546364553
44640,49.128782046114864
44641,50.17689735871812
44642,52.17217969467991
44643,53.314364447496516
44644,54.24238001409087
44645,55.99135985921522
44646,58.294841709017795
44647,59.299425549390875
44648,60.875036310705624
44649,62.267798156254514
44650,63.5307039240545
44651,65.3232571425462
44669,33.49979239840805
44670,38.76330590716788
44671,40.6161657304544
44672,45.0914202606345
44692,45.686349341279154
44693,48.18863794983947
44694,50.81029780465297
44695,53.4384324159855
44696,56.57506479452648
44697,57.10949338775636
44698,59.285820433961135
44699,60.33325974917939
44700,62.37037112196557
44728,17.089757760963472
44729,22.329958423934123
44730,28.063665620063148
44731,30.910996170724616
44732,31.55238049219807
44733,33.05658288753811
44734,35.80873570821488
44837,17.221877080042702
44838,19.613715278562005
44839,29.11269896945985
44840,32.07805898771037
44841,32.856329079044414
44842,36.12944754056979
44843,37.594872331058944
44844,40.94486217598745
44845,41.4555548832361
44846,44.48523806730636
44847,48.4807058538774
44848,53.10006016824799
44849,55.00314035005812
44850,56.72226288449713
44851,59.632539446679786
44852,61.19819620783478
44853,27.29261353794975
44854,28.743930331135637
44855,30.876061316561287
44856,33.193928449138134
44857,35.68366615336541
44858,38.31995253026192
44859,39.888701615000066
44860,40.734109289805815
44861,40.64647839010528
44862,43.197586481506924
44863,46.25889643099758
44864,50.675280402168816
44885,30.402169816590394
44886,31.117734053486323
44887,31.077570040808403
44888,29.691986458227404
44897,53.82965666206388
44898,57.48980217135452
44899,59.81293048596717
44900,62.06844856277853
44901,63.71224094554007
44902,65.26345187265558
45041,23.43652565653921
45042,24.74272558528841
45043,26.28658982374649
45044,27.745353026586788
45045,30.27717002230495
45046,32.76239109484225
45047,34.71100147516106
45048,36.432336264708475
45049,40.19480252734624
45070,11.103809045145567
45071,11.662559112182652
45072,13.920554729520543
45073,14.961566567947747
45074,18.455615782377407
45075,30.288726639146592
45076,34.010297411655856
45077,39.145990513708014
45078,41.91906430188025
45079,46.117920617579365
45080,50.28940394384496
45081,53.391007676517596
45082,55.09036040766769
45083,57.12242124888513
45084,59.07694493575168
45085,60.384056809354796
45086,63.18139917721486
45087,64.68894415656167
45093,51.246668760983404
45094,53.50991542229112
45095,54.69313590696822
45096,57.46615596104944
45097,59.42367436111537
45098,59.54527818194286
45099,62.74291983108643
45100,64.25727235000033
45101,65.4309993371929
45102,67.05934923380605
45103,68.00884005601175
45104,68.67724149537878
45105,31.369963790444263
45106,35.616335142165354
45107,41.7383932832741
45108,46.086942836778476
45140,20.10764428166999
45141,23.25668797031213
45142,25.21252000737227
45143,27.39192883418489
45144,28.877981731300117
45145,30.508198619744718
45146,32.4197530352739
45147,33.99349874805945
45148,34.797985483239884
45149,36.60354152407935
45150,37.84469344041705
45151,39.00662618974329
45176,27.09220885465792
45177,29.030930262111166
45178,32.22419210406091
45179,36.34152687685274
45180,40.79658204705745
45181,41.540510121827154
45182,44.41669046183401
45183,46.52517376427902
45184,53.1652236079678
45185,53.53595177584498
45186,54.88808205461356
45187,54.93838900645894
45253,17.94345829649085
45254,20.82933658352278
45255,25.631323528585096
45256,27.60809688462321
45283,37.88993202205455
45284,41.05117223072498
45285,42.50515774159262
45286,44.72240775410212
45287,47.23564140380132
45288,49.719033732533966
45289,52.34191389674277
45290,53.10711392833942
45291,55.364981674055436
45292,56.99367213857927
45293,57.45845275214045
45294,59.86739591718212
45354,9.632835420170885
45355,11.925438216764116
45356,13.51784285906202
45357,15.731090249327059
45399,18.00099123398445
45400,21.330733459966304
45401,23.754490754770643
45402,25.802586781867216
45432,15.699313175752286
45433,20.463236336034136
45434,23.008779988331607
45435,25.990971137689154
45476,28.600512588193208
45477,30.37793546922834
45478,33.43360835066362
45479,38.04088098904573
45480,0.6249303036669219
45481,0.9716810430327601
45482,2.703407274399563
45483,6.614932769855211
45484,7.837448856510072
45500,17.210071434454857
45501,22.64405542365553
45502,24.740441915706818
45503,27.083128411498752
45504,27.564175068890403
45505,27.964922713772637
45506,29.687739412530323
45507,32.414426001137244
45508,35.40938614082035
45509,38.199441764384815
45510,40.51866176412171
45511,42.77716798373643
45512,44.73290560773378
45513,48.062811759712986
45514,51.47521976480594
45515,53.146486291116446
45556,25.145778611109158
45557,31.377077135054474
45558,33.177680678646574
45559,34.428557643595255
45560,28.224436345995514
45561,32.581865865274686
45562,37.3096755040834
45563,39.57320484057701
45564,32.111484587319936
45565,33.45100922345036
45566,34.03959033797651
45567,36.455526294686265
45568,38.590902783053366
45592,18.931412598230327
45593,22.799614003514428
45594,24.351104444109588
45595,25.445599667790496
45662,29.819888516207335
45663,33.80552571110103
45664,36.52183590093104
45665,39.43430944420369
45666,42.095412111832125
45667,46.85654976894381
45668,49.520874958873904
45669,50.751774020437914
45670,50.888450886174795
45671,52.95865889928412
45672,54.613502961294195
45673,56.82475398315917
45690,22.442528649311896
45691,23.632576541006575
45692,28.92365832231158
45693,37.548717948929394
45694,39.67286332657667
45695,45.770576086472985
45696,47.68247618399094
45697,49.33043113195045
45698,17.23689937894026
45699,20.04311658502457
45700,20.990389999816465
45701,23.09908429809553
45702,25.29901227016476
45703,28.106775742888214
45704,33.80896511479125
45705,36.33367739769974
45706,39.81700103821986
45707,44.515155106257865
45736,14.654903919831863
45737,17.400655594675744
45738,19.432414351301084
45739,21.48079550282747
45740,23.063543666777303
45741,28.2443279321188
45742,29.986963739100723
45743,31.34791980372042
45744,32.15642486065247
45745,34.18224185419946
45746,34.7899579287693
45747,35.07197194229401
45820,1.512111907404277
45821,3.0925157581230422
45822,5.636146647004241
45823,7.26299388824407
45824,10.164960231260197
45825,11.757147813881337
45826,15.617337271681032
45827,18.295764344612923
45828,21.96304694879432
45829,26.437905153930323
45830,27.8624037477667
45831,30.235880051164578
45832,42.81191804266505
45833,47.63761853670519
45834,51.55401005938993
45835,52.814000980870865
45836,56.09569366667375
45837,57.516360929358584
45838,60.58836522106399
45839,61.342845345858976
45840,62.36330894819654
45841,64.36809845320758
45842,65.73003118051597
45843,67.6456490514898
45873,38.773419803232294
45874,43.683638570919555
45875,47.622388279293055
45876,51.043839514012014
45877,53.11602721229256
45878,58.894400906240755
45879,59.985798537449966
45880,61.990813950075655
45881,62.43902222887683
45882,64.5668631466514
45883,65.34238356877964
45884,67.01235475376326
45920,49.78048698802728
45921,50.2245008965334
45922,53.01027932272474
45923,56.27620999711951
45924,58.30556790075176
45925,60.90896554509059
45926,60.23646083369558
45927,61.83707061968973
45928,62.98456010736472
45929,64.02492716788213
45930,65.96285668920677
45931,67.032207551945
45944,32.92744063064089
45945,41.150367909039815
45946,43.70171862810197
45947,44.67397606418249
45948,45.65435066653667
45978,38.13384121986501
45979,44.923699734722355
45980,46.80453081082542
45981,50.31980271236847
45982,51.77084166003315
45983,53.41022452583385
45984,55.737408395383156
45985,58.12151561279559
45986,58.752076412815214
45987,59.51455471444228
45988,61.21735834131446
45989,63.75897803550034
46068,27.462533092238154
46069,32.04475228920834
46070,35.64862306385019
46071,39.25569554050432
46072,42.90216123172767
46073,45.24013158472549
46074,46.6761502848677
46075,47.62764471788805
46088,37.02791665592426
46089,40.16346015073238
46090,42.627340222734254
46091,45.7770263757101
46092,48.081835120686335
46093,51.016408207251104
46094,52.772311759827616
46150,36.37777221746733
46151,36.610515220752475
46152,38.09483124533183
46153,38.32214228326045
46154,38.0025331074545
46155,39.514234209094504
46156,45.760593852041254
46157,48.10903248860776
46158,50.174426180571984
46181,39.95354464500856
46182,47.015156717759524
46183,51.62476477205297
46184,55.4570849074665
46216,53.20188987789131
46217,53.65009946686168
46218,53.91890806906322
46219,53.622120890499126
46220,54.77989611658752
46249,42.938771591469205
46250,47.22331879146578
46251,48.17982296062505
46252,49.64654636916884
46253,52.2695091432848
46254,53.73287050128189
46255,56.473274617627
46256,57.96989265703672
46257,59.73038461621668
46258,60.79361369516414
46259,61.916790455621424
46260,64.61172051410557
46272,9.093247922368354
46273,11.72907579532571
46274,14.601401155965144
46275,17.141791244022723
46276,23.84928846486391
46277,27.568866028938835
46278,29.431177292030554
46279,31.524973018640388
46280,32.80679177283986
46281,33.448289408441354
46282,33.82152227751762
46283,36.158067180264105
46288,12.347414340951591
46289,17.364867539424232
46290,22.429348252940798
46291,25.923047391915595
46312,6.569901285882745
46313,9.569493810495706
46314,14.30242590309202
46315,20.093296465643675
46316,51.20458095205804
46317,54.466538524512615
46318,57.24120950998331
46319,59.14305209472087
46320,60.60856761493426
46321,61.66749548792435
46322,62.952324022807986
46323,64.14976156833134
46324,64.60602938364171
46325,66.74999064330025
46326,67.2909113137791
46327,68.76797481241962
46340,35.60191136358813
46341,39.82329076969637
46342,41.63757039823023
46343,44.891214961471725
46425,13.91918137239982
46426,16.10168778893968
46427,19.156714816979246
46428,27.697766501028365
46429,35.79195735999006
46437,33.93356433239761
46438,38.3452342890053
46439,41.585032878905466
46440,42.56751918870442
46470,18.384587150818923
46471,20.22486928837791
46472,22.980912340731134
46473,25.020314387368014
46474,26.534482068736303
46475,29.231280843041674
46476,32.26468859793929
46477,35.57827627306995
46478,37.878799988723344
46479,40.889001797667525
46480,43.11292397556834
46481,47.472895431863016
46530,31.660563700660425
46531,33.31954758315893
46532,39.16394258259434
46533,41.25407770444784
46602,35.43433164018927
46603,38.799434543615625
46604,41.38210623718997
46605,43.16725958524412
46635,25.119096258890398
46636,28.4739733167326
46637,30.403549204383683
46638,32.54606520361794
46672,21.51591195824008
46673,24.71754822472693
46674,26.82242709449279
46675,29.010203700863816
46676,27.817720563680165
46677,35.81258345622747
46678,42.395372583072984
46679,46.631394828565526
46680,18.391247963720282
46681,22.924619775411568
46682,28.03474647789584
46683,32.154161674132546
46684,34.33368936387639
46685,38.04045076315909
46686,41.188948021863396
46687,44.04841620864774
46688,46.14619411447883
46736,50.073948262281064
46737,51.940024701204
46738,52.948341457345364
46739,53.69969734594908
46780,18.38475539513582
46781,19.98639865748862
46782,21.4754021828628
46783,23.594512387104736
46784,27.999359163713017
46811,38.74681664302188
46812,45.78284092424452
46813,48.75830578361968
46814,50.345293593049504
46815,50.705030661478126
46816,53.20812127639658
46817,54.543601519002664
46818,56.29521922457066
46819,57.97039951452858
46820,59.63941986849363
46821,60.006411303801656
46822,61.669988114241264
46839,19.218090655368805
46840,21.17715090157326
46841,23.508263503468257
46842,25.675774517483717
46843,27.807209193038478
46844,28.54133014824538
46845,31.645732640992286
46846,37.0691417297464
46847,40.074477123360815
46848,43.84222893526825
46849,49.18995138224133
46850,52.988892034456896
46977,2.7657965180461375
46978,4.348459766891386
46979,4.510534658628842
46980,6.561833860599549
46981,9.44263771475854
47007,15.222117525815458
47008,17.551856704388477
47009,20.29911499972136
47010,22.79311938730495
47011,26.55600785010652
47012,10.741135607223075
47013,13.901080180523218
47014,18.29691727025458
47015,24.07706620470828
47038,20.188070142603824
47039,22.560105226550046
47040,27.033289831462923
47041,30.8178593232087
47042,35.573792273262924
47043,37.925052696983514
47044,40.706846917984045
47045,43.06631385499951
47046,46.46028492286898
47047,50.3768621052876
47048,50.89754837061048
47049,53.11688083837864
47141,44.07490340090041
47142,46.926164175157965
47143,49.77414316599294
47144,53.01225601256679
47145,55.28817861746357
47146,58.477654908111354
47147,58.62990284351749
47148,60.313617805330765
47149,63.026542564429995
47150,65.73450978203822
47151,67.64351672094817
47152,68.35101709115163
47211,-0.3066203651371352
47212,0.6669030525060611
47213,0.9691851814829257
47214,3.1257727310103616
47215,5.465818539710855
47216,5.735676665655803
47217,8.780367168389471
47218,11.216099667690504
47219,15.618577256551541
47220,18.291067619456587
47221,21.545580217753262
47222,22.205658835331942
47223,57.404045503018565
47224,58.13606354393621
47225,59.98502972294774
47226,60.75396215256243
47227,16.256903720150788
47228,21.244108437329267
47229,25.798011827509526
47230,29.996963262512633
47231,34.66902522014196
47276,0.19627241942997525
47277,2.292664485849176
47278,7.597927444744817
47279,16.031776024138487
47280,0.2595329922319939
47281,0.6235511908042343
47282,0.5785511973854129
47283,0.7552843173610342
47284,3.8633059655429123
47285,7.034035018968387
47286,10.175645930918073
47287,13.46716722705728
47288,14.627564732510766
47289,18.014903019572948
47290,21.6571827233781
47291,26.625707940096014
47292,30.073166197516155
47293,31.480522031537824
47294,37.77458719921428
47295,42.59259801577183
47296,12.172790016118427
47297,15.37213417535005
47298,18.28174033484771
47299,21.81712049312798
47300,25.350358151030395
47301,29.39912860333058
47326,59.88531211368216
47327,61.13245604374729
47328,66.47724397817827
47329,66.35911988825244
47330,68.33552508800099
47331,68.38971023482137
47332,69.56799343796484
47333,70.55631676837413
47334,71.8276785693527
47335,71.42702790302232
47336,73.56462821037627
47337,74.53219162556005
47377,13.489323931615848
47378,16.34904005727704
47379,17.01462311830328
47380,18.22210831377958
47381,19.618604631954533
47382,20.89721614424631
47383,24.469285512897102
47384,27.522927452976642
47385,28.82495609323242
47386,30.631402061102467
47387,32.92588090889601
47388,34.30498128354222
47438,37.314475399927275
47439,38.00257147878157
47440,39.44619413875676
47441,39.83956784869385
47442,29.243028327996882
47443,30.822577408546955
47444,32.958698820778956
47445,36.547097977030454
47446,38.63585881614884
47452,49.554312348201655
47453,53.66119210193536
47454,56.49598762276332
47455,57.76975094596967
47456,59.00285513092844
47457,60.118956103091456
47458,61.26980956551108
47459,13.024225273879457
47460,15.59641416909003
47461,17.89197910557889
47462,24.081217512134877
47463,28.764078270035718
47464,37.016828672254846
47465,38.620159776126044
47466,41.63493025337465
47467,43.62413322800733
47468,45.17546557920177
47469,46.249462983059814
47470,47.801557530280704
47490,12.709164490137557
47491,18.633569960213762
47492,24.878311900834245
47493,29.678826270783997
47494,34.839015969918975
47511,42.52007073795029
47512,46.38869212075967
47513,51.361823763990756
47514,57.56461138518871
47530,25.94340660112918
47531,31.445556286113327
47532,31.650656802097217
47533,37.035389526556266
47534,38.9328230588389
47535,41.08679850653009
47536,42.05519280881866
47537,44.67762778617269
47538,46.65889589926356
47539,48.38997242161778
47540,50.78259277147565
47541,52.011339404358964
47551,9.723746685502274
47552,10.146327466419674
47553,10.47172604047007
47554,11.073877583230438
47555,13.319478435151435
47556,15.673384035407455
47586,42.4686276235019
47587,47.41743225995369
47588,53.71714669500007
47589,55.86618809743745
47590,58.16688153820088
47591,59.50283053056445
47592,59.89400702164054
47593,62.46012433051899
47594,62.82237818420511
47595,65.07525751775717
47596,65.81355895311057
47597,67.35699326136407
47598,29.650106930994518
47599,31.675611736695892
47600,34.225728503937475
47601,36.68770665149715
47628,11.148609955305405
47629,12.93903758791412
47630,14.663282526447963
47631,17.329073068029526
47638,19.514024043582594
47639,20.03033443528552
47640,20.14106177157617
47641,19.469656810108738
47642,19.576689323064194
47643,21.150004601135958
47644,23.982939222137894
47645,25.25544157813396
47646,27.71140297091811
47647,29.33690130052816
47648,31.582977930141546
47649,32.80697839804438
47697,11.353499625132002
47698,13.597760020093213
47699,16.20386438560788
47700,16.16082561989221
47701,19.595302548267732
47702,23.035655227751995
47703,26.905943520798985
47704,29.151656692891198
47719,13.022826217363667
47720,13.755098107596314
47721,15.29200942393922
47722,18.666741946884542
47723,21.42295689876491
47724,23.573124314938248
47725,25.064366039795907
47726,28.897359744851638
47727,12.662020981663805
47728,13.649117289278854
47729,16.480244436292388
47730,18.936248422525445
47731,22.261085648175545
47732,24.302472442571265
47733,26.783204407260534
47734,27.49051498132524
47735,28.136058106594408
47736,30.30860611841093
47737,32.54382325396729
47738,32.57449941017395
47739,43.71382471226109
47740,46.755444118679726
47741,49.06821587208647
47742,51.30295332251781
47743,52.7145697334112
47744,55.26457009982077
47745,56.010381757916434
47746,56.46482998537459
47747,57.23942705803961
47748,59.36749630072727
47749,60.2945345523741
47800,42.312080804221985
47801,41.873564359995356
47802,44.31919320780644
47803,45.17693691292948
47804,46.59241442265569
47879,29.29678993882461
47880,35.82276748091483
47881,39.70396393463421
47882,40.098047554425975
47895,10.388567175891271
47896,12.176322412691508
47897,13.575039443724236
47898,16.451605570650646
47899,18.322677218623582
47900,20.480153230090828
47901,24.717681716400385
47902,26.060194956419842
47903,30.188509629413097
47904,32.276616919805335
47905,33.50988397603682
47906,34.47060924590688
48043,15.142008435740488
48044,18.361841585703687
48045,20.893892049600247
48046,24.261998516277476
48047,29.54414932499527
48048,31.480823004190476
48049,35.23229792807513
48050,37.6123835788502
48051,39.81275928787748
48052,40.40457843571518
48053,42.30498349991412
48054,42.85010035607925
48055,51.94833824725922
48056,51.748919948704724
48057,54.26516732247569
48058,54.77055585727095
48059,58.71862440611484
48060,39.09287568953257
48061,39.26690211515248
48062,41.0717728466205
48063,42.684475490835084
48064,44.57008880516078
48065,45.930186008039655
48066,47.282265348051524
48067,49.897303312039796
48068,52.573534644916926
48069,55.49743281364333
48070,20.977327995411322
48071,22.353653867290006
48072,23.157459643606998
48073,26.417164286219247
48074,28.75196061576555
48075,32.12959756842968
48076,34.21871715952282
48077,37.76431215493648
48078,41.35596783899896
48079,47.95795434835302
48085,43.6552447896065
48086,47.24971068082913
48087,49.544326389396694
48088,52.76020310800044
48089,56.30402699310844
48090,59.74685562175728
48091,20.38594437392936
48092,34.07259476355337
48093,36.976075467363344
48094,38.343116654606824
48095,41.133766883861185
48096,45.347474295483565
48097,46.35280613138758
48098,49.21581623705924
48099,51.60225156892399
48100,52.341581101646554
48101,54.36821369744202
48102,58.015948445736186
48128,2.4256354102258997
48129,3.2795392041220466
48130,7.6755328058168075
48131,10.544074464666753
48132,13.867725019773317
48133,16.88204621632431
48134,17.907394137557382
48135,24.100820081732255
48136,26.175303333794584
48137,27.598806829438228
48138,29.55381560478324
48139,29.884613333005813
48212,27.622039981526875
48213,30.110641943619584
48214,33.66953033297702
48215,35.58147792256804
48216,40.37393361231701
48217,41.63298502589093
48218,43.741641903516566
48219,43.953391734391026
48220,45.84575001421588
48221,47.15040623799353
48222,50.240428940886176
48228,6.093826106531795
48229,8.601177163617471
48230,11.431243160120863
48231,15.442012811162334
48244,32.35588292509455
48245,34.41642587639345
48246,37.54181452128248
48247,38.28467434133819
48248,39.06741735985541
48249,40.34740018621578
48250,47.85422710652534
48251,50.03457745559982
48252,52.4230960810401
48253,54.94833025947802
48254,57.677464491881196
48255,61.16941613590232
48256,63.6094728260439
48257,65.2691978633363
48258,65.37269037023914
48259,66.87284914545086
48272,18.663511806784946
48273,21.276671351241795
48274,24.04524820101516
48275,26.226421753891845
48276,28.817276592426765
48277,29.29469577592858
48278,32.07934054909097
48394,53.13678942186872
48395,53.88094165017287
48396,55.61888390876095
48397,59.89313810241312
48398,62.563390347329154
48399,64.46012493812354
48400,66.04682466190363
48401,67.17105050441998
48402,67.91580573508378
48403,69.387478232653
48404,69.69448357156223
48405,71.30076969381855
48406,44.47730952493026
48407,44.772780664823706
48408,45.92097000325837
48409,49.70581695028832
48410,50.77810106173699
48411,55.80045450769519
48412,56.23520201979237
48413,57.97949836526516
48414,57.882487706996564
48415,59.335405442863554
48416,51.286428281206454
48417,52.43675660987424
48418,53.52471034945772
48419,54.38976054168855
48420,53.9319707552491
48421,53.982537123246985
48422,56.37280727562931
48423,57.6725579341951
48424,59.853864591614254
48425,60.247035373886625
48426,61.29146075477339
48427,63.32353536374238
48428,12.399755852217776
48429,13.937511251271903
48430,17.122688502611513
48431,20.546158228311395
48432,23.30832293641533
48433,29.367448883764865
48434,30.948476482091298
48435,34.00723119723112
48436,35.553109580256645
48437,37.733473763229426
48438,38.34945762368528
48439,39.275939630158
48475,4.540907250995711
48476,4.918197069208122
48477,9.065616412135341
48478,10.724245185372855
48479,14.842821385372066
48480,16.886608887276378
48481,19.528083545407377
48482,23.413428861870916
48483,26.2199773670904
48484,28.151247505794487
48512,16.516124201253852
48513,17.429925981407127
48514,19.357438031411117
48515,19.06768334247326
48516,19.72121571755677
48517,22.578369603479892
48518,25.488814056466268
48519,28.112996667020116
48520,30.34032326848965
48521,33.185822410510475
48522,35.33978040451693
48523,38.736768440596265
48528,17.59925329317168
48529,18.638414441392662
48530,21.748959194063296
48531,23.46056920064706
48532,28.509781969123356
48533,31.301334198886593
48534,34.81397770597457
48535,37.23336408751298
48536,39.33415651197342
48537,43.08373760927302
48538,45.836165951138106
48539,49.968471364015805
48610,23.506692971563844
48611,27.177990623657035
48612,30.905226012468496
48613,35.039962393792074
48614,37.2084918854459
48615,40.08394062947427
48653,13.677312192588758
48654,16.622868603825598
48655,18.8512291496118
48656,21.91751911044895
48662,12.623739611214518
48663,14.565022248036275
48664,15.972673142286965
48665,18.58664956469659
48666,23.869960538085046
48667,26.59413045073278
48668,38.92843392601178
48669,43.31755244191047
48704,26.456287365387418
48705,32.153897619771044
48706,33.901101585973464
48707,34.59097533100417
48736,15.502351585647734
48737,17.536072137931487
48738,21.074576279319206
48739,23.450718589806048
48740,26.66216217149252
48741,30.37958928031903
48742,34.3517297294008
48743,35.495103581679615
48744,38.57608055733198
48745,39.48769232567345
48746,40.6359977606571
48747,40.260670976614726
48748,42.957683627673205
48749,43.65065778967818
48750,44.63452814744963
48751,47.51789236372426
48752,51.060395110907805
48753,54.355688599655444
48754,56.136731550445134
48755,58.34869576150906
48756,59.25965605787236
48768,54.85212726760098
48769,56.43688755372267
48770,57.04827919729165
48771,59.36079532021248
48772,61.82482150712019
48773,63.92516574872493
48774,64.54987592718221
48775,66.56767745236198
48776,66.9101301821339
48777,67.6989703571348
48778,66.99803623930362
48779,69.0969170585897
48828,25.512433561135172
48829,25.203817129945342
48830,27.88240439217008
48831,29.81349102923762
48832,17.824547155121564
48833,21.211645010926482
48834,23.48380046658909
48835,28.653850435522248
48836,32.42394153876482
48861,26.931449848573823
48862,28.35483719737126
48863,31.026107685204295
48864,33.670728532955664
48865,35.50138482428732
48871,36.3644727526479
48872,39.68126915593762
48873,43.87988906439831
48874,46.39601735316474
48875,52.83615729982408
48897,11.538361750378744
48898,12.844186454820871
48899,13.989674363200198
48900,16.551818624713796
48901,18.520593870133915
48902,20.09248796291066
48903,25.34465127163933
48904,27.721616118143118
48905,32.72726842427418
48906,35.541483316304166
48907,38.04022468387213
48908,40.871874819953916
48918,14.54720962452831
48919,18.546783119836252
48920,19.749814954691523
48921,22.01989837299496
49051,26.945208766830586
49052,32.11961989686223
49053,43.1489270666412
49054,50.87474017544306
49055,35.84038539865348
49056,40.94084788005512
49057,43.59751212642986
49058,45.24118614647357
49059,47.61210373321826
49060,46.159146296651
49061,47.52122514332712
49062,51.03386826009058
49063,54.66783638142073
49064,56.282487567352106
49065,59.265161062160004
49072,6.8151131519736055
49073,10.517106034467222
49074,12.591764775714607
49075,16.328579752170565
49102,26.50759289831833
49103,34.64895533816197
49104,39.72149558950861
49105,41.796645766687035
49106,46.12166542940307
49107,48.158314702141254
49108,51.38596879337099
49109,52.74500721544909
49110,53.72158159538894
49111,55.20822168854888
49112,55.5082816662268
49113,58.096486895453744
49126,24.720533010496077
49127,26.81868847356892
49128,28.028023629389725
49129,29.86484679827969
49130,32.26072898947693
49131,36.87445393995326
49132,39.823456890357626
49133,40.753681506808185
49134,43.10864833600188
49135,45.70282039179892
49136,49.47336514156061
49190,31.096765566812074
49191,35.16804452552903
49192,38.44531693677543
49193,42.92611460108869
49194,48.98448508561872
49195,52.33803642671354
49196,54.60078040600972
49197,56.56768453379559
49198,57.12271546620316
49199,57.97281456934329
49200,60.81190254777796
49201,63.20461416322006
49212,35.52900659425345
49213,37.166875218299246
49214,41.6164051953147
49215,45.402007137858085
49216,50.594268933230865
49217,54.40018991159491
49218,54.89179381139088
49219,57.2106385627146
49220,59.95967797876087
49221,62.25759193394045
49230,18.2376892261451
49231,22.40975983647248
49232,26.8816850364477
49233,30.101721386271105
49234,35.46654002352095
49270,52.23361103756105
49271,52.369887780916976
49272,53.80451822668429
49273,56.34346417581095
49291,18.635460274642053
49292,25.27450266718585
49293,35.83977357543905
49294,40.882062769623005
49342,19.888979075808415
49343,23.778614104767865
49344,25.396673653289703
49345,26.95347672701657
49346,27.68606080660131
49398,7.73878649399128
49399,12.498367075386719
49400,16.65577736692044
49401,19.514276691244334
49402,21.45547532020412
49403,21.88921323046872
49404,23.299365243751915
49405,25.87294761455434
49406,27.615445643511634
49407,29.263550119741375
49408,30.369048211803193
49417,19.903958115479366
49418,22.092131383852923
49419,24.047818146139612
49420,25.78285859400079
49421,28.126953428685265
49422,31.49567688367697
49423,34.56719140556685
49424,36.49451833268572
49425,39.169738176439786
49426,40.65410914266631
49427,43.418006472598066
49428,45.5017051867424
49429,61.19458708587771
49430,65.08848965993359
49431,67.73615349917708
49432,70.07450507448101
49433,15.349795872413424
49434,20.298709470657712
49435,22.92479141614349
49436,25.93023510998547
49457,21.904835970839336
49458,26.989568272921254
49459,31.843515222206882
49460,40.66682210004687
49485,45.8915837051886
49486,50.25395251180947
49487,50.424310863402425
49488,52.79232601201554
49489,53.12236837676976
49490,54.54468957131964
49491,57.35514051545333
49492,60.24522480358062
49493,61.70225364006586
49494,62.96989413581226
49495,65.3405128644054
49496,67.18255336604209
49497,42.345633768726294
49498,45.52165302792862
49499,47.79681804238778
49500,50.165924475819814
49501,52.13948616958519
49502,54.85733041466225
49503,58.002027675992906
49504,58.60655432633861
49505,59.63420720528569
49506,62.57756801564102
49507,63.69455623894481
49508,66.47437410326438
49585,19.15435813443047
49586,21.602151252046102
49587,22.800550604804705
49588,23.98566762056644
49589,28.016088984378865
49590,29.94620974867101
49591,32.09620122063366
49592,41.09965772377594
49593,44.9908918532424
49594,46.468137434748265
49595,48.99807818886425
49596,51.010912516417854
49647,3.4545467007817514
49648,8.084096443501148
49649,11.746984977887614
49650,17.644849287316624
49651,22.895575698670932
49712,41.14167913299418
49713,42.41705825800467
49714,44.366947416911586
49715,45.04564636019951
49716,49.165850028355294
49717,53.006727943737886
49718,55.77489494333861
49719,56.861807856999725
49720,59.96495829190724
49721,60.743502806976004
49722,63.91806769043427
49723,65.20335515312614
49770,41.16064380896451
49771,42.73691569191941
49772,46.73299879009494
49773,48.71971095051545
49774,52.99015648488718
49775,55.00948136559365
49815,14.48222570578013
49816,21.16809795284486
49817,24.039652268817953
49818,25.502135564638422
49897,19.529082226066258
49898,24.658378419670523
49899,27.466281058334637
49900,30.614659726027696
49901,39.928995993137306
49902,41.72701419469678
49903,45.09264047752422
49904,49.56323773777514
50004,2.0772687015761013
50005,3.520981538293183
50006,5.979817314136197
50007,9.190574230248568
50032,25.554106053273184
50033,28.083604627259678
50034,32.62859382279346
50035,37.28910251944669
50036,26.82936997957669
50037,30.85964602364814
50038,32.55677818307171
50039,34.99256583641929
50040,37.28090352862117
50041,39.33496692590482
50042,40.767995356332264
50043,43.88385863390813
50044,44.303959621115766
50045,46.041897404328
50046,48.71062863807283
50047,49.60662346402304
50096,51.64287158136434
50097,55.64285440813205
50098,59.33784656479891
50099,63.94023384800305
50100,67.36744831668759
50223,42.8711295602953
50224,47.50494635770162
50225,49.837526410341965
50226,53.41843954817165
50227,54.803911911600196
50288,22.60352195734989
50289,23.206027281831556
50290,24.639861752681732
50291,24.346154468756808
50292,26.252903928656856
50302,7.2743407940260685
50303,10.851986941555637
50304,12.857942086276264
50305,17.723668537255048
50306,26.553078810419912
50307,27.068606464310335
50308,28.464764436693308
50309,31.595017907434283
50310,32.58556685560985
50311,32.83106048745532
50312,33.91954663029021
50359,28.945344506977044
50360,30.80247011699749
50361,33.95135068355188
50362,36.494865369102094
50363,21.505981639292134
50364,23.34558272955644
50365,27.729843533711364
50366,31.88536482871739
50407,25.149424847217407
50408,29.18389365758606
50409,30.724894538133924
50410,32.006179100774254
50411,33.84077813066504
50412,36.22354594400738
50413,36.67833820510985
50414,39.08139211019279
50415,42.04843826351454
50416,45.84315892936703
50417,48.24953677011194
50418,51.646246730747464
50457,44.014592382521116
50458,48.19705350771256
50459,57.32528448433968
50460,61.57724385364503
50507,15.48139546932542
50508,20.770120747832408
50509,26.482963646177172
50510,29.548161234162173
50511,38.92179054010275
50512,39.95073177923676
50513,48.55103973457814
50514,49.73635700103472
50515,52.3261619637625
50516,53.79412596647798
50517,55.4936375131266
50518,58.101553299859155
50519,57.90581149660227
50520,59.93994719689941
50521,60.75189865974794
50522,62.81426758145894
50558,25.606613555218445
50559,31.547602443564465
50560,36.61031554825622
50561,41.14271933833869
50635,54.4435440688794
50636,59.49386427782597
50637,62.05702057917358
50638,64.55959137994866
50639,67.80547794811103
50640,67.53142291166473
50641,68.14193579812991
50642,69.45281321725896
50643,70.1218725123174
50644,69.87765013005485
50645,72.27722620741444
50646,72.60786773330653
50656,19.244798286345095
50657,24.473328103465896
50658,27.89537720176399
50659,30.547847492748854
50660,23.833001926747812
50661,25.179452531633718
50662,27.46519686879092
50663,30.08490693046671
50664,31.65718421679757
50665,34.015341346317584
50666,38.43506502619744
50667,40.100428940369696
50668,42.18031172696461
50669,45.02590956426606
50670,50.86501342603433
50671,55.42653177028609
50686,22.758857597660796
50687,26.861247678595486
50688,28.65027579240273
50689,31.46141100689065
50735,8.233774774095531
50736,9.291899947543119
50737,11.555698691015282
50738,13.188943956915981
50739,16.60514784174477
50740,17.519021688884457
50741,19.941234339866632
50742,22.885164665720218
50743,25.03980709423433
50744,26.72947172107417
50745,27.81885478902198
50746,29.683633238968394
50752,30.911857526684265
50753,35.044945136258534
50754,40.01447798761609
50755,40.57505097240942
50756,42.35325817225787
50757,44.483170997550864
50758,46.41472689078357
50759,47.83651298520912
50760,50.414157489561475
50761,51.59090251841595
50762,54.62439740953753
50763,56.924047176943816
50768,6.928675738785441
50769,10.270822686319425
50770,12.317311178900763
50771,14.503224554928968
50772,16.149946686300254
50773,19.066530432900844
50774,20.98250265267721
50775,25.73070806489136
50776,27.894106811652996
50777,29.470698007402262
50778,28.559977557726388
50779,30.327175060644073
50792,45.48571206764634
50793,49.143147686899184
50794,51.01562493668077
50795,52.76892096341444
50796,55.83310616117243
50818,30.854349363716768
50819,33.814859066545196
50820,36.630971487412204
50821,38.08046527209921
50822,40.38995801183771
50823,43.52365980988516
50824,46.3576903532722
50825,48.30894869862466
50826,48.877348678364534
50827,50.08437673684014
50828,49.996235676395926
50829,51.198386852931904
50848,43.69174346905142
50849,46.64906827592591
50850,51.20407959718365
50851,54.1304793376245
50852,56.35824682089255
50853,59.339769273297826
50854,60.8324848718015
50855,62.29394520821088
50856,63.80980651366642
50857,64.17056001631553
50858,65.70335956229357
50859,66.80789265794542
50860,31.25905673964046
50861,34.635854691068126
50862,37.6590240204632
50863,40.51429533054191
50864,40.93090641715112
50865,47.07423184502288
50866,49.72403729100373
50867,51.709787202360815
50868,54.7780654893538
50869,55.42587136562696
50870,56.328631328647056
50871,58.33536733586882
50890,17.984730470118006
50891,19.219748127491847
50892,25.293707778420888
50893,28.459122547331226
50894,32.49699748218977
50895,35.44669742620685
50896,36.56750468263576
50897,38.79960333112588
50898,40.507334756407886
50899,42.10863229037763
50900,44.90573020399495
50901,46.14132780917739
51021,37.68924323535836
51022,39.28259295720116
51023,41.80333676488237
51024,44.13106731364191
51025,45.586071649583886
51026,50.345714387853775
51027,54.56365871360617
51028,55.430040754771746
51029,56.86554324588151
51030,59.93221795890004
51031,61.497138093088324
51032,63.31243483648789
51088,40.76315344492989
51089,50.39951267243585
51090,57.515911325177946
51091,61.398865849808786
51111,22.461696289340573
51112,26.17905564857992
51113,30.493441409156407
51114,41.64966989654603
51122,40.40489186022121
51123,45.17866893207831
51124,47.286736359666655
51125,50.622875458170526
51192,13.013741088585562
51193,15.44797149383084
51194,20.305398112269415
51195,31.818954719461395
51204,45.15028013791923
51205,47.304274287435945
51206,49.744297245816654
51207,51.900014367726286
51208,55.18841754061543
51209,56.60151511270114
51210,58.010711269788956
51211,59.436031933666946
51212,59.47363696262229
51213,60.82984805829792
51214,61.674952516726215
51215,63.323986944168766
51221,11.997380546758865
51222,13.931790772414388
51223,17.789984437765884
51224,19.705752389454158
51225,21.487512663979707
51226,21.753107996894393
51227,23.606375654610098
51228,24.779548464931977
51229,28.116246082003094
51230,30.554356254398023
51231,33.527694813822976
51232,34.247741670774246
51334,10.2952025633198
51335,13.4786133985647
51336,15.246733980645596
51337,16.56896843512314
51338,17.921433384366708
51339,20.849485280799627
51340,23.88520563075253
51341,29.006800509919195
51342,32.35650099411553
51343,35.605281498524946
51344,37.80886603135918
51345,40.268352339560515
51400,14.90369176291416
51401,15.463775050433501
51402,17.49791878936701
51403,21.33978119451689
51404,22.889856892539715
51405,24.39051134634044
51406,25.09233771940424
51479,16.126905476966957
51480,16.276113092937685
51481,18.625803401088703
51482,19.178822346030962
51541,21.665905600183336
51542,23.973651314163316
51543,27.015603327230245
51544,27.611743443169093
51545,26.410434127018867
51546,26.514965993978695
51547,27.345129118593626
51548,31.01657363776308
51549,33.9355442718939
51550,35.57462964616482
51551,37.75420814939754
51552,39.63253720503354
51577,33.265124573651654
51578,39.250225392970734
51579,43.96909870184565
51580,46.408700590280525
51581,50.333798868765534
51582,52.307687014052576
51583,53.866671308853846
51584,55.19190071569581
51585,55.818327745110864
51586,57.77813195608125
51587,59.65037761879288
51616,45.591416874533245
51617,49.10139142840673
51618,56.433557224856955
51619,57.610380671587656
51620,58.91178804912397
51621,61.031025385187775
51622,65.16110183527755
51623,66.54230844494013
51624,67.58168796893615
51625,67.92979603257704
51626,68.80370729570983
51627,69.4745405561366
51674,31.970049278645707
51675,38.05184267950601
51676,42.78415461164689
51677,45.022609263432784
51678,47.00430109740275
51679,50.526266266056425
51680,56.39026560290184
51681,58.61985298002327
51682,60.64847581859527
51683,61.02619180529946
51684,61.98006430879743
51685,63.419223547330134
51702,32.60294035802339
51703,35.29796240976959
51704,37.19914371831395
51705,49.70508267391217
51706,53.61997942106781
51707,55.93229784980292
51708,57.76498432680894
51709,59.82955964913735
51710,62.209893028585554
51711,65.48772244589325
51712,66.05061125477235
51713,65.47836144238893
51718,17.01743676832445
51719,20.37124045053606
51720,23.192264103676937
51721,29.50641120586301
51722,31.67359992532966
51723,33.7828532842184
51724,34.49514953873649
51725,37.192795054374685
51726,38.99727263225532
51727,40.4631548072435
51728,42.11938533726162
51729,43.3069427345724
51730,36.0680908039471
51731,45.3133420901932
51732,46.108140773157444
51733,49.415633014569075
51734,54.67368414624857
51735,58.06776632293962
51736,60.25990073024684
51737,62.992651949915285
51738,64.6759975845521
51739,66.26266272314572
51740,66.60761712844604
51741,67.9954186468286
51747,20.92769131659407
51748,21.763524690562694
51749,26.38191217727922
51750,30.64776615354175
51751,32.437855104974666
51752,33.66019981694914
51792,25.850723424887036
51793,27.07798748925428
51794,28.554707682969763
51795,31.517089185755673
51796,33.95103504111386
51797,36.52483867524908
51798,38.57299438571404
51799,44.12895505522675
51800,47.38357511665721
51801,48.60278252996719
51802,51.911377056409876
51803,55.97763711403936
51812,7.649518038056867
51813,12.25829776530609
51814,12.918755696179868
51815,15.485851014510448
51833,25.22104487368768
51834,26.815522461952543
51835,28.982380271997812
51836,32.53689594309426
51837,35.60826890422737
51838,39.229493162601514
51839,43.390714349776765
51840,30.730019506312725
51841,36.257427446075
51842,37.58982826376331
51843,39.432585195512075
51844,40.7180900912958
51845,41.936959667318504
51846,44.35524743273987
51847,45.13248549245378
51848,46.43882008879096
51849,47.77271201498861
51850,48.77534028580633
51851,51.2651104857246
51864,32.560031672300596
51865,34.910997277674426
51866,36.74390924688951
51867,38.849480699836
51868,41.012651456502034
51869,41.091972621027104
51870,42.87755894747805
51871,44.52871994888729
51872,45.82529679796008
51873,46.357511558171566
51874,49.00388342406003
51875,50.725722021757846
51891,12.444042788126591
51892,14.349034523143834
51893,17.533122314952713
51894,19.916365818166547
51921,25.214051450720845
51922,27.805362217825838
51923,28.61308408267097
51924,29.674727247522906
51925,31.54112522479023
51926,32.907921764852134
51927,34.00006021419627
51928,34.98814426554925
51929,36.81659119370269
51930,38.362095870123795
51931,40.08575665640954
51932,41.589497727121035
51937,37.87137701722816
51938,42.108846858401435
51939,44.569663870784055
51940,46.563797403093574
51941,47.98439281318998
51942,49.206264685632824
52202,32.71050333860454
52203,39.673882987821
52204,43.755617045297484
52205,47.61580101200135
52206,14.646741605743506
52207,19.91944752158586
52208,23.097355380843364
52209,27.4033357495161
52333,29.34733237572387
52334,32.282763580019875
52335,36.10434784005457
52336,38.48513910866094
52359,33.170681975799575
52360,36.27243249625692
52361,39.78276211176296
52362,40.754583984206874
52363,45.980763682656246
52364,49.2765178344177
52365,51.5974934884812
52366,53.183732753658525
52367,54.130951437568115
52368,55.78974736917651
52369,57.48811267067248
52370,60.15087158870834
52377,6.56920574457411
52378,8.006289327245351
52379,8.556240939380436
52380,10.865974001099781
52381,12.56808906885028
52382,15.898384896911287
52383,18.511792420344445
52384,22.076705883808778
52385,24.11014614124376
52386,25.7862775118984
52387,28.962712494162226
52388,30.9595612975583
52413,59.38146884690301
52414,59.58646677575401
52415,61.07784944053503
52416,60.294940669380104
52417,62.54378994259353
52418,62.38114841199814
52419,64.52743869476282
52420,65.13122702007612
52421,67.11326636858549
52422,20.209222690599763
52423,20.946812039674295
52424,21.101285774703374
52425,21.250389779120617
52499,19.73141649823163
52500,23.863600711100148
52501,29.248321785009836
52502,33.06191299854266
52515,35.616434801843816
52516,40.68231409933602
52517,46.56532710114645
52518,49.903490158058695
52524,12.748850445693089
52525,15.934847118499373
52526,19.64142045389418
52527,22.676406639461657
52587,26.6427480697065
52588,28.112204245531036
52589,31.879106820867072
52590,33.529878104192235
52591,35.7935780309176
52592,37.564264031300674
52593,39.66290886855342
52594,42.10489350517526
52595,43.629807267380514
52614,29.456139116755764
52615,30.404444176058938
52616,32.19685614869647
52617,35.53509267861397
52657,3.451317735914285
52658,6.439944173222228
52659,9.809206023971857
52660,13.254243799001813
52661,44.58603235769199
52662,50.43096686926937
52663,56.741382641062344
52664,61.057412580112796
52719,39.20586022789669
52720,40.25063949727322
52721,41.84750513586171
52722,42.94596319857597
52723,41.93695083156909
52724,43.33726118300798
52725,48.00421337155257
52726,49.57260315939986
52727,50.86354990274315
52728,52.540517834212324
52729,53.78576643032709
52730,55.832671024367436
52753,10.40512880252914
52754,11.098514972699814
52755,13.2131408459477
52756,14.964216100465062
52757,16.407705756694888
52758,17.162560237730013
52759,19.167306032816157
52760,20.596248163620487
52761,22.019618727145236
52762,23.52288064738267
52763,26.210159978368733
52764,29.268136390834552
52802,59.12452548260344
52803,61.8540212562855
52804,64.30919221981034
52805,66.40948243146624
52806,67.85356231177886
52807,69.74937156345689
52808,70.86415301676425
52809,71.49299807916668
52810,70.4253514970504
52811,70.62978839249305
52812,72.22367352625494
52813,74.17477602916108
52861,20.00731037866334
52862,23.61685642610272
52863,26.492628758310637
52864,28.343771863420596
52865,38.898580863252036
52866,42.539354453364005
52867,43.584633382447464
52868,46.18906528014477
52869,46.52657294459689
52870,47.531632152816016
52871,49.021454091553196
52872,49.34862958614891
52913,11.118783348716185
52914,13.071959310496933
52915,14.27540721262643
52916,16.115080489510454
52917,16.830307228894185
52918,19.678062034148084
52919,21.768811266081556
52920,24.826195620298204
52921,28.323537049157398
52922,32.09219024879383
52923,15.870314458841586
52924,17.77896555150039
52925,20.53747731108806
52926,21.80927449382218
52927,25.755593183242848
52928,28.83991478979629
52929,29.979723707474356
52930,34.23736713102884
52931,38.27103400113679
52932,40.254176230033366
52933,42.97151432792187
52934,45.67884802211368
52955,28.109403624304928
52956,33.20691883331031
52957,34.438680917439555
52958,46.729921016468175
52959,49.44730579832347
52960,52.86232042923672
52961,55.235721322337625
52962,55.01831091569579
52963,56.39302535003799
52964,57.055336896920174
52965,57.867597518442984
52966,58.65383123417975
52998,38.771518164661266
52999,39.815684783994335
53000,42.52038306776208
53001,46.43496263201747
53002,30.681628979632897
53003,33.04627192283367
53004,35.66935234160697
53005,38.26729573619565
53006,42.223550555942275
53007,44.59976419429408
53008,46.96705341105668
53009,48.132420686283304
53010,50.48670702245486
53011,51.80722937671038
53012,54.05561349840749
53013,57.667135055286664
53014,20.643097110284277
53015,23.11042753098379
53016,23.576507130498197
53017,26.025844336272616
53018,29.076113504948673
53019,31.950747595664076
53020,38.8749251259388
53021,40.34486576582573
53022,42.44806964598112
53023,44.16421511813367
53024,46.040487190063914
53025,49.22782836639196
53141,26.728183044933225
53142,31.584169403692403
53143,35.20309134074077
53144,37.95125500185769
53145,40.25469524677997
53150,3.2516039760071336
53151,7.315053006826693
53152,10.058334343557403
53153,14.153682224681887
53154,16.335054193297125
53155,19.22499259601916
53156,20.189477056636676
53157,26.682705649950357
53158,30.28777907075132
53159,32.85125766960649
53160,34.168034105845905
53161,36.20404929560192
53162,23.127842821510036
53163,26.862026553942805
53164,29.774420976524574
53165,33.82475139687257
53166,25.77721887072004
53167,25.974333519476183
53168,26.823818484553584
53169,28.31531184669576
53170,30.137825687493603
53171,24.103405049526884
53172,27.951006297719253
53173,29.413943284537538
53174,30.233935358077144
53175,30.94876229693768
53176,29.368699519167837
53177,33.484592734041954
53178,36.52312947762293
53179,39.33564585485167
53180,43.41613530532161
53181,47.178267467452955
53182,48.330205806709984
53183,50.7887297649932
53184,52.08063768798338
53185,51.968045464975866
53186,50.849486363955066
53187,51.869413376738216
53193,30.75505634969891
53194,33.57214179872858
53195,36.59162695565912
53196,38.92137947397785
53197,41.35677951809197
53198,44.807949524413544
53199,50.20124137046959
53200,56.70110327849817
53244,30.638496557531887
53245,37.33817875576793
53246,41.12251033802213
53247,46.30912963239873
53248,51.290529591967776
53281,21.94250232470709
53282,22.057415944154716
53283,25.38966709084488
53284,26.169328344676806
53285,27.872349395552543
53291,42.23709847728721
53292,46.79101645766856
53293,47.70328496469264
53294,51.99437918141839
53295,51.98461599427922
53296,56.098069485430344
53297,58.94375965378995
53298,61.678377951539076
53299,66.02055510984876
53300,67.87578517935887
53301,68.57255515123784
53302,68.55832804549127
53318,36.44261548485612
53319,38.26444937840378
53320,43.12494343102172
53321,46.83465402637522
53322,50.83938590431641
53323,53.28061369361209
53324,56.6274150268916
53430,31.499393629084715
53431,34.37402736763359
53432,36.62713270104499
53433,42.1265443971275
53434,43.677027655518486
53435,46.55155547986504
53436,47.82062943551226
53437,48.71156575534791
53438,50.4870243829699
53439,49.93768450558324
53440,51.573287513094805
53441,53.19865468482105
53442,26.17365278156928
53443,29.466959444579196
53444,30.713611270108608
53445,34.47737074007815
53446,35.67306699031022
53447,37.304675365001415
53448,38.60554934528287
53449,40.90549104378032
53450,42.18418285698617
53451,44.198531986003715
53452,45.31526772879151
53453,46.12785328059497
53483,27.54189817535298
53484,30.052302707648447
53485,33.409121241650226
53486,36.37270457235482
53487,38.59877893969276
53488,41.09061713234329
53489,45.37508770342871
53490,49.475653068666404
53491,52.552596727620006
53492,54.737818369139745
53493,56.27671607428822
53494,58.3852751433076
53527,39.24111325839747
53528,40.78390378748985
53529,42.31694758961223
53530,43.97334254989599
53531,46.095119092769444
53544,26.05992903809092
53545,31.57171989823122
53546,35.22608645560956
53547,43.50208706383242
53589,52.17550195145121
53590,53.51514726807868
53591,58.070548725686194
53592,59.511441654267855
53593,62.62115269266847
53594,63.92006646946426
53595,66.27429761876901
53596,67.46102766078113
53597,69.00028238276639
53598,69.15271291410264
53599,70.37967779618678
53600,71.59770089887503
53651,45.06049024622681
53652,52.394880016006354
53653,54.709172496515734
53654,57.300780017912736
53655,57.81286087480919
53656,59.49492071283039
53657,62.121331075384866
53658,63.41311091082057
53659,64.44500975884883
53660,65.90882306882227
53661,67.48350494434179
53662,68.69529681345573
53663,69.40860601126633
53664,69.74580282218976
53665,70.2460536975913
53666,71.96395009554747
53667,27.55384499403187
53668,28.6678926044915
53669,29.686929341613745
53670,30.934226987209648
53671,33.59595642816128
53672,34.46129970038196
53673,36.56355494505233
53674,37.78875033839781
53675,40.486848657999985
53676,44.730701298445666
53677,47.892792530668636
53678,49.030349201871694
53703,31.6857515555573
53704,35.08375809626013
53705,39.48202068181497
53706,45.88979711484204
53707,53.565114307899265
53720,4.130168183217348
53721,4.5932488816493136
53722,6.375919440203404
53723,9.400210482901494
53724,12.358929530962728
53725,14.76268781927104
53726,18.914480232870837
53727,21.665453707715535
53728,22.954195597695623
53729,26.886967743135564
53730,29.06669473866736
53731,30.429822099868147
53732,19.306570283060257
53733,23.052013939557042
53734,24.329875192283875
53735,26.900809598543653
53736,30.834852929509374
53737,31.237616044913246
53738,33.096638935755394
53739,35.52247003296804
53740,37.455845826091945
53741,39.658395017127305
53742,40.60553289722997
53743,41.30257122915195
53794,14.854087960645714
53795,16.60610406599647
53796,20.207760551661828
53797,25.253200164617688
53798,29.209747447299872
53936,50.78221854789472
53937,54.97025669244438
53938,58.41340869262391
53939,61.425888195218135
53940,63.95553269090452
53941,66.14389901556292
53942,67.75698387205657
53943,69.51994445682514
53944,69.30303950508853
53945,70.27266402703746
53946,71.75676021908808
53947,72.15480544169456
53954,0.17138617333418224
53955,0.1567898209538369
53956,0.8910881958375244
53957,4.274324836460988
53958,5.458664791251852
53971,27.085195451843003
53972,29.58713438980855
53973,30.54873499442336
53974,32.51143939994188
53975,35.275389113126735
54001,24.916920123875677
54002,29.36320219004525
54003,34.16993295278809
54004,38.27369909278117
54017,22.04448961898094
54018,26.043782871770265
54019,27.53631659438964
54020,28.562389934574167
54021,29.64967513157684
54022,31.450520034057554
54023,32.94792883725435
54024,35.38032427972412
54025,37.21598725448319
54089,36.024977536445384
54090,37.21860988002588
54091,40.40438425570146
54092,44.44567080514012
54093,49.562715458379685
54094,52.34599232026217
54095,58.48392046446736
54108,50.879010235698544
54109,52.429029329092145
54110,54.785474721063636
54111,55.544782489983575
54120,6.243061666064556
54121,8.420288867792701
54122,9.810703814378025
54123,12.559737061967173
54124,14.106213194890278
54125,17.684032279861874
54131,4.090173707517648
54132,4.365088199022259
54133,10.514169070963108
54134,11.391350605661561
54135,14.686386647992695
54136,18.164250480007794
54137,22.700410628642892
54138,25.991302216614297
54139,29.194583292532133
54140,33.23364468179114
54162,29.527441634408472
54163,35.408123205750634
54164,37.5096227060749
54165,39.582819945841315
54178,0.042658440680462
54179,0.9760304855988334
54180,3.2695560343992605
54181,5.921001032043574
54182,9.539105468709094
54183,12.002679695060346
54184,15.277760189175845
54185,16.019420534623766
54186,19.223235152770876
54187,24.40888214783136
54188,27.9297250418821
54189,33.14171323240494
54202,65.08402269811263
54203,67.2856824387239
54204,70.3687364575098
54205,71.0419336783655
54206,72.73763879638832
54207,73.48579210691454
54208,73.51276026660393
54209,76.21970976954654
54210,77.16559534891232
54246,4.97518327979993
54247,6.079485237086553
54248,7.448225702573451
54249,9.677904944391031
54250,14.057970046898324
54296,46.845417141902054
54297,48.9913311626103
54298,50.1081649168351
54299,50.62785174020251
54300,50.85540906932177
54301,52.06928974318898
54302,54.220510451462836
54303,56.78107927257567
54304,58.66691611534215
54305,60.652612853707595
54306,62.20397439175723
54307,64.40064962022369
54323,16.74296367091187
54324,17.01508533986181
54325,19.034758739460614
54326,18.94225343202195
54327,15.89614380936421
54328,16.35543478750549
54329,23.066722096219028
54330,26.402242948244528
54388,27.05957572410303
54389,32.87112835633718
54390,34.4918089557295
54391,40.18683817079686
54392,42.26394791992836
54475,5.249933948281711
54476,7.719710965102989
54477,9.61266059212902
54478,11.291647861648416
54479,13.213089803299273
54480,14.750611019753586
54481,16.561591872248933
54482,17.74731139932836
54483,18.733281157298656
54484,20.402704745572187
54485,21.18189197148197
54486,22.944534475027478
54493,29.491370332063173
54494,30.510414329376182
54495,31.543089141660584
54496,32.97077143320507
54549,15.112402117023498
54550,17.099734598241735
54551,18.77598945028481
54552,22.41361621931719
54553,26.43085825505425
54554,28.75593547278546
54555,32.14905810464083
54556,34.79246344031951
54557,37.95540018435515
54558,39.42944795309872
54559,41.927987128677266
54564,1.556241303991745
54565,4.459378508048539
54566,8.36868973192778
54567,12.053915990265592
54659,10.502147093288679
54660,15.419598912383785
54661,19.31063233992443
54662,22.76151860378374
54674,18.88843243269266
54675,21.511944028231973
54676,23.994242421254974
54677,25.438199629116923
54714,19.065433329973793
54715,23.18147150044773
54716,25.054000022090214
54717,29.215905053079513
54718,33.24471738859411
54728,34.081723109484656
54729,38.141476290664244
54730,40.024415587504095
54731,40.827961196581086
54732,44.96532898446192
54785,27.0124869831115
54786,32.20265886807245
54787,32.68895394828872
54788,34.98127116131119
54789,35.29412329124723
54790,36.471261273248125
54791,15.531137550875618
54792,18.44747911490162
54793,19.438050427966225
54794,20.28983920953983
54795,23.50566675653355
54796,26.80229992969476
54797,29.089313708120642
54798,33.48827750554526
54799,34.554111415602534
54800,38.40023693685546
54801,41.76108836962099
54802,43.94293619345312
54851,22.49321324196462
54852,25.92948659787233
54853,28.893417057938002
54854,32.303521188166606
54935,39.89221964537204
54936,44.59395292315003
54937,50.07227981750959
54938,55.84232384467519
54953,56.222180963238046
54954,58.514923910439265
54955,62.02404348610729
54956,62.200859252830604
54957,63.69088959363188
54958,66.16711640060615
54959,67.37060361577342
54960,68.95176368296447
54961,68.54370681182941
54962,69.0952912728007
54963,70.36312579090868
54964,70.58451179788021
55017,37.47646086076504
55018,40.20288345562081
55019,42.35865881313019
55020,42.392090447108686
55021,43.178846550951064
55022,45.57226061419065
55023,48.30261187788377
55024,49.47414269730639
55025,49.84305935873747
55026,50.82652863833721
55027,51.34914839545705
55028,52.29266337955111
55041,29.63703909297802
55042,32.67960706516165
55043,37.029477557592145
55044,38.68463186072669
55045,40.92796679741251
55046,42.2403028707511
55047,43.38101520451656
55048,45.256371861396296
55049,46.84269440204455
55050,48.60519018130626
55051,47.98229546899433
55052,48.8768213886427
55060,44.97278912933353
55061,46.285530178088194
55062,48.535115991838424
55063,52.73593382848348
55095,35.75586723857219
55096,41.87042074667127
55097,47.2079611849187
55098,55.16028811838904
55127,27.734797405566308
55128,28.997108240337734
55129,29.308628531444583
55130,30.221975142864427
55131,29.709416847092246
55132,32.8395606403348
55133,35.393178121192676
55134,38.53303312474641
55135,44.25191205827995
55136,46.951736020002336
55137,49.30703511618702
55138,50.4337359136887
55179,25.347787117573247
55180,30.969910958296726
55181,33.730138112897194
55182,36.05585410084541
55183,40.58659953633658
55184,44.917961871624655
55185,48.48950913767935
55186,50.29802969882657
55187,51.47776485657382
55188,52.551975384983805
55189,54.24206394322455
55190,54.70555576354775
55191,56.66697661340511
55192,57.351728242886864
55193,60.148103118476705
55194,60.761411075470924
55220,14.655955991961587
55221,17.260966550337063
55222,20.78429489281408
55223,24.692179223967774
55224,27.020093445937515
55225,29.70071630354581
55226,32.34150232014523
55227,34.42504171731745
55228,36.589063450891025
55229,39.8222350266539
55230,40.90833824803278
55231,41.64844489579843
55261,6.575517878411627
55262,10.376699272224304
55263,11.026907874600113
55264,13.510607829477959
55265,15.822123099240281
55266,17.696219906269704
55279,44.03824830009488
55280,48.79082884051699
55281,49.65352033525936
55282,52.422272174488945
55283,54.69129193380712
55284,56.91358595047387
55285,59.222367956209254
55286,62.221976597809316
55287,63.13032352042474
55288,64.37891062832219
55289,65.08904008487067
55290,65.79369340583727
55349,54.56692322807296
55350,55.78147786191124
55351,57.469979247965945
55352,58.08192322225284
55353,59.54271753531327
55354,60.245237940370636
55355,62.24368734444852
55356,64.1808791562481
55357,66.18879909884075
55358,67.34559228275414
55359,68.7478769729918
55360,69.84711133915359
55517,9.296922569175589
55518,12.045939213239688
55519,13.156710567449782
55520,13.927481734651625
55521,15.115572406815279
55522,15.97086277322261
55523,16.726657118056636
55524,20.060005640485837
55525,24.164576004108635
55548,24.199473640562974
55549,24.58413786629735
55550,26.493329362013593
55551,27.482617918329037
