Index,target
66,21.999967059221667
67,25.94547222827556
68,27.53639537855624
69,30.80978306884633
70,33.24379701187258
71,36.637253197813685
72,38.78130707254496
73,37.97119482249733
74,42.51075612658477
75,44.18688186768623
76,48.33831203440199
77,50.86944721397675
141,25.128337172114744
142,29.466591769182905
143,32.873302597505784
144,35.600248316845175
217,28.00957385571267
218,32.868314534772814
219,36.08656842732537
220,41.85860106098052
221,10.632999527667257
222,12.0289259486227
223,14.680786376315222
224,17.41318714522087
225,16.858038894204046
226,19.203911284892765
227,25.549258318735184
228,29.79571103872359
229,31.3579686009929
230,34.03698706595936
231,36.66820224767201
232,38.765188913236834
233,39.165372397553014
234,45.6359710884579
235,47.92923594908616
236,49.46168184397105
237,51.064571468534886
238,58.000979187057006
239,59.841992642901324
240,61.63949489939275
241,63.98994197089728
242,67.67633929413748
243,69.28572734638406
244,68.72502032951617
423,15.198004968081566
424,17.536537765389607
425,26.21321392397268
426,29.518138184997333
427,33.08681063927993
428,37.32457512055756
429,38.35533810277466
430,40.8771453725596
431,41.570991135498375
432,41.930334380994914
433,42.12743213925146
434,44.25293708142447
447,14.609483276166573
448,19.098485903040604
449,20.50680759541837
450,23.95419066141443
519,29.061295863123632
520,33.75283745453627
521,38.948498328142456
522,41.69567353629016
554,21.074372277638513
555,26.771992985466316
556,35.671140444770344
557,42.09300851178542
558,44.381576575052954
559,14.100413666531821
560,16.797088570859646
561,18.428724604347536
562,20.66495752756283
563,23.843297659970375
585,28.07529679852157
586,31.481060605664865
587,31.49143782511512
588,34.36552057012887
589,35.54405154162263
590,38.31771022202809
591,39.01331443280459
592,38.73184994961096
593,40.1199947737569
594,43.42847194335158
595,45.69481768192031
596,44.09367281309179
606,23.295635299283934
607,25.481355075905928
608,28.34291267671178
609,28.975009796247267
610,30.49922956518559
611,33.0873694617377
612,34.74311342282484
613,36.828147764551346
614,37.88301278938919
615,39.789306928748594
616,38.72244687220471
617,41.40537547104832
618,28.79548852129571
619,30.83281501794624
620,41.003100441286946
621,45.88859017376856
622,41.85580770342196
623,44.55146653610812
624,49.31572504248464
625,53.64984552125874
626,60.27138645187543
638,40.79284833430209
639,45.862132599611726
640,49.15441150549926
641,53.00729240231199
713,47.400632449317115
714,50.871294762890344
715,51.67230298612951
716,55.99739062517147
717,59.01632892686392
718,59.714693464419845
719,60.095042583457804
720,61.24771251573754
721,62.81402955166852
722,63.21731811331097
723,63.75952075934892
724,65.74179169240547
731,27.26657665355055
732,28.8240452055372
733,29.186301256040814
734,28.135992555421048
735,29.324939521538017
736,32.30778881121338
737,34.99680398886739
738,35.93144013304113
739,37.27185730764856
740,41.71859740599434
741,45.031002018831174
742,47.50145420116801
759,32.15166215780695
760,36.18522416176925
761,38.50944049032489
762,41.05273715873733
763,40.99590212360115
770,33.17059382848116
771,34.79459421412445
772,36.15091526552217
773,40.31184218283191
774,43.19501486447352
775,20.23988581768397
776,25.013164601751463
777,26.35443502107568
778,30.414651557828723
779,33.03407186346739
780,36.67524935301725
781,37.6329273102186
782,40.12932993323411
783,43.19749684820988
784,47.20704276296251
785,50.74345789476933
786,54.679864586029275
787,53.643947536478485
788,50.36166978040606
789,53.13569013417205
790,53.88684149556323
791,57.796807349398094
792,57.831773167376845
822,42.607781081125246
823,46.35582026833013
824,48.648576771709706
825,50.516375438987005
826,55.019379118516504
839,21.168880935820106
840,27.589917440994753
841,29.48482217860208
842,33.64690318893053
843,34.1136919084584
844,37.00332943222588
845,38.923229830303285
846,41.795573139221325
847,41.740276686002154
848,41.426747101195396
849,44.11209489477832
850,44.511339629963146
911,18.184267169536213
912,20.282845853463506
913,24.100204928896847
914,27.68527263551258
915,29.005684906692785
916,32.18020992446123
917,36.28448012880706
918,40.55879278869867
919,42.952427345870376
920,45.703740638188954
921,43.77656839496571
922,45.92421399008332
944,21.291471565794257
945,27.183527813617786
946,29.715350094084272
947,32.54994381682859
948,35.94830980112987
949,38.54748532295069
959,48.826769146164615
960,50.822775759944264
961,53.69799751619728
962,56.04869730391013
963,56.80586910159728
964,58.363563005394575
965,58.613919096270386
966,60.87017127220901
967,62.41985017389513
968,63.283945380633256
969,64.297200069872
970,66.10959075083451
1097,26.087822144682633
1098,30.044734898799653
1099,32.08917356324365
1100,34.216073129518364
1101,35.414231005040726
1102,39.699378751593414
1103,43.026015221607935
1133,37.16309074605594
1134,46.662484538963675
1135,48.893804989292995
1136,55.62718298264595
1137,61.299854339608906
1138,62.22927695403838
1139,30.755726170510247
1140,31.6241759397819
1141,32.438761666220614
1142,38.81562229111258
1143,42.28129946967741
1156,32.05979432555691
1157,33.5698299365738
1158,35.26438624743987
1159,36.57369133613379
1271,25.60825591469644
1272,27.588399651127336
1273,30.76413724932759
1274,33.966940187634066
1275,37.42350277615947
1276,39.563250791532994
1277,42.264653687319075
1278,45.217893481164126
1279,48.6519073224077
1280,48.239575320290086
1281,49.46445512035151
1282,50.39459586790729
1294,64.8881083261339
1295,66.13085536383082
1296,65.34379273797153
1297,68.51879604503648
1298,67.95958167330687
1299,67.65455673438926
1300,69.46522331522995
1301,70.46833055935781
1302,74.30040623658104
1303,73.58269135993382
1304,75.03995583762
1305,77.36428406114841
1318,9.244318208579198
1319,11.934610695503974
1320,14.347464964167608
1321,17.640102369170837
1322,17.806981535102455
1323,20.869768762487496
1324,26.720705934584704
1325,29.43950100693955
1326,34.20839334434318
1327,38.2607170058482
1328,41.945087178190555
1329,47.218755978077155
1443,27.797637485867895
1444,28.263792744660982
1445,31.878677563064624
1446,30.946450448266962
1447,33.947652740704825
1448,34.209300735932636
1449,34.50796098899602
1450,37.04721847517632
1451,38.97970942614341
1452,44.81574175591806
1453,49.96081681208623
1491,25.43012678543272
1492,30.479342846318307
1493,34.60115550584604
1494,39.4128756635927
1495,41.04257339596572
1496,43.19577335508556
1497,36.90639410059863
1498,42.75252550450228
1499,44.90265720028616
1500,46.652336547043184
1501,46.646815136071154
1502,47.40626655357698
1540,44.134227607869924
1541,45.663957201755345
1542,47.89149716382241
1543,50.68084719707164
1544,50.424531800737455
1545,53.63616298209069
1546,56.81670791933726
1547,55.95529105989109
1548,61.61570157717553
1549,61.540064846722075
1550,64.2807329396843
1551,63.92643472735261
1682,40.30005298164349
1683,48.67365547235609
1684,50.9246608303392
1685,53.39183113846426
1686,55.49787902988549
1687,56.971092744968836
1688,59.876122021186674
1689,62.20656216928962
1690,63.33779195466744
1691,63.92461564958428
1692,65.36576754463377
1693,66.98659691987561
1788,0.749657425674767
1789,1.7348247045266951
1790,1.5497399506466083
1791,1.8094732459864895
1792,3.419047809597846
1793,6.31107588552278
1794,8.84270086759627
1795,13.883807496119964
1796,14.96261217684314
1797,18.73155995771069
1798,18.47547785087424
1799,20.57866549752591
1823,17.012475786631956
1824,26.150552864541964
1825,28.16526408430079
1826,32.40240842506654
1827,34.47695675475144
1828,39.137934056262814
1829,42.69350749586954
1830,44.937523237784276
1831,48.9908402929943
1832,53.73312458484472
1833,53.766126530015626
1834,55.60832412455564
1835,15.880245856037163
1836,21.79432797874789
1837,29.523772559017544
1838,32.019488848162375
1839,36.60856056187592
1888,13.823941227159368
1889,14.121235148142018
1890,16.025769538665312
1891,18.34146659455882
1892,19.789278398731565
1893,23.19077738191215
1894,24.477917930883905
1895,27.08149495262632
1896,31.705602371318392
1897,39.82642253484221
1898,48.484703878196626
1899,51.76183403718672
1900,19.55066239136474
1901,29.938756865386882
1902,32.685934498161544
1903,34.14493073721363
1921,20.49532934735828
1922,24.94182224167207
1923,29.53554491609151
1924,30.829539023483367
1925,31.528581617816247
1926,32.058677263649464
1927,33.946543144052974
1928,36.09481581538093
1929,36.489585349104914
2057,19.790280883833635
2058,21.63643553815468
2059,23.416102267631366
2060,28.534666005637792
2061,28.132702282939313
2062,30.23062032868244
2063,31.124557359659264
2064,36.51953472937383
2065,40.78914263735118
2066,42.99042004587422
2067,47.321740745296495
2068,55.63376924520205
2139,50.22209991377748
2140,55.68990099779176
2141,59.192294239827014
2142,68.78116434020072
2218,27.225719603735012
2219,33.46167066329535
2220,35.98997781008954
2221,36.29245944008165
2222,38.530400948292396
2223,43.183596580144005
2224,43.94470988574107
2225,45.77892846208071
2226,48.80618854338462
2227,49.59696200224292
2255,35.245952263974104
2256,36.1022550228501
2257,37.67466259307715
2258,35.856185350191986
2259,37.72956104994514
2260,37.610261405606146
2261,40.169936816644466
2262,46.008334892239965
2263,46.76444864123832
2264,51.58048853280213
2265,51.42294836307834
2266,53.31196671609355
2271,28.759770130934754
2272,29.892489984196445
2273,32.40979721590959
2274,34.04393588213109
2287,21.985710677070333
2288,26.15679436916132
2289,29.057715202353425
2290,35.77904203180758
2336,17.687517056883905
2337,23.566979697787744
2338,26.43949284166965
2339,30.582316669124797
2340,34.27506755536475
2341,37.89621057564296
2342,37.889404149831584
2343,40.307287719388974
2344,42.64778948444189
2345,44.18280859026007
2346,46.40157798142059
2347,47.83122567725475
2413,16.975370650961246
2414,22.050103279626594
2415,22.888879270417252
2416,25.268747568542228
2417,24.505841016603764
2418,27.718367759542865
2419,29.01976989637293
2420,30.711070239710885
2437,35.403745755248906
2438,42.132947894569575
2439,48.830629815812635
2440,57.43228612363308
2479,38.24340983913645
2480,41.97297571178638
2481,44.48857936203071
2482,47.15507160189852
2483,18.19027447613602
2484,21.857626710599366
2485,23.244676132694842
2486,24.336954971087994
2487,27.628227534116483
2488,29.837945503826205
2489,33.65279148422244
2490,37.25108017157928
2491,39.58330868067471
2492,40.553242643748504
2493,41.414001960464994
2494,43.21571656332002
2535,43.597811788677234
2536,46.538157596664874
2537,50.692849466989216
2538,52.78081667074584
2539,58.109918968157515
2557,23.90376964664901
2558,25.220261779336152
2559,27.735980044234843
2560,30.883722510583514
2561,35.26493227636085
2562,37.608071662465186
2563,39.71022387324997
2564,48.354539199610635
2565,50.26024103700351
2566,51.804398393966906
2567,51.648707581245525
2568,54.05122097908254
2573,37.82705279386459
2574,40.19871354881846
2575,41.90474433262302
2576,47.29648166751818
2577,51.06332844072292
2578,53.17841349253321
2579,50.30560821959773
2580,51.69481555366989
2581,53.4073588751901
2582,57.30867110743679
2583,58.90502148559118
2584,60.99088228011539
2585,13.498456616729069
2586,12.303820295041069
2587,14.984145536644197
2588,13.873677079483894
2589,37.368834211593715
2590,42.0406242557135
2591,45.60751390907343
2592,48.242181538950184
2593,51.34790732240951
2594,28.258830561412626
2595,29.859892073007273
2596,32.57717064270831
2597,34.77883238297076
2598,38.64199191721906
2599,40.9633898953864
2600,41.06967690656883
2601,39.99513457738855
2602,40.19655532706359
2603,42.502507003611754
2604,41.44679437489852
2605,43.89253516591172
2606,11.641386184618868
2607,12.55033775120252
2608,14.628524804025098
2609,16.671801399677122
2610,17.57313509825259
2632,52.69006124608125
2633,54.95043593814134
2634,57.436011795176675
2635,59.27065924358481
2636,24.752696284532956
2637,26.93371896140953
2638,32.33252817725392
2639,37.75989500321478
2640,44.48201678074996
2641,47.00961780043273
2642,52.99978378730774
2643,54.320104614676154
2644,55.81072161451087
2645,57.30918022704546
2646,57.996397440394446
2647,59.69825160700007
2672,4.178993679467795
2673,7.128672254398954
2674,9.442727515125286
2675,13.518765911390322
2676,16.661996069217963
2677,19.56592288361622
2678,23.40983511447918
2679,25.989489521608483
2680,28.35104379535167
2830,29.755389163252833
2831,27.189639797133555
2832,27.63797233559027
2833,26.358222996255936
2834,31.301376940326747
2903,4.61552549159622
2904,6.1033577439608
2905,6.854859152922286
2906,8.213748932675673
2955,36.41495376256325
2956,40.31174369640474
2957,41.892464466746894
2958,44.48642629441701
2959,45.85962862777135
2960,46.15488721946046
2961,51.026028132215075
2962,57.08006584910391
2963,61.43015157033161
2964,41.49228739697937
2965,48.181858891789076
2966,49.67742280617229
2967,52.2883560021805
2968,54.89872773438719
2969,54.0835135382507
2970,58.391909099380676
2971,58.217794545221736
2972,62.18496225597523
2973,61.97303301769856
2974,62.64592718316969
2975,64.17614370248683
3006,59.15574555859401
3007,64.16555052199021
3008,66.01687355854705
3009,66.26594060051792
3010,68.96952830018104
3011,68.63205596067871
3012,70.83270991396334
3013,71.5746346434166
3014,73.49982991798291
3031,29.859252479972643
3032,34.50833987227208
3033,43.81746819716073
3034,48.08831643433622
3035,52.72240384504104
3036,55.50324398313619
3037,56.291831804056805
3038,58.8399804883273
3167,17.368258848415024
3168,17.61671349895051
3169,19.952523254284824
3170,22.123351470487073
3175,27.40337750280206
3176,29.13551898893925
3177,32.58435466655615
3178,37.12185562803515
3179,39.478990338594144
3180,42.29396540534344
3181,45.86261152359295
3182,51.56641788969853
3183,52.91870749864536
3184,54.685525601943866
3185,54.65818336572019
3186,58.441646403671285
3192,23.188344751138782
3193,24.545771278092293
3194,28.299073431897934
3195,32.535105955270076
3196,34.931737938750224
3197,4.7475572274478
3198,8.769246637949463
3199,14.546617886214687
3200,16.845553044943284
3201,32.81649767999121
3202,37.77931267280778
3203,40.547107055684044
3204,45.558489735196744
3293,41.55257890049121
3294,40.638584209239944
3295,41.7231940765426
3296,41.88644314225706
3297,40.53248251215289
3298,42.62149883143837
3299,45.91186380859256
3300,49.45286897540104
3301,52.30398702833499
3302,50.468818063199485
3303,51.991671933011965
3304,53.267907526895215
3305,55.016502206553405
3306,55.888002696971135
3307,56.74227966098491
3308,57.970912689812856
3309,16.883691904125143
3310,20.997984147288022
3311,25.846379506730067
3312,31.570076111970092
3313,34.38198608102497
3334,25.18659474811952
3335,27.01908691634615
3336,32.17076987397172
3337,33.928325365218775
3338,33.596281002026444
3339,35.73300544250937
3340,36.46865889921932
3341,39.634047006742186
3342,41.2280351901602
3343,48.88570383143167
3344,53.799460509411674
3345,46.55948343580542
3346,50.71751551118639
3347,53.8050133793198
3348,56.72701504571275
3361,18.182365435298
3362,21.606741128738584
3363,23.166461575793807
3364,26.24328074583216
3393,15.309257492510218
3394,17.894595844503204
3395,19.842111876315208
3396,25.684638448816017
3425,35.78117759364817
3426,39.20592127844296
3427,44.45743781207764
3428,51.65341215615919
3429,54.23915187008943
3430,55.53264111645064
3431,57.842818237949146
3432,61.04969030929723
3472,14.553439208585134
3473,18.0977060604094
3474,21.097767156433566
3475,21.80111389473924
3476,23.77474495502643
3477,32.07600477113071
3478,33.769926886619714
3479,33.88327091250521
3480,36.69802639538424
3481,39.2423915372471
3482,38.90637692375324
3483,39.92427643706651
3521,10.643373344344347
3522,12.126288815792275
3523,14.901963689506058
3524,18.457006439922065
3583,13.175985335065214
3584,18.48582955973837
3585,20.966143657065782
3586,24.353299433690154
3587,26.932983584876652
3588,29.975916611127023
3589,33.30984636847194
3590,38.69102299763725
3591,42.53432560252164
3592,43.060807292894296
3593,46.339804392546824
3594,16.983241236209064
3595,24.265003102223805
3596,26.608805303230262
3597,32.02009575071202
3598,35.00096447043057
3599,1.9589528631665885
3600,3.4196639023870565
3601,6.308187089184596
3602,9.708598907369055
3603,11.602579829335948
3604,15.794090687291922
3605,17.820372073645405
3606,23.376499182193655
3607,25.48198063456851
3608,27.20601034058794
3609,28.573948697834712
3610,29.67474978771689
3644,10.250488016478663
3645,10.73104547070642
3646,12.205476296894455
3647,13.818394400853277
3648,16.645615971203746
3649,18.663381767709886
3650,21.252301995068017
3651,22.785019134864935
3652,26.167023160240404
3653,28.193671975599038
3654,32.34086278230985
3655,34.005199771860035
3812,31.11665849968313
3813,33.88918177166181
3814,37.52245587445265
3815,41.59495475518689
3816,51.52264034612131
3817,55.30250644288302
3818,38.23606561204422
3819,41.093256644884704
3820,43.28757157164203
3821,44.81558999428175
3822,47.426587069910745
3823,49.19692927289672
3824,52.700656929223065
3825,54.949753664930675
3826,56.76603242854211
3827,58.82081251136731
3828,60.26000809030175
3829,59.20979341307774
3886,28.008600535769677
3887,31.103340109920712
3888,34.393233952787035
3889,38.58861025735398
4051,15.59284930681846
4052,17.380227024097973
4053,18.82435852211369
4054,20.203609779260518
4055,21.245744153493025
4056,20.977019362933355
4057,19.704651123171512
4058,21.20208425414778
4059,24.04135746335089
4060,27.745687005791375
4061,30.598358900431368
4062,31.909382650736454
4128,16.68784628058994
4129,18.182915184581
4130,21.428224968493836
4131,24.804029296856232
4132,26.455112393554593
4133,28.303882793069768
4134,29.420887247966768
4135,31.70110585556062
4136,36.02405634640497
4137,37.31200579653002
4176,19.59108981882956
4177,21.50636566865603
4178,24.77109261266656
4179,28.201999946290908
4201,49.15463774602129
4202,47.581790022678064
4203,51.907299705126206
4204,53.820120026638456
4205,53.251426336567135
4206,58.4455019423612
4207,62.418793472382845
4228,54.193807037938114
4229,57.332779626194146
4230,58.857141166175964
4231,61.63874100496584
4232,64.0410209471016
4239,24.200524871506534
4240,28.722678680650475
4241,32.58490076606996
4242,37.53758329485587
4249,23.65206246186438
4250,28.409654078118216
4251,29.648124481935067
4252,32.54090676800488
4253,35.011594119768866
4254,37.70934671212698
4255,38.58865053980596
4256,43.440914845591514
4257,45.70443833241687
4258,47.25404303631425
4259,44.9787119280963
4260,49.435690232278304
4270,43.65153197134829
4271,44.07891624016776
4272,46.66883935964377
4273,48.382440918481144
4274,40.09547181625497
4275,43.05696959845073
4276,46.29311918178761
4277,47.152640480746975
4278,46.79297633516765
4279,48.75815802053913
4280,51.5155968638762
4281,53.66639379759843
4282,55.448821201537
4283,55.60185561645472
4284,58.0079649851196
4285,58.13285397812742
4323,18.730091015845815
4324,21.200716386786628
4325,26.01372964142539
4326,30.030824485079506
4327,38.66255423954573
4328,39.26523317714222
4329,42.4225708800679
4330,44.200797529200635
4331,47.942530714958274
4332,51.562657329244864
4333,51.27746305453562
4362,12.515239396271172
4363,13.335720043709305
4364,13.73471456313413
4365,14.727441696254655
4366,13.59813913653101
4367,40.04665312166868
4368,43.43913986362078
4369,42.53802081453264
4370,40.37420382561388
4371,47.64336841104958
4399,33.53620025186437
4400,35.198191794793324
4401,44.695049982933
4402,60.98481496794764
4403,67.73161059702011
4425,31.91812731241874
4426,35.88990664539267
4427,41.375308508999936
4428,43.89390715515855
4429,44.98006124259021
4430,42.08679537069644
4431,42.83803269066579
4432,44.629979395364394
4433,45.80930999340406
4434,48.11871927541493
4435,50.884325028069355
4484,13.298397582140044
4485,18.317762309009883
4486,22.182237211604676
4487,26.881190937233615
4545,21.26094241535096
4546,24.34035632625154
4547,27.405339180335908
4548,35.256915336797135
4549,37.64962054498658
4550,40.877331566600176
4551,42.094913733241455
4552,45.89527493160947
4553,43.9595818161454
4554,46.85588965392595
4555,49.77279997051847
4561,13.574044844035226
4562,15.13220479525875
4563,16.302217861245815
4564,17.90358813887045
4698,24.809691259164794
4699,27.026264001761408
4700,31.987577789935276
4701,34.74352982742964
4702,37.47061230528018
4703,38.650035748222244
4704,40.41730774704669
4705,41.3836875427591
4706,42.71833110214816
4707,46.11557679783309
4708,43.87298172657596
4785,18.019060761332156
4786,23.30810051800269
4787,30.124608045290728
4788,35.73014899211115
4828,29.376776201580217
4829,33.585711443376724
4830,35.17727203586466
4831,38.03172923225887
4832,43.36921810047357
4837,4.634654304792697
4838,8.059512582226512
4839,11.260253191491906
4840,39.68498806866641
4891,17.344997251185077
4892,20.631913365460054
4893,22.22535022742876
4894,23.363046204439563
4956,58.858547323866276
4957,67.43944041066426
4958,68.22433980424815
4959,70.94067780128879
4997,21.629796751508387
4998,22.425064988742292
4999,25.335905814710788
5000,27.19557922211904
5001,26.835367566501194
5002,29.751775051739667
5003,31.02526227372861
5004,32.04988960620613
5005,36.66095729542132
5006,40.47768543654604
5007,42.30501838061542
5008,46.862734563103835
5045,2.3604942147759465
5046,6.567675655431398
5047,9.312508494750874
5048,13.914525254541534
5085,11.252022331361713
5086,12.906401644900098
5087,13.784357140429444
5088,19.94196496887273
5089,21.242750191229337
5090,25.615847861769947
5091,28.138879230297672
5092,29.520804553303122
5093,31.81632124397605
5094,32.5690711886631
5095,34.15979082102506
5096,36.80228166500497
5097,18.786025738986375
5098,22.09951815291545
5099,24.522037292283418
5100,28.67494592604479
5101,32.3844675948574
5102,37.81057501172318
5103,42.470387891534344
5104,49.09398720424723
5257,7.20739961793965
5258,8.891408760370885
5259,10.988171296031586
5260,14.120070832188453
5261,17.098094654802594
5262,19.717747447617175
5263,22.314087732904664
5264,24.262259469079275
5265,27.75502290371926
5266,30.012051261916653
5267,34.54004201441977
5268,37.21722105885583
5372,49.33029525507146
5373,52.46037029896821
5374,55.83837844008523
5375,59.46930097080079
5376,63.953744178775956
5377,62.020159248208785
5378,63.927709610173615
5379,66.26783974372006
5380,66.36707339525495
5381,70.36427376881949
5382,71.97876411445769
5383,69.79212455041862
5419,18.73926279923511
5420,23.13113931616655
5421,26.33588337623537
5422,29.19799889307843
5423,34.46405805780526
5424,37.54139592192331
5425,44.17497999927757
5426,44.365713662674956
5427,47.357509176034206
5428,50.35648832465761
5429,52.80580658058048
5438,47.356391765931036
5439,49.277613532386184
5440,53.55580141987019
5441,58.967521063894274
5454,48.83573944303632
5455,46.19555137223493
5456,46.68950058631288
5457,46.24557893338735
5458,61.179840905982374
5459,67.3936606976567
5460,71.91517884739181
5461,73.28080796281917
5494,14.428861826999144
5495,18.055491114937595
5496,22.208610897004007
5497,25.03946658797772
5498,24.755327762552607
5499,31.220584369622383
5500,33.4148781838746
5501,36.46614720147649
5629,3.508027356290738
5630,5.013574966231937
5631,8.058021035625837
5632,12.05295549037469
5633,34.66233676596975
5634,36.516819343864526
5635,39.776807060500545
5636,41.489339118243485
5637,45.96908692689774
5638,48.41557215712873
5639,45.69595228006486
5640,47.44281972031469
5641,48.66492326011566
5642,49.536764776559245
5643,50.30495572417575
5644,51.69393635596703
5645,8.11191172885587
5646,8.397860154319789
5647,11.186854324346246
5648,16.00259716695779
5649,18.517553608493774
5650,25.489190999153763
5651,28.081869058114375
5652,28.391839970011414
5653,30.857729211257418
5666,37.72613690630576
5667,39.843069443958704
5668,43.257699444695874
5669,44.123672066512285
5670,44.218983009908996
5671,46.19761310289505
5672,49.57098409424425
5673,52.330438519177825
5674,54.926018396854204
5675,54.868448792405914
5676,56.54629670847279
5677,58.413717828385536
5732,19.281094098296812
5733,24.74769244547536
5734,26.509817466074395
5735,32.76060627104179
5736,36.531687815722655
5737,37.94627014729432
5738,40.871080989890075
5739,43.57463776552384
5740,45.75137809908579
5741,47.61880230940694
5742,47.885048915555885
5743,46.90158058140116
5863,49.57240235476488
5864,52.46534192849193
5865,54.443974534697546
5866,56.10732570870851
5867,59.132559467215465
5868,59.663030119116144
5869,65.210311153942
5870,66.15420624550936
5871,65.08868362105345
5872,66.45138552881023
5873,67.14425032212732
5874,67.92261129743179
5907,35.67604329208092
5908,38.51058096347801
5909,42.54364862994272
5910,47.63536161366709
5911,51.84173976564251
5912,56.56572078255911
5913,52.90666432523776
5914,55.62065554818757
5915,58.33373273875398
5916,58.55205489627105
5917,61.15213091751492
5918,62.57614965231919
5940,26.512700164773012
5941,27.932229233260887
5942,29.470610117526835
5943,31.841270297547425
5944,10.817043935994688
5945,11.64050974015122
5946,17.50755172239411
5947,19.444185839227764
5948,24.416756840458667
5949,28.240146941428613
5950,31.982510894596118
5951,32.19049678807531
5952,38.25989766402718
5953,41.264238218797544
5954,44.605932995131255
5955,47.40009359036085
5980,28.106416321304483
5981,29.59899281056364
5982,35.184497291069164
5983,39.89480453975354
5984,43.931210558842295
5985,32.783656545152034
5986,33.618044622035654
5987,35.79610280737518
5988,38.79575231024596
5989,42.86231558514924
5990,45.53478993325635
5991,47.09234131757747
5992,47.681334151883206
5993,49.53820866533178
5994,51.318405372270064
5995,51.52299845472713
5996,54.8815302278995
6001,29.911263782348996
6002,30.49048488463811
6003,35.85393906010073
6004,44.21615732033857
6005,53.2980474854011
6006,56.30566155497108
6007,66.94041281154084
6008,69.86779382479392
6021,35.28332589283103
6022,37.20422150032869
6023,51.35225889042731
6024,53.17540530365407
6025,55.539948927788686
6026,56.204654530021266
6027,58.54593968316851
6028,59.068233054621565
6029,58.554986915366236
6030,59.93412433867676
6031,60.51231831502887
6032,60.90713971325631
6122,35.462116464999475
6123,35.851106514296525
6124,40.43192659539093
6125,45.133221408074654
6261,38.29928132132034
6262,40.988153097787134
6263,46.06146897708947
6264,51.07904213147633
6265,53.52608933529388
6266,56.343101323089066
6267,57.40849583540661
6268,58.03246985436702
6269,59.26223713785247
6270,58.77186723908513
6271,62.08844484722672
6272,64.23332322320329
6313,45.65461950776863
6314,46.269783603063146
6315,50.64381218670524
6316,50.02571347058984
6317,55.96401047189558
6318,57.370030992940144
6319,59.71701822634708
6320,58.68436029863456
6321,1.3874827120232525
6322,4.527204571885986
6323,7.195727007416957
6324,10.619881479557135
6325,13.331450564261276
6326,17.118190835479687
6327,19.340714616266947
6328,24.59943488120496
6329,28.684831234465644
6330,30.044725646645162
6331,31.041549594990595
6332,33.395829988258406
6348,5.313939936317051
6349,6.443666892851318
6350,9.320560137527119
6351,10.787735853096681
6352,11.339967338526113
6353,15.583330041326999
6354,17.581971327324553
6355,21.53106629846067
6356,26.891809878675694
6357,29.724948566560194
6388,29.146632143990388
6389,29.559118104822723
6390,31.024706325640217
6391,31.59880407673982
6392,34.21374565436508
6393,37.236772468165675
6394,39.630827265860276
6395,40.88551281790109
6396,42.88055127740218
6397,45.86333632221699
6398,47.565833865071504
6399,49.18140246187551
6462,10.936543169424096
6463,18.357479274566437
6464,26.433956749505867
6465,31.14784197783243
6486,12.553726380944319
6487,11.887096740014178
6488,16.38593259903482
6489,19.971234017083926
6490,22.443539092787667
6491,26.835347056455934
6492,29.258216090223982
6493,29.829459028444408
6494,35.449935494970156
6495,38.151221831589865
6496,39.48341943428917
6497,42.50103316898064
6538,27.628303042944346
6539,29.03301713360693
6540,32.77678224311428
6541,34.922027722828204
6558,33.69579625970858
6559,40.74806863468664
6560,43.176656972267594
6561,45.027455775253834
6562,12.360438021498217
6563,16.22473871941681
6564,19.0632604310217
6565,23.72034170207696
6566,26.448602986587094
6567,27.120748559619717
6568,29.291579537721795
6569,30.580376476573285
6570,35.34869842695267
6571,39.56795775927047
6572,41.5984730913555
6573,44.07653984333457
6574,27.536340711895413
6575,33.14805863822266
6576,37.94743723483444
6577,39.79367176073944
6578,43.34039121336553
6579,35.41606093584393
6580,34.234436873707324
6581,37.43755505361066
6582,37.85987092162123
6603,28.2947906640566
6604,29.57723657752563
6605,31.315770676193907
6606,32.930004682681556
6607,31.934621997534073
6608,35.74054989877022
6609,40.555755510441834
6610,42.74687196278473
6611,41.779479753120015
6612,40.58699419417124
6613,42.91839317234166
6614,45.717611695120894
6643,5.672387229701534
6644,9.083489437822582
6645,11.700184166997746
6646,13.177216687391962
6647,15.422700958815891
6648,17.458024256371203
6649,17.78378452695286
6650,17.906152749092527
6651,19.943083111294182
6652,22.20356705430628
6653,24.852816599817384
6654,27.299153269742707
6663,28.769615684147038
6664,31.77285789168868
6665,35.73428031134127
6666,39.31026308574674
6667,38.56013924227384
6668,40.77414829609689
6669,41.855162636030364
6670,44.56633292182076
6671,43.256207562322736
6672,43.52834596388379
6673,42.522652812869815
6674,48.190100694388306
6675,22.81297950323957
6676,27.402262079803343
6677,30.165275109757097
6678,32.758637780529064
6753,48.71811101655818
6754,57.55444009609713
6755,59.0304557796681
6756,62.1975438891394
6757,39.790599394932805
6758,44.46859972228363
6759,49.896342971362195
6760,53.425092247161174
6768,46.53240004507374
6769,50.608696639568024
6770,57.416555135092594
6771,60.18445634406154
6772,62.03408025114653
6773,63.29498585177589
6774,64.85306093237797
6775,61.90741629443131
6776,63.870669222795065
6777,64.77613361704569
6778,67.85671379111115
6779,65.86262570816649
6788,12.32905244249825
6789,12.900815946811274
6790,13.387288776859727
6791,13.802012165087765
6792,14.465944264418377
6793,16.7954373782878
6794,15.984029491525005
6795,19.56937991216625
6796,21.96762076277302
6797,25.06487755754766
6798,30.62787602760125
6799,33.80053583272196
6842,35.872254496917954
6843,39.84575192403109
6844,44.71777412108324
6845,46.21606445836437
6846,49.00142026680523
6895,30.763512636951692
6896,35.06718398177476
6897,39.603798101374935
6898,45.16406473694659
6899,42.88182695719669
6900,44.08089461957604
6901,46.09482333162593
6902,49.72321982779516
6903,53.47803976209647
6904,54.0422764111871
6905,55.51423126255581
6906,58.641737288793315
6907,59.879109936643594
6908,59.43487818211177
6909,61.15966072140312
6910,60.779723941461576
6956,32.78812736229002
6957,37.89207042693907
6958,41.98915805955252
6959,45.07450097332633
6960,48.93776507689901
6961,52.71374415733997
6962,52.99563453432178
6963,55.58280586409292
6972,24.950452545515546
6973,27.807257200917416
6974,29.79079596035515
6975,34.043158690751774
6976,36.10920273838466
6977,37.95774122880579
6978,42.320434156935
6979,39.291539824887224
6980,41.918988760044236
6981,46.44504826677329
6982,46.94444402032421
6983,51.05351779418776
7052,33.03381130491662
7053,35.31665719824166
7054,37.67371239893343
7055,44.79672371281831
7084,0.7933308840209268
7085,1.0863534870564702
7086,1.6785633596281184
7087,1.3411439856516583
7088,7.0750143761612945
7089,10.606423124583587
7090,14.492855318690294
7091,17.270875883283054
7092,17.712371240305988
7093,19.41220248397467
7094,18.42034177100807
7095,19.761952647809473
7096,31.200511685074222
7097,37.21248518774726
7098,40.44731999503471
7099,47.900375738844275
7100,55.96356922356156
7101,38.393475849774006
7102,39.06468624678651
7103,42.21271215171292
7104,45.796989286882656
7121,17.827988821614174
7122,22.15571221017041
7123,30.29141021252747
7124,42.84824124951232
7134,49.54921669564352
7135,53.04320759640732
7136,54.85967028537956
7137,57.70752925762951
7199,22.006497084194805
7200,25.57926983130983
7201,34.6905283021788
7202,37.288637383003696
7203,38.53792465683694
7204,38.35866989956706
7205,39.146736469702724
7206,42.757615988087906
7207,41.65315846798057
7208,43.37950004503014
7209,44.2879734807692
7210,46.76612410640457
7279,16.401791059601813
7280,17.50434974798333
7281,24.10653507528281
7282,26.17773979678799
7287,19.29178412375935
7288,23.643506779511657
7289,24.52699057679699
7290,25.99020173282087
7291,27.856550447727372
7292,31.882331349565582
7293,35.05019607903518
7294,39.06265268912465
7295,40.77996237968376
7296,44.587835217029394
7297,41.93695017388678
7298,45.67910651815307
7371,4.761441158709483
7372,5.667897558589659
7373,8.049477196545666
7374,10.699575447816983
7375,13.725266263492564
7376,16.921383646873483
7377,19.099320529162178
7378,21.16042204818511
7379,22.24243535190175
7380,24.629796833587356
7381,27.758822518427394
7382,28.093219793590233
7510,43.216544913365915
7511,45.82849568746557
7512,47.864443181733805
7513,51.26734446730443
7514,53.35710763240211
7551,-0.041997959224660486
7552,0.8424904939703145
7553,1.6629907775665018
7554,2.230324507304499
7590,23.022195906016982
7591,26.655743666428798
7592,29.464939009951376
7593,31.719034268594267
7594,41.417231265439156
7595,40.17016912479763
7596,44.61434305633143
7597,42.76226559789847
7629,25.402807720242688
7630,27.04308687620318
7631,28.339270707788785
7632,30.44870025417377
7633,34.54544513287958
7634,42.29049667461475
7639,30.55253002939085
7640,34.70171854604335
7641,40.268797137654595
7642,44.85206808028423
7643,51.8016396011707
7644,53.264821110324576
7645,56.39772999396019
7646,58.59046320325237
7647,60.23790890783438
7648,9.695792418065647
7649,10.112993513727883
7650,10.97664922565971
7651,12.299879705253069
7652,13.195722791794614
7653,17.003735566261604
7654,19.21725562308491
7655,26.064115292669804
7656,29.466641818347888
7657,30.09936038070079
7658,30.430647836860597
7659,32.24517607863151
7690,14.224311574770187
7691,16.76946508267284
7692,20.05018211713
7693,22.624399698795703
7694,24.35467022358176
7695,27.50414914449039
7696,28.414041253996828
7697,30.350104503882612
7698,31.49495017232181
7699,33.72419259157593
7700,35.27549365052393
7701,36.73622001985119
7734,11.814960713935514
7735,14.805245553289069
7736,22.136239278628032
7737,26.406847618826923
7738,27.92413014053398
7739,29.649868660377056
7740,34.83723939305636
7749,4.600865295667592
7750,6.4590185020518165
7751,8.424869294290156
7752,12.265901987601657
7753,13.041671577179747
7754,16.788325939480018
7783,20.574219679306456
7784,25.056678050097343
7785,30.118914507433185
7786,33.17406254795293
7787,32.52409698383572
7788,5.530152183549502
7789,7.304098456749991
7790,8.341634509288552
7791,9.744363834335385
7810,40.32565651852816
7811,45.586488291824395
7812,46.462975412233
7813,51.014096902776274
7814,51.29262194055123
7815,53.0532791247274
7816,54.40943962621511
7817,56.27623281443777
7818,59.34826844852882
7842,31.115529936480527
7843,38.16325599107118
7844,39.79523601294318
7845,43.397223491063826
7878,27.609388289221673
7879,30.40069168497642
7880,31.242455983105778
7881,33.95845322628076
7882,33.535046802296264
7883,33.86621950289188
7884,36.88436745097211
7885,41.530255842736175
7886,45.00918455569525
7887,47.078246569798935
7888,47.62696170464455
7889,47.25354976091027
7895,27.59424125488972
7896,27.184743937775114
7897,30.253018934636057
7898,30.01332068748162
7899,32.96404187678091
7912,13.983402743947817
7913,16.721486361012097
7914,19.59928386979593
7915,22.985155195241685
7916,28.115008012643088
7917,30.541614368819296
7918,32.631490788810375
7919,35.77745867923807
7920,37.59216641489997
7921,37.72295967091734
7922,39.89684450705294
7923,42.60228395330775
7957,34.41199350069192
7958,38.57177049814302
7959,35.41539165310478
7960,38.48450333434069
7961,42.48691703198246
7962,47.15368498799322
7963,50.43048735514542
7964,56.68932119801625
7965,59.353972990614196
7966,60.49975172871107
7967,65.24481241316983
7968,43.66163530249833
7969,46.52476084278633
7970,54.56758148175378
7971,57.46626128858845
7972,60.20285643502327
7973,25.602227950689873
7974,31.854396932065498
7975,34.80299920217921
7976,36.79701259525794
7983,5.120046589346639
7984,6.414236056777503
7985,9.669242852487729
7986,10.55032700134919
8027,45.33887473727296
8028,51.36365742592425
8029,51.774245996058575
8030,55.4983452579912
8031,53.64205886872324
8032,55.49463745206394
8033,54.58663312068252
8034,56.076978064810724
8035,59.33909845705561
8036,61.396057277315634
8037,62.18518002022221
8038,64.26382793578958
8101,23.166327405494915
8102,26.35233130929213
8103,28.06172877607755
8104,34.108660869845075
8105,4.882642439904253
8106,7.286268720994377
8107,8.268956506416506
8108,9.961991870007836
8126,41.74036459625296
8127,46.2457678491245
8128,52.32825269136172
8129,60.34358605907497
8139,33.33921006776081
8140,35.14968920342109
8141,37.32152539601583
8142,40.54916054731412
8143,41.9602489780186
8144,43.30717721242025
8145,47.471560298326146
8146,14.729671323459435
8147,13.867108875137065
8148,16.290014127625273
8149,17.25491546200564
8150,9.114911441753732
8151,10.093958229365374
8152,11.471060768498916
8153,13.343401764331412
8154,14.16351051220812
8162,43.01710504776303
8163,46.47157556690355
8164,47.82623198050508
8165,48.69224616394804
8166,45.85933483301663
8167,47.902524355407756
8168,49.65951180382501
8169,50.66819326116833
8170,51.48799469783264
8171,53.841527787082924
8172,56.4527856835547
8173,57.30155622970623
8203,18.18647415877108
8204,21.397963097887008
8205,24.116058870857824
8206,29.21269853919956
8207,28.736159689967774
8208,37.44148805282826
8209,38.88029554992105
8210,41.070008293177956
8211,45.80164426227082
8212,47.65896065568858
8213,48.9005427730889
8214,54.14739277809482
8215,1.3096086947561612
8216,3.686090576020779
8217,8.94326704262643
8218,11.898819582321213
8219,18.54068174244491
8220,20.886844980434358
8221,20.74810191592455
8222,21.208626719899616
8223,24.416033188871573
8224,28.700118355930655
8225,29.92430611502975
8226,34.614904335394066
8305,15.918300240365898
8306,18.844186496559033
8307,21.104025927153405
8308,23.703068017546087
8309,27.339750316348653
8310,30.10755176728786
8343,14.525574361238169
8344,11.997323932115556
8345,11.723353418234936
8346,10.147666027103226
8468,26.69419203936004
8469,28.688507459692847
8470,33.29516800292503
8471,34.664669224048154
8472,29.09325030155227
8473,31.906119772399098
8474,35.31400243675541
8475,40.890983337039565
8476,43.999614497462176
8477,47.13958852917364
8478,49.37565069779121
8479,54.52176572099113
8480,54.51904089143899
8481,56.107374903562594
8482,57.774275241831575
8483,59.07620429555536
8536,26.041984708417484
8537,32.71910293330177
8538,37.76274120768906
8539,41.82043358355655
8540,11.041118753381667
8541,12.335606787249635
8542,14.71240480705363
8543,18.119849672596985
8544,19.328925278656595
8545,24.807478239002975
8546,26.534296766016535
8547,28.098592789722325
8548,26.71963881378794
8549,29.213762414078595
8550,31.85602976569048
8551,32.80285250592268
8564,27.30552636327851
8565,31.420548044693206
8566,35.39676307955431
8567,38.60999208637415
8568,47.861298861478694
8569,52.08793015989255
8570,55.87700518679376
8571,57.733085884717774
8572,61.887029164695605
8573,60.41037227156915
8574,62.436684768294896
8575,62.924814606592086
8604,14.086439818374531
8605,21.13886713452262
8606,22.11773698220041
8607,24.18286296043538
8624,16.027593779521847
8625,15.799289014019744
8626,17.740069564735002
8627,18.139650332236563
8677,24.69888269888489
8678,29.722108443194156
8679,31.6625228278833
8680,32.03068917217857
8681,31.380375547927432
8682,31.989495127863535
8683,36.063916587162964
8684,36.07285693261263
8685,36.41091063433816
8686,36.147926010896214
8687,39.473466998551615
8688,40.65179136519163
8732,56.321759075126835
8733,61.47568591344729
8734,66.24123211246003
8735,68.78616230547004
8768,36.744001915472275
8769,36.91458851997979
8770,38.36919575092533
8771,41.34345806769022
8772,50.10338591231389
8773,51.79949312019708
8774,55.13965198095683
8775,29.798518099240724
8776,28.833426418419034
8777,29.761361567328066
8778,28.99995512851134
8840,24.520909616594295
8841,27.703074490627618
8842,32.01839989478446
8843,34.21509305811701
8844,35.916521259735205
8845,38.51979582030371
8846,41.96017265087136
8847,44.8322027926383
8848,47.07551757514572
8849,48.16365336343871
8850,51.17559036118525
8851,55.27594360480525
8852,33.213828345368825
8853,35.880453540303336
8854,52.298149245915965
8855,60.7887747628796
8868,44.290702035855006
8869,45.90267520524449
8870,48.235696783368304
8871,51.41902242477819
8872,54.25393586362034
8873,53.70993211521723
8874,56.51556752987361
8875,58.06629286911436
8876,59.84286092615638
8877,60.24575288616442
8878,62.12774626020311
8879,62.86926335738916
8898,30.026007885155853
8899,33.33092948848221
8900,34.95740402819572
8901,31.73058073970299
8902,36.74058161658473
8903,40.22603918883117
8904,41.06799270029186
8905,42.567725727256594
8906,44.41605529890136
8907,50.334547911756474
8908,52.60200035717517
8965,30.917755152266043
8966,32.80889886818435
8967,33.202968041649044
8968,33.039700842089886
9070,30.70056176730897
9071,35.5821662920242
9072,35.19529911045897
9073,39.268409421603884
9074,39.59576047440325
9087,29.810354402358058
9088,35.73914137388356
9089,39.275971676488844
9090,43.09876904769528
9091,15.43965006063429
9092,18.849154913410413
9093,20.659486319623852
9094,22.896731508528205
9095,23.391194912584442
9096,25.912140331221426
9097,27.556469256046103
9155,20.251089525631215
9156,23.47654300060761
9157,26.3217397053197
9158,26.898810026835527
9159,35.32853855583716
9160,38.88203930959385
9161,40.39269284726064
9162,40.692968679742826
9163,44.84611683053899
9164,45.98060048427667
9165,52.17251912720312
9166,52.04688310275652
9167,31.562222025121446
9168,37.33210305864752
9169,37.778279782437565
9170,42.420334031955456
9171,46.48844510320379
9172,50.846204423282636
9173,52.89311953465193
9195,12.09914114089132
9196,12.907131559455104
9197,14.776760938648055
9198,16.880006672156604
9282,24.753395799917882
9283,26.122287231292017
9284,31.35836997747557
9285,33.63940783494575
9286,35.212227287858724
9287,38.29968496917357
9288,40.90771216303709
9313,16.115451912798463
9314,19.646617783084498
9315,21.956318229667637
9316,24.80959415253269
9359,36.16031200712621
9360,45.01713399557962
9361,49.111995386683716
9362,52.645828048081604
9363,28.87561077484604
9364,34.54682514435642
9365,42.840514865942204
9366,60.426351932207915
9367,64.418504433831
9368,34.8990162475885
9369,35.63572228379914
9370,39.33033213359536
9371,45.43479619419243
9372,49.45857803517096
9373,49.894639108993694
9374,51.98181218416473
9375,51.715502643990334
9376,52.274836876966226
9377,55.27779812100348
9378,56.889439742307985
9379,59.460854666358955
9380,25.931954308924368
9381,28.392520378277275
9382,29.185203580092786
9383,30.5531949985729
9384,30.325821581523744
9385,31.412786667556432
9386,33.398216547049245
9387,33.72466373606575
9388,36.31315135306688
9389,38.60268665403862
9390,40.0170821688804
9391,42.43873746135397
9392,22.321440724720667
9393,26.36035392790211
9394,27.345229752410305
9395,27.881321653719823
9396,30.508509560331444
9397,34.29311156739929
9398,36.363040048946715
9399,34.79437927929123
9400,38.0606969894899
9401,43.301959816161386
9402,44.3312668492138
9403,44.28773460044842
9502,23.164516118361167
9503,25.160973591211572
9504,28.295816672856557
9505,27.53095504314464
9506,31.000608209015
9507,30.481276787323356
9508,31.970195325032254
9509,32.181818108473436
9510,33.57353752577646
9511,32.877701421412944
9512,35.46609616347152
9513,36.76573859538407
9514,37.483259058308704
9515,39.01851415055167
9516,38.40358733604133
9517,39.07022227898863
9518,41.38571904288308
9519,43.94404056199467
9520,41.92877912539053
9521,40.02882255699163
9522,42.04556628829174
9543,56.66041847525955
9544,58.91016078913142
9545,58.98832777501764
9546,61.48464916563581
9547,62.342393215993695
9548,64.24201141976326
9549,63.07647538401356
9550,64.49628398418773
9551,65.20361135848714
9552,64.8195722976832
9553,68.43381710133387
9554,69.54407687966227
9724,26.039138316853336
9725,26.296930874736802
9726,29.65311557861859
9727,29.667492065820973
9728,30.607450863155705
9729,29.297313736147835
9730,31.73270338573999
9731,27.9827295569071
9732,39.513437157062995
9733,42.03068567146478
9734,44.97175901953422
9735,49.14459318225483
9778,25.012030396224656
9779,28.155032947345457
9780,32.40139160720533
9781,35.67123547508134
9826,29.956678646836043
9827,29.972404015968586
9828,33.52791438449258
9829,35.35722969026389
9830,37.46662778504165
9831,38.86153025046753
9832,39.15453018464331
9833,41.38393981346507
9834,44.32426462644692
9835,43.924327638775054
9836,43.6663818085273
9837,45.475238019874126
9850,30.00561984087891
9851,33.767826542421865
9852,38.381157760461726
9853,45.291706810143666
9854,47.35726444320221
9855,47.38005347436909
9856,48.495290543872834
9857,53.22903631044334
9858,55.41618934434994
9859,23.869251830477126
9860,30.039627302084913
9861,31.206028413359785
9862,33.753645200271734
9863,35.68138528845859
9945,38.81091835577997
9946,45.31304572223671
9947,49.00780656083323
9948,51.67965882439818
9949,51.39689562336322
9950,54.48796308641253
9951,55.03183524367033
9952,55.98569052358962
9953,58.61827918741427
9954,60.536587304209576
9955,59.3809096512665
10058,15.218125744115245
10059,18.469196787014617
10060,22.350390638527827
10061,23.37447957747376
10062,23.6260779191686
10063,26.048120191521598
10064,29.145598991983185
10065,32.972292523794806
10066,35.726023813449565
10067,36.71591829452814
10068,37.17167688922577
10069,40.93308871729716
10070,42.503891968235095
10071,42.030903898578444
10072,46.349745116116424
10073,45.6534144246984
10074,51.15673790188174
10145,21.40855067048798
10146,23.706070895468898
10147,26.34516142453159
10148,30.388527707148494
10149,33.8292643380841
10186,42.85793990198449
10187,44.992592027117794
10188,47.4003385956861
10189,51.041912114397114
10190,52.00760431202869
10191,52.32890865202606
10192,54.362031914354176
10193,57.819952715314244
10194,59.34408629557718
10206,28.528727096716203
10207,29.403627016834598
10208,33.51840451473064
10209,33.91817957632625
10210,38.286386340920075
10211,40.5878712921919
10212,40.046503218553624
10213,45.55458609299891
10214,47.51185225287587
10215,49.700350007944806
10239,33.449360622883724
10240,32.89952152645427
10241,37.11620508803458
10242,39.935295273283494
10271,9.175102587697785
10272,12.036660916358379
10273,13.068414106911895
10274,16.290219929678003
10275,17.877290903655776
10276,22.735501732362465
10277,28.618512908942698
10278,34.428882083197045
10279,37.37828468137876
10280,41.65162770894572
10281,43.390008587288456
10282,43.60573545750358
10283,10.640667334733658
10284,16.69720418042295
10285,20.11591308086576
10286,24.843077332881492
10310,31.07424949726187
10311,31.854375227298988
10312,34.59932641750111
10313,35.87152160062772
10314,37.98724328656019
10315,40.805802938573734
10316,42.7049150860665
10317,43.86296010504152
10318,46.79776392116595
10319,47.46564691061203
10320,50.5144682295679
10321,53.80609929025744
10322,22.10482811537267
10323,34.27765103273867
10324,36.14166320189941
10325,39.8521285572799
10326,40.88030488685284
10327,33.38546324358532
10328,34.37561662314729
10329,42.94518870615234
10330,45.319874330538724
10331,43.791339722894236
10332,48.29312857731833
10333,50.30524186662165
10334,52.83260438823977
10335,57.206162527465025
10413,30.266323242738316
10414,35.99433769002838
10415,42.93013510484286
10416,49.02563508600044
10477,25.43371114606442
10478,26.248257840990956
10479,30.06303943957926
10480,35.246990214225484
10481,40.99428759799403
10545,21.50054690036949
10546,23.14614144533965
10547,26.6341674854704
10548,28.465013524737174
10549,29.6187019191907
10550,32.32237038375124
10551,39.052643563865274
10552,41.38425212707136
10553,43.101175719412346
10554,46.8494171074592
10555,44.886952565676
10556,44.43294991010181
10634,38.965517080552615
10635,41.294140012223885
10636,47.29730984895927
10637,50.41141196825524
10638,42.39331931002533
10639,43.30625212165108
10640,48.28419811585431
10641,52.37772545464201
10677,17.9624243861299
10678,22.249690439341244
10679,22.561700905470982
10680,24.530666041522736
10681,28.626510954796466
10682,30.91993004675408
10683,33.23877585701515
10684,34.674361709558795
10685,38.31322983213499
10686,38.49050770306993
10687,41.45153143907731
10688,41.791162237662796
10689,46.52989029022029
10690,50.68794835477418
10691,52.30269194170273
10692,59.607737227333196
10699,26.682265262428444
10700,29.00578038523278
10701,36.88449424530872
10702,38.25000604329382
10703,39.96190131434615
10704,40.70343854087967
10705,45.04548720665235
10706,47.317544836975614
10707,51.66254149038856
10708,54.48674500063657
10709,52.91743459096801
10710,53.27279344647172
10772,29.244014129696197
10773,30.96090257609893
10774,34.64778607863053
10775,42.60296211339589
10776,44.38650000633965
10777,46.66572095430955
10778,47.54461173866267
10779,49.689449118634634
10780,53.26754885990717
10781,54.999835521269205
10782,57.464983771347065
10783,59.79833381375495
10793,10.211164818350616
10794,14.75901234122156
10795,19.531956663407204
10796,24.55301350440468
10797,26.36065963698954
10824,46.4371496865849
10825,47.0731047591329
10826,49.00813917131718
10827,45.57686067904468
10828,50.33297623347699
10829,57.3264463416704
10830,60.2298772996634
10883,7.2613380920550235
10884,10.46239827706095
10885,13.451568955057658
10886,17.941462241510134
10934,26.307324957749316
10935,27.927199480675387
10936,27.919111721649678
10937,28.76146103354602
10938,28.30436846337799
10939,31.143296431472045
10940,33.03306765232395
10941,35.55715521746805
10942,35.519202513258726
10943,38.52621617618684
10944,40.61586150029356
10945,43.618531034782436
11128,21.217157564933025
11129,24.582871016096917
11130,28.798186354784384
11131,36.11675732029224
11132,37.3263883419197
11133,38.38325364057179
11134,43.34448669144401
11135,48.276779883944464
11136,51.241934889982005
11137,53.17199231645783
11138,52.13309323506778
11139,52.422893251455676
11189,29.544280130087273
11190,36.3744720107428
11191,37.47530200300665
11192,40.31603854355824
11193,42.67109880303334
11194,43.92605700522003
11195,44.803130448426856
11196,48.46352764763422
11197,48.27803790165593
11198,50.414840984310196
11199,51.87559242660863
11200,51.9500916849269
11236,4.1765772264824985
11237,8.329931729981706
11238,11.415881449134888
11239,14.39757846651176
11240,18.27620260093421
11261,3.068542272808372
11262,8.845030244588875
11263,14.171062543650729
11264,19.521658411422123
11361,47.13874471721806
11362,51.7489718939183
11363,52.57805690151643
11364,56.819569866321245
11412,10.252571601151526
11413,10.938653628271988
11414,14.627065727372257
11415,18.319917242579724
11416,21.073780722652312
11417,23.535219621767187
11418,25.72586452605199
11419,29.6408122375148
11420,30.977628123826765
11421,43.00642479190583
11422,45.29065072684461
11423,50.43702760126396
11424,8.168612932145049
11425,10.07942250101975
11426,16.538786996290824
11427,19.467111101662027
11428,23.372026484669433
11429,37.55990510992362
11430,40.59435325903622
11431,43.384510336632516
11432,46.3965617604495
11466,12.983586230638496
11467,13.226079359221128
11468,19.69537595249643
11469,20.77389461865503
11470,23.083426770376715
11471,25.104864932247928
11472,28.609985563518556
11473,29.6740031842207
11474,34.30814651260516
11475,37.25463538905225
11476,37.36449914210741
11494,26.089910260432337
11495,29.247935080834758
11496,33.56179956904466
11497,35.977181229341774
11539,28.21133840939456
11540,31.671971922401486
11541,35.961479975994465
11542,36.634344420668356
11543,41.5984228297304
11641,1.211611868579142
11642,1.7233235219817353
11643,3.9449253669770443
11644,5.6321769923141085
11645,8.425019291473673
11646,9.816558766524834
11647,11.876545484806394
11648,12.877941868478207
11649,13.84180427229675
11650,17.74886263550202
11651,22.38485193527736
11652,25.692196119087587
11757,35.572786065105056
11758,36.342339738889606
11759,38.467554760600514
11760,41.70714495508109
11761,43.995104770070135
11762,47.167883577054276
11763,53.61858908886929
11814,37.77224930784083
11815,41.30946430816234
11816,42.61050157446506
11817,43.734773048347506
11818,46.055028016260884
11819,50.09960705293989
11820,24.57252486113832
11821,32.838392013204775
11822,39.33886054676578
11823,46.296367733954774
11833,4.580912178690369
11834,3.7744138282362782
11835,5.114213368695889
11836,5.649000193302511
11837,9.584037195882361
11838,12.313968485817593
11839,14.24462256542712
11840,16.65926276067691
11841,18.775095600634835
11842,25.266690007035713
11843,28.544066195567872
11844,29.963983030008222
11995,1.1884612642351726
11996,1.377604259235394
11997,3.4418189815337312
11998,4.911444205398079
12009,37.66209114635803
12010,38.95988049495827
12011,43.52555132950254
12012,47.35884551966493
12013,51.56684856287563
12014,52.212097808243044
12015,55.83322218245602
12016,53.26661589935048
12017,55.03711216436749
12018,59.26427740440942
12019,59.66083117656368
12020,60.40498991518839
12032,40.83029678409164
12033,43.46933946581372
12034,45.60633042599728
12035,48.0091255283522
12036,51.225014801793286
12047,26.397913679920105
12048,27.158983136644597
12049,34.22207116108665
12050,43.02596665238951
12051,47.409435564514204
12106,56.427430045656784
12107,59.79984067206873
12108,62.34522317438318
12109,62.62866460815027
12110,65.73587780491562
12111,68.09384380359181
12112,68.02346744073346
12113,70.79964975201912
12114,74.00581378842826
12115,73.38292376033155
12116,32.95750387882624
12117,39.828079862570135
12118,39.70710500119036
12119,43.18735892164011
12120,47.86003301466244
12121,46.61245306322054
12122,49.8071757396082
12123,50.487024116182205
12124,49.87047397042462
12125,51.15403292343606
12126,52.91134502022857
12127,56.425826240283044
12132,52.84858761636172
12133,57.455898131059804
12134,61.97843395548234
12135,59.509936436174456
12186,24.101126829999686
12187,27.771346727168467
12188,30.780390505323492
12189,32.43665115441486
12190,35.78262849557968
12191,36.994883849270714
12192,37.9424980632009
12193,41.1693427600907
12194,40.32558051441861
12195,41.231410555615135
12196,43.85863440845234
12197,42.32923621313998
12210,35.78797386431264
12211,34.08064488640698
12212,37.74342098142529
12213,34.13776542501141
12233,11.22804283665041
12234,13.530372407898348
12235,15.649913961886144
12236,18.435566143745838
12237,25.999737438058244
12238,27.20698153332785
12239,28.93930177769368
12240,30.389755186728554
12241,30.4945804391944
12242,31.45937267943186
12243,31.226130981844936
12244,33.544294000643866
12245,44.05641567019283
12246,49.381665488255265
12247,50.51955185701646
12248,52.9426537796623
12249,52.366456251588964
12250,55.16604272201195
12251,56.452050821600885
12252,58.01013267903852
12253,57.6833254236844
12254,58.52615804163332
12255,62.4501135876511
12256,62.34941027099741
12269,46.018083757558465
12270,47.04716799039275
12271,50.88715570384569
12272,53.770977918843954
12273,55.294578984338955
12274,57.511080644036376
12275,57.127273604170284
12276,58.100537918756565
12277,62.14438567769892
12278,61.986791090962726
12279,61.929652705517896
12280,65.2178086049243
12307,13.282696691788676
12308,17.251517241010948
12309,20.752397320856154
12310,24.38334816087256
12311,27.983061452360428
12312,31.31240018799909
12313,34.415036699650535
12314,40.58389881250568
12315,42.399768361902275
12316,43.1414920642688
12317,45.03002477318535
12318,46.75208320531164
12363,16.121422689117004
12364,17.97998276641097
12365,19.997084330358444
12366,22.133629121267656
12367,26.108082593276574
12391,33.08870696988935
12392,39.81926075255215
12393,42.075928986514455
12394,42.28293972537344
12395,44.09393292540866
12396,46.03285147149974
12397,48.60424918645079
12425,42.238366616500436
12426,44.21064077637822
12427,44.61343725949697
12428,56.596878390266774
12429,61.70943696071515
12430,64.19292692465993
12431,66.26618710763141
12432,66.35009540413627
12441,23.475926144709984
12442,23.862834079438493
12443,25.181534602968345
12444,27.902869090406643
12445,30.206141981449445
12446,31.984579004499956
12447,36.12685520735083
12448,38.18738747658362
12449,43.03971868160373
12450,43.930480929217204
12451,48.93671354825763
12452,56.13531241883296
12514,7.744310379608949
12515,10.58131594151567
12516,11.085215649110797
12517,12.800964149019116
12518,13.93228448723618
12519,48.23271166985107
12520,50.187632214422095
12521,53.147693695295985
12522,53.30896293176723
12523,55.74938525869119
12524,57.15896077681989
12525,62.33181168512757
12526,63.31501210136825
12527,61.38330332489777
12528,63.29983999877043
12667,31.24862413182635
12668,35.39763203850585
12669,39.06584430583422
12670,42.78968676013058
12671,45.726336250744055
12672,49.92297600167318
12673,53.42728770828751
12674,54.478631124142915
12675,57.20436854206985
12676,59.382548708616085
12677,58.430086695972584
12678,62.60084492147511
12711,32.99817819597194
12712,34.53913088141725
12713,36.271578810291686
12714,43.57867629222332
12715,48.468598874992
12716,36.30869312820748
12717,37.60470370962871
12718,38.296748503535525
12719,39.555127762339595
12720,43.19686061659519
12721,45.53567108772863
12722,48.34121524101303
12723,52.882117423672526
12724,54.06589991522772
12725,54.931638887800965
12726,56.00013581848718
12727,57.80932753774143
12733,12.886155669785955
12734,14.239888110790147
12735,16.34410750621338
12736,18.33863971168877
12737,21.320886646755884
12738,24.70135156457279
12739,28.000902363324087
12740,31.23721992833447
12741,32.41056451744921
12754,28.27650787735377
12755,27.43820669155934
12756,28.799660693281453
12757,30.835852513542505
12777,1.5980831205936432
12778,5.171019809378013
12779,7.630659606328769
12780,10.005925973487843
12781,13.21553033558604
12782,14.787797858838323
12783,17.584781144963653
12784,19.579404108075366
12785,22.28671500282507
12786,24.799572392464732
12800,36.423878982954925
12801,37.340903192984705
12802,39.60631810741934
12803,43.25314983667008
12804,48.65704529196812
12805,50.126658698555396
12806,50.93279982681586
12807,52.16394793494941
12808,53.86210488320437
12809,56.93492227427986
12826,15.040645660189735
12827,14.902722036804802
12828,18.75713797591983
12829,19.524675395386534
12853,6.882503743150327
12854,13.898937980974823
12855,18.02736976163573
12856,21.52152633865893
12857,23.322755713982154
12858,42.726765693355595
12859,46.166635252171034
12860,50.01518131448055
12861,52.99491927997843
12862,53.87395278853917
12863,55.75512493597177
12864,56.357586699657446
12865,57.03335875810763
12866,59.733962428893506
12867,61.538569326088435
12868,63.5743566570927
12875,21.908986364663086
12876,24.685058365174218
12877,27.298883887442024
12878,36.809554300777826
12879,41.5248927308349
12880,44.41884250687807
12881,45.632838802284056
12882,50.51166508960455
12883,53.61079057220065
12884,57.43463795584684
12916,23.891622270891045
12917,25.733685172198133
12918,28.508033562580437
12919,33.78827759867246
12920,36.646062235613854
12933,12.914330704278923
12934,14.574377048534933
12935,17.276316425619704
12936,22.62737360268823
12937,27.298591213732013
12938,29.8091927739488
12939,31.072298339865664
12940,29.927285078182887
12941,31.385232600901006
12942,33.220903328249754
12943,34.90241263382626
13020,27.603466358519974
13021,30.45837259576941
13022,36.56978769513525
13023,40.93200115779987
13024,46.94522954916508
13025,48.905321141607196
13026,51.48097482007476
13027,54.25781642084595
13028,54.21310611267557
13029,53.895435772313455
13030,56.43970797285004
13031,54.085916963276894
13032,59.31252558464095
13033,60.49185321880751
13034,68.98120239253417
13039,13.997616361830657
13040,15.978309101285529
13041,23.036756298188948
13042,25.79478998021042
13043,25.3330737784912
13044,22.028042160584114
13065,10.354253243097874
13066,14.93134918704212
13067,18.858055069949263
13068,20.534560517360312
13069,20.27462114069952
13070,22.372223022774524
13071,26.08338213353735
13072,27.54226543277274
13073,31.96624875061068
13074,32.342182221311994
13075,34.017277848787295
13076,36.053067155499306
13077,7.773627716150601
13078,12.43889000918044
13079,16.75143178314914
13080,22.00132617516696
13081,26.92323569516834
13134,9.236647709226784
13135,16.488762447248316
13136,20.080849041495547
13137,24.93324492346339
13162,21.613898835165767
13163,22.595850546501097
13164,25.651569661673395
13165,27.54162806727358
13166,31.451912994121432
13167,37.46039391379685
13168,43.13531625975606
13169,47.89040567213367
13170,45.07075662518266
13171,47.53030557760475
13172,50.86253361609966
13173,54.20976992543268
13195,37.383592163477424
13196,38.39839342776287
13197,39.87510241864737
13198,38.79138968646098
13199,40.84151632041323
13200,42.6975086553734
13201,43.00914583680604
13202,43.97983160961916
13203,46.570854819085916
13204,47.0936792856934
13205,47.56992243580635
13206,50.63634603296574
13219,17.62582247873172
13220,21.247430400093396
13221,23.467929551069016
13222,25.628996523537907
13223,29.79596341644051
13224,35.29084758588804
13225,44.51234692171548
13226,48.67679101415682
13227,56.1926028408794
13252,21.525793003212232
13253,21.321272972490465
13254,22.298905322427835
13255,21.87414193964831
13256,30.218765478312875
13257,33.01697619414727
13258,37.917120141908846
13259,53.395432050126416
13260,55.40758631071975
13261,59.31324214845316
13262,62.02087182411807
13263,61.38951428520235
13294,32.03474949900037
13295,35.42642666010985
13296,37.575444771376915
13297,40.834438137487616
13298,40.648097771271956
13299,42.98978081734435
13300,43.38265759036092
13301,46.5626529777785
13302,46.01552493123818
13303,48.39959230912366
13304,51.02904842588014
13305,54.74618482124388
13332,43.45491417851526
13333,44.86480845527192
13334,45.46008710960601
13335,48.57202300939551
13336,52.4009878312631
13337,54.26083358419711
13338,53.14629164004549
13339,53.931092801141666
13340,56.03442592532301
13341,57.49824951925368
13342,59.59089814340387
13343,59.45105963392393
13344,1.4392284792880197
13345,3.010814771572895
13346,6.053794729402466
13347,10.379653952901096
13348,14.070110327320334
13349,18.646264521715754
13507,12.79958564636501
13508,18.932936713369195
13509,22.8632209527296
13510,26.495029932075813
13564,53.214294237214006
13565,55.07975311347095
13566,54.53901988946453
13567,54.953486074235634
13568,58.115122826987225
13569,59.691919279123255
13570,59.993042855331645
13571,60.863222379073434
13572,64.49310573801158
13573,66.21677112649093
13574,67.80362301047309
13575,66.90103192197493
13674,8.684619279209924
13675,10.620494733457637
13676,13.388724401026359
13677,14.526656139878275
13720,11.222648161079071
13721,11.37214951077633
13722,14.509513694288927
13723,15.814453320780311
13724,14.980207864787204
13725,19.821991072936118
13726,28.261611567539987
13727,35.99075975153242
13728,45.11860441407367
13729,32.466107660070854
13730,32.81688114223493
13731,37.437744183932864
13732,43.09353773820321
13750,34.16425859396329
13751,38.18948134368966
13752,42.50972805610198
13753,44.92829505588924
13754,48.347777910853296
13755,50.96615686691958
13756,53.16498561326553
13757,51.8857408657991
13758,54.36352918949326
13759,56.09265084281278
13760,59.18918819456435
13761,58.67928862462148
13867,23.59066805694006
13868,23.69037083813104
13869,30.05657837553695
13870,37.12523220619898
13871,38.28052005191402
13872,39.96139605111362
13873,44.765949593810404
13874,46.476102306324876
13875,47.526637759017376
13876,50.63444126800851
13877,54.50703507241783
13878,57.44920215177735
13896,34.87860053258311
13897,38.27109174709639
13898,42.06208482076149
13899,46.309275213027135
13918,35.244375733014046
13919,37.03265395841991
13920,41.728870176151496
13921,46.18745762096499
13922,46.72041963568149
13923,47.96151227865512
13924,47.578760020591474
13925,48.64082051355794
13926,48.43150064291853
13927,53.728923365185366
13928,59.0510106164049
13929,61.10910322855307
13946,13.919732385801884
13947,17.49986399844861
13948,21.92610010983007
13949,21.56708281077706
13950,20.158427719782544
13951,25.146074591608777
13952,28.434663718743707
14097,15.332927263284818
14098,20.014306258304803
14099,27.11003869844305
14100,30.70599634212696
14219,23.16061496710808
14220,26.136052103561266
14221,28.639348334679973
14222,30.485504583444015
14325,49.9720606350285
14326,50.59355961779754
14327,53.84810114492076
14328,54.98697832192331
14329,57.052468117818
14330,57.8539681060334
14331,60.19792028133457
14332,61.40132273012016
14333,61.91651162967679
14384,10.62136009115358
14385,11.515220113928486
14386,17.762443512504653
14387,20.693160558823685
14388,22.95866449564754
14389,25.07870608614224
14390,27.507214494226353
14391,29.865750997526906
14392,31.471226424521873
14393,33.37908756416165
14394,37.34408849618755
14395,40.94827038713429
14396,31.820109425935556
14397,42.96237661878361
14398,49.05071135113186
14399,56.23182600477181
14400,5.835835128708207
14401,8.6927540179648
14402,9.631926178071408
14403,14.367310018540586
14404,15.227623463769945
14405,17.77859544050864
14406,21.302539019774958
14407,25.37252724626444
14408,31.608911305878202
14409,33.59042532374285
14410,35.44608848787219
14468,20.814050649025784
14469,25.818566667977784
14470,31.585082159079427
14471,33.71763083394166
14472,34.95185166881671
14473,35.26848147852019
14474,37.704224829302866
14475,41.10248805749203
14476,44.196558950163585
14477,46.208636004493805
14478,46.560901682949975
14479,49.27287161332768
14498,0.76048552202185
14499,0.5990043222473664
14500,0.7260499970361741
14501,3.3072021694479776
14502,4.578459619777145
14503,7.820658140031904
14504,8.599582936900612
14505,10.78429207383706
14506,12.260049620324121
14507,13.998286382027311
14508,17.72059026372637
14509,17.51784833669157
14510,12.332600738422663
14511,13.709249680866545
14512,16.370225447603783
14513,18.379034435562815
14514,20.42007536134084
14515,21.949686961731825
14516,23.434365869757237
14517,25.122284636160025
14518,27.146869106083514
14519,28.148061812697794
14520,28.455103156351246
14521,29.423007792277357
14535,6.663415410301552
14536,13.133874190675316
14537,17.428799777606198
14538,22.14875040547404
14539,26.72136845535021
14540,27.930892025770664
14541,31.989938599054682
14542,34.721680774155054
14543,37.21286491978836
14544,39.339089018987565
14545,41.314343745562745
14546,41.18102471017924
14547,23.79541126262119
14548,28.994155172737493
14549,32.62083685198742
14550,33.28437896300592
14551,36.82420099631482
14552,40.895483467286695
14553,46.18597039885368
14554,52.33592989574021
14555,55.96629207658678
14556,58.86737648895044
14557,61.303397246432624
14558,63.332474427551
14563,55.20562965817344
14564,55.0455066415756
14565,57.93031562117245
14566,61.42782693674272
14567,62.49872007872737
14568,65.48504213354076
14591,16.247498628137585
14592,23.111533107917886
14593,31.236303103412666
14594,45.96781483525765
14602,42.61799329272646
14603,44.63207365363168
14604,48.9776893520024
14605,51.538703453270514
14639,10.334797698488307
14640,13.768587029981765
14641,15.421678242224248
14642,21.739978666640535
14663,13.254961884992772
14664,13.096404065631654
14665,18.562649430692446
14666,21.471429354905496
14667,25.140090621384726
14668,23.98823204918325
14669,34.033092470838874
14670,34.75454686558124
14671,39.14894269153758
14672,38.937764950478396
14673,41.251350084094504
14674,42.58685549261794
14675,56.736069249946276
14676,58.76834048811647
14677,59.69491685135333
14678,57.948939261187085
14679,64.1557871136086
14680,66.2530198845606
14681,65.64934190473389
14682,64.29771590574644
14694,36.382480084204744
14695,38.89996116400851
14696,40.03445814803383
14697,43.351121404608975
14794,22.4058836420489
14795,25.94689765349313
14796,30.952553666670624
14797,34.191561857005354
14831,3.532386981147469
14832,4.144936566235571
14833,4.960552626137632
14834,8.15902193337207
14835,15.853843052753001
14836,17.6281916622312
14837,22.284496634520305
14838,29.94075540384826
14839,32.67598934854446
14861,38.754845447617505
14862,40.58751302561914
14863,39.48723180795013
14864,36.10979554299238
14865,37.12351503181724
14866,40.891123932829515
14867,42.925493763444514
14868,44.38534812427977
14869,47.76659742122951
14870,47.041893838347654
14871,53.10386177767417
14872,50.12211952642731
14873,37.36319890108386
14874,40.76056403521334
14875,44.21122670609839
14876,48.15783224100448
14877,8.656020418627977
14878,10.563113585212442
14879,12.757964549019146
14880,13.635700755091815
14881,15.649531557093567
14882,19.54916473487549
14977,4.513829448006865
14978,4.299669070725208
14979,5.928470347884849
14980,9.31817466758997
14981,11.784280665922399
14982,13.131922026579451
14983,15.701676467087786
14984,16.186677590054813
14985,20.450748205131294
14986,23.351334193017582
14987,26.877524007137822
14988,28.107313357783756
15001,40.04381018155633
15002,42.82809529255719
15003,48.47553996824885
15004,50.04403914756754
15005,52.70060426414342
15006,52.10150433427344
15007,53.397726376268594
15008,56.58502390492928
15009,58.423497858170876
15010,61.05145671642122
15011,32.549822186398536
15012,37.366349061504145
15013,37.52516925024334
15014,44.48238343624528
15015,47.0714857230249
15016,48.244817249389286
15017,51.99598950747059
15018,55.7891622926895
15019,56.28850975837065
15020,56.38581100025545
15021,58.333508553398715
15022,59.92826269074116
15039,24.245580561397734
15040,28.013383903680428
15041,31.400406345311286
15042,33.30664890078985
15043,34.256160243835176
15044,38.55868046247853
15045,41.70602776515208
15120,56.23998051593891
15121,59.11150053283287
15122,59.85368110269525
15123,60.8224489472116
15136,33.939643397264156
15137,38.7118161923019
15138,39.84187540749086
15139,41.69929768994377
15140,41.3476856390031
15141,43.04972772186446
15186,9.593070388523653
15187,11.118179969004668
15188,13.712864339972807
15189,16.709767663029222
15190,19.951963020673738
15191,21.651817700598826
15192,22.99666598417954
15193,26.471583567805023
15194,29.756712261595094
15216,31.70085502583685
15217,37.44798601984808
15218,45.43556634886686
15219,50.798844234586944
15220,34.81090393323181
15221,37.759857476121
15222,40.20190984265299
15223,44.844409909707785
15224,46.666165269870824
15225,41.3723367736191
15226,42.61052179305128
15227,43.690171162947074
15228,42.97936705018159
15229,42.92915311246571
15230,45.664016707285086
15231,46.7006037830033
15232,21.625762427825663
15233,25.35018605782864
15234,30.720580541949033
15235,33.80808828862814
15236,35.81410176281458
15237,38.15321348726555
15238,40.936460055886094
15239,44.13392693768301
15240,47.337009970687
15241,50.61609419277752
15242,53.447382524005775
15243,56.486806222757366
15260,25.11867604514161
15261,28.372707039618163
15262,31.146486940065305
15263,36.03532811242659
15264,39.28694451178269
15265,44.47286612193558
15266,44.27319835205744
15267,44.59429553891862
15268,46.277196551585526
15269,49.73006103422882
15270,50.97209260337821
15271,51.451094004627976
15281,18.00760124801843
15282,19.36551321455088
15283,21.680588892025167
15284,24.950241926038302
15285,25.12697004594046
15286,29.958812021900414
15287,31.3485333252365
15288,35.2074748121858
15289,36.02280380276833
15290,37.978119847439174
15291,37.6666515174904
15292,38.11247727292617
15574,32.78068808292178
15575,37.539418656224875
15576,38.755884982971224
15577,41.26158117860156
15578,40.2051524669641
15579,41.47261777798475
15580,45.14885800370458
15581,44.793526440393435
15582,48.54953966014795
15583,47.9647521209456
15584,49.204325757684046
15585,50.00143656103425
15606,22.051324888524473
15607,25.458634662818035
15608,29.626487582684433
15609,36.97424987732837
15654,9.892129833087973
15655,11.184540313734383
15656,13.637047199553912
15657,14.909189063877182
15711,43.127345919556994
15712,44.17017892276356
15713,44.955842064285456
15714,44.76777372550288
15715,46.28302576278095
15716,49.74152575684072
15717,51.22450273366633
15718,49.66210303730626
15719,49.43783104036194
15720,51.741973561826896
15721,14.120639609057045
15722,17.80098989273354
15723,20.657816112900026
15724,24.92032673302436
15725,35.56454056456099
15726,71.39256340367103
15727,78.84229594277032
15728,82.49147450344277
15729,82.89077794279378
15730,82.30028160434311
15731,85.1079984780679
15732,82.77225111099284
15733,82.24155901689284
15734,83.21809422043971
15735,84.66997684369832
15736,85.5654901101907
15737,86.94743229575664
15762,30.680603947305197
15763,35.1219003021672
15764,34.91461894674926
15765,36.73052375313735
15766,38.685062404911285
15767,40.552114367952875
15768,40.86422963872535
15769,43.3426621940406
15791,33.77152731632174
15792,36.29105860809109
15793,42.305516097236236
15794,44.52819297445159
15795,47.30161746556941
15796,49.99735402828351
15797,52.15801982284835
15798,53.723365625206185
15799,54.48337866043008
15800,55.23578663796866
15801,58.206024588438694
15802,59.76757096913949
15815,18.281588166456547
15816,19.60872746641924
15817,22.532680481149686
15818,23.58032294487256
15819,28.119536826592427
15820,29.257357821452374
15821,31.06570903122528
15822,33.664969876378315
15823,36.739179155087
15824,38.18085753301538
15825,40.2633572963804
15826,39.38197096064476
15882,1.3569675120718305
15883,5.357680808295566
15884,10.78904407104113
15885,14.607868780597224
15943,43.62539223272694
15944,43.620121052715206
15945,43.06561023611381
15946,46.20049027380755
15947,50.933251194463566
15948,0.8619331137450166
15949,0.7120594990990609
15950,3.515729366684983
15951,6.794539535819066
15952,8.820624173051161
15953,12.306288958945872
15954,12.633969904732327
15955,13.917874543823181
15956,14.767636611874805
15957,15.30486386701455
15958,18.491745686787272
15959,19.013746342244765
15960,31.925867265733753
15961,34.27640446467173
15962,35.05605630956877
15963,35.09552584423089
15964,38.16413857741552
15965,39.91940420201543
15966,42.385037653857225
15967,45.005450624082584
15968,46.99642133049285
15969,49.79269414535147
15970,53.29889076373734
15971,1.7024197429804266
15972,1.1561364707731125
15973,4.168844179918604
15974,8.754826054351122
15975,10.761169363121585
15976,14.568847395853695
15977,16.73662082754609
15978,19.356616953638227
15979,21.427546142735395
15980,23.021340176550062
15981,24.00874619743056
15982,24.94953823159328
16004,28.25789708202884
16005,29.924980860762307
16006,32.16731991039931
16007,35.33085237985553
16008,36.68437723615406
16009,38.98296125867913
16010,38.91710067195461
16011,44.38955987817721
16012,47.63514381531564
16013,48.40874192669658
16018,12.024826943383909
16019,17.053359113196777
16020,21.410784172888476
16021,25.844643747789533
16061,61.758353794990576
16062,62.637520678275486
16063,65.60040241751345
16064,66.12448144823583
16065,70.83529949783181
16066,71.79645094824569
16067,71.10773133946724
16068,72.793928778986
16069,72.86678934801246
16070,73.27959179680389
16071,72.46419871062112
16072,75.86629278960015
16073,9.527079868558761
16074,8.549825944471417
16075,10.239904076571293
16076,8.766159776101683
16133,6.3746279117279245
16134,6.315535014720514
16135,7.839434976581969
16136,10.158645108655637
16137,13.867559594423444
16150,38.423589264623295
16151,42.29265350834636
16152,43.247519683410594
16153,45.255816939234116
16154,48.83540799375635
16155,49.68770373509783
16156,52.7793359962581
16157,57.105864183201966
16158,57.954058220788376
16159,60.64678018157143
16222,30.850779174333454
16223,32.39952093219621
16224,37.04130538422412
16225,40.34038537605094
16234,32.82335615424535
16235,34.76905625709655
16236,38.57837702930003
16237,41.51389007384175
16238,48.27193126476606
16239,49.838642777378254
16240,52.13920105667574
16246,23.21668882967777
16247,29.408070241040782
16248,32.21695151415925
16249,37.1080522583831
16250,40.26270883897123
16271,44.29386058075803
16272,46.632149104565265
16273,49.469348267300084
16274,53.896674281114585
16275,57.279906326538864
16276,55.83203547704907
16277,59.08658722969161
16278,60.65307250005697
16279,64.69008477655191
16280,63.963822310806115
16281,66.0646355576693
16282,66.00592595814183
16354,34.164581452424414
16355,39.24551244446342
16356,41.911032933031976
16357,45.39968875118496
16358,46.781286008283224
16359,50.23070514991975
16360,16.203417696365193
16361,18.220259987672776
16362,20.141780190066033
16363,21.275306834238567
16364,22.729020774754765
16365,24.955243892147628
16366,29.119803054503596
16383,18.92863413520961
16384,22.72511605441254
16385,26.963958055936903
16386,29.627120206481933
16387,31.735200665551893
16388,32.00897723823997
16389,33.48567248224529
16390,37.65409660391467
16391,38.52797720176309
16392,41.82420241192424
16393,46.64962033976186
16394,50.15811599925636
16395,54.83764450090909
16396,57.48466548745582
16397,58.950915382589784
16398,60.20911174172684
16399,61.96902006747174
16484,16.171819308108788
16485,16.178803549833013
16486,17.48917571134111
16487,17.67236848410363
16488,19.438714560971952
16489,22.649989625909274
16490,27.473969536683942
16503,0.6878413652194278
16504,1.1505399094649198
16505,2.1720920501468624
16506,2.6917851179873864
16521,13.083853451671432
16522,15.167231241817502
16523,17.233078901736732
16524,17.66153635905014
16525,20.05594001009267
16526,20.05184175003488
16527,22.170825204094182
16528,24.081154857825588
16529,30.62296012965026
16530,31.008466377671784
16531,32.982245450251426
16532,34.18420066325515
16538,23.481262082926524
16539,26.30504945770246
16540,32.59993658097782
16541,35.41778589436417
16542,40.51662352825428
16543,41.53083920632821
16584,1.5968050828316578
16585,1.9962326940239952
16586,1.796563963335983
16587,2.4233824936782007
16588,6.695690807709846
16589,10.059367509197985
16590,13.009954632740035
16591,17.324424768072266
16592,21.83281555038183
16630,28.63602004466504
16631,31.037446933044723
16632,32.47540846425082
16633,31.963398909809555
16634,34.513398601201665
16635,39.954797723876936
16636,41.894653296987364
16637,46.689700758168705
16638,45.75700887252013
16639,48.41962243328543
16640,50.66603482043175
16641,51.374233965445576
16676,37.71656068632562
16677,43.1873377120156
16678,46.24286727426011
16679,49.901075358210385
16680,55.387767591696765
16681,56.565284731048315
16682,58.26563654301097
16683,59.73760166005891
16684,61.839392479894705
16685,62.14048848167099
16686,64.46105612551553
16687,67.45851572040439
16712,44.93666078548363
16713,48.00255250668322
16714,50.15634153478242
16715,51.3306934124676
16716,52.67708517928938
16717,55.10234612111617
16718,54.49695632842356
16719,56.46880217599996
16720,58.96697770931206
16721,59.91150449373841
16722,61.90454665996504
16723,64.99838641884446
16743,51.39947000334352
16744,46.23726144244302
16745,49.46195698111637
16746,48.181966155771974
16839,13.19673701353994
16840,15.35914935130554
16841,18.2805553677823
16842,20.438551203055212
16843,21.396621698046587
16844,24.060552101851407
16845,29.469086499012622
16846,33.10917534134172
16847,36.540544304875155
16848,38.65380789151584
16849,41.10875303225922
16850,43.88304679104724
16855,37.39749121089725
16856,40.91103624317266
16857,41.89181722551249
16858,43.21640520144397
16859,48.792025680822384
16860,50.23203556032738
16861,53.32802778885732
16862,53.81171963681279
16863,56.37843733904866
16864,60.25371379697744
16865,61.049137237968594
16880,41.759614732282905
16881,43.400661647498936
16882,44.79026247833476
16883,47.59853656667281
16884,47.31943693038614
16885,47.76631783303283
17000,20.516570508999443
17001,23.839754447693267
17002,24.390826493766813
17003,28.635725699917103
17004,31.261202443743933
17005,33.084133610934124
17006,40.11913654273995
17007,44.08601941417351
17008,46.87782511046013
17009,50.209807349910704
17010,51.28523488716918
17011,55.375789908641806
17072,43.40026480577365
17073,49.088673114366486
17074,55.2468105828735
17075,61.24515731739245
17076,43.23745394322318
17077,43.67191155740132
17078,42.34570885754514
17079,44.84867246586788
17162,13.633208444834642
17163,19.352668468469837
17164,23.62740380108752
17165,25.301951501599163
17166,28.027089722543877
17167,35.176021623049415
17168,36.487111182664606
17169,41.942465597731896
17236,8.43892092737127
17237,9.148469292458012
17238,11.559076827519204
17239,14.132792165559671
17240,17.65999674187993
17241,21.048757588881486
17242,22.08587385144183
17243,26.31943419802141
17244,22.598501590332443
17245,24.739518820975118
17246,27.84318759540176
17247,26.749922833012686
17248,29.478662965989912
17249,33.307563730246926
17250,34.389183194895544
17251,38.24650344977827
17252,40.5489987698731
17253,43.597315278095
17258,38.381087640086086
17259,43.9909859929334
17260,47.7718292510236
17261,51.80710554340633
17262,59.57982348912521
17300,23.986988537520137
17301,25.87306560842754
17302,31.449977378884864
17303,31.762110762765882
17304,33.58740546083082
17305,34.23794459927366
17306,36.49867715155999
17307,38.74795083377426
17308,42.39435967315169
17309,46.759055640513765
17310,48.30308392435321
17311,50.48959848260094
17324,22.0332419655055
17325,23.408332540570758
17326,25.722639858120495
17327,29.59152960440869
17328,31.857156299860804
17329,34.59223588230735
17330,36.42648338623682
17331,38.126993773929016
17332,42.61246374358167
17333,44.43284933069216
17334,47.198039688322325
17355,6.197595587378238
17356,13.450921304143392
17357,16.083024398202227
17358,18.7513499595768
17359,20.927975738036963
17360,22.62285794844683
17361,26.128530776076854
17362,27.63481403603034
17363,29.16460092488611
17364,28.932844105657455
17365,29.3146308915896
17366,30.53181831828618
17371,8.020397985269124
17372,12.91907522387211
17373,17.51117968142693
17374,21.80695652487984
17541,18.18293012297449
17542,23.721447049675838
17543,29.096116997051105
17544,33.70181058079771
17545,35.922925921303936
17546,38.16559790954332
17547,37.05031136684205
17548,41.31607417733608
17549,42.27424608597261
17550,45.10801009353703
17551,47.169722249257624
17552,47.223098965195085
17557,19.70087778745203
17558,22.468561125525298
17559,25.675607108627574
17560,30.65161102033692
17561,34.78301697291173
17562,37.92353597592804
17563,38.54222867383301
17564,43.19826491247915
17565,44.63571116339853
17566,43.23792169462824
17567,43.880085082125454
17568,44.79920002532596
17653,5.684996755121074
17654,9.287985237393068
17655,10.574411237354282
17656,13.554162125928244
17657,17.83282323503541
17658,21.11707880346422
17659,23.25667013106864
17660,25.389414128580068
17661,28.86846262537812
17662,31.506724140695308
17663,36.67084035117025
17664,40.11963300052061
17681,30.003389370688975
17682,32.69667125874573
17683,35.11890195121725
17684,37.088860387278125
17685,38.77560390745053
17722,12.0806786460267
17723,16.604099983424224
17724,20.782505697779122
17725,23.38369853224265
17726,25.357607378345758
17727,28.039218424377836
17728,32.915974095992695
17729,34.1682775589896
17730,37.59949563484349
17731,38.99499760692573
17732,39.93051355270932
17733,42.67716147398618
17765,4.2715807849568765
17766,5.1883254154011444
17767,11.733324489228666
17768,13.882824352050932
17769,18.93721760665012
17770,21.056230065050784
17771,24.351448045303318
17772,25.095248671923507
17773,29.38698667372702
17774,29.731558027331758
17775,33.59884834768764
17776,36.40250004671718
17797,28.271810072269187
17798,32.6063655650578
17799,35.301914313235514
17800,39.23540688282188
17847,27.376822284150407
17848,28.879598653377418
17849,30.400533104378525
17850,32.70599819068601
17851,37.82918626482776
17852,42.92766915649531
17853,45.69129865172257
17854,53.5207237849845
17855,59.97388685151474
17882,25.645078744985767
17883,26.800946529176482
17884,30.383379991430136
17885,35.2507662818799
17886,40.28853814736751
17936,8.750675431112924
17937,13.745350437215956
17938,18.679567427439753
17939,21.833049292426963
17940,25.95404312832015
17951,32.65622167625084
17952,38.272920740956344
17953,42.017575875687314
17954,43.90289378162412
17955,45.27283426280437
17956,47.79158409744278
17957,49.86051687028244
17958,50.449500380515346
17959,50.243153943866666
17960,49.51103378236956
17961,49.47863871637965
17987,28.386079885698994
17988,34.017977291589226
17989,35.89201556682262
17990,39.00289260529373
17991,43.84150401685637
17997,33.06827476149804
17998,37.01319375144075
17999,39.01429532572693
18000,43.209045502510165
18001,45.54735973677388
18002,48.08838606182167
18003,48.15069577540313
18004,52.027139745675186
18005,55.87031780258291
18006,57.72390654264289
18007,59.2534887841005
18008,61.37726838765757
18096,20.974391487932813
18097,23.362192645427275
18098,26.602691148540636
18099,29.54351689777901
18100,31.380845142216796
18101,32.60386585600072
18102,2.7303040073745555
18103,3.1530525774628946
18104,4.746642180557185
18105,7.024798318720569
18106,8.317902566803216
18107,11.792728265784984
18108,13.330191443453241
18109,16.22903407231575
18110,17.380422025720332
18111,19.18012351651475
18112,25.965369807847942
18113,27.355328351371934
18124,14.762778590336396
18125,18.8625975706013
18126,21.451901513158003
18127,22.906576696592623
18128,24.416000915058248
18129,28.171744960413406
18130,30.519866476507538
18131,35.83691636822505
18132,40.526791503548
18133,42.1202844858503
18134,44.2214529494876
18135,47.81587668479528
18184,3.5203532863988047
18185,3.460333326606192
18186,3.35877907994676
18187,5.839280339161536
18188,7.096544946162067
18189,12.612054254717847
18190,15.634906345788757
18191,22.255201452809956
18192,25.738506490573826
18193,28.774969724046183
18194,29.550504627228385
18195,31.654913917140874
18221,32.129572970900725
18222,34.826158131536246
18223,39.328695538056564
18224,44.64298994376942
18321,15.635804426822977
18322,18.081105490897468
18323,26.383983147587735
18324,28.74074656714182
18325,30.930397900724408
18326,27.904070798997378
18327,30.758778504704733
18328,33.08707717889292
18329,34.10531657171739
18330,35.379861407410566
18331,37.87890692589087
18332,37.836086819573254
18391,34.41550806079608
18392,33.62719427223433
18393,35.881122328377955
18394,36.08851069802699
18395,37.8895510150546
18396,40.57904627961968
18397,23.519262115494648
18398,23.993317266637824
18399,24.775755241031852
18400,28.40745354334959
18401,30.123680494567807
18402,33.06191847202775
18403,38.967711240354454
18404,43.94170797530268
18405,46.31568178588354
18406,49.30787967324307
18407,50.76604718868139
18408,49.418909926996506
18479,1.1592637611331311
18480,2.4753197444984414
18481,5.399747861289671
18482,6.550862600060187
18483,7.77017463808785
18484,12.105606856983036
18485,14.493466376007612
18486,18.39594692757516
18487,19.214173147924047
18488,20.709983804740574
18489,24.653469221510523
18490,28.153407188062538
18566,12.853888669218216
18567,17.717401989792666
18568,20.7268627253288
18569,23.448695027937887
18570,32.359200620235924
18571,34.44117970963645
18572,36.43877074388072
18573,36.96921552202883
18574,39.019417992548036
18575,41.06706920053443
18576,42.89100352851179
18577,45.34234625352358
18578,49.306254807373655
18579,50.96947958908247
18580,54.015507102330844
18581,54.38196819659677
18653,33.85704601636477
18654,41.288672745486615
18655,42.6925179543745
18656,52.89375335662957
18657,54.791309820054046
18658,58.62087238081611
18659,59.739849561801286
18660,64.54591022281208
18661,64.57316950232907
18662,65.96524950544162
18663,65.65280433510412
18664,66.9096945400939
18665,26.637200313226415
18666,27.57309628845124
18667,30.890871363477263
18668,33.39532776892547
18669,8.535415734124264
18670,10.489777035397454
18671,12.923288996019489
18672,14.577000950552724
18673,16.546001950219406
18674,17.930288907588682
18757,24.367447523484206
18758,28.99204878525129
18759,32.21085532006874
18760,35.73562599902687
18761,38.314165168982065
18780,16.005412776005095
18781,20.388454513888323
18782,23.285973303874638
18783,27.104747873028224
18816,17.25180335813439
18817,22.418286054581685
18818,26.440712688294468
18819,29.205618751506545
18841,38.18641758952488
18842,38.58194550055463
18843,42.08259118398449
18844,43.382342087908405
18845,45.06278095853374
18846,47.9843813121537
18873,32.448678136983645
18874,43.95847740362898
18875,45.926154393647785
18876,51.87915477423825
18947,29.217743783670077
18948,30.695095358126093
18949,29.980091340550853
18950,31.284709537061488
18951,31.895297961801
18952,33.16436147443524
18953,36.84160323754055
18954,37.14944547744921
18955,39.79705689457223
18956,42.05352713311159
18957,43.859198817247275
18958,45.46702587477014
18979,36.7836196864679
18980,41.525722080377435
18981,44.1478189738233
18982,46.15199183074732
18983,40.43631521853727
18984,43.81201725398274
18985,46.316483725208656
18986,46.792055890880924
18987,50.36193737673429
18988,50.687141285484714
18989,54.329982690200296
18990,53.142642444573966
18991,17.979525328799248
18992,21.72550173815912
18993,25.09972509343854
18994,27.561631655224684
18995,27.413118343763895
18996,28.31046743474991
18997,30.5408737015994
18998,32.602577191351045
18999,35.26136326084806
19000,38.92704418632508
19001,40.13371930007182
19002,43.19031646887991
19003,48.424844678239914
19004,48.876393746531974
19005,49.99535551750546
19006,54.02987781826574
19007,54.23829198088895
19008,57.04055924192476
19105,3.8942551253356923
19106,4.258012222608809
19107,6.839113671874466
19108,9.563213755327274
19109,11.140853758399953
19110,17.15651386608617
19111,19.38762527435139
19112,22.209167988904277
19113,25.113175266734554
19114,27.960570674382524
19115,29.929785416106807
19116,30.22062956674488
19259,48.59242033670509
19260,51.69738242073419
19261,52.03401420896067
19262,52.67997876984054
19263,54.69552301296838
19264,57.29802706661947
19265,60.39347934581329
19266,59.30702425035571
19278,33.69345079040538
19279,34.66049828603518
19280,38.73005423186034
19281,41.25508882861179
19312,21.91036503358727
19313,23.415566800391343
19314,26.110666354875896
19315,29.087054762793056
19350,49.38730816584141
19351,51.84816551503387
19352,53.75887433003639
19353,51.68637502164335
19368,24.916457215458983
19369,28.0472999616683
19370,29.998324533680563
19371,34.92751295351803
19372,37.43738050914473
19373,38.59884952075471
19374,41.25323935332428
19375,41.86685672320818
19376,42.98676103876791
19377,44.21303454979553
19378,44.314853218341064
19379,46.7384226688878
19397,16.60201134506079
19398,17.193959693126118
19399,19.210286186262675
19400,19.182274820128168
19430,17.35428279560436
19431,21.407233847785456
19432,24.401620487850074
19433,27.958946845489063
19434,30.567403192124758
19435,31.52435275846348
19436,32.52527846539486
19437,31.554261938279076
19438,32.92198805524048
19439,35.3884839787572
19440,33.5218378007323
19441,36.169146587944006
19454,16.248111080618607
19455,20.841618326219123
19456,22.988466338378373
19457,25.588972070719525
19458,29.420167153360623
19459,30.895263396498862
19460,35.16506162911798
19461,34.921847909328015
19462,40.902944273951945
19463,41.33192144191322
19501,30.568114719312945
19502,32.389346956862454
19503,39.679334491560866
19504,44.392454366847055
19505,45.34283019444938
19506,47.30034435019162
19507,46.832898960160044
19508,47.029514500982685
19509,48.90522047109435
19510,51.86509477019524
19511,54.19250664445794
19512,55.88895159098147
19566,2.4733719389347852
19567,2.822880383187152
19568,5.631958595211511
19569,8.156680367131017
19570,11.835702612769568
19571,15.227201288354241
19572,16.813243965642815
19573,18.11559298858936
19574,20.24649140260493
19575,22.86267763109252
19576,24.362524519947293
19577,28.409108320760193
19590,6.563075564742453
19591,7.503405814649762
19592,9.116753844354974
19593,9.71310938383437
19687,15.662915539406992
19688,19.35532422675577
19689,20.602380403977264
19690,23.104581038261852
19691,25.146030695359524
19692,28.31715933620149
19693,32.0557090662558
19694,36.583867744819706
19695,38.5139665322395
19696,41.56341643283211
19697,45.3534986169609
19698,48.05708987539181
19759,46.40000896045459
19760,46.42331397437607
19761,44.28520221036563
19762,47.43537808066266
19775,50.21823981445297
19776,51.65931664119596
19777,53.50464994464352
19778,55.862403909804236
19914,3.6375281003473803
19915,8.191201408332267
19916,11.45909715674921
19917,16.2849871426994
19926,26.42041561698671
19927,35.2810085157511
19928,39.34361905435806
19929,42.398289288396064
19930,41.663888370219645
19931,45.142547743334376
19932,47.313357529346725
19933,50.040554234943436
19934,53.05524032492536
19935,51.38618750959652
19936,51.837128657145456
19937,53.10725946783875
20000,22.747909512042888
20001,26.270118102752694
20002,34.08515762102122
20003,36.78509910421709
20004,38.80390084929217
20005,41.94370122900894
20006,45.08274884737818
20007,47.46257646058174
20008,47.768159566070295
20009,49.72518749552748
20010,50.6356913793531
20011,52.76493386755161
20012,2.932255599913779
20013,5.719422964390373
20014,9.169797194936192
20015,12.798852144792617
20016,16.399811436089472
20017,17.785385671368747
20018,20.548072177303805
20019,21.916608491573342
20020,27.158531418005044
20021,29.466862615439886
20068,20.94694858937629
20069,28.43749994285748
20070,32.60951321739163
20071,34.77587838162283
20072,36.22751004009644
20073,40.8858142261834
20095,14.943551679815345
20096,18.422620567711476
20097,23.259351968475926
20098,27.061977223534186
20147,45.10997578138466
20148,46.87862694901767
20149,52.02751201218467
20150,56.1169828681844
20151,52.04963431009794
20164,21.782063131934827
20165,23.175310264439535
20166,25.280848611564814
20167,23.60006576616253
20168,24.882163135322106
20169,27.902196978974388
20170,30.582191799552938
20171,33.41023278056533
20172,35.234809408656425
20173,37.01868469950697
20174,38.17061659726221
20175,41.07167452269638
20245,7.136485969015966
20246,9.472967260887048
20247,12.140868912281318
20248,13.765434495228725
20249,14.786382398873563
20250,14.778312136207205
20251,15.967503242957696
20252,17.02636600621847
20253,19.076513206797703
20254,20.332772255548598
20255,22.727187589702325
20256,22.668030549302273
20285,19.210383774204043
20286,18.73840083545534
20287,21.37598142674775
20288,25.540058934742962
20289,29.80786903451933
20310,12.203508485369284
20311,13.891898053650943
20312,14.903135585584351
20313,16.592754400896336
20343,4.5853426318824315
20344,4.49228647781467
20345,6.513076317787688
20346,7.782054931083022
20437,0.7705583420596777
20438,1.7092563208768061
20439,1.4460889226243803
20440,0.8915320372836523
20441,8.075884558653927
20442,10.814211247294073
20447,0.15488060763905592
20448,0.8633507464977009
20449,3.350495960256731
20450,6.28607644067642
20507,10.67835221372871
20508,10.173802727621075
20509,11.534871792348078
20510,11.61413257721381
20557,29.77104599649917
20558,31.22448885027693
20559,33.400739981705485
20560,30.775219595127275
20561,39.762120141434664
20562,44.183261174519316
20563,48.29230621464618
20611,43.10074213939469
20612,39.44239268118829
20613,43.218885752106075
20614,39.70626197661876
20615,41.538078400606835
20616,43.63509010667707
20738,21.91679060167131
20739,23.359635891738062
20740,25.40803089909463
20741,27.138299698621946
20762,22.928579512522386
20763,25.9715006399965
20764,27.79873121468965
20765,28.431968939742596
20766,28.69006005420444
20767,28.032246297908223
20768,31.305072599473775
20769,34.88747682505092
20770,38.651460895655006
20771,42.6829046146098
20772,40.148278473397575
20773,42.574991130273055
20790,49.982586139121736
20791,55.852227424566365
20792,60.79367626110314
20793,64.11686390234772
20888,10.35792074468164
20889,12.812081971571452
20890,17.57918204959112
20891,22.27283285812121
20892,42.831502362492046
20893,48.189726295646466
20894,49.26004670681135
20895,53.24119673359169
20900,13.778170022284955
20901,18.635157734789093
20902,23.21599939718265
20903,25.73073238346991
20904,28.95626017561937
20905,32.78452574354295
20906,36.75622962794046
20907,39.097549636834714
20908,41.74159727692608
20909,41.20924503100273
20953,9.360724574617462
20954,12.780556552473456
20955,17.0604620403553
20956,21.408182280687868
20957,25.31961467702249
20982,29.153083240153478
20983,33.19159012352083
20984,35.82544561154145
20985,39.326430625578254
20990,20.021508452235828
20991,23.654057268833537
20992,24.797919759062452
20993,29.707671053520123
20999,53.2186711575972
21000,52.38728949454022
21001,57.30558021070368
21002,56.340994046156126
21007,19.573249301288943
21008,22.328723420865675
21009,24.514359457443486
21010,28.097160332939858
21047,31.246646014403062
21048,33.22123262294385
21049,34.77578454426774
21050,37.12727129261824
21051,39.12292371055604
21052,40.54240040884753
21053,41.976331872724415
21054,5.947339483168476
21055,7.47156575754307
21056,10.391924629889514
21057,12.610852832963788
21058,15.192706187845411
21059,17.86658943893865
21060,19.794853516452598
21061,20.8452746118893
21089,44.80218618719122
21090,46.03516362765286
21091,49.06618464625396
21092,54.53169030558738
21093,58.85925656446371
21094,61.449523128055645
21095,62.34553073794551
21122,14.856688157151911
21123,18.205144779563476
21124,19.829326285832067
21125,21.266245278358895
21126,21.232764696462333
21127,22.56009896580453
21128,24.427108692194093
21129,27.834027704631826
21130,28.438939655211133
21131,29.6058682700885
21132,30.587751914503208
21133,32.115446738902165
21189,19.862923036592537
21190,22.776603451645112
21191,24.15376156331171
21192,36.139460639643154
21193,38.26950400607314
21194,41.002883711103436
21195,41.711784562704196
21196,44.80660934518877
21197,47.0640618937841
21198,47.01438181870732
21199,47.740012233972124
21200,52.24780358410145
21234,21.196492943040738
21235,24.011004445838097
21236,28.72552148242299
21237,33.614612136549155
21238,37.192923804173134
21239,39.58717355568402
21240,38.867353504456844
21241,43.82477131064303
21242,47.125596710569155
21243,48.885703818346606
21244,51.21061462994424
21245,51.32576849780666
21246,24.97235306007752
21247,24.744131083407925
21248,26.03695199010406
21249,25.19163501822839
21250,24.045752475703537
21251,25.072821678939487
21252,28.6103158524096
21253,29.598212515727113
21254,31.747725498274907
21321,40.89106968685113
21322,40.19949396924813
21323,43.2412444840974
21324,47.50193589356545
21325,53.323691715210856
21326,55.28024728318401
21327,56.716120340080124
21328,56.88988805199173
21329,56.84611425110519
21330,58.15548938766609
21331,58.91421517781724
21332,59.5811914870474
21421,27.172342449285093
21422,26.65970843747054
21423,28.317589999244017
21424,32.15867965740313
21469,20.58732184443444
21470,23.061669212578614
21471,24.901375840153733
21472,28.08489289813588
21473,32.05450871296052
21474,35.6811813651064
21475,38.010440752059246
21476,40.80865742575207
21477,43.97989273346182
21478,46.20084403756784
21491,25.10805819280211
21492,25.40190971863818
21493,29.623614443066955
21494,31.367738199738927
21495,32.3967279836553
21496,36.57248889221208
21497,38.87293439863538
21498,43.8995045340128
21499,48.93107000731313
21500,49.182047028627046
21501,52.85405763631477
21502,54.63737265691875
21553,36.88707894847884
21554,35.57561207420958
21555,41.49111831723779
21556,45.94581987096252
21557,47.254531447955124
21558,52.62494484229829
21559,50.60635928534568
21560,57.224356787507624
21605,58.91253902818301
21606,63.191439677696934
21607,63.58794777343348
21608,62.91818705391847
21609,64.92694087176378
21610,67.33133951793045
21611,70.10866224457243
21686,21.377165057081925
21687,25.461770474816298
21688,27.25281652486804
21689,32.151017672856575
21690,24.42021107350017
21691,36.46036236594626
21692,40.573930915768855
21693,45.082385693902445
21694,48.63279145756639
21695,51.478694655833756
21696,50.219730186298186
21697,53.33993967824454
21698,52.77397770594985
21699,55.73388611080539
21700,56.57634468721192
21701,58.1134543414002
21735,14.27131034736597
21736,17.888055448801524
21737,20.91051398736534
21738,23.815347491115325
21739,25.936749362888374
21740,27.570563471514365
21741,29.00354726330793
21742,30.15819496109424
21743,31.67489043608549
21744,33.353596304418346
21745,35.461633147573934
21746,36.38389257544231
21840,25.590239253323368
21841,27.42519181123144
21842,30.175966154087998
21843,35.37788137942589
21844,39.33359701236267
21845,41.60613553075758
21875,8.233569574136776
21876,10.381279402618636
21877,10.901786970467327
21878,13.51725574747841
21879,14.898558342591233
21880,16.648071130625205
21891,13.525121991119162
21892,22.290113301832374
21893,25.398546652926946
21894,28.903540004438206
21934,29.6118256023315
21935,34.60498698356398
21936,36.24219398431514
21937,37.0421774447828
21938,38.995384104424296
21939,42.22557653860176
21940,45.640302004482116
21941,45.488687383127164
21942,48.337529900780794
21943,48.89321973995505
21944,51.995486727527876
21945,55.826166718484835
22029,63.140500032633874
22030,65.5186503277593
22031,68.77201557976457
22032,69.9349449299724
22033,71.49602321960872
22034,68.37455637957764
22208,36.350430256641125
22209,36.71578651904053
22210,36.809824727585735
22211,38.08999269023909
22212,41.86975479023733
22213,43.33254558044109
22214,47.93929263183491
22215,52.04646203663054
22216,53.66009827841763
22217,58.19125766738969
22218,14.537081063947653
22219,18.177781931616444
22220,23.654700308560734
22221,27.19956872466129
22222,29.70408465873024
22223,33.358620968370076
22224,33.83251278207092
22225,39.00466857662244
22226,40.184999682876985
22227,42.368000261872695
22244,31.495608494500352
22245,35.29132602240566
22246,42.43276583581378
22247,44.00785399177365
22248,39.458669131595485
22249,42.825428048175056
22250,43.87797689208928
22251,48.50392411805925
22252,49.27008841802091
22253,52.22878108562664
22254,55.111503970324016
22255,56.02222778836778
22256,57.152512624514074
22257,58.434710469749476
22258,59.920062531493535
22259,61.82603199561628
22296,0.7664627958590441
22297,1.2409181139629668
22298,2.255799922957454
22299,3.8395710649142734
22300,5.918919385571681
22301,8.691518950548494
22302,11.847151744653752
22430,38.869218877095946
22431,46.23027439382456
22432,50.49165861210899
22433,55.06754628462067
22450,9.308133982252905
22451,10.059328613418497
22452,14.815410631471252
22453,16.734051256391716
22454,17.80865057828083
22455,24.60676438339567
22456,27.78662656352591
22457,31.022367382575062
22458,32.41167111603581
22459,36.66859356047555
22460,43.19950942969822
22484,39.834047719800814
22485,41.7252555294384
22486,42.19424757603698
22487,44.834915069818955
22488,46.639311048369876
22489,50.19486540807719
22494,16.35929921067815
22495,20.61234157071791
22496,21.670004291035763
22497,27.271215223827664
22498,33.511736394226936
22499,37.245733702784946
22500,38.35784713111297
22501,39.93216135568056
22502,41.967637292238095
22503,42.30550786446384
22504,44.492181819737986
22505,44.60381537443315
22518,7.188068792438167
22519,9.164468554598281
22520,17.76372809189002
22521,21.173455864834565
22522,23.628551667023377
22523,25.783045982798896
22524,29.964359764724033
22525,32.05378102973652
22526,33.63768253935947
22527,36.85010639439011
22528,37.405280398666655
22529,40.31178539750407
22681,7.013199001663554
22682,10.699842949104319
22683,14.1175127251983
22684,17.64600509640367
22685,25.064992530600883
22686,2.5214368492872814
22687,3.4624810208937666
22688,5.098202151710147
22689,5.3526968311768695
22690,8.206337121207808
22691,11.549739978899023
22692,14.445751539800892
22693,16.48259287784833
22694,21.944563245781357
22695,23.675652710784494
22696,27.073765763473673
22723,31.86710066074248
22724,37.0530777700994
22725,38.36106596907996
22726,48.78554981823133
22727,53.44668880576255
22770,41.41576452280763
22771,42.46108602100305
22772,46.69480506386085
22773,48.439439127075424
22774,53.492436990695275
22775,59.63703362907274
22780,28.76519957894384
22781,33.90325767440331
22782,37.68025497853441
22783,41.323229340491416
22784,42.83765952606426
22785,42.73339869358786
22786,44.708424515411906
22787,48.70949700042039
22788,50.74080228792155
22789,54.936035690219306
22790,55.927644015998595
22791,57.26032483342639
22792,52.61831650763929
22793,54.474134200478986
22794,56.733860404684926
22795,60.27176918650862
22796,62.06034909756523
22797,62.112399200212
22798,62.268125493384446
22799,64.88448369113982
22800,66.00253656245835
22801,69.4925081384696
22802,70.94672959293965
22803,72.04538919797061
22839,32.43968602967507
22840,34.41742494496371
22841,35.92855254148968
22842,37.5384214640396
22843,40.55757267584116
22844,44.0481374880556
22845,46.99089211596363
22846,48.828240530499365
22847,50.93042399772114
22848,54.55520363501818
22849,55.92790170657443
22857,21.980432947337345
22858,26.357933333495147
22859,29.107796189421855
22860,32.595508516266115
22874,23.59028424839863
22875,29.39893522113832
22876,34.93503828011882
22877,35.5134274363635
22878,40.37530484289805
22879,46.165078244678796
22888,42.840339383082984
22889,47.33824780315586
22890,54.43767627114591
22891,58.92528247202463
22892,61.833434206027036
22893,63.97210167460466
22894,64.73553073872318
22895,65.70246847613481
22896,66.83043855979982
22912,38.37395352894212
22913,48.372793571163285
22914,48.57929888443039
22915,53.82208446832006
22916,56.917521933228464
22917,60.034487873773124
22918,60.646457831142676
22919,64.01817437643186
22920,69.49301509137278
22921,70.55429284709253
22922,70.24497103278956
22923,72.5090595636445
22964,40.64360049224336
22965,41.37910132221212
22966,42.34470466481453
22967,42.84927441622697
22968,41.81494735826937
22985,31.555799727773156
22986,39.41872979841854
22987,43.752755425827324
22988,50.27419623733466
23022,19.950436727445474
23023,22.765564445991394
23024,25.891789067979847
23025,31.433241516965374
23026,33.446277740216615
23027,44.6184589066164
23028,47.74637346050011
23029,48.308518616821544
23030,42.860527797778815
23031,45.66036408112379
23032,47.92952238390442
23033,51.317844120537245
23034,51.76903237122999
23035,52.98713632899814
23036,54.200088065965545
23037,56.70143642740884
23038,59.5650315253493
23112,9.182694934046104
23113,11.73950816205829
23114,14.363742730297096
23115,17.11981590052765
23144,25.19298908049866
23145,26.61857246401227
23146,28.11949863546457
23147,31.277057182552152
23148,34.17007630383196
23149,38.371830290435376
23150,41.264916594748165
23151,46.59517105612917
23152,48.475363148852786
23153,52.25138878880303
23154,55.7729689896034
23155,59.33893262001279
23178,33.438941773315314
23179,37.841196233921195
23180,44.7127919178202
23181,49.64097914075878
23182,51.03492933268836
23183,7.353668219675965
23184,8.535137661106882
23185,9.536919362751604
23186,9.908274124719625
23187,10.916761035643024
23188,10.68164505512442
23189,10.869396582066232
23190,12.934866043111546
23191,16.344032634545577
23192,19.991048215336164
23193,17.35394959245438
23194,20.09210673997608
23195,26.298441955499495
23196,31.054169033570172
23197,31.398114230209995
23198,33.21214769767378
23199,38.273379400151754
23200,40.23425359937598
23224,17.81752178722709
23225,23.011661391183587
23226,25.38274480417341
23227,26.231686612869105
23261,30.750755261519945
23262,37.46407895762521
23263,44.956228397702304
23264,45.95376985301632
23265,50.739055500436734
23266,53.30480829121967
23267,58.19958594200179
23268,59.867194060368625
23269,60.09549882933879
23270,61.36643451288844
23271,62.26849716766651
23272,63.280339566525356
23301,4.092067707057799
23302,5.797457831798506
23303,7.754722804547946
23304,9.08508719961441
23305,12.496679746667352
23306,13.720613522065207
23307,15.542140702529625
23308,16.9673251819598
23309,21.49763809037302
23310,23.391618717439236
23311,26.86055825234725
23312,30.184919240904154
23313,35.2486036179732
23314,41.02187221153649
23315,41.76492347800383
23316,46.056812686512274
23317,48.828884333943336
23318,48.81050353270207
23319,50.40430411145654
23320,53.16129644769587
23321,52.633846400935425
23322,51.69904618954638
23323,50.69013503386872
23336,59.63900030561928
23337,62.013996675180906
23338,62.595710741398356
23339,63.969544197995475
23340,64.84082413565234
23341,68.95536572947347
23342,67.26913720214444
23343,72.07606168561753
23344,70.60286973942571
23345,73.68486603398543
23346,74.74842589379611
23347,75.65716079930293
23360,8.435817649988278
23361,10.47481255734588
23362,11.527982518835968
23363,15.146341087553587
23364,17.253510948537304
23365,17.86234060397511
23366,21.617295220291908
23367,26.49287930526916
23368,30.02168771107937
23369,31.026893892278032
23370,35.25064346144111
23381,17.76808853915993
23382,21.610456808803292
23383,25.441927690781966
23384,30.00769168479509
23385,29.92879589551889
23386,32.63401645523972
23387,33.65112827005359
23388,36.66242737929035
23389,39.76116648829805
23390,41.865653539900656
23391,42.271818088271466
23392,44.88728105305979
23442,49.25519658872359
23443,55.82852664623818
23444,57.42890844391431
23445,60.20054563800379
23506,20.49373337800629
23507,24.04295046165786
23508,23.417904167837243
23509,24.144465873467873
23510,25.761388923846166
23511,28.18647830591199
23512,29.577893332916336
23513,34.848812110488765
23514,38.623250690199775
23515,42.44204872361771
23516,42.98517151263851
23517,50.45271246625738
23552,17.063566906817005
23553,21.83133199212995
23554,26.152495347502235
23555,28.64122455792847
23556,29.143256461394184
23557,30.375742927571427
23558,30.89410656103127
23559,34.48784852794682
23560,37.811362075897584
23561,39.57479173892058
23562,42.42245862437988
23563,44.86084400817632
23564,56.40760828457406
23565,54.14988211654254
23566,54.03901400814119
23567,52.154947703484076
23568,53.11124095951941
23569,55.50790804733053
23570,58.394493222388256
23571,61.43688734224028
23572,62.856888486525406
23573,62.57787788947437
23574,64.98576972732945
23575,66.87460890172972
23604,15.689527739400573
23605,17.391941356592845
23606,18.14977831096387
23607,20.98707260564082
23608,25.89987621820958
23609,29.969587158260087
23614,29.87566504424895
23615,35.64531460513118
23616,35.675740309853
23617,38.3851614273795
23618,45.235214709118104
23619,46.73676155325586
23620,49.60829666214335
23621,47.5022910383156
23622,50.63639741572889
23623,53.455481885610105
23624,53.66138351795743
23625,54.742041711048714
23655,47.92431573090517
23656,50.79326655997731
23657,50.00086526097236
23658,46.07837342022556
23659,47.609006046101186
23660,49.43172131752645
23661,52.629202917725095
23662,57.7131243436991
23663,59.14859472199508
23664,57.8049972792293
23665,55.54963951972568
23666,55.59600625702818
23667,23.66975173704483
23668,23.13511585970818
23669,23.35698185940792
23670,23.993393642275848
23671,29.56704076454898
23672,34.17716454175584
23673,37.16757265046127
23686,33.86298650851725
23687,33.47983054301478
23688,36.04525915551003
23689,36.078610586000075
23690,38.965637504092506
23691,37.98665249684965
23692,38.571511390728
23693,40.96347323657436
23694,42.334327331164
23695,45.38213749579768
23696,47.28550035414193
23697,48.96412345134176
23711,49.4833893499223
23712,51.459968302803276
23713,51.79152364489537
23714,56.50529651379261
23715,58.87376632263379
23716,60.66831660990586
23717,64.52280555813569
23718,66.72551668570725
23719,69.2629464037071
23720,69.4044272992949
23721,70.69695313069427
23722,74.0860535923038
23809,39.23968879829858
23810,44.84493596200735
23811,49.29909042118684
23812,48.78117510104467
23813,55.66765569021719
23814,53.63712046641004
23815,57.36638773431131
23816,53.763651026858604
23817,57.32367052104501
23818,59.76802631542464
23845,33.750134929505705
23846,37.451571435202375
23847,39.668118496557156
23848,42.95823983032166
23849,45.92214991083377
23850,47.50669381513361
23851,51.887935615411315
23852,51.91994666303048
23853,56.56117152706696
23854,56.555115409852256
23855,60.2933253489372
23856,58.73840819953686
23890,22.1688191270947
23891,25.255944742284374
23892,27.604650101259793
23893,30.115490123348362
23894,33.80672010811158
23895,38.67626388480388
23896,46.12171649684264
23897,49.19422885719347
23898,56.022532304634765
23899,53.25933452623882
23900,56.76040424375888
23901,60.65284646349779
23946,40.958744771734914
23947,42.64371676127692
23948,45.9684187219933
23949,43.406970189035825
23950,44.60350543430939
23951,47.16357790881194
23952,46.5840947756167
23953,47.0825403305916
23954,50.056978285015674
23955,49.52474053906798
23956,51.94007584112603
23957,50.989842307517215
23958,13.555743811965666
23959,17.437840752569908
23960,20.270691780321886
23961,23.45617887439012
23962,26.058667654450893
23963,33.61850455679188
23964,35.32864192508508
23965,39.28874427945618
23978,17.381535704326055
23979,20.584384657336845
23980,23.996409418277867
23981,26.832491261165007
23982,29.468724616612064
23983,37.79634779592077
23988,20.781115663907755
23989,31.286650031852048
23990,33.313747937968195
23991,37.49638333499022
23992,41.46376627994471
23993,44.20418529386576
23994,43.13300666165213
23995,42.904780385271934
23996,46.7911609869971
23997,47.35881808649417
23998,48.75803426845959
23999,51.29083412280946
24034,18.2052947047595
24035,22.14014324170355
24036,27.04359139798004
24037,29.905380311260213
24047,26.89160656994639
24048,27.809886605926852
24049,30.079515731221274
24050,31.620472947564707
24051,33.77326324871483
24052,36.54110412583458
24053,37.9090855811272
24054,39.27254542192332
24055,40.93380152229708
24056,46.12536399333338
24057,46.81549776457837
24058,48.08401298610552
24147,21.581057239277822
24148,22.631383259162952
24149,27.189260269334028
24150,31.05324449068788
24151,34.87862491733882
24152,36.915200434690185
24153,35.362906006377735
24154,37.17323660914367
24155,38.90437721653316
24172,25.69675320585285
24173,29.659003346586776
24174,32.94554534503928
24175,35.57957418182759
24176,37.46313476758738
24177,41.426012468218076
24178,43.04223091369035
24179,44.29518257928465
24180,43.71206431841151
24181,44.986071587645
24182,46.3257433167208
24183,49.47027551414603
24184,28.066880185794474
24185,30.814025873778245
24186,32.78336915355361
24187,36.37555455560933
24188,41.472003286480216
24189,42.22946966141612
24190,46.09862362065999
24191,50.62866476810541
24192,49.66287739484585
24193,53.48896564751543
24194,55.47561874254314
24195,57.062916481480805
24201,7.491345389003716
24202,10.659048620212713
24203,13.321119438417034
24204,15.815284682351818
24224,32.94054368882755
24225,37.50446283649328
24226,40.78677787032494
24227,44.69099986439464
24228,48.05140000657939
24229,49.78505771591588
24230,51.98872988460091
24231,52.93054551966495
24232,54.52201341303317
24233,54.69790629665571
24248,12.139254833399544
24249,13.538419394019488
24250,18.97839764214481
24251,19.87961626112355
24252,25.131187840813965
24253,29.76207396039713
24254,34.87397392568013
24255,30.163412631193836
24256,36.70102464850446
24257,39.77971009769761
24258,40.38344113765711
24259,43.9641925337839
24260,49.31886897979037
24261,53.80028802581234
24262,56.86596887226332
24263,54.09880893922514
24264,55.30129149816234
24265,56.843544458432746
24266,58.87069668573627
24303,9.100679420973465
24304,11.739592686924953
24305,13.9378496947687
24306,18.00597935048577
24307,21.19621741788977
24308,22.67230335181203
24309,25.788491386534577
24310,29.341666617908643
24311,33.10087268015229
24312,37.688123904415576
24313,43.229574429208554
24314,40.55772448675392
24315,49.835737172310985
24316,50.4154179048961
24317,55.17409163473503
24318,60.55809981862616
24319,63.116795217122714
24320,64.57915168931748
24321,66.0365008247331
24322,16.50002515717346
24323,22.879554053241936
24324,25.481554677145724
24325,29.17371575264956
24326,30.08673121498943
24327,33.87201280925579
24328,37.30260636099003
24329,40.1219329953416
24330,31.11984822030055
24331,36.663844114252434
24332,40.4747072338455
24333,41.69932328965549
24334,43.636079564892995
24370,15.05512769537338
24371,18.3054036688603
24372,20.284387198129984
24373,22.841800444202356
24392,28.727636352339548
24393,34.342137358623326
24394,38.77067667563382
24395,41.72433604396326
24436,26.48313417220103
24437,34.747544281590265
24438,39.0110812689583
24439,42.28143435211241
24456,29.905126829306273
24457,34.381176845097485
24458,40.0606672838984
24459,42.75635042647352
24492,24.53961605901212
24493,31.651622199017655
24494,36.65051856018689
24495,36.64370889302506
24496,37.81708445896932
24657,53.70652138592924
24658,53.33366247353766
24659,59.44556820029551
24660,54.82014912454691
24750,17.339890234210532
24751,19.472158301575014
24752,20.163717178555018
24753,23.22120669362143
24754,24.977867877606727
24755,27.377259485147547
24756,26.296238453333252
24829,14.47959065494051
24830,17.00020914097767
24831,20.13145210409858
24832,24.876223150976223
24833,19.23745538551089
24834,23.109753889278224
24835,25.18492118283355
24836,27.15122232018361
24837,27.69277633622635
24838,29.228951275223153
24839,31.53872717908276
24840,33.035524621629904
24841,37.143107240162315
24939,32.23234321467228
24940,38.522862817487706
24941,39.81875994955771
24942,43.88406631229008
24943,45.91888078843413
24944,47.712471798164366
24945,46.45387454268957
24946,49.3928469791885
24947,48.94033767870955
24948,52.433431344557384
24949,54.99214827979656
24950,56.19021433299738
24989,30.53053346473881
24990,33.430247721093025
24991,31.68538991902925
24992,35.65127835980729
24993,40.46365595521907
24994,42.57909808447395
24995,40.7645674741687
24996,42.10503113314474
24997,47.74760091320626
24998,47.36731137120045
24999,51.18707454214441
25000,53.41606163510519
25076,57.39594598393049
25077,61.039295511438716
25078,63.098263040605694
25079,64.5358685490119
25080,67.86060576825203
25081,70.02677963844543
25082,68.21071127876692
25083,70.35561245527934
25084,71.89702090750367
25085,72.67630327277418
25086,73.8294023062619
25087,71.12353486046676
25144,45.83632773770313
25145,50.28588363628492
25146,53.33536208714773
25147,55.72254856701679
25148,58.074003165073
25149,60.123830553282474
25150,60.45354033752928
25151,60.790798890504284
25152,62.82173956753034
25153,64.1931343177953
25154,66.56132280386146
25155,66.65122220884648
25182,31.56648409580509
25183,33.13319521982902
25184,36.1318338163121
25185,35.3275668554754
25186,35.45380925564809
25187,38.391819581432394
25200,32.40690638778886
25201,44.25103752933203
25202,49.89660847407528
25203,55.9959064693587
25204,60.75768658924856
25205,62.53038843650093
25206,15.034724060431637
25207,16.69836159597253
25208,18.652943341022972
25209,19.06054028632772
25210,21.048387394355764
25211,24.37035557396562
25212,29.470110776054796
25213,30.398405310542504
25214,34.20323287586122
25215,35.542298163245874
25216,38.525891008724045
25217,39.75418798355101
25218,12.183830556268896
25219,13.711127413521925
25220,15.585862788886423
25221,18.01150480045001
25222,18.506185914415543
25223,20.00122190499267
25224,23.143891994762626
25225,25.851692136007358
25226,30.765280291949825
25279,0.14304501813227025
25280,0.7106777448420291
25281,2.6051007987346853
25282,3.8755523522291893
25283,8.415343045032966
25284,11.34692269028047
25285,14.710890410154258
25286,15.289825998148094
25403,28.315493916539673
25404,27.005572519725636
25405,28.359217852967728
25406,29.57625455700128
25407,33.083154812389004
25565,29.222793622415164
25566,33.65847271520694
25567,35.047692915574984
25568,39.56352294629404
25569,39.47867465112931
25570,42.664858213285534
25571,42.985434807120704
25707,14.854744566263273
25708,16.431499277691735
25709,18.840151766908797
25710,21.098551757461674
25827,15.277847033477125
25828,16.332425842704023
25829,16.793561751507166
25830,16.934839634843446
25831,18.63594056693384
25832,20.429051652119885
25892,27.220129563204583
25893,29.279074945228245
25894,33.42387245956332
25895,36.67278126982213
25896,23.729487966470664
25897,25.280315862401014
25898,27.803449492083036
25899,28.867409325640725
25900,33.61029535831194
25901,34.61164368074491
25902,36.89208349765433
25903,38.56814074508396
25904,41.432527718599566
25905,46.33649851771347
25906,51.09119783049617
25907,56.18873558516371
25949,40.90181538662272
25950,40.034835587313864
25951,40.33228392099782
25952,40.084906325140444
25974,14.71653500692823
25975,16.781666837241815
25976,20.148762693971385
25977,24.962823780762946
26011,29.323866999151566
26012,31.87938328464048
26013,42.03034802183458
26014,49.35520831903455
26113,2.797129083922047
26114,2.9673475731688406
26115,3.8069166152643876
26116,7.040193678960614
26117,9.996642815909963
26118,11.721199516678352
26119,14.49950736164631
26120,16.27512497217691
26121,18.07676576716394
26122,22.448947535068854
26123,22.641416569300677
26124,24.81010908596667
26140,40.84083905770865
26141,44.32109469479353
26142,47.66886596231805
26143,55.0929650151396
26144,55.38506743722091
26145,56.84243954947089
26146,58.58528113564167
26147,62.06609817098279
26148,60.209449500502686
26149,62.80888837739656
26150,64.59227966146256
26241,46.492767698507514
26242,50.248791973724124
26243,55.86304087450024
26244,58.25833221010335
26245,58.707262084957215
26246,62.54614747261158
26247,61.44282290012684
26248,62.84957244170794
26249,64.993423833983
26250,65.9631983700904
26251,66.4662092383311
26252,65.33219584664157
26289,15.817656186823218
26290,18.28699558682163
26291,22.324187947043875
26292,27.420306893228958
26293,28.016041376328324
26294,30.139812915627843
26295,29.747830377292516
26296,36.51479662432918
26297,36.410718824332406
26298,37.65962257547204
26299,37.608030267999936
26300,37.300696379595365
26315,30.928290823105492
26316,32.17035795595501
26317,34.17058923582726
26318,38.29748291442588
26319,42.09085028850624
26320,45.04373918600438
26321,45.429823631494315
26322,47.77065437840998
26323,50.18934618673951
26324,51.93770010916923
26325,55.031108467470546
26326,56.87807404974706
26455,28.62618450054641
26456,31.840187933670368
26457,33.944041453587744
26458,41.774699477168824
26459,21.829843869982277
26460,23.59050509829549
26461,24.99161120500773
26462,28.641062872081456
26463,31.523807195204206
26508,18.907321486813615
26509,21.123075165869704
26510,23.511343133227165
26511,23.877848219829406
26512,23.585985501476383
26513,23.847413576041447
26514,25.429561689440334
26515,29.4088574728467
26516,30.624423825427254
26517,34.31835383318011
26518,34.696015837614596
26519,33.879587385469065
26520,28.29773160538689
26521,30.911759835038147
26522,34.40783505226735
26523,36.80420722877772
26524,34.07979953151429
26525,36.50724818066074
26526,40.400030061938715
26527,43.3388401669697
26528,44.54737122206695
26529,46.20400344433527
26530,49.37153347591785
26531,51.15733708102881
26564,19.95532342080518
26565,23.176298905140555
26566,26.66383315601998
26567,26.36165174715093
26568,30.264996549683822
26569,30.376026249346268
26570,33.5764276348909
26571,36.09469667426036
26572,40.72270669132489
26573,41.64424171213641
26574,39.40116997463268
26575,41.874251172303545
26576,22.63290880622212
26577,25.629743655553078
26578,34.91362360235883
26579,36.47035001850588
26580,42.34097255991475
26581,45.02957976214486
26582,50.902454913540126
26583,54.508502683474035
26584,17.378367683956867
26585,18.120862982903446
26586,19.579064244809448
26587,20.601582608566858
26629,14.820942841579994
26630,15.919745541878015
26631,18.073297664805143
26632,17.5826644775264
26633,20.24579349889687
26634,24.1423777904597
26635,28.573483264654154
26636,30.490274774788766
26641,43.10803036224754
26642,44.87255579514063
26643,50.49257538766807
26644,53.58031941530482
26645,51.7646251566847
26704,15.274877578170827
26705,20.175689040910985
26706,23.05827928400899
26707,32.83888938922528
26708,41.66926733020018
26739,58.39477706005823
26740,58.7868107170053
26741,62.34991056798137
26742,62.440870381951164
26779,19.921410445304744
26780,22.136288282995313
26781,26.40246592261278
26782,31.41679108329461
26783,35.25037704495631
26784,39.308000515497106
26785,39.76109670816388
26786,41.38166043229014
26787,42.8507259633903
26788,41.98745681882991
26789,42.97570842963011
26790,46.13197958465599
26819,47.410071211875675
26820,54.0922751998089
26821,60.73858061464288
26822,66.81803612141105
26839,41.838543141257844
26840,39.73884718853443
26841,40.88468191528832
26842,44.182508880505445
26851,25.580741759117913
26852,27.108695762889777
26853,29.40874979929241
26854,32.465846327174454
26855,34.35562382185298
26856,37.21963117319177
26857,39.81529297284215
26858,42.874528786039384
26859,47.70832722649911
26860,52.00286877111656
26861,54.284808284238906
26862,54.95781358478138
26863,25.044701411285065
26864,25.35928943515144
26865,28.57146818100683
26866,31.412824833330646
26909,5.843124838784457
26910,6.66580929378253
26911,8.1394912051551
26912,10.991784162106072
26913,13.71507724323647
26914,16.40550571599808
26915,18.427451841248384
26916,20.971084211783218
26917,23.60521403904835
26918,28.592500092808024
26919,30.85789937104208
26920,36.23854341814801
27006,31.555280606982063
27007,35.56960022292379
27008,36.13196090981515
27009,40.79483875638698
27028,13.954598224515436
27029,20.19330720809567
27030,24.416987984565797
27031,32.31193565706337
27047,30.267976551763415
27048,31.291283719763463
27049,34.675426747511096
27050,37.751079266154214
27051,40.01000793843624
27052,42.19507237292842
27053,46.82228592485558
27054,50.416927675199226
27125,58.069553375517714
27126,62.57262653293749
27127,63.48310372097654
27128,64.55098449190703
27129,18.742969574040437
27130,21.963913229270556
27131,24.944038279838523
27132,24.602089374430783
27133,29.918536199953984
27134,30.445862823406074
27135,31.39680221827501
27136,36.7017864303153
27137,39.171400751856815
27138,44.15747201212549
27139,47.095153848244145
27140,50.31943635250834
27177,34.924674545990015
27178,36.7776829144241
27179,41.240220251241475
27180,43.04945992700808
27181,47.00860664486687
27182,47.38189181644699
27183,46.1254346215152
27184,48.836787285213695
27185,50.69486519929593
27186,51.508639267045105
27187,53.29331070782002
27188,53.19200096795974
27189,25.459490714100724
27190,29.740990406281046
27191,31.75797604738881
27192,35.320966422796566
27193,32.82137476229069
27253,18.87294636390704
27254,21.193587154052576
27255,21.123677716491795
27256,25.255726522472404
27257,26.8309205302881
27258,29.23646158417033
27259,30.146200480827442
27260,31.559940420877858
27261,24.86353441975765
27262,28.57985723423717
27263,34.04738633794795
27264,39.82497387854183
27285,46.011326557642995
27286,47.756226444614185
27287,49.20808723107945
27288,53.751087697131396
27289,53.27224541273861
27290,54.52882700742586
27291,55.95970724059784
27292,56.17426559834563
27293,58.232129935497504
27294,58.63871231544597
27295,61.35764680167933
27296,63.745736703330124
27349,21.836301048811244
27350,22.957793693268492
27351,24.770488401044805
27352,27.157630320084316
27353,35.888595151674885
27378,33.64977272081621
27379,37.55517980083175
27380,42.664462344441944
27381,47.26066018191052
27382,48.67728448836885
27383,51.79765685443768
27384,53.574168207067814
27385,52.94970787310207
27386,55.68940682271395
27387,60.128197959999326
27388,60.70475268970018
27393,45.863879718675136
27394,49.494247444208426
27395,52.09705786134437
27396,53.10125079621401
27397,52.68420928394469
27398,53.27953313382936
27399,52.886055697044256
27400,56.18242313931804
27401,57.832437427557004
27402,56.65289668639917
27403,52.76803279245067
27404,54.7499697907821
27425,26.575737012618735
27426,29.66731779118253
27427,32.2423989298213
27428,36.214148356649495
27429,38.417140045994074
27430,40.40110949561009
27431,42.09763179518304
27432,43.879339900326805
27433,27.17464226352141
27434,31.576610830465142
27435,33.69525482034182
27436,38.273500061307445
27437,35.49679856749416
27438,38.70437691963493
27439,38.89110358822858
27440,42.27660601020171
27441,45.83888269915372
27442,40.861774323528
27443,48.840798565509225
27444,50.617260184871085
27445,49.13896006281917
27446,50.628128610288115
27447,51.817995089850555
27448,52.649625255790745
27449,51.61021653985702
27450,52.5238914863064
27451,55.11241950408015
27452,58.308341521979706
27453,57.96988685297867
27454,6.498744489679067
27455,7.670001559385751
27456,9.04009156330472
27457,10.907605867302545
27458,11.992346965028663
27459,14.510428499883238
27470,28.150882131199804
27471,27.76595530945534
27472,30.380629045608384
27473,32.36103263948167
27474,37.145015167749534
27475,41.132003852646065
27482,40.01376143108715
27483,52.665164152124326
27484,54.707126277021246
27485,58.03969103292255
27486,60.57084514917772
27487,60.73989128333648
27488,62.30035320561992
27489,63.410879126881234
27490,64.50055879123066
27491,65.01955243183443
27492,67.87319204662592
27493,69.2998956518526
27500,35.47266890452226
27501,45.27770152351897
27502,52.67630384561746
27503,55.13476987423362
27504,59.85225767174178
27578,23.39429279120694
27579,31.51541542866095
27580,43.06068121088204
27581,45.135352873460825
27582,46.775221661908546
27583,46.5204088381473
27584,48.03856726459897
27589,57.30868798781964
27590,59.394459209726314
27591,64.32945377351841
27592,63.16158330960746
27593,66.03126551925025
27594,65.82787171137198
27595,69.32611021454416
27596,68.18503195278363
27597,70.25108138442035
27598,70.87881112047123
27599,70.40480172210654
27600,71.03894256273324
27719,20.490357312819516
27720,23.10164349106687
27721,26.908915432124555
27722,30.04216364733326
27723,32.22622763082152
27724,35.38452003095952
27725,37.312680929758
27726,40.14797107620438
27727,43.156154622618416
27728,44.086178615111926
27729,44.348034760335196
27730,46.902372620772866
27795,42.60426298099952
27796,48.677567692896545
27797,52.72933270787687
27798,56.28547644559119
27799,59.164011537585246
27800,60.85868521954757
27801,62.17279463048421
27802,64.87305600382291
27803,63.76730355962409
27804,64.70191657776317
27805,66.33742637323584
27806,68.27722992492565
27807,21.33170305853196
27808,24.013902879434035
27809,27.441607521909084
27810,31.07176535925426
27811,32.98601500068046
27812,37.28477726549024
27813,38.997757054074015
27814,42.01650356160017
27815,47.06578848507856
27816,47.30229811233761
27817,50.189644512780276
27818,48.17042297779646
27848,12.621603396853391
27849,16.743292640522792
27850,21.193565715258668
27851,26.878175880101274
27852,34.227926757588754
27863,45.83319858647798
27864,49.97395118664493
27865,53.856801947187236
27866,58.252657948713114
27867,60.20970157737148
27868,60.77089328721945
27869,61.66876094646849
27870,62.78797012125108
27871,68.50005916566145
27872,69.61351891611983
27873,71.2849973722853
27874,71.53427252481605
27898,24.82331896964087
27899,31.781682920957795
27900,32.15005437049065
27901,36.6913170394341
27902,34.41558993783716
27903,38.37687931768603
27904,37.571573710213315
27905,41.18992313771066
27906,43.80776902720039
27907,45.110352738566355
27908,45.55029037371149
27909,47.80173899958165
27933,4.007565143904512
27934,7.866311848457109
27935,10.761370595394034
27936,13.271142555552553
27937,16.316799665020916
27938,20.7176207922679
27939,23.97973513344116
27940,25.277233347617432
27941,31.761491624699573
27942,30.96420477766845
27943,34.47467541936762
27944,35.11817432605224
27945,41.82346067967703
27946,50.54247029733893
27947,53.14153830270615
27948,57.31039736063141
27949,41.30849568389159
27950,48.0708107226246
27951,48.94175593827626
27952,54.68263875758474
27977,64.61967505927296
27978,63.48731682904187
27979,65.75498446706705
27980,64.7718443542712
27981,67.11924613409494
27982,71.27369495106706
27983,70.14784719568394
27984,73.23122016313356
27985,74.62752370570128
28002,36.619564128864795
28003,41.329365354360036
28004,41.70782040976172
28005,40.82179356677737
28006,44.573690788784205
28007,47.126625884945945
28008,52.6147760165749
28009,54.39286589748701
28010,56.773696197302606
28011,60.028331939330606
28012,60.54578894413109
28013,62.74171488984876
28037,39.68684257493887
28038,43.31585088421929
28039,44.43926754908807
28040,45.41165522662723
28041,57.69498796559809
28076,24.202594749539323
28077,30.204658546197955
28078,44.01579276402337
28079,46.82025516617059
28080,51.07840670990673
28081,50.86393819248471
28082,51.83023722657281
28083,52.774677428743985
28084,53.259830796484124
28085,54.69662131395595
28086,58.220656584356675
28087,56.56603486248261
28124,36.963754358896885
28125,39.32977980864217
28126,41.843947515329155
28127,44.12381704104061
28128,47.36435620684375
28129,50.44913944389793
28130,52.47880333508825
28131,56.57358171763697
28132,59.72800698582725
28133,60.874144405531005
28134,60.734910963847454
28135,62.40618607183246
28169,27.307354677388545
28170,32.52389090933694
28171,35.06705640272591
28172,40.36902328943427
28173,41.70448403060827
28174,21.505328684756748
28175,26.350843720648395
28176,33.20943690633706
28177,34.8204119721613
28178,36.71881873619428
28179,38.68898600380827
28180,40.67738059373842
28329,20.813134470601597
28330,23.568207474370784
28331,26.6981916092157
28332,30.072904388481557
28371,57.925751050935865
28372,62.02412191335869
28373,62.775893818833154
28374,66.32037675217981
28375,69.71846519523935
28376,71.90693090238449
28377,70.82869799642958
28378,71.59690455766528
28379,71.05113621721429
28380,72.38116750439207
28381,72.04783533327922
28382,72.1495363659775
28399,49.555847932268335
28400,51.9023878675706
28401,55.694831638474504
28402,58.97771196798819
28403,63.66554805732068
28404,63.63727838157156
28405,67.62901793402901
28488,49.024868130895584
28489,55.923038741828364
28490,60.75081755238316
28491,64.15695809416802
28594,27.567099924202964
28595,29.549225013998605
28596,34.329619812705985
28597,36.33243753391925
28598,36.89488749697193
28599,39.20982728493961
28600,41.07976305030622
28601,44.13827743876454
28602,46.05167175444742
28603,47.86324803210558
28604,50.92047965349425
28605,53.66953159820151
28618,24.537940777476432
28619,26.684946894653887
28620,30.70845525596531
28621,32.48465347343444
28622,33.4641127646165
28623,1.3893413237094756
28624,1.4810274278668984
28625,3.7489078503715443
28626,6.347373239711545
28627,8.901094067846277
28628,11.933592171066733
28629,14.777996707872825
28630,16.46758599425363
28631,18.238887627096076
28632,20.597890667463023
28633,25.186633950297953
28682,10.952582948273912
28683,11.072008651368993
28684,15.41492526969171
28685,15.844847950947528
28686,17.654002000708676
28687,20.626593232291356
28688,23.92611528475455
28689,28.89297831393759
28690,31.391952484194285
28691,33.91245509995144
28692,36.680133679863374
28693,41.68045627333939
28711,4.821606154885723
28712,7.781622224100064
28713,11.492788601273503
28714,14.038511055681319
28737,19.05982404061043
28738,22.905287282605446
28739,25.894412627615747
28740,29.351584539175477
28741,0.8426501138611135
28742,3.5254772212609757
28743,7.455696792467148
28744,10.689916725503375
28745,41.095486184981915
28746,44.98290190574971
28747,47.73447021710668
28748,51.54872454707765
28749,53.12311725548177
28750,54.92974099471166
28751,56.363489802251976
28752,58.58910658463536
28753,59.40324233842727
28754,60.32403323217548
28755,64.1227760364595
28756,64.93531888281731
28761,29.35243841607258
28762,31.16396512362028
28763,32.53467996463022
28764,35.16278569049618
28765,36.481664972321894
28766,39.667926183857745
28767,43.24645299341819
28768,45.868551226746504
28769,48.78273301162257
28770,50.385618215060006
28771,52.79798290937844
28772,53.56070344563997
28825,18.049858400303208
28826,21.3942674182878
28827,23.370100839615287
28828,28.784261981744237
28829,36.00597979885472
28834,26.669004596195286
28835,30.12584694441141
28836,33.77715739463706
28837,38.75638441181257
28838,42.12043747431495
28839,44.106215937545244
28840,46.24010423387943
28841,46.43021393694451
28842,48.76810913137657
28843,52.90371429979309
28844,31.64121317895773
28845,32.722278759157476
28846,36.790975826560306
28847,38.4298814403035
28848,44.68863891423062
28849,46.61188273099039
28850,48.25628325854496
28851,47.65660377878341
28852,49.57426098821045
28853,52.29583006018972
28854,55.022691942073564
28855,57.04626522939353
28901,25.29810559414093
28902,25.95264268179384
28903,27.21791242582085
28904,25.662634820470316
28905,26.80518247784451
28906,28.253744403616405
28907,31.411293602000978
28908,33.83189780318884
28909,34.6785101545814
28910,38.428377053013634
28911,41.373257466244226
28912,42.64587393190556
28913,23.01642053112027
28914,23.580877554100812
28915,26.53602226766671
28916,27.673124228405683
28917,30.262216988659922
28918,32.75585113675728
28919,36.61046330243211
28961,33.421469935574095
28962,35.168602303957414
28963,36.09118133973596
28964,37.590168713022216
28965,37.44704187015264
28966,37.55770183690954
28967,39.15361066030876
29047,25.190414679794348
29048,26.407210288396954
29049,27.319329276807377
29050,28.576432945376602
29051,27.36867190885791
29052,29.885828511937277
29053,34.34440958194581
29054,38.23446858649378
29055,42.637999559432075
29068,14.688321171078734
29069,18.039843551521013
29070,20.602828890655815
29071,22.503630911947557
29072,28.12738089314622
29073,30.676799485486438
29074,29.93772828062633
29075,31.00918950328168
29076,32.98251441025897
29077,33.45704880082547
29078,36.34392142585936
29079,36.719248814444434
29221,11.021351459114756
29222,9.454571252244099
29223,11.043569452354452
29224,14.840326469235423
29225,15.803024255459025
29226,17.663016337406134
29227,23.91854743819619
29228,26.68042816896824
29229,28.620369479517656
29230,30.279929014049586
29231,32.742584265344554
29232,37.71907361758585
29341,14.545927352901122
29342,15.636854629387424
29343,18.547611328407665
29344,21.54870709653264
29345,22.811761971757903
29346,22.23714559940795
29347,22.796013950309945
29348,23.967354340326448
29349,26.703801467004862
29350,28.676559296022592
29351,31.312095255296533
29352,32.64138147718389
29384,55.65749569661187
29385,60.275432730282375
29386,60.92211628851086
29387,60.989518089231254
29388,61.91241262974722
29389,63.45660052715011
29390,65.9797090877831
29391,67.42802317119836
29392,65.338085518746
29393,68.21666012483867
29394,66.47656854805926
29395,69.36596499457002
29417,56.11069120121034
29418,59.89544180557248
29419,60.83790900834209
29420,62.05383958900306
29463,37.304459761103985
29464,39.8276886955223
29465,41.692121866807575
29466,45.80767916278354
29467,49.78749078688679
29468,51.90534084115993
29469,54.638926505099626
29470,57.432993680791945
29471,58.50563785657852
29472,58.201219941982856
29473,57.225043424494146
29474,58.69234259640846
29475,24.663928633719376
29476,26.997059484418017
29477,27.469510981953754
29478,29.590133718806467
29479,31.982187255621106
29480,37.60328451627443
29518,55.59589376104076
29519,59.27638649265685
29520,61.02143297126867
29521,63.02618617928757
29522,66.64829145515343
29523,67.66720255671069
29524,70.20957412761943
29525,69.55908478450998
29526,72.91252335545546
29527,73.18607921186648
29528,73.87858338570003
29529,74.81244792969134
29557,30.37150385497532
29558,35.214761959573536
29559,38.66816070423407
29560,43.00507468649651
29561,47.568808574227226
29574,23.11748488614198
29575,33.40611419456843
29576,40.30768651062571
29577,45.116465138699915
29619,46.62208540206879
29620,46.46853064172777
29621,48.41696479424584
29622,51.67308502275794
29623,43.012693023935675
29624,42.55103259021581
29625,43.977485689342416
29626,47.82422421565499
29627,49.119932195570954
29628,55.0686974776443
29629,56.88606185234673
29630,59.13787530352558
29635,19.664566043089888
29636,24.48094248858242
29637,25.546376957072994
29638,28.071143632672573
29639,29.117342301717827
29640,34.30670507229222
29641,34.20791164933877
29642,35.760036944038916
29643,37.82665208166708
29644,42.031816865895934
29645,43.747573645485424
29646,48.19400431747924
29687,51.16261062500276
29688,50.91699918345889
29689,55.864930942929824
29690,56.4894274225908
29691,62.13779582573132
29704,27.096931247380148
29705,28.617817804835486
29706,32.51524799689821
29707,32.7058173485562
29708,35.271079775402995
29709,36.14620094138577
29710,39.54744160800944
29711,42.72184976619056
29724,7.619582053387532
29725,7.824721079493773
29726,9.54350761479995
29727,14.413698020224254
29728,18.451833069941305
29729,23.61004735762572
29730,26.78628276522131
29731,28.728823643935463
29732,30.279932289454596
29733,33.91363806562979
29734,37.31271319198826
29735,40.54218793028643
29736,20.28159348755763
29737,22.33204002910469
29738,26.7521319068956
29739,26.558357524147425
29740,28.27869468451993
29741,27.03353246261926
29742,31.207773628845995
29743,32.573411559607294
29744,36.291781538447346
29745,40.13472692730565
29746,43.447334462880406
29747,45.93290794226379
29796,33.90706939791329
29797,40.99480008882423
29798,42.28065260654603
29799,48.07189956629981
29800,51.96688653409366
29801,54.02073750421106
29802,57.6679824480596
29803,58.652045770982056
29804,60.39304385733913
29805,60.844596111816905
29806,62.29645503789158
29807,62.859074721160695
29817,1.2194537604232447
29818,1.3605938911540993
29819,3.1572205127737085
29820,5.536339786213273
29826,40.67698755104382
29827,40.324394178358496
29828,43.96831261844534
29829,48.012476760526496
29868,0.7206710452954204
29869,1.0127559623146298
29870,2.606441959877445
29871,3.8918830059775105
29913,21.350781197137717
29914,22.268261225879442
29915,26.32013966161364
29916,24.673303579467134
29917,32.448827990049
29918,34.23445580804573
29919,37.35368454609054
29920,37.74051334119064
29921,42.883168671318565
29922,41.50168958361038
29923,43.21546161415939
29924,45.15840233836204
29998,25.903436364176088
29999,26.880582519045813
30000,31.621426404358278
30001,32.978044301256936
30028,7.279779374323164
30029,9.21274267774883
30030,12.175783302035791
30031,15.488325901275429
30056,3.0120887537802443
30057,3.1977475636713373
30058,5.092974120808014
30059,7.232062648498636
30060,10.019244165274051
30061,12.389834168481904
30062,14.47765843790404
30063,19.364376077707757
30064,22.30357158203678
30065,24.236206132466087
30066,25.938045241199962
30145,30.440357414946686
30146,31.55651306999877
30147,33.67671330628625
30148,35.078697674104795
30149,39.557519452763835
30150,39.46625160150785
30151,45.483153899897914
30152,45.32855538506515
30153,49.858040129400784
30154,53.348453906066965
30240,27.901851783277753
30241,30.933920650083333
30242,33.52510384105407
30243,34.15632004333254
30244,29.34968759094362
30245,36.9923675087603
30246,36.1748536175851
30247,39.69444777812421
30248,42.10850761681275
30249,47.428460353625645
30250,50.117470425489365
30251,51.58717523310777
30252,18.217786955287423
30253,24.301950891803017
30254,27.073685272811534
30255,30.797957512067452
30256,33.04324334024684
30292,11.736439769649907
30293,14.13218806587223
30294,18.187615553812066
30295,22.23585054802036
30415,20.441172263257204
30416,23.080745149892667
30417,27.220738071517093
30418,28.936633754889325
30435,11.344282951533879
30436,13.02464009451666
30437,15.707310186140662
30438,21.07386046802077
30439,22.545324260516225
30440,24.93863475628433
30441,25.72639164840708
30442,28.6669104786819
30443,30.972842632631288
30444,31.69132885473085
30445,34.19225848269771
30446,37.688491468876784
30452,57.67825753657578
30453,59.82464677778607
30454,60.92619188728755
30455,63.409404766388626
30456,67.84387409847909
30457,69.15946049773676
30458,69.48611616570601
30476,0.7588668586413052
30477,2.0751301851586175
30478,3.6718264889569614
30479,6.755289146819454
30480,9.229645774921078
30481,10.135409069540161
30482,12.305281512803834
30483,13.431108469592337
30484,14.792769692133438
30485,16.111625395415917
30486,17.016503357600513
30487,19.897852891459802
30500,35.230020420821894
30501,40.03892872132292
30502,43.41892530858616
30503,45.31286630140738
30504,45.90261288443941
30505,43.77189108106334
30506,44.67558689746763
30507,48.617320343359616
30508,51.482376391960265
30509,55.07688392211297
30510,55.624143367055076
30511,59.122768875278865
30517,18.78671824465392
30518,28.99129191303063
30519,32.97784280539802
30520,40.70068459129658
30590,31.413606970303903
30591,35.89870375705622
30592,42.08268456288305
30593,47.11328914431065
30594,27.925969473322105
30595,32.6623163348509
30596,38.06988857960269
30597,39.55994550466269
30608,37.52003543940294
30609,38.296978725399576
30610,45.030318134711635
30611,44.61562022467206
30612,50.79929714964472
30613,54.67066418571193
30614,56.900024048133155
30615,57.558158938483466
30616,60.65009721796329
30617,59.98776334735406
30618,61.31821805632843
30619,64.51833382834774
30655,21.382957918720273
30656,28.40909890264777
30657,31.63050803145539
30658,43.47810649103105
30769,7.753256055156207
30770,7.853047332977144
30771,11.329584592717561
30772,16.96784675856893
30773,19.286139370930773
30774,23.04605147566069
30775,25.775845432624966
30776,26.890394490281608
30777,29.320880591213868
30778,30.99007841711883
30779,33.582606300434776
30858,2.580643443347261
30859,2.6324779338134334
30860,2.6195740510910146
30861,6.554699252764098
30862,8.579076801121408
30863,10.328488193955424
30864,12.984053142280434
30865,15.82845369560992
30866,17.96734929577391
30867,21.117044528717464
30868,24.469014424866177
30881,32.872547115558405
30882,36.57858168486947
30883,40.03619090091773
30884,43.926842012909205
30885,45.945611394169376
30886,49.68376537747884
30887,54.07780096407672
30888,56.05886739403223
30889,59.99146481505625
30890,61.99267776060181
30891,62.16005931958319
30892,65.65019066049797
30893,26.437016509945273
30894,31.124601365166818
30895,40.1894847773807
30896,41.63212658068891
30897,46.7704738884465
30898,47.10787047442735
30899,51.562285603126064
30900,54.94920278129415
30901,56.486297086340656
30902,56.260340732752894
30903,59.304718943614844
30904,58.939560662903794
30993,31.82310970549987
30994,32.529576227703984
30995,30.993906446684296
30996,32.85995582204326
30997,35.28429614598089
30998,40.24762675601357
30999,43.5826716397167
31000,43.82380376125204
31001,44.22209629214183
31002,49.27856692642806
31003,50.15652202046243
31004,53.07932291927949
31005,26.009362302388393
31006,32.278913417816916
31007,35.99270976203292
31008,38.079314615480556
31009,3.1071036013914024
31010,7.263130469683907
31011,10.334107584391822
31012,13.48288275375217
31013,16.648492162083542
31014,20.467278669780363
31015,22.34635252506429
31016,24.94744089684378
31042,28.57200533775451
31043,31.529422746552466
31044,36.784191916648794
31045,39.88138464949859
31046,42.08501397228185
31047,45.2339986946843
31048,46.984344068828804
31049,50.92527859752354
31050,52.95165002683148
31051,53.62353084063974
31068,21.495015810857986
31069,22.865593337836597
31070,28.667196619480134
31071,32.460540269665124
31072,36.69757888003288
31073,39.73591494778551
31098,10.797061005876976
31099,14.258250869194137
31100,17.16122204321193
31101,18.99359802421876
31102,21.90802700802764
31103,25.68499736039527
31104,27.91491975944473
31113,38.601132667372276
31114,43.53981629172436
31115,46.690382416354474
31116,49.49518501037178
31117,12.332576144073462
31118,15.477237706857665
31119,18.359719366387274
31120,24.284328782283897
31181,4.8657869533334175
31182,8.261335047102387
31183,10.877799309283557
31184,13.808062160803738
31185,16.02743513066461
31186,18.106884695423712
31215,22.042681581371394
31216,30.33407462126493
31217,36.01710097962371
31218,38.244768108495514
31219,42.86296825197234
31220,43.101266980779364
31419,24.72835742577558
31420,29.013463667783306
31421,33.17675623905733
31422,40.77011590233131
31443,38.811327639092944
31444,42.97382803139971
31445,47.52959678975213
31446,48.74057314296302
31447,48.31308814205987
31448,49.994803944124335
31449,51.99293036374468
31450,57.72333200486272
31451,56.01580210869643
31452,59.571603394711865
31453,61.318610692070926
31454,63.61179274732251
31483,50.40286571349945
31484,51.693859272417534
31485,53.4927748414236
31486,56.06751089026903
31487,59.3748480738291
31488,17.44624635915294
31489,20.010999279673516
31490,26.030764248612822
31491,33.11240835853553
31492,36.790901042796676
31493,38.67431678391645
31494,42.397583657921
31495,45.3507693581481
31496,49.28367812275186
31497,45.13835836499661
31498,47.838393646941505
31499,52.35339870722756
31536,39.76900697361574
31537,45.17975328722305
31538,45.706907716489056
31539,52.81394895205199
31540,55.15159160970802
31541,60.44020100382199
31542,59.719673780237834
31543,59.789940650502494
31544,61.378855853775164
31545,64.94763890115077
31546,67.28516986590185
31547,68.27626478280612
31548,20.750312297793347
31549,25.800282143808293
31550,36.01843275647821
31551,38.78037373209201
31552,41.23561583940456
31565,29.89604695496659
31566,30.568420439138077
31567,34.14977735481336
31568,38.61497240418557
31569,43.44477225306867
31570,49.9852395285718
31599,19.89445367355988
31600,23.092156055842416
31601,26.74054757669735
31602,28.390082961395358
31603,32.092530977731755
31604,31.691032096071954
31605,37.16003645835568
31606,38.43157795346845
31607,39.1428485159101
31608,40.80978795193917
31609,41.3060003505809
31610,42.99416674239897
31627,25.846264527556517
31628,31.463493582607803
31629,31.88759221222772
31630,34.30898882779073
31631,42.66326087921285
31632,50.727692678247216
31633,55.52329950480859
31716,17.584658764007905
31717,23.51312025110817
31718,26.413190353864124
31719,30.256278018683872
31720,32.24003843719619
31733,3.1684645247703065
31734,5.221935201890132
31735,14.039501519683947
31736,20.67573593412323
31786,5.273304173034367
31787,9.976466840421542
31788,13.074896655113083
31789,16.72359586507669
31832,56.16139811594377
31833,58.76636472873276
31834,61.397656927338765
31835,63.02021852438391
31836,65.3154616665429
31837,69.03458870054665
31838,68.09083460340435
31839,70.75019812330471
31840,72.29528859351095
31841,72.83256563891565
31888,35.13432024958948
31889,39.57686512359839
31890,43.51290965643291
31891,49.666801618389414
31892,50.6809517633362
31893,51.250007888357025
31894,54.2245675552894
31895,58.89051913757845
31993,32.37696243105605
31994,37.236897959359275
31995,41.32138798264744
31996,47.52907485766792
32014,17.122954977262516
32015,19.727594064659144
32016,20.455063650189327
32017,23.036604476955194
32018,24.892911527817116
32019,28.01988427354955
32020,29.423543193671584
32021,32.14950635895167
32022,32.63962125885196
32057,25.810944924919426
32058,25.01663499448928
32059,28.96837394099594
32060,26.362392664966375
32061,30.069639609363417
32062,28.515544632304888
32063,31.820185465737083
32064,35.270500677185844
32065,36.706986302234945
32066,40.231405622962555
32067,45.41489222352039
32068,50.21298037964223
32119,1.1224088129739014
32120,1.1307803350642847
32121,3.933741463796184
32122,7.697252728442218
32123,13.692779073181482
32124,16.571027433167096
32125,19.004293494583756
32126,20.47392483064726
32127,22.648600354454423
32213,33.41272383807324
32214,32.11055043454489
32215,35.257591434499616
32216,34.30808333380995
32217,37.346037799179896
32218,40.91847961820001
32231,23.590504675931662
32232,33.51368855767856
32233,38.77283391058872
32234,39.02784984425639
32235,44.09060436813182
32236,21.265976552496372
32237,23.394129567815362
32238,26.961136290354872
32239,29.513540982530817
32240,32.50841652395411
32241,35.504752703956434
32242,39.383060569775395
32243,41.798415580040086
32244,39.272387846898205
32245,42.157227718870125
32246,44.78793752558094
32247,45.8707006851085
32353,9.98744747041801
32354,9.86125941651584
32355,13.121172141855743
32356,13.8734165923519
32383,0.19273763788675383
32384,1.9487933424697006
32385,2.9436349497822856
32386,3.76532592814685
32449,5.577279757193534
32450,7.256991179930392
32451,8.183842192689285
32452,9.893448320933894
32453,10.167084553872556
32454,12.165101741417018
32455,15.558619988218302
32456,17.886114195683
32457,19.091745318457452
32470,32.863977717794945
32471,37.72398249004239
32472,40.714400197545814
32473,41.604957695463696
32474,46.300724087491616
32475,50.7052698617164
32476,55.968757598244764
32477,59.6180545530024
32478,62.109535026894356
32479,63.240067851043655
32480,63.50429580548878
32527,36.9017244579928
32528,37.71304084935722
32529,39.969229324858745
32530,37.71614844887149
32608,6.8690734336962445
32609,7.389226149107989
32610,10.039392655840725
32611,13.746663230575914
32627,14.896635330450025
32628,19.93401800257708
32629,26.448639187267787
32630,30.36139705629895
32713,25.2887966109261
32714,30.691168916634116
32715,31.003172874667705
32716,33.54673125545543
32717,34.08040313455464
32718,36.02694413047599
32719,38.95609708509844
32720,39.56532785789999
32721,44.28500688682282
32722,46.74857212928723
32723,48.59662270347477
32724,50.233192602675956
32725,29.725938132646196
32726,29.87999536235314
32727,34.91738419036098
32728,36.69781604135032
32729,38.851695102003376
32730,40.800735186445365
32731,45.287633971434744
32732,51.76098515582388
32733,55.67576480599722
32734,56.82201187546562
32735,59.269327815541686
32736,60.82501449969378
32741,14.226939624249576
32742,16.365923118683764
32743,18.573608096901648
32744,21.94216202213619
32745,30.640656070281434
32746,34.029803990032754
32855,25.53617277719868
32856,23.746012530581005
32857,24.813508559922376
32858,24.67061439499083
32859,26.81359310998524
32860,28.555781816697372
32871,0.7407945595340116
32872,0.9703854085170439
32873,1.899154010529361
32874,6.753291026826316
32875,9.649811011768548
32876,13.616660262934918
32877,16.35523252841344
32878,18.222480357817933
32879,20.41531290811586
32880,21.951301059539976
32881,23.873066391026377
32882,27.28905035653106
32901,11.964738565188679
32902,12.774702333237949
32903,14.979704792526514
32904,15.482159967851661
32905,23.34649965930416
32906,23.881498574977215
32907,29.750136020429373
32908,37.597612541587466
32909,47.009137409075024
32929,46.912125597816804
32930,50.16438699249575
32931,55.27356430138968
32932,54.539469315802926
32933,55.31249494066177
32934,57.38041947404561
32935,57.774684313593255
32936,60.40700838997351
32937,64.34438974320445
32938,65.88600157404973
32977,0.6651458580404609
32978,1.1239554122796442
32979,1.2199758016058975
32980,2.21506080362764
32981,3.837622546004345
33029,36.071499667121145
33030,38.12954217392544
33031,40.43432860064814
33032,42.07538491151091
33033,45.874971560057126
33034,45.870687065857034
33035,47.96001230537934
33036,48.535020053204306
33037,50.338612521586114
33038,50.999733861892274
33039,50.041210416622945
33040,52.89591087441665
33107,42.500636856850456
33108,45.452048865121554
33109,47.734796158472584
33110,49.84966061964002
33111,51.15189442127302
33112,54.55421657104997
33113,53.90299164674907
33114,53.91481988220364
33115,56.21871532111404
33116,56.51997247868337
33117,59.32025260765663
33118,61.82725877880432
33119,29.462943502249093
33120,34.31702957945361
33121,37.21489911225926
33122,40.62468295404263
33123,41.78640269750698
33124,45.92027804893744
33125,48.325657244541944
33126,49.99986815283099
33127,51.49249985384041
33128,52.33871495682794
33129,53.485088918420246
33130,55.11039824930914
33135,26.81852843628169
33136,27.89967183410615
33137,28.73675442953258
33138,30.45682402360013
33139,32.28613121825762
33140,34.39573627795285
33141,37.38290342596326
33142,41.49495296318801
33143,43.26746770166564
33144,45.547027834146014
33157,28.61998127760785
33158,31.51005569341467
33159,33.67211430448014
33160,35.83269546757425
33161,35.60231069352311
33192,10.47856806125394
33193,12.902887085902824
33194,14.780618169831852
33195,16.663131063503357
33196,17.006470707574717
33197,18.434392689624012
33198,21.43521021368141
33199,26.918882460238116
33200,29.82563464724428
33201,30.895580279669367
33202,34.27010434389982
33203,37.61801530257152
33204,24.47289161661552
33205,26.77961252843144
33206,30.76962037772565
33207,32.16102214356007
33208,35.693831092435644
33209,37.439041805987515
33210,38.03719435127495
33211,37.28825177113773
33212,38.30567779561701
33213,39.68587619223729
33214,41.96900859361292
33215,42.90538239054988
33228,14.671010099990607
33229,15.045081279453836
33230,15.504884840005166
33231,16.37333511543002
33232,15.975037084011394
33233,15.212234118377376
33254,16.392887391991174
33255,22.451625112938814
33256,25.607956452457838
33257,29.879811460391476
33258,0.2908085183405408
33259,0.8210687715916946
33260,2.3233769229926304
33261,2.874171459944369
33262,12.787710090327868
33263,14.291444722657099
33264,15.78423069934956
33265,17.500789855266166
33266,17.27389307647233
33267,18.142480832800285
33268,18.57834065180391
33269,20.328821349162993
33270,22.938438162304475
33271,25.62074023486481
33272,29.096295997586836
33273,30.226382439386963
33274,14.513798753417328
33275,16.75810324639997
33276,23.018107572264135
33277,24.557493664007442
33278,27.260290055372547
33279,26.485070047193457
33280,28.64753709032978
33281,30.24178007314946
33336,37.91571627043486
33337,39.79654410273026
33338,41.93791366775288
33339,44.97757493096767
33483,3.7401068158720085
33484,5.091914701888736
33485,6.975359787107191
33486,8.660621975528526
33487,12.70813118547168
33488,13.961565444290393
33489,17.59219980075407
33490,21.66653436997075
33491,36.217203967583934
33492,41.000292201361624
33493,40.77156085593463
33494,46.25630606887991
33495,49.49555286486412
33496,52.85375207269777
33497,52.07889868753087
33498,57.31207848823867
33499,57.40848630280551
33512,28.109887638305853
33513,29.932631502236514
33514,32.81076700594431
33515,37.06629039835706
33516,40.89256957741542
33517,42.26718460789331
33518,46.60538294708966
33519,48.55022742198393
33520,50.94751978521603
33521,52.06275581741752
33522,53.875940408627244
33523,54.227738379813914
33528,32.88971373423696
33529,35.41881417682545
33530,47.858426203262546
33531,55.874636974746124
33639,4.990385385326296
33640,7.446920387444359
33641,11.390815185373341
33642,14.576570314153162
33659,38.77684342233923
33660,44.44375784301159
33661,50.20346247053769
33662,53.21796432482374
33716,34.220726413688844
33717,38.75314915465087
33718,42.388268493851584
33719,44.617873813710354
33720,43.92199552316676
33721,46.20653423266128
33722,52.323621440112426
33723,55.79486524947059
33724,58.23953238204455
33725,58.87256575532204
33726,60.42032044575597
33727,63.47055973503442
33958,14.6852656233841
33959,16.51796260282195
33960,16.29927051106091
33961,19.225847069169678
33962,17.66467864648513
33984,10.103222136176289
33985,14.203581036934406
33986,17.684259919878013
33987,19.857512490676243
34035,1.2078303132354964
34036,1.0336126335157656
34037,1.5389582263514212
34038,3.3759404763257996
34039,5.614590261441636
34040,8.16936728869765
34041,11.181579968957182
34042,12.626784026316175
34043,14.25074138299685
34044,17.078533545016533
34045,21.128311013248585
34046,25.342149313569706
34047,56.23504862423729
34048,61.557065726326286
34049,65.1910323225848
34050,67.30315351444303
34051,67.81999180527785
34052,67.90801098773922
34053,67.60959157344146
34054,69.1855950530612
34055,72.12756322555981
34056,74.38161918303365
34057,73.06813759253083
34058,74.03060753741325
34063,29.06868103551259
34064,33.632105122471344
34065,40.04956417191342
34066,43.16185822806153
34067,47.63044396552617
34084,8.863751711274373
34085,10.74476144276064
34086,14.043094374474212
34087,16.740343547104217
34088,19.440013256416517
34089,20.921911854254585
34090,23.893719123162914
34091,28.55972495582225
34092,32.53393930766935
34093,36.11776815048367
34094,39.51580168771866
34095,39.21626267112965
34108,26.57224579043775
34109,29.759156505985562
34110,30.228620313994472
34111,43.43878523297356
34112,45.95039424667924
34176,16.784012647468927
34177,18.17585082232406
34178,21.430968335291453
34179,23.467736294249637
34180,26.92238517398836
34181,29.27573777047889
34182,30.742221344087895
34183,32.285288589623605
34184,34.85357083386076
34282,13.4363057337149
34283,13.738060571186477
34284,16.146112948349852
34285,17.745013507383593
34334,8.845809616025678
34335,12.119175120395656
34336,16.262905908462578
34337,19.892359801767178
34427,45.54910496266073
34428,45.22788810840754
34429,49.837093647521186
34430,51.94690469534997
34431,52.64487727057523
34432,52.226902193843024
34433,53.13362866990817
34434,30.163983627472398
34435,34.96278568808138
34436,40.17198807623547
34437,47.70401849410198
34486,29.543714057382044
34487,33.164760356849115
34488,35.94708993146821
34489,37.96596576860927
34490,39.061888600469366
34491,40.14755078561818
34492,41.14269314542959
34493,44.30935057720428
34494,45.22452499963049
34495,42.00593325945798
34496,45.67445476578893
34497,48.026107201806504
34538,0.5289285789087532
34539,0.8271476091006166
34540,4.30019841706418
34541,6.513813940566756
34594,35.453989823870145
34595,38.410853937786385
34596,42.99611031471699
34597,44.28705514553993
34598,5.970430712711195
34599,7.252221340970789
34600,8.890050907922628
34601,11.900397221871863
34602,14.934705831313378
34603,16.451494901412286
34604,18.227549459907934
34605,20.23511524172865
34606,22.5673188589988
34607,26.21940672716233
34608,29.901649879159173
34609,33.79309724521296
34610,24.73354819774284
34611,28.28987292292148
34612,31.526879346797582
34613,33.87783586342345
34614,36.207509908765125
34615,37.962907036702624
34616,37.08809673382989
34617,11.09322958550031
34618,14.1516551007996
34619,17.50771125450242
34620,20.412938983749907
34621,24.75051895251527
34660,11.082831755981177
34661,9.869452236694563
34662,14.270586734920188
34663,16.223675067678382
34664,23.615760833889997
34665,29.595073766975
34690,5.679572915966921
34691,7.078163946354038
34692,9.164426478930839
34693,11.627986662529088
34694,13.062776505179157
34695,17.180944238195764
34696,21.788793208653548
34697,26.3584603061439
34698,28.385279945076018
34699,30.200038522581135
34753,7.848515631639801
34754,13.402430379356852
34755,17.566915785581728
34756,25.380050499265433
34757,25.631713957273682
34758,27.685624479520207
34759,33.535704197452624
34760,32.64974492033599
34761,36.889041314226574
34762,36.543314201123195
34763,38.952713218099284
34764,38.83361939302583
34806,11.213664876379232
34807,15.898537988243971
34808,19.52389866500568
34809,23.803873958475286
34810,27.290094104929864
34864,18.750460092901612
34865,23.890946829183417
34866,26.537658797650565
34867,30.508267051146085
34874,21.187265368214145
34875,24.204683288916467
34876,29.124281009006804
34877,36.033127800482795
34906,27.616361513310608
34907,29.06665703752305
34908,29.60830952886485
34909,29.58398029230487
34910,31.492321730021764
34911,33.11897861027281
34912,34.32057857402343
34913,37.844992304341005
34938,40.69027939469753
34939,45.04502673247072
34940,44.76893130808489
34941,51.78177515126328
34942,56.46588348138491
34949,17.094208250704217
34950,20.308804936868214
34951,23.64769313302884
34952,24.457730731604258
34953,27.261277259181735
34998,38.646137117771616
34999,37.59144431200563
35000,39.08045689445744
35001,42.94597254746539
35002,44.589760782964476
35078,45.62267962668432
35079,47.412306932388205
35080,48.67726794881584
35081,48.87230777513275
35111,9.744336981982215
35112,15.159078044939728
35113,18.40837855520691
35114,21.74554835522013
35115,25.513853499276802
35116,29.393981384241727
35117,32.40460670327823
35118,37.994302784513806
35119,40.42759383962734
35120,40.54110793329999
35121,43.28383073572496
35122,45.27907960248698
35177,33.91603426240056
35178,35.5346101844252
35179,39.27523650724774
35180,42.99123212502846
35181,49.24293316960883
35207,22.570540912701045
35208,24.442422550433466
35209,28.26464599931118
35210,27.643887839873514
35211,31.290404948655706
35212,33.445728791760125
35213,35.4417800398759
35214,39.57006050792933
35215,45.3267229022177
35216,48.68734766422739
35217,50.04527590557163
35218,50.29647091184869
35277,43.57686723822413
35278,48.32191380729322
35279,52.214529354979945
35280,52.39296748525668
35281,54.958625883489404
35282,58.66322202879811
35283,61.99013373313787
35284,63.83368296504582
35285,64.60369617907256
35286,46.559890697187974
35287,45.845364854170334
35288,47.3061179734535
35289,49.85683330484102
35389,22.561646161513703
35390,23.8817187749378
35391,25.070687108168116
35392,26.957951953199615
35393,31.296806094589122
35394,31.84108595000903
35395,32.80434859625742
35396,33.844133030526606
35397,36.05502340310186
35398,34.78988503981165
35399,35.525253946897244
35400,40.29035136735952
35401,28.678967814579515
35402,32.92554571302657
35403,36.96220648431572
35404,40.455773639626905
35405,43.61317447593549
35406,45.74177734490156
35407,48.02624789657515
35408,50.26172851903229
35409,51.73810186711317
35410,53.04653944714299
35411,54.449866503176416
35412,54.96089346298791
35438,30.37573186722186
35439,32.26045059285072
35440,36.23504630779986
35441,41.40743729127264
35442,45.22528900236912
35443,42.62221926964559
35444,43.96359876471585
35445,43.79409092189475
35446,47.2011875621194
35447,51.64801469829861
35448,57.109325070846836
35545,54.05701454814905
35546,54.51902970240737
35547,58.99562287587876
35548,58.21984840856352
35549,60.905854489833125
35550,59.0027274139025
35551,61.790958684583984
35552,60.935633591305645
35553,59.92668578819984
35554,61.80462896241709
35555,65.82140774462664
35556,67.11484904366485
35557,29.84080739419292
35558,38.955987169533145
35559,42.978668080193884
35560,44.678581628826365
35614,40.06538354414677
35615,49.52911938296673
35616,53.209758075212115
35617,56.655106803727044
35618,53.02645794575877
35619,54.12742998203358
35620,54.836098184856134
35621,17.56137959317893
35622,19.363548240899515
35623,23.54519526110994
35624,26.989801044557307
35625,29.687152739830665
35626,28.763392446677642
35627,30.232512984926544
35628,34.597392356630884
35629,35.292094789530935
35630,35.476788312739764
35631,36.86243740294569
35632,37.53016481714606
35676,47.82218665894746
35677,52.05658842521877
35678,54.94164880265356
35679,55.19640530935713
35680,58.38334871796615
35681,58.51538903620718
35682,60.17827939139862
35683,60.93678991173522
35684,64.05946542611325
35685,63.3013759411725
35686,64.71465070725667
35687,65.00749116808564
35706,23.678562869392277
35707,23.790881130098526
35708,26.809106002660013
35709,27.777996749331162
35710,17.570245831678477
35711,20.66760501658501
35712,24.324954046998595
35713,25.646197083366555
35714,28.41860434032796
35715,29.399282441387452
35716,32.52423318971321
35717,37.47682981267304
35718,23.88240597934555
35719,28.89149552997177
35720,30.7317068500777
35721,32.354602085634625
35727,17.872826178510334
35728,23.604405121365865
35729,24.561652191339018
35730,28.296596079791
35731,29.665065568980243
35732,34.401218270195955
35733,35.34971894348897
35734,38.42920316894991
35735,38.77252100075149
35736,40.327344737185726
35737,41.204590078556784
35738,42.461936212743765
35745,13.312456160880409
35746,12.154259516053237
35747,12.328172186604576
35748,13.305805563951147
35749,12.340694267946562
35824,18.14433834714881
35825,15.391328062335035
35826,15.671796362087196
35827,13.789791253624502
35902,1.715285014548006
35903,8.680138387331112
35904,12.17784386258617
35905,17.89772563033348
35922,18.680734352111763
35923,21.606203357264203
35924,22.882227633047954
35925,24.955842447852866
35926,28.316178610430306
35927,29.79368394500157
35928,30.52351947193808
35929,34.00660776989661
35930,35.39771163639677
35931,36.17072102055686
35932,37.453938518870295
35933,37.65952292776058
35974,16.184446705443744
35975,16.812498386312345
35976,20.420078481688382
35977,27.69297166409641
35978,28.363913086950358
35979,31.741653661098994
35980,33.68561488641997
35981,35.50665191828109
35982,38.7492826160026
35983,43.175532544699294
35984,46.848852804664844
35985,45.88054678426994
35986,12.08678488283437
35987,18.466957742298597
35988,23.510704298768623
35989,26.523157350442236
35990,34.12857894470923
36068,21.03704155616859
36069,23.81944413147008
36070,28.398236487357043
36071,32.88039599787725
36120,33.4976119623112
36121,38.491002768113326
36122,44.486551714408115
36123,49.590282864904154
36124,54.83208104505756
36137,18.887908307328797
36138,23.324251520213533
36139,25.389854516497838
36140,26.662366745689894
36141,31.28724140846782
36142,34.86661779311495
36143,37.150449881442086
36144,38.488088108268585
36145,39.94070811572443
36146,41.45727157340165
36147,44.77849949612368
36148,44.57457454168893
36192,38.21892867732682
36193,39.549719098532954
36194,41.129545223017836
36195,44.89978626051773
36196,46.91610836630564
36197,59.683582634538496
36198,59.70845770883633
36199,60.59466172559446
36200,63.56009578093169
36201,62.57058561347056
36202,66.85770516852344
36220,25.092391787799972
36221,25.88523857722777
36222,28.049197297302317
36223,30.664672701047603
36224,31.011309995847856
36225,36.55453844670304
36226,40.41301723690794
36227,39.806148953857054
36228,42.94648450506228
36229,43.50015048397621
36230,49.76923202819559
36231,52.7094478186453
36245,44.784643498618415
36246,42.85565374604594
36247,46.65582541301784
36248,46.54828104670537
36249,46.08855008321716
36250,47.79058732012795
36251,48.311577641460104
36252,51.94898864859986
36253,51.095393350422725
36254,35.30409345354047
36255,37.38858114281056
36256,39.50917719725017
36257,37.04493642161802
36258,38.89920831524073
36259,40.287096351457656
36260,42.4020440219263
36261,40.69296296118546
36262,41.292668262476745
36263,42.04501154150515
36264,43.94654588857317
36289,0.9847648126171441
36290,0.9816823225089227
36291,1.2076875249661432
36292,2.4950715224936486
36293,4.086585014251794
36294,7.95684320425315
36295,8.851366357594825
36296,11.651787953068046
36297,14.165630723854616
36298,15.999669667666957
36318,24.02516363955516
36319,25.848904479552214
36320,27.736970460115035
36321,31.26439539732669
36322,31.913483056803724
36323,35.91056756047269
36324,39.1939724153632
36325,44.101105024198795
36326,45.83304980907282
36327,47.17883968695928
36328,49.060703206606895
36329,51.411356692188164
36330,53.27601139782042
36331,55.235878371083835
36332,56.999272374023384
36333,60.73576352056707
36343,20.201053813909084
36344,22.610633649998903
36345,23.24449042255855
36346,26.341536026114063
36347,28.721872849738634
36348,30.297564693141933
36349,32.441303846290005
36350,35.848688161105194
36351,36.74133880821684
36352,40.18871214715473
36353,40.61173477287333
36354,42.626901390801095
36367,16.741573248798094
36368,20.69366552220864
36369,22.583041805589364
36370,25.37252788141513
36371,23.707592659549427
36372,26.57815802970657
36373,31.30764091702152
36374,34.52576692846747
36375,38.58696875847819
36441,37.81308973134891
36442,41.721697220508545
36443,41.891945079633174
36444,47.270159542694564
36445,49.98467325786512
36446,52.649006153515344
36447,56.00419442328211
36448,61.20832768071221
36449,62.53153946992809
36450,64.3993130251607
36451,65.84737028622425
36452,68.63107870748415
36453,23.205429341007147
36454,23.83182900054291
36455,33.37306562305405
36456,33.45277480037785
36457,38.24412234937267
36458,39.86039827529733
36459,45.66184686256688
36460,51.70334875867522
36461,53.389400587796764
36462,52.89410648983642
36463,55.72593836925423
36464,57.49215485298437
36523,2.1131349898128535
36524,4.490740226117224
36525,7.952774674431757
36526,15.841539607127396
36601,21.700471927434243
36602,27.220821638128744
36603,32.06117215108664
36604,33.10471522508985
36605,34.36984228615241
36606,35.22958621233375
36607,35.37605052515473
36608,37.1016788074415
36609,38.39465658945216
36610,39.63154653044334
36611,41.37125481296271
36612,42.61352667588504
36618,34.27683687291468
36619,35.118059777488504
36620,38.79662640781946
36621,42.00924116613308
36637,41.07323442659215
36638,44.995363825098906
36639,46.5070016783683
36640,52.16530494623315
36641,55.0936500351527
36642,56.32090455576581
36643,58.72014793612317
36644,59.55318900237123
36645,58.5373598947795
36646,62.927914396748825
36647,2.5181415974572796
36648,5.400602959618724
36649,7.450924621212043
36650,9.946234362598398
36651,12.81739793312344
36652,16.468291146094675
36653,20.01427293603569
36658,43.50858743896365
36659,45.03747156674457
36660,46.74357954142364
36661,47.54696022271271
36662,52.87470365066575
36680,29.837727565162826
36681,34.57102729229351
36682,39.48288752819836
36683,43.28103209998708
36714,13.643716931623294
36715,17.827483365791267
36716,22.008524887178247
36717,25.430850419420736
36734,47.069260667561885
36735,48.84047544375006
36736,54.28154749053657
36737,56.100362248366494
36738,59.03943025929075
36739,62.62995356128283
36740,60.865320092264476
36741,64.31824797581496
36742,66.58725829310183
36743,67.71851699537514
36744,67.74415078181283
36808,28.257077067421324
36809,29.317775659646337
36810,31.90727705707306
36811,33.93223984602818
36852,19.7772808500039
36853,23.958109636424382
36854,25.66695191449958
36855,28.860259792475865
36856,30.352349152157064
36878,5.7271519167554965
36879,8.64193229519914
36880,10.423941030142766
36881,13.961420123507818
36882,17.481747403193733
36883,22.224698838907155
36884,27.27078938459512
36885,27.595291021891747
36886,26.672628554017844
36887,25.82772163762666
36888,28.927290045800437
36889,31.584034447937547
36890,40.288095538089
36891,47.28935488881017
36892,51.41498337182579
36893,54.61738419449579
36894,53.868782669950356
36951,27.12808947009833
36952,30.510299294312276
36953,35.769174156528784
36954,38.98967940147012
36955,40.8737328320326
36956,47.40335759637246
36957,49.49398528489382
36958,50.193752575558996
36959,48.351989332920844
36960,48.39831706520792
36961,51.7658318515139
36962,52.82800480137055
36975,34.06391927746007
36976,46.29899095909873
36977,51.77612493689035
36978,54.7952605646918
37010,3.721395127962979
37011,4.118816476852412
37012,3.9242447861325247
37013,7.440161719841868
37014,12.6347470159825
37015,13.481500008481525
37016,16.57040770409659
37017,20.62701451310635
37018,23.988693119598597
37019,25.412004010614595
37020,29.14358019112528
37021,31.489773342762483
37022,47.27773364785412
37023,49.87736638874603
37024,51.80678972509248
37025,52.1790661512378
37026,53.10177810061291
37027,53.5949902743335
37028,55.96973394440503
37029,56.74496048047868
37030,57.64175787875103
37031,60.05148112190497
37032,62.56508663192323
37033,63.75340317819728
37034,24.68034546911038
37035,25.79758548861979
37036,27.097807042753768
37037,25.330673028741646
37038,27.120316174262296
37039,27.04251068555645
37040,30.77735686804132
37041,16.559717755900227
37042,18.623924814742423
37043,21.361014269062675
37044,22.138425214483746
37045,24.617388103108308
37046,26.356248453024016
37047,30.271433520428484
37048,31.381668200129862
37049,33.49132126306514
37050,37.38773269962726
37051,39.02556860147612
37052,40.167333810148186
37053,35.48343896428847
37054,39.41981857928042
37055,43.55825900759877
37056,47.26052081529798
37057,61.66774225396641
37058,61.87440511322383
37059,63.74113148770529
37060,66.57340460844055
37061,69.10222580370254
37074,28.85550033277849
37075,34.213642777808815
37076,33.94986551055438
37077,36.600853736451405
37078,29.891332587228593
37079,32.35793528723455
37080,37.44785099888503
37153,20.45376495469243
37154,25.37590976102877
37155,28.50416222927082
37156,30.750046860598534
37157,34.02677058282303
37158,34.60910882599004
37159,36.37900149572341
37160,37.15647953066939
37161,38.63927556828465
37249,19.521414415628584
37250,25.203700215800318
37251,27.095455741423013
37252,31.50709841385315
37253,33.28740034325841
37254,37.59984124944017
37255,40.874913985941596
37256,43.625619630367545
37257,43.737178704354086
37258,46.412469516707574
37259,47.65950787020479
37260,45.442513833970416
37261,6.8523125990868525
37262,8.343500770549557
37263,11.927599463846018
37264,14.6306419486141
37265,15.713197846032918
37266,18.245545129555534
37267,21.64620968169525
37268,24.567579532037975
37269,28.437516363163038
37270,30.530169660645907
37271,31.76972143925189
37272,32.45462223116837
37308,35.230358165927555
37309,40.708557845686244
37310,43.85419390464994
37311,45.661629352682716
37398,35.156447682144545
37399,37.948120806366454
37400,44.89471335745347
37401,48.16622219960891
37430,19.593786525338075
37431,22.618764030919856
37432,26.05537331059479
37433,28.661008446239613
37434,29.72954027330962
37435,32.66131212060751
37436,34.23085422027823
37437,35.29185698397299
37438,39.23212213567676
37439,42.710059161167266
37440,44.81334343677452
37489,34.35926831292797
37490,46.607034415429844
37491,50.589124148307725
37492,53.791403514451225
37493,52.46198661981647
37494,55.76912808292944
37495,57.02466105220404
37555,14.65727316898617
37556,14.370427989241978
37557,14.712066843031048
37558,17.75130971025039
37559,18.94808183405368
37560,22.572896989123517
37561,34.984586452800194
37562,37.6399016934449
37563,42.12983183632635
37564,52.35504935449583
37577,29.13353745512368
37578,31.280757198278856
37579,31.822818932362402
37580,36.00317111108955
37581,42.37495184456608
37653,22.93723254333587
37654,24.55367850692634
37655,27.506572426792555
37656,29.174684186574954
37657,31.679614814620102
37658,38.044323208774955
37659,47.74626197258063
37660,51.27892563972438
37699,42.799891965019945
37700,45.73745315807057
37701,48.01137844542839
37702,49.20151109149467
37703,53.809651044733435
37704,54.2669876283155
37705,55.66259310017101
37706,56.209487932938224
37707,58.12064219054393
37708,59.48242789903149
37709,60.484463240718824
37710,62.427153276619144
37756,47.42353048001852
37757,51.01472967695876
37758,53.950862565316996
37759,56.77212783149116
37760,57.61031461557323
37761,58.41841573368202
37762,59.072407855088464
37767,32.976052669435255
37768,36.12800427430192
37769,42.683277388765504
37770,46.27270727775178
37771,46.96563508431628
37772,51.96231158240967
37773,53.92733185064367
37774,56.55363304130904
37775,59.66699624688943
37776,62.74472947980669
37777,64.12721667109496
37778,66.7991839751518
37816,12.981738079225828
37817,17.128822612891803
37818,21.617493651302734
37819,24.525523100125753
37862,19.06317936882824
37863,19.689674808448743
37864,20.582465311362018
37865,21.584357772728296
37960,21.479742910725836
37961,24.793782819637403
37962,27.05545799814346
37963,29.67709956148758
37964,29.792277514028473
37965,33.85896347464306
37966,37.28531418750409
37967,40.837512736078914
37968,45.942164650593256
37969,51.290938305645
37970,53.93186088047056
37971,56.58515372998835
37994,29.24940298073036
37995,31.71902630139597
37996,42.59309904532986
37997,48.97568874530643
37998,56.152591652099645
38021,28.399418620047022
38022,33.9814478721423
38023,34.79702816527053
38024,34.83242668523521
38025,35.43433213578298
38026,36.932493275932366
38027,42.51643041916375
38028,43.96916488818492
38029,46.835578321173884
38030,48.715441848291825
38109,28.23762404947136
38110,28.59246465345386
38111,31.88704797423329
38112,31.410141850687022
38170,23.87759079184514
38171,24.64642171748673
38172,28.36246507875491
38173,31.1647153328527
38174,34.00629270975386
38175,35.353591690568855
38176,38.194369795599464
38177,39.44548435510999
38178,43.180860230129795
38179,42.00041729402815
38180,48.615723628428555
38181,47.06132359565612
38197,29.373690879869404
38198,33.15026156078195
38199,34.17640103853178
38200,40.00089014914673
38201,42.47874058936235
38202,43.420931587793405
38203,49.71193116851544
38204,50.457490557761275
38205,55.37386648300101
38206,59.91513650961757
38207,61.49693957685548
38208,60.524227501042425
38209,65.35475430345839
38210,66.99820595474785
38211,68.01287210855695
38212,69.71066178912238
38213,69.38921853810585
38214,73.21114874436458
38215,43.09726350969021
38216,50.1134640926708
38217,55.74276190533233
38218,58.760995788323505
38239,15.55025316296225
38240,19.622996756261255
38241,29.948357179875178
38242,29.833395902542954
38243,32.59809531151055
38244,30.431628535244077
38295,16.327430805750108
38296,25.617775628832224
38297,29.0164913594926
38298,30.688170600610615
38299,32.428054220079915
38300,35.749979616053416
38301,38.78498266866334
38302,40.561052443453946
38303,41.37892709090317
38304,45.14434846425908
38305,44.75115388700753
38306,49.252872600369614
38307,51.432856671604945
38308,56.122524214640336
38309,59.71339095928065
38310,62.10146235321464
38311,63.26843002874521
38312,16.002603614590743
38313,18.277992042538134
38314,20.103645707305247
38315,21.6732426634735
38316,21.699394972010186
38317,23.20718710427715
38318,23.692797112896695
38319,24.74426011201744
38320,29.158531408871802
38321,31.764066840631205
38322,32.37891384661071
38323,34.22571338735767
38324,28.62378713369421
38325,30.158401837070954
38326,34.16630535509458
38327,37.952522452189605
38328,39.454894743666806
38329,42.26121726649995
38330,44.91620267757899
38435,27.81486323498199
38436,27.916111182511912
38437,29.473452263946204
38438,30.193841944634308
38439,32.506388780998876
38440,35.07807199283773
38441,35.71589276982646
38442,38.464820596533514
38443,39.03347015828393
38444,41.707386306536904
38445,45.74533981236189
38446,47.34150069491756
38447,35.114122338939396
38448,37.64161295736321
38449,36.80190836615358
38450,37.09519188469685
38451,37.99243918216841
38615,26.75889358456541
38616,31.341981085025793
38617,33.88678744971114
38618,36.075134720113596
38619,34.53002102810311
38620,36.775765707273074
38621,40.06025211108252
38622,42.35110442717839
38623,45.327562473383246
38624,44.800186697956754
38625,49.8623982478337
38626,50.19018073096094
38627,20.870902994135974
38628,22.21583309660382
38629,24.60136487132359
38630,28.200912272391903
38631,16.28126633543974
38632,21.84481950638374
38633,29.270386051731226
38634,33.53531750229836
38786,43.35509918996727
38787,52.22345788425104
38788,59.31618033478311
38789,64.77981891999204
38790,67.06341097346142
38853,32.43515762870985
38854,36.89070285750323
38855,38.5594414947589
38856,45.03055181990753
38857,49.951575563764244
38858,51.123753602578624
38859,53.11138018542819
38860,54.374323011299694
38861,56.40099497891022
38862,56.11760738853686
38863,58.119287532038285
38864,60.168651055975765
38869,30.374918665575468
38870,36.53252356138534
38871,43.467803347438384
38872,47.07521708493681
38916,31.395819447759965
38917,33.843664826704284
38918,33.4989911764829
38919,33.392983813034334
38920,33.18247374045286
38921,36.856530803267596
38922,35.939089915730435
38923,36.687798137170944
38924,37.621612757292375
38925,38.71132251259878
38926,40.00003004423635
38927,43.011965878985535
38936,40.125171775593586
38937,45.48263618409612
38938,48.764291318653775
38939,54.402555130419415
38969,19.57996563441336
38970,22.72437881087469
38971,24.467232212778356
38972,22.92512777602665
38973,24.662169045489577
38974,27.168972755801615
38975,28.768435151342263
38976,29.22025034047434
38977,31.84078610816432
38990,4.3509948779244825
38991,9.322394990472173
38992,12.830677548375755
38993,15.912478898871735
38994,21.177575382582088
39004,37.98560472056045
39005,40.278902774199615
39006,44.81697091209629
39007,46.675957138282115
39008,50.37069264621357
39009,52.222076497454474
39010,55.247943438409486
39011,57.883930130935134
39012,59.842886898942844
39013,59.96518718649601
39014,60.748079481900696
39015,59.35501005039171
39040,20.95814184115426
39041,24.99916942620165
39042,31.20167117628834
39043,33.426692009468184
39089,32.00446237584105
39090,41.78740222733134
39091,48.42978229287739
39092,52.98008015142827
39222,18.162743254757615
39223,21.200086419190583
39224,26.327091528779082
39225,31.180163230811523
39226,36.550174425918385
39227,38.6952689583038
39228,44.93251317177216
39229,44.69303871295516
39230,46.501272165363346
39231,44.558283036259226
39232,45.3115255951216
39233,46.63337924953699
39252,33.76616350190598
39253,35.37072932066483
39254,40.94795338761073
39255,44.753188490472304
39256,44.94863531812832
39257,48.69529885931022
39281,12.085185879619738
39282,15.173109266739536
39283,19.362891472265424
39284,21.522048052184726
39285,22.23918831540454
39313,14.723350399481209
39314,17.07178807490792
39315,21.11923535408017
39316,24.154333192875928
39338,26.650927884602986
39339,28.740137097122123
39340,28.945082433375273
39341,30.43279390110646
39342,32.90267574855038
39343,36.00456526940844
39344,40.19246466351566
39345,42.73343300683194
39346,45.225479442679486
39347,50.3326583411304
39348,54.15430624865749
39349,56.4550191412511
39408,20.932008594566195
39409,23.1331928389884
39410,25.07170876288568
39411,28.28459259985724
39412,34.271176489648965
39413,38.22488023685166
39414,40.407212082853235
39415,44.732777292599536
39416,44.21825954065187
39417,45.067658494252235
39418,48.91372803907718
39423,20.062535475301765
39424,24.1836720951544
39425,26.58574166313778
39426,27.518740543022947
39427,30.119402504470262
39428,31.516530237359262
39429,32.9172219170227
39430,35.199071836392164
39431,37.03122177354844
39436,27.688139383643456
39437,31.667661467897098
39438,31.466820938466938
39439,38.919240116407565
39440,43.219213613981815
39441,48.64655229935369
39442,48.85834538066439
39443,50.72865523582495
39444,53.11209525153255
39445,55.31319173331394
39474,13.102510023650629
39475,17.31598596539983
39476,23.84346138814156
39477,30.37038785344744
39478,17.10357673410504
39479,17.505647056387353
39480,20.450943847828697
39481,23.284400195890164
39482,24.989131823055107
39483,28.08351354240816
39484,32.03551887865272
39485,35.020011606880026
39486,41.882317683346386
39487,44.19760692081395
39488,50.226208993684736
39489,49.05015516866103
39522,46.085383233215055
39523,47.563362297068764
39524,50.50173243098026
39525,52.03339406526163
39537,16.003741398666662
39538,20.46588349621105
39539,24.390669639631117
39540,27.114632046486626
39541,35.56221759938338
39542,37.938242006668325
39543,40.921058741409254
39544,46.6252253125463
39557,24.95464045811277
39558,26.57269670728001
39559,28.600360161454372
39560,31.73538817469976
39561,34.312267780408774
39562,35.03272051825361
39563,37.92654028746899
39564,40.49703098598917
39565,43.743802836723084
39598,21.56527322475713
39599,25.38039740500333
39600,31.382148393090034
39601,37.894022231682804
39634,10.36995178443577
39635,11.808419818314318
39636,14.47178267502788
39637,16.45553175185743
39638,18.603450849420042
39639,20.628639526050776
39640,23.619472135599622
39641,33.838641770523104
39642,38.876647429153934
39643,44.119772710793356
39644,46.4763413483182
39645,49.17828581112872
39708,46.98952552510763
39709,48.71731918425926
39710,53.72135874919816
39711,58.69690774043259
39724,29.81031869744926
39725,32.01241871477895
39726,37.49011229115945
39727,39.29844984552512
39728,41.35241033246635
39729,42.38287852353295
39730,48.026950562736275
39731,51.443047493385755
39732,54.485669780991266
39773,39.1300872571231
39774,36.49673676383932
39775,39.408615793907416
39776,37.39339750383935
39777,39.58408970732478
39778,43.92521863896811
39779,13.777625388144667
39780,16.91871737615219
39781,21.955404701878933
39782,19.658456653958005
39783,24.950216043195542
39784,25.56803137955507
39785,30.25066021572377
39786,31.822828482535986
39787,36.23556333533603
39788,41.06858046852322
39789,46.61620819250984
39790,51.844101777019155
39803,40.60621284801379
39804,45.795209321652024
39805,53.18779978820158
39806,59.280188775066186
39807,64.63461444821394
39808,62.18592432974374
39809,63.831000265595556
39810,65.35975600363041
39811,66.27660211896284
39812,70.10802571172047
39813,73.63676654855085
39814,74.16190088209814
39815,75.75208004793458
39816,76.52126192067297
39817,77.80187077326524
39818,76.60913403910764
39819,77.8212058676585
39860,34.03029801242561
39861,37.54934277098854
39862,35.33936157941262
39863,38.50764572386776
39864,36.34437320303411
39865,41.78834454959762
39894,31.20525433857975
39895,31.38784097363822
39896,32.09881947783899
39897,31.4952012007678
39936,10.700845651935238
39937,10.94386508576601
39938,14.102043526581651
39939,15.044613020653415
39940,16.89347646575512
39941,16.507184110605404
39942,19.36104605938798
39943,20.724753728792777
39944,23.28412705293009
39945,26.076504791890827
39946,28.520130916894512
39947,36.89184487063074
39960,16.819800582960067
39961,23.83599140425778
39962,31.988123626565955
39963,35.276430673803844
39964,40.42163855230865
40034,33.5679462921031
40035,36.887463360958584
40036,41.236595946873976
40037,45.79498130307281
40038,46.38801779563084
40095,34.84769491754798
40096,37.99868642633289
40097,41.53307696160808
40098,43.82856385187379
40099,46.07211803862374
40100,47.39996485929537
40101,46.90104405140402
40131,8.990163056402071
40132,9.106375428126551
40133,10.319160730760917
40134,12.874231832604355
40135,14.24832350717473
40136,17.177328799153827
40137,20.05510915244266
40138,26.055371074237446
40206,7.1695252010757615
40207,8.00812822142086
40208,7.491314918242498
40209,9.739305907826319
40210,8.965339661925402
40228,10.010357829694055
40229,12.14361973712088
40230,13.944675592744586
40231,16.808220600936973
40232,18.712289406447603
40233,24.231282566845106
40234,27.715242627275423
40235,29.690001363689657
40236,29.513355631171176
40237,31.342958498281128
40238,32.07371178932374
40239,33.93298840991042
40252,25.52146912450703
40253,30.330994235923026
40254,32.48812131867774
40255,40.188969213646736
40256,45.434677966048966
40257,54.0664481615713
40327,27.417465064052053
40328,31.66206983604479
40329,34.96560217692239
40330,39.14577909671819
40331,43.44817709330166
40332,48.998680621020554
40333,50.752879725187775
40334,55.11615465715151
40335,56.287825441498136
40336,58.19656449048437
40337,62.55530234473019
40338,64.71720884756925
40394,27.123944292634068
40395,29.648924371211976
40396,32.27910294583349
40397,34.20930642041724
40414,45.94886272110035
40415,47.899608505036035
40416,52.622664588384914
40417,53.58596875615263
40418,56.592905994923136
40419,58.333562536673845
40420,13.183131559429643
40421,13.758990563683678
40422,16.40572045593654
40423,18.19949720417913
40466,23.569031916419604
40467,25.496436236120317
40468,27.147510642800697
40469,31.55515821811222
40470,33.64873385424897
40471,38.43837319833744
40472,38.11236467800513
40473,40.34486615877694
40474,44.797877123674176
40475,48.8334594907214
40476,50.037682292923684
40481,38.00786948995889
40482,37.44486910161278
40483,43.94330985518846
40484,44.72401208841751
40485,48.27870230989997
40486,51.91708356902851
40487,55.06670456958787
40488,57.65229329654728
40489,60.81010629728137
40490,60.15945725075005
40491,64.08073144591874
40492,65.32663270325477
40493,27.79166036426668
40494,31.80982385238071
40495,40.85297093275589
40496,46.64847001470121
40497,48.98873207056264
40556,38.56986385333766
40557,37.61298212138869
40558,40.04104600317587
40559,43.04227211591631
40560,45.664944342063336
40561,48.49702654460858
40562,50.30722824954283
40563,51.09835793887076
40564,51.49760761894444
40565,52.21876080239723
40566,56.004811235740554
40567,57.64682129751306
40613,26.27944908555594
40614,32.02625332733559
40615,33.98889844408682
40616,37.67492770573829
40629,11.753531038040117
40630,15.198208170700406
40631,17.007618833204436
40632,20.84226072803677
40633,22.81716317409689
40634,23.608186548648543
40635,27.736566322620916
40636,30.298989525730864
40637,30.54178718198914
40638,31.826487433052893
40639,35.75555661212002
40740,7.7537986862986665
40741,9.648859700986883
40742,12.51739536019226
40743,15.069381105788592
40744,17.510681843221533
40745,20.503847404704768
40746,22.991291160421866
40747,26.38475758658407
40748,29.516854680850447
40749,31.416166680576957
40766,50.80557061055743
40767,52.77838242983928
40768,54.502717506907736
40769,56.846167753642455
40770,39.15523671238897
40771,44.11182378460435
40772,43.542860769481365
40773,46.10156756179228
40774,50.958255546778574
40775,53.529587567368594
40776,56.43038941883529
40777,56.54555547272843
40778,58.055869175853864
40779,58.361127272629645
40780,60.70091273005851
40781,61.551809359271026
40837,18.446191960908738
40838,21.964568537884407
40839,25.79999465907747
40840,27.771035712940336
40841,28.871625516025254
40863,7.484921329963019
40864,8.728435330513102
40865,13.230144604384916
40866,14.530917739436589
40891,15.281612972198666
40892,15.034840555568403
40893,18.361755214927044
40894,18.03667770670752
40903,31.85780373015555
40904,32.183217025534624
40905,35.71989760363237
40906,38.79213809398657
40925,4.143778963788363
40926,6.26306604192179
40927,8.370782689616044
40928,11.247572509917783
40963,28.36234894878167
40964,30.36160401235822
40965,32.474242654828664
40966,34.13998051326403
40967,34.22482801396995
40968,35.06619285649185
40969,35.66832805517363
40970,38.64649474197473
40971,43.330513469316415
40972,44.42317309564993
40973,48.4193337054811
40974,51.33866414735988
41003,27.36574901956206
41004,28.458335185093198
41005,31.000798598530864
41006,33.989381603430424
41079,46.36667511407002
41080,48.68694035596074
41081,52.184278570853394
41082,54.4574140659916
41083,53.51383046697773
41084,53.59947610867764
41101,23.292563226343407
41102,29.582597200312485
41103,32.24958849990302
41104,33.04849469221065
41105,36.29879342132274
41106,37.44206749438606
41107,41.37699888212994
41108,44.18656765285266
41109,46.375304244494714
41110,46.230646709313646
41111,47.959249345385594
41112,47.44711199755256
41129,33.635628518534205
41130,33.61852376414792
41131,40.41219730751739
41132,43.28775601027067
41133,45.18447588626008
41134,47.88124135367203
41135,47.96213422908473
41136,49.34422007138827
41137,51.47928583159838
41138,49.82172637376176
41139,33.63737154203064
41140,34.306525040283326
41141,35.54617638349755
41142,41.4503956761862
41143,45.24266847570591
41144,44.54837290459315
41145,46.540238122052386
41146,51.10748705849223
41147,53.87680881853652
41207,12.246268358947207
41208,14.161171683433283
41209,16.36908700079978
41210,19.78290134144302
41211,22.946847784686717
41212,25.228894941233655
41236,13.960374316965849
41237,15.707282418396417
41238,18.60401603639217
41239,20.910827797304453
41268,27.891692118153415
41269,28.743986130907015
41270,34.08985554516052
41271,36.76202386681481
41272,44.47576775978138
41339,35.94823819403906
41340,35.47584197698689
41341,37.13086588178877
41342,39.26969184501406
41377,26.978958445060147
41378,31.334546219800746
41379,34.906960798091234
41380,40.13600690159606
41381,44.618282134109805
41382,47.94210941225454
41383,51.3258722364212
41384,49.203322659024984
41385,51.80921661032519
41386,55.69998888831731
41387,57.623990338300885
41388,59.09403434418934
41401,22.630535950163047
41402,27.99154342384182
41403,35.13034336978868
41404,36.68291153629831
41405,36.66523628108629
41406,39.38701210581853
41407,39.41514448933805
41446,51.041622970874506
41447,52.458551920322115
41448,54.82346165639801
41449,54.53158058512364
41450,54.66976421233152
41451,56.591174867423376
41452,56.95613982025567
41453,60.989491455048714
41454,64.02690715573951
41455,65.26593000018325
41456,68.21997709803557
41457,68.23269197639625
41484,29.513181843414667
41485,37.07614703949357
41486,45.3310332054261
41487,47.522715734804805
41488,52.75512516369206
41493,13.320104981023357
41494,15.402216337771327
41495,18.98850795386242
41496,18.784922639695193
41497,22.779029113153374
41498,26.273730840340917
41499,28.20147753214884
41500,30.497789686606104
41501,33.3062973324992
41506,30.98989838728653
41507,36.44116154769439
41508,40.330281070848244
41509,42.34543138004658
41510,2.4096163440812477
41511,6.618302950462975
41512,8.28975227548318
41513,10.315700788118948
41514,12.826723665576457
41515,14.745021525926273
41516,16.99379357547425
41517,20.660044295178388
41518,23.36042589417303
41519,26.32342300371925
41520,27.974066084973852
41521,29.82912411573534
41530,2.384213961466977
41531,2.463363155300824
41532,3.224131313251065
41533,5.660062122955558
41534,7.986539958102365
41535,14.371130103804656
41536,19.88719862777833
41537,22.126350141078632
41538,22.881630538657515
41539,26.25559281681079
41540,28.557507602175743
41541,29.14573242566951
41559,31.588931512041352
41560,37.07115331696383
41561,39.10987038992092
41562,44.1991427884174
41563,47.98981423486109
41564,51.62661627208337
41565,53.595991533561026
41566,55.889033546036835
41567,55.910063727364715
41568,59.969457036261446
41569,63.56276734279522
41570,65.31479088092566
41579,33.69994011523684
41580,37.72912248077873
41581,40.65778976677167
41582,48.350151198401825
41595,23.938952835947365
41596,26.94456395502884
41597,32.82544199517129
41598,32.66981757732029
41599,33.730281123526616
41600,35.54111050650583
41601,36.98290546393357
41602,39.19930167132354
41603,47.71720570630585
41604,47.69217346725315
41605,51.71018885275605
41606,51.14056768552035
41652,51.68785405309317
41653,55.19636110000185
41654,57.617891488121614
41655,58.8970186165363
41807,16.521267984910995
41808,20.077835899484764
41809,21.752028516691638
41810,24.80617142899444
41811,26.05113927455557
41812,25.543089912054576
41813,29.07604686895574
41814,32.19777903609334
41815,32.92477081776514
41816,35.01414612818214
41817,35.901185907444386
41818,37.78348804817354
41856,1.2930705144662205
41857,1.5042329415362252
41858,3.282040753637817
41859,6.51494904013664
41860,9.441680685079199
41861,2.6871216460483245
41862,2.8251170742444085
41863,4.827660720014491
41864,8.25983450135935
41865,9.687943132901268
41866,10.998566124898826
41867,12.188422290698645
41868,14.796499668671444
41869,17.938505190981886
41870,20.744155376258693
41871,22.422358144099675
41872,26.34086946403191
41901,13.330509835676567
41902,17.021296854021873
41903,19.438649201394018
41904,21.028291809065568
41905,23.96669804459646
41906,28.810622041741563
41907,29.76998146610354
41908,34.69362786757597
41909,36.924257933909814
41910,37.7869758421007
41911,40.17967985651411
41912,42.82124331724631
41929,37.081991642749614
41930,41.03310718309959
41931,45.83366443150578
41932,55.39583466398022
41933,30.279754263459857
41934,31.7758593297683
41935,35.911831731455436
41936,37.928652323995294
41937,38.87217230896862
41938,39.269394196992074
41939,41.86622554044524
41940,44.43913785701339
41941,47.45149249113958
41942,49.16731269719786
41943,51.05580375149227
41944,51.68219611818098
41972,24.29054583775865
41973,25.826022337649032
41974,26.889062565293962
41975,29.094047175416637
41976,32.05373610958261
41977,35.951218000656155
41978,39.93415229906899
42010,42.45173559530839
42011,48.859896751495405
42012,48.50129440229614
42013,50.721029617545454
42014,54.21945065267311
42015,58.499036249432
42016,60.84407009455776
42017,62.0654967529474
42018,64.64456028435858
42019,12.49318870008741
42020,13.156555298653336
42021,14.989262518361299
42022,16.792111874079474
42023,41.61160152197738
42024,43.50191638442364
42025,45.625086892154386
42026,49.57983039671385
42027,50.2555223780645
42028,51.37940729749408
42029,49.775008456692916
42036,5.621850867006558
42037,8.136487366803953
42038,10.404289224477965
42039,13.739585876421586
42040,15.349332309680007
42121,20.007405049942665
42122,23.841266826017353
42123,24.423964603681316
42124,27.092965351282743
42125,28.816620185395085
42126,31.35680221852678
42127,35.41997801156213
42128,38.739737140165516
42129,40.17978083207593
42130,43.46454257141027
42131,45.62765130511219
42132,46.20699101727379
42133,18.07283405781913
42134,20.149151677161555
42135,23.298864300962588
42136,26.909631531335798
42137,29.736404243789785
42138,32.027756625612724
42139,34.58524869649304
42140,35.81377052076258
42141,36.896919185147134
42142,37.915629222549875
42143,38.883115607706955
42144,43.74607282386071
42181,6.176027922377451
42182,7.54992493062534
42183,9.111053733233343
42184,11.178608843056702
42404,38.64752380143353
42405,43.62449984970037
42406,44.999588391379234
42407,49.19115798618361
42408,49.69556745966767
42409,48.611559831927686
42410,52.26418151201436
42411,52.28122066807191
42412,54.14383772035448
42413,56.21888962577207
42438,17.062392430648966
42439,19.252657357157553
42440,21.37020014232506
42441,23.174435459490102
42442,24.448147946686774
42443,26.853233255053226
42444,29.624001007672952
42445,29.397067814173898
42446,36.50826200472839
42447,35.82572665519551
42448,37.476061941581705
42615,30.72706693933055
42616,31.876614087705345
42617,33.68758505836305
42618,32.990932959627585
42619,36.48840004731531
42620,42.40557706236246
42621,46.04558104126013
42622,44.70241220673109
42623,48.33429478008818
42624,51.2742906896747
42625,53.18856590039354
42626,57.84644984220302
42639,21.384484899023395
42640,24.749334916992385
42641,26.46498048831691
42642,27.801382171208513
42643,30.504664427868445
42711,6.272305539157026
42712,7.835910685444748
42713,9.756182741316206
42714,11.678184684402353
42715,14.042985898082282
42716,17.176757855024146
42717,17.05500484683305
42718,18.231769012414386
42719,20.179144127603468
42720,26.537435408774474
42721,30.855295030115474
42722,32.35450938447553
42749,28.273989431571874
42750,30.783984636927133
42751,35.25338756604371
42752,43.94299071272648
42778,27.534866554454382
42779,28.46082049900065
42780,29.980261117378102
42781,30.423239247513017
42782,31.03423932072963
42870,5.480601492344328
42871,6.770226843645071
42872,8.22776548242094
42873,12.298514696107995
42874,15.998437946312624
42875,18.768201399277718
42876,21.27460565091401
42877,24.6310975769016
42878,28.744208204358287
42879,31.53985487386969
42880,34.008139953433286
42881,36.2875348795419
42977,2.7584907849782843
42978,5.449233848809862
42979,10.766378973519386
42980,12.012016133635827
42981,17.391428482562546
42982,20.0697157070445
42983,22.70594047664203
42984,27.02033007498537
42985,31.511039573593987
42986,32.23752329214109
42987,34.057872251078
42988,37.850376886823355
42994,50.8170502170797
42995,51.7243187504425
42996,56.51616521865462
42997,57.26068976442579
42998,59.621407808565856
42999,61.69091679165373
43000,65.56365687271204
43001,64.89463146538154
43002,63.42519372658853
43003,65.76115192827955
43004,65.4445638913509
43005,68.30694538748936
43018,15.392486689003505
43019,20.650235979757234
43020,26.73340012005414
43021,33.03427162129599
43038,20.14384352305481
43039,22.037460950363553
43040,24.07883567281234
43041,25.776000900582776
43042,26.44227741937943
43043,30.552032613734486
43044,32.66377697658449
43045,37.78446458223983
43046,39.610076000500385
43047,41.66319381342927
43048,43.52237233430225
43049,46.74790610754386
43050,34.65873863123386
43051,31.498423189683894
43052,31.861716784097194
43053,35.15640963348081
43058,18.017894744359193
43059,20.75112862835764
43060,22.969653251604775
43061,24.721777605461924
43062,28.13769752427908
43063,32.8039941908454
43064,34.723472640980724
43065,40.0582879312493
43066,42.08683885096284
43067,42.8584683503615
43068,43.889983024098115
43069,45.73207720425454
43120,17.624026627995946
43121,21.856553159835546
43122,24.95942110925924
43123,28.66907902747607
43124,26.987345093612213
43125,30.470497423141442
43126,33.07716162131009
43127,35.42510616343819
43128,40.15030596270492
43129,41.268854399255105
43130,42.060539615961346
43131,42.468564186096565
43132,14.719817445006157
43133,19.51696721370123
43134,26.257742703892188
43135,30.043756529580637
43145,33.042493604120075
43146,35.66751639477553
43147,40.219877911888936
43148,45.706124449087056
43149,48.75037267945741
43150,52.382417410750826
43173,23.650939206033595
43174,26.241681090880892
43175,31.061532252231963
43176,34.18326162645168
43203,43.07316121552341
43204,44.281879011333004
43205,50.87898409703521
43206,52.9244326097771
43223,21.392086977075124
43224,23.603145021417955
43225,26.952611777137115
43226,27.42758290819491
43227,30.233743056818994
43228,30.68385239268916
43229,32.41688911396879
43230,35.43845313502106
43231,35.028917133439975
43232,37.584764876567014
43233,39.87843087698568
43234,43.08462271449892
43279,23.866817374003652
43280,25.737377491266006
43281,29.622958847638824
43282,31.871101381823852
43283,35.92696617362306
43335,24.487698145742705
43336,28.808177463715328
43337,32.130373271599616
43338,33.03393394953498
43339,37.10851547498039
43340,39.815218733408145
43341,47.429712563611965
43342,48.60998600790162
43343,50.24783606826018
43344,49.86103797753329
43397,34.825979029907316
43398,37.16297188451771
43399,37.12128719956587
43400,33.49432147555341
43401,36.383003843913905
43402,39.08953541071012
43403,47.009394861623214
43404,48.65456916900856
43405,50.76144677105554
43406,51.56428106079774
43419,34.45908805234919
43420,38.69544979770642
43421,42.03600196760067
43422,42.4832151562819
43423,46.573140610103856
43424,47.176499927268665
43425,48.45063110701973
43426,50.81444381736915
43427,51.98211307949966
43428,53.69888276586788
43429,53.659868791758875
43430,55.772766647044385
43457,18.4569993095226
43458,20.685150549579067
43459,22.647334043001848
43460,26.662679974045762
43461,28.429283115874924
43462,31.757745151265837
43463,34.32313632610892
43464,37.073719013074
43465,37.45286360356136
43466,37.908554801926414
43467,37.99792042877249
43468,40.08623212980274
43506,55.25411614196111
43507,57.793924417035896
43508,58.30485303276945
43509,58.71385786553248
43510,60.45705176858287
43511,61.76219793335689
43512,60.55023593192873
43513,61.614956033404574
43514,63.84288981472701
43515,65.66141108123973
43516,63.96823936095871
43521,2.6244720702850275
43522,4.722269315170697
43523,6.810071608321196
43524,8.735007758083672
43532,24.391146728823635
43533,25.011944283293886
43534,28.0765655336121
43535,28.004884168550824
43536,29.76144139933034
43537,31.060036038553974
43538,31.464894115996582
43539,33.48704730728024
43540,33.263058597963294
43541,37.49583381144264
43542,37.743416097495185
43543,39.449374449635435
43616,27.29821895599735
43617,28.362130731905765
43618,31.490324465837748
43619,30.04918517670942
43620,33.51396794807875
43621,35.54177304739524
43622,36.6364342306152
43623,37.65709345616737
43624,41.08751930627301
43625,41.48819083179552
43626,43.29415796169609
43627,43.84408733106633
43776,14.946046096826947
43777,16.021599290514196
43778,17.81484084680863
43779,20.88614350102189
43857,30.43448950662818
43858,33.89547838172691
43859,34.92653410801808
43860,36.42256281235846
43879,0.6628382637341965
43880,1.3717576785995726
43881,3.2091742362429954
43882,5.211436323302307
43883,7.347434057394117
43884,9.91380961875078
43885,13.267959493658047
43886,14.516207082111782
43958,46.40022098461394
43959,48.10659595834164
43960,49.351193924878004
43961,49.223531471934486
43962,52.699280468595155
43963,53.51069533859452
43964,55.471364983254524
43965,58.18982207149741
43966,58.44072823975159
43967,65.41825701876293
43968,65.80222521581723
43969,67.0225287003072
43970,15.603922819766678
43971,20.43824598219693
43972,21.4093197502623
43973,27.550262440899896
43974,32.82356899429881
43987,21.648575022525296
43988,27.558382925077122
43989,42.116067888510855
43990,49.29041560452655
43991,34.33492126031805
43992,36.02150644049294
43993,39.091657483308445
43994,42.78075151168589
43995,44.29117595591922
43996,47.22385927435972
43997,48.47636423590541
43998,51.925519604908196
43999,52.85127606947163
44000,54.11214155138085
44001,56.19003485576966
44002,56.90705563496623
44074,30.033948548049313
44075,33.46641612843837
44076,34.64354978216135
44077,34.85281414846958
44078,35.04943722834654
44079,38.40577127890873
44080,39.95071446594255
44081,42.44922340726155
44082,47.00599987359167
44083,50.93353833371206
44096,41.309008587812976
44097,46.13477075455941
44098,49.19278622676395
44099,53.21502601563697
44125,23.03380835897037
44126,27.467505009532616
44127,28.771209669201454
44128,31.498716509653352
44129,34.17260418771701
44130,38.69605925118985
44131,38.886632173030925
44132,41.63398345062896
44133,43.80111934475279
44134,47.07372547058165
44135,49.6908610367463
44136,54.448943746993265
44188,10.069960329360315
44189,10.480896187941017
44190,14.26491019025494
44191,15.421476425559044
44192,17.281425253293918
44193,19.416427892645597
44194,27.91087920374067
44195,28.402466669142402
44196,30.909491902639324
44197,30.038990235512404
44198,32.56835508374257
44199,33.973483243118075
44200,5.661708948423969
44201,9.194618372561745
44202,11.949101848431212
44203,15.036295095318044
44262,10.087866875647688
44263,11.162361936551356
44264,13.701050728518386
44265,17.463637379085686
44266,18.47856904699623
44267,22.204382496983065
44268,23.272040921603836
44269,23.91871712408232
44270,23.744168521999498
44271,26.86972612023174
44272,29.235527979533718
44273,30.035266077952347
44274,6.848742499450484
44275,12.755505263742748
44276,13.516733181480536
44277,18.2485797834867
44278,18.81272196470024
44279,23.51056081651016
44280,27.96946977873404
44281,32.336757409928985
44282,33.481865960603415
44283,34.119198792758944
44284,35.16950426429412
44285,41.891855771079435
44286,49.26203110503885
44287,49.394871357224325
44288,52.8578833010228
44289,54.63841406742503
44306,33.05308820360491
44307,41.585434055550934
44308,39.995799787091144
44309,45.703112333626784
44310,48.45372547183993
44311,50.75781453635567
44312,49.23876626556079
44313,50.52073888419168
44314,55.27956498102474
44315,54.482170594003506
44316,0.35449148507497663
44317,0.5177144862423693
44318,1.5301520513721152
44319,1.9362315552878133
44332,23.403773970370377
44333,27.01072021079972
44334,27.65442505411302
44335,29.020665321003193
44336,31.17724384910133
44337,38.063157106786
44338,41.06340002091418
44339,41.33471894128063
44340,45.45935382761023
44424,45.518072361325835
44425,49.99252211393131
44426,51.30066280391234
44427,54.738076362531054
44428,58.708889424238095
44429,59.60368865596847
44443,37.48790301721831
44444,41.80299181267206
44445,44.88117134733205
44446,48.464538757550464
44458,4.100114986463661
44459,6.6293498983617685
44460,8.988435477958346
44461,13.103161982340817
44474,52.21834852407986
44475,52.04908684012459
44476,51.06216766342005
44477,46.63976419291183
44478,48.74247599703441
44479,50.45574428802003
44504,52.07699602385818
44505,51.25779367276771
44506,55.53892243910031
44507,55.23979599873357
44508,58.33329634798825
44509,61.50989316052723
44510,63.520566574229925
44511,67.17869357081806
44516,32.099086028064676
44517,38.777405533761296
44518,45.352046582398934
44519,48.51784303113876
44582,6.63125275122015
44583,11.436586355145256
44584,16.8704483606116
44585,21.54904617490863
44586,23.15231848924012
44640,48.40892472979609
44641,49.801893284283715
44642,52.8137938460828
44643,53.45821677694818
44644,54.82846769462498
44645,55.4411403455102
44646,58.10336720204804
44647,59.28398776457953
44648,62.60718533682985
44649,63.86924492888776
44650,64.72736460311211
44651,65.43782437679926
44669,31.986981012523106
44670,36.09933958130716
44671,36.58297403657821
44672,41.07115558897061
44692,43.713378084186964
44693,48.36370114952345
44694,50.44927937621837
44695,52.8332961166568
44696,55.276831990323004
44697,56.24671492472414
44698,58.758918037898134
44699,59.31502192318102
44700,62.37964087011241
44728,16.88222160742187
44729,21.182911402754087
44730,27.709143045410205
44731,30.88019655326528
44732,31.565608875079807
44733,31.465524063793488
44734,35.43299720286372
44837,18.374010480896164
44838,20.419600895673966
44839,29.469179426580162
44840,30.98708335183366
44841,30.29297477314718
44842,35.197010705322484
44843,36.159559037433134
44844,38.97251955764997
44845,41.04260434526878
44846,44.208078406865944
44847,48.72391152921926
44848,52.808610734378156
44849,53.63669637562254
44850,54.63744366518109
44851,58.18014656739846
44852,58.8524011369855
44853,27.19051026641879
44854,28.932597841891187
44855,30.91408514859977
44856,35.95231496402543
44857,36.11889371899122
44858,38.45535914674896
44859,40.95058127000426
44860,45.12299288176438
44861,43.51713194003516
44862,47.17479185662074
44863,48.01814334095238
44864,51.55758354456047
44885,30.304804436010745
44886,27.853377578910244
44887,28.0409554330779
44888,27.31963373460649
44897,48.73308264529158
44898,52.47972495684132
44899,55.8943707502108
44900,59.871961628576386
44901,61.47806635083869
44902,68.77728620919042
45041,21.812633251862863
45042,23.97495500889011
45043,26.387792520086474
45044,28.221509807104894
45045,31.26083010855561
45046,32.88432532040145
45047,34.409384943623
45048,36.785752214743404
45049,39.305243838369144
45070,11.963648347903076
45071,10.268121446750794
45072,11.46135946133651
45073,13.697003871712369
45074,16.275320329968388
45075,28.747611881513475
45076,32.625252403248936
45077,38.16394584492536
45078,39.44884100913432
45079,45.82466688244475
45080,50.63635799429578
45081,51.53892712980693
45082,52.39129793836625
45083,55.57247295226831
45084,55.066951881639575
45085,57.78241301949916
45086,58.58675111803456
45087,62.147497245060585
45093,49.00325306354342
45094,52.69803146177375
45095,54.009274257716704
45096,55.10823326825035
45097,58.47631135838799
45098,59.03012042804958
45099,62.05233562175441
45100,62.16195950089921
45101,64.20147089052588
45102,64.64360754964098
45103,67.29792555595718
45104,69.42641858948784
45105,30.509501524050467
45106,34.47996240776564
45107,42.58898859137719
45108,46.77876860375327
45140,19.24779379163302
45141,22.016092526431112
45142,25.012311084228482
45143,28.467682778070753
45144,30.024296859211567
45145,30.57940146244575
45146,34.65332905114692
45147,35.52071087445833
45148,35.74759582992164
45149,36.73981367551423
45150,36.8382252237219
45151,39.36679954812874
45176,22.175839599541202
45177,26.65903964155957
45178,30.485888420637007
45179,39.23939964285462
45180,42.860371138508384
45181,42.64812043722759
45182,44.95277335931137
45183,44.65460883403227
45184,51.16809650769462
45185,52.82461874558879
45186,51.60025225031906
45187,49.46274715106183
45253,20.103367063232064
45254,22.304867025146326
45255,25.19259086567454
45256,28.60113978093803
45283,41.74445258061155
45284,42.784723411940746
45285,43.40246060041217
45286,46.885559809837254
45287,49.261273449781015
45288,50.10004709976299
45289,50.748640747134
45290,52.46663451266631
45291,54.9713927017255
45292,56.57240047662477
45293,57.2319015561565
45294,60.4295449498028
45354,9.178893863749757
45355,11.228689619813139
45356,13.65391921805364
45357,15.912995144208722
45399,19.072331499466898
45400,23.030838918729977
45401,23.987279601758217
45402,26.63760970818232
45432,16.798285773237023
45433,21.969139794440526
45434,24.89200817741099
45435,28.563175802000938
45476,27.578394859208178
45477,30.158067014565756
45478,36.233644684771264
45479,41.25869655621146
45480,0.6932726631796736
45481,1.0877027107669728
45482,2.2217131145610183
45483,7.360793815368675
45484,9.139734249024816
45500,20.099094015105337
45501,23.47572931042708
45502,26.237946051266807
45503,29.761033783666726
45504,27.06076085105998
45505,28.9442262948796
45506,31.072970063840987
45507,32.35667459798936
45508,34.95925941902309
45509,39.552941775774286
45510,39.788346671253215
45511,43.29185073760719
45512,43.2018273523588
45513,46.63017398599381
45514,50.79762137110651
45515,51.842949891437996
45556,22.70595403841664
45557,28.554476488109223
45558,28.3603442053866
45559,31.293043006394743
45560,27.8279514643959
45561,31.930344305096316
45562,36.102113589095104
45563,39.23921620676739
45564,32.78674279755643
45565,32.287784728376565
45566,32.77027022391213
45567,35.998930177450404
45568,41.411416148325735
45592,18.970841417524394
45593,23.3372020573252
45594,24.556108643436918
45595,26.922087898494485
45662,30.223163995405134
45663,35.46430640808195
45664,36.370168353067754
45665,40.68219528772641
45666,41.59000301476974
45667,47.88969958660043
45668,51.080389389908625
45669,52.89333060476034
45670,49.859378270046896
45671,52.09088335593686
45672,52.79959193853068
45673,55.39754353312752
45690,20.705354439590838
45691,25.99246473440812
45692,31.548906929258308
45693,40.241556902147885
45694,40.516089445459286
45695,47.05142660582511
45696,52.370412683234655
45697,54.17960012895585
45698,15.942276203799791
45699,19.063337625805236
45700,20.659643238845575
45701,23.53698177381216
45702,25.399208183614466
45703,28.482385776327153
45704,35.561417921705036
45705,38.76598581236334
45706,42.29258588800095
45707,45.63319377605931
45736,14.938232523985663
45737,17.001740426554594
45738,18.908081717054245
45739,21.636100752772045
45740,22.25238501941875
45741,27.39597718948168
45742,29.72560737461106
45743,29.95424324998063
45744,30.020933833834768
45745,31.29198270531704
45746,32.520762886983235
45747,33.668098811241045
45820,1.2601488364724631
45821,2.736413021582453
45822,4.756588946504143
45823,7.558258031473098
45824,9.447358550984887
45825,12.562386771877598
45826,16.772220642197414
45827,18.900205746923685
45828,23.746911494511703
45829,24.227124996346486
45830,26.17846983130606
45831,31.851085900267062
45832,39.40454487797249
45833,45.08003922469331
45834,49.919579689971194
45835,53.58588333850257
45836,57.20419492283969
45837,58.040948697908895
45838,60.541844973665874
45839,62.032444965037286
45840,62.6199999312986
45841,63.08439830391194
45842,65.3329811269067
45843,66.3535269682255
45873,41.759386389521794
45874,46.525394196572044
45875,51.171201510865515
45876,54.06764881464991
45877,55.35246559063653
45878,59.12240828633521
45879,63.0088605798994
45880,63.519187510590136
45881,63.61251349531269
45882,64.0094014888416
45883,64.09299405212587
45884,68.95211431057868
45920,44.734241888594035
45921,48.25019109365276
45922,49.04409418897938
45923,53.26727111724943
45924,55.88839264872503
45925,58.42634871099154
45926,57.2974513151762
45927,59.9970744962658
45928,64.32235439230276
45929,64.24582480108302
45930,64.97701733714518
45931,63.13183730437011
45944,31.486562177001275
45945,42.38014820728571
45946,43.66392202229606
45947,45.249858654520814
45948,41.481859994802775
45978,44.079384936806036
45979,48.06952076644832
45980,52.589281748346316
45981,55.10342956079299
45982,53.620954224724535
45983,54.21502542182957
45984,55.87183914898776
45985,58.348930978260825
45986,61.08602826187462
45987,62.58554363940054
45988,63.49980008939822
45989,63.3335220359127
46068,25.30393901737902
46069,33.18439276899837
46070,36.83593837176847
46071,40.355147814509266
46072,43.47317073516135
46073,44.58949947415352
46074,47.82205471226164
46075,47.89520258089539
46088,40.57080099651693
46089,43.05748228615318
46090,43.91431088035544
46091,45.724658163923905
46092,48.40118973127865
46093,50.40650323662024
46094,49.32872358603344
46150,34.08839498123777
46151,34.19362257074485
46152,34.46725733120836
46153,33.305844330013436
46154,34.44386183632699
46155,37.54241139351528
46156,45.892032926819745
46157,49.59643209749023
46158,54.62388143825319
46181,34.78987828588606
46182,44.47840119632517
46183,48.010787399307446
46184,51.11170353022325
46216,46.715748040003355
46217,49.7316334496838
46218,47.586342245247415
46219,44.04909977778763
46220,53.606064269637066
46249,44.394546775837654
46250,47.40880079772123
46251,48.762037703904625
46252,50.849467418828766
46253,53.67362645395199
46254,55.83539825003363
46255,58.428646200688625
46256,60.2203083581754
46257,61.36263284489974
46258,62.49196961610617
46259,63.95418607206486
46260,65.84680014822194
46272,9.693065827696191
46273,12.447248850443842
46274,15.43745566759417
46275,18.519730483231058
46276,24.528694793739987
46277,28.159744739304184
46278,30.442166025487676
46279,31.13473876511954
46280,30.77007270576115
46281,32.08067624403644
46282,32.90042323393388
46283,35.33133371534934
46288,13.004834283418607
46289,17.694451149539216
46290,23.376183726288396
46291,26.74671604896122
46312,6.949516584134912
46313,10.555623216962823
46314,14.557999002318079
46315,19.38756828954734
46316,54.70222985115217
46317,55.65002192861074
46318,54.05773763571072
46319,59.61187433091169
46320,59.34052779166498
46321,59.21595310950375
46322,59.57629730909726
46323,60.65604236682405
46324,60.55422833941628
46325,61.41019589526675
46326,63.62019580570445
46327,62.34294392206107
46340,37.012007841647005
46341,40.853916014169506
46342,43.18888169749854
46343,48.32175239062153
46425,11.35939694581182
46426,14.908962842891125
46427,19.734202782415597
46428,29.0946263764223
46429,35.41937138619189
46437,33.29096632502598
46438,37.573510138931944
46439,39.401741307145215
46440,43.12866894201191
46470,19.753040387944864
46471,22.481001079173414
46472,23.63985911275351
46473,26.546556203064235
46474,28.72787762437526
46475,30.58266040799889
46476,34.771525847856346
46477,38.28373761906504
46478,42.97495301220728
46479,45.19474023349324
46480,44.10380171839768
46481,45.327548910533444
46530,31.09738332560865
46531,31.6144130927602
46532,38.985370782216165
46533,38.56535172014941
46602,33.93609617275181
46603,37.42092773961113
46604,37.54060604059455
46605,41.68029533238727
46635,22.783324875706693
46636,26.16327094916794
46637,28.432938119692448
46638,31.973719835323863
46672,21.5269004622773
46673,24.15879089562058
46674,27.259406715099608
46675,31.757465642983544
46676,33.57078336622202
46677,38.79852517932231
46678,47.38884934060635
46679,50.52395550225875
46680,17.667334200661983
46681,21.494850497042925
46682,25.410157704818655
46683,32.44823722811497
46684,33.073147346782065
46685,39.29043909871298
46686,39.95069716504357
46687,41.73260662020611
46688,44.81156878864137
46736,52.143568231581405
46737,47.97794464654824
46738,49.770786317715135
46739,46.882422628203706
46780,19.375287810893465
46781,18.887142714709928
46782,19.218465232735735
46783,24.247625610193264
46784,27.646629893000938
46811,39.97941555015902
46812,44.96644057214166
46813,47.562398970375696
46814,52.947429226234874
46815,54.57513624386964
46816,56.73858910786172
46817,59.02339459506739
46818,60.26223099675607
46819,61.26670461460538
46820,61.50673760603885
46821,63.76856916575738
46822,66.73151304440711
46839,18.852105021439286
46840,20.753605529170326
46841,24.17557347097833
46842,26.02936067559715
46843,28.68492967079537
46844,26.937703282031656
46845,31.024229801777658
46846,35.96337968563926
46847,38.002248740635125
46848,43.43511461578746
46849,45.90124593412628
46850,49.68419602403812
46977,2.7331130316257273
46978,4.596933068242078
46979,5.076091104555268
46980,7.484495924403929
46981,10.596303655018513
47007,16.017709143963508
47008,18.303295499948803
47009,20.038224639909124
47010,23.223974313764554
47011,27.8972373349505
47012,9.629265181406444
47013,15.493702530272222
47014,19.49416743489682
47015,24.34858678960171
47038,21.50440039099611
47039,22.875948984641933
47040,25.231197337023865
47041,30.91158968737958
47042,34.42017937413766
47043,36.297508786552385
47044,40.36037845835966
47045,42.30714807772579
47046,44.71297140944933
47047,47.13234912902246
47048,48.66386158035172
47049,48.19424104740787
47141,42.948470613827524
47142,48.18498719580021
47143,48.813654577957564
47144,53.756747072183366
47145,54.29655309401311
47146,59.43029445988384
47147,58.49187494761185
47148,59.4919718119809
47149,62.869817389981186
47150,66.77569343284084
47151,68.7216927088068
47152,67.81342524159761
47211,-0.1115755586151849
47212,0.7038095291768778
47213,1.3441117424709919
47214,3.034705489019251
47215,5.970307172560593
47216,7.360303117460284
47217,9.240990682304068
47218,11.416401158278038
47219,13.854659481913641
47220,14.969772937514644
47221,17.94322022108335
47222,18.39797988365558
47223,58.24034840211121
47224,59.588514844132774
47225,61.066835659167005
47226,62.0113802658615
47227,17.48235125114077
47228,22.589247412391703
47229,25.753917901344
47230,30.625314759995295
47231,35.46662148763015
47276,1.0495299603415895
47277,2.642997420805844
47278,8.085730918772503
47279,14.754801194793705
47280,1.2491265812767014
47281,2.101716695066624
47282,1.7638942412351795
47283,1.9179832586761554
47284,3.6799612672945115
47285,6.748807367712861
47286,10.391417196269876
47287,12.332706265163903
47288,15.2960060405994
47289,18.463043200158243
47290,23.46474342686102
47291,28.625542012897515
47292,24.29946151043895
47293,27.466960099702128
47294,34.92909958299489
47295,42.44641151630193
47296,7.676563408616379
47297,13.55165471908218
47298,16.735896484700657
47299,22.82047840646926
47300,25.88876039885202
47301,28.729347417076344
47326,61.37593293859239
47327,63.25949764654789
47328,69.33662211601786
47329,67.38346527008356
47330,69.05669241377805
47331,70.36653732472155
47332,73.61039487332356
47333,74.69850053736796
47334,76.21568585565186
47335,76.49612939430907
47336,75.62811146375057
47337,76.65171334985025
47377,11.981722516236264
47378,16.40513026680872
47379,18.042472031222328
47380,17.801273095421248
47381,19.121355295218102
47382,20.66881591262651
47383,24.00257276255725
47384,27.271055235520727
47385,28.488257701230392
47386,29.63240634080891
47387,32.56051352336922
47388,32.947634498107995
47438,40.84087185184255
47439,38.9839386646646
47440,40.171139824868355
47441,41.50756927235796
47442,27.146675141390812
47443,29.64242929839806
47444,32.00722544432815
47445,35.78963138306143
47446,39.09725326091477
47452,54.90200794591197
47453,58.91197469701263
47454,58.35996538567209
47455,61.461015473455795
47456,59.87520438624506
47457,62.272598595588846
47458,61.069447385875534
47459,13.804133629461843
47460,16.292421154929773
47461,18.446233769099216
47462,24.47692983939466
47463,29.127077203826772
47464,34.88086213005775
47465,37.649222351408135
47466,39.771587432642086
47467,41.083055340337346
47468,42.35577924598737
47469,44.349038206104694
47470,42.15759529425676
47490,14.1534895574374
47491,20.595424224631795
47492,25.959415334997853
47493,30.571893047855337
47494,37.15066358514278
47511,38.598591672738216
47512,44.77705793601202
47513,49.763689756817385
47514,58.00689113274441
47530,26.81124339536799
47531,29.82899803112109
47532,28.90182925341034
47533,40.24779953741096
47534,37.206566088472485
47535,39.172309963989804
47536,41.52528997788571
47537,45.29823284170354
47538,46.40165103653731
47539,48.201036789161876
47540,49.68919079203571
47541,50.701480184746465
47551,9.649993145162206
47552,9.14820337376532
47553,8.902127288499008
47554,10.076606758167854
47555,13.066897378174513
47556,16.318466462783668
47586,47.1617363322738
47587,52.138502377234325
47588,57.78883691990573
47589,58.40890883521461
47590,61.38049647818984
47591,62.909953526569275
47592,62.89255473990115
47593,64.81766766571829
47594,64.26732573481321
47595,67.0686400415405
47596,68.75406406023781
47597,69.67296282995915
47598,26.9265351042735
47599,29.779927461384542
47600,30.904816580292707
47601,34.04801667596318
47628,11.569222102632247
47629,13.269692139786057
47630,15.079082576749189
47631,16.896729511676547
47638,17.260010464874124
47639,17.465733562857118
47640,18.970821892818694
47641,16.744905100066987
47642,19.825722034569207
47643,20.6861502815545
47644,23.552189989607612
47645,24.059884311958744
47646,27.923072386653207
47647,28.482952796428968
47648,31.178693438884967
47649,32.54289227389724
47697,10.637606281857813
47698,10.477340565131797
47699,13.017206474550493
47700,15.169675140767124
47701,17.3019458063219
47702,21.923591796289216
47703,27.712257414062563
47704,30.148380785241862
47719,12.224132239031828
47720,13.787299409048599
47721,15.671130592508419
47722,18.862040569822323
47723,21.64214375847648
47724,23.738750640280156
47725,26.348041562483733
47726,30.44744819742318
47727,12.217976803362477
47728,13.173289378272774
47729,16.93909794891755
47730,19.509139820839106
47731,22.64289008183382
47732,24.53016124326219
47733,26.033456478325927
47734,26.267729985951984
47735,28.216805128252986
47736,30.08390751102426
47737,32.44015361418178
47738,35.50922596692606
47739,43.817245906733
47740,47.61933072956277
47741,49.92759343466015
47742,52.62271172544718
47743,53.50675367285731
47744,54.84048703258891
47745,56.542999957871665
47746,57.06910384592892
47747,57.354454055979296
47748,56.29777786969763
47749,57.29137668834664
47800,40.03470264257036
47801,39.30594017914722
47802,39.49683545840546
47803,37.64257199100197
47804,43.70698169521941
47879,29.543688910131056
47880,34.920562970633426
47881,38.557735837108496
47882,41.46212388172123
47895,9.107230004507025
47896,9.913510503884163
47897,13.711017247382564
47898,15.829145188528674
47899,18.57519118260309
47900,21.1867051992338
47901,23.896091418654585
47902,25.927829160303368
47903,29.96922055336714
47904,31.396611926878382
47905,32.4720187582397
47906,34.290517221514946
48043,18.08509186895771
48044,19.82583643204694
48045,24.282549668460653
48046,26.58141745208436
48047,32.182236981091826
48048,34.30290368920801
48049,36.515518007671616
48050,37.41826665632552
48051,40.09657472733631
48052,43.112295740179604
48053,43.68205997251802
48054,42.545076295986966
48055,49.552167367560195
48056,53.55527151236375
48057,54.04353966039485
48058,52.408277237737195
48059,58.531073151183755
48060,36.509649571008104
48061,37.23127323905189
48062,36.73805934967907
48063,38.70707205379858
48064,40.31918334131604
48065,43.59971702460004
48066,43.59743468701606
48067,44.79597869777483
48068,49.047857542153444
48069,51.848482192964944
48070,22.438111987879104
48071,23.6247739723924
48072,24.74332480056571
48073,27.431184923021412
48074,27.50789789646211
48075,31.708262597542962
48076,32.8055309753742
48077,35.85695209019893
48078,40.69942820052921
48079,43.13560609536522
48085,38.21112047697663
48086,43.20936039562407
48087,47.82707352096655
48088,51.15270986212212
48089,56.625687133961605
48090,58.51086196687075
48091,20.816502233316854
48092,32.14340448949618
48093,35.563456650522184
48094,38.14357689604878
48095,42.59329157137356
48096,45.00936899253924
48097,47.999753606804795
48098,51.265787374016426
48099,50.24577547447298
48100,52.84551636167849
48101,54.48518889255096
48102,55.772082474213654
48128,2.1355287595469203
48129,3.5923601634953073
48130,7.880671401802085
48131,11.015982813091059
48132,14.594387951803943
48133,17.006823183088915
48134,19.063447760909128
48135,24.646209566549757
48136,28.49545760903701
48137,29.68795899261499
48138,29.96078202482692
48139,32.68331137458767
48212,25.93467799678407
48213,29.653705600397434
48214,33.8418999338609
48215,35.88521699377468
48216,40.6116991926326
48217,41.82838185013714
48218,45.15754755021285
48219,43.65606944753048
48220,45.6916605679071
48221,47.06701834681694
48222,50.259080953557195
48228,7.141738024249954
48229,8.133594914530079
48230,10.79532178162889
48231,13.109185122875765
48244,32.56639593992717
48245,33.6533937143059
48246,36.002867876942645
48247,38.58976122163654
48248,40.764993727108916
48249,42.88672050387366
48250,50.076073215517845
48251,51.94001099028318
48252,56.27640661027902
48253,58.06036777830661
48254,59.092353085684195
48255,62.47013537453083
48256,65.80953050992363
48257,65.73624572190124
48258,67.04702388370761
48259,68.40155110478509
48272,18.72238973786071
48273,22.438708453462038
48274,25.056219211045207
48275,26.065809770379747
48276,28.459572634202644
48277,29.09407909273622
48278,31.5701761151896
48394,51.90699108648865
48395,54.67300198871239
48396,55.39424523919061
48397,57.90260470062514
48398,59.87973770318428
48399,62.37958721302149
48400,64.9887579756802
48401,67.33676168426797
48402,66.45429646692016
48403,68.3356676073439
48404,69.24999574822031
48405,70.07290421688958
48406,46.22603406802115
48407,44.66644532289225
48408,47.162481367447675
48409,45.31092336323536
48410,45.7696676809559
48411,49.6238385147622
48412,53.29417926437808
48413,55.347613244983464
48414,57.59631411051175
48415,57.92164217497443
48416,51.440454628875024
48417,50.53629073275299
48418,50.73842657589278
48419,50.21954885949451
48420,51.7767320854643
48421,52.94603429561117
48422,54.64783117150216
48423,58.1846118427103
48424,57.81445306835425
48425,57.350028424490304
48426,60.06935873550246
48427,61.68921660557595
48428,12.672655376939735
48429,14.670084167283965
48430,16.896936164363453
48431,21.65434450641706
48432,22.86558512752226
48433,26.776170648896088
48434,30.01227705679049
48435,32.55848415520608
48436,31.98766029401713
48437,35.80110117205361
48438,36.01046460242462
48439,38.218326865835074
48475,3.0721785784594644
48476,3.2911583113841543
48477,7.4392210122792966
48478,10.07169961214264
48479,14.43429607153982
48480,17.31926681283341
48481,19.6790037471048
48482,24.474307362818674
48483,25.871775369027038
48484,27.0863972039013
48512,15.620688900120866
48513,16.928691770822397
48514,18.496153131741778
48515,17.50109097282823
48516,18.12982093866695
48517,21.890491590685226
48518,24.14870146167062
48519,28.59823937638214
48520,30.084022180962677
48521,34.03745459864095
48522,39.843643056411445
48523,43.209235568117336
48528,17.946577901093605
48529,20.94586162885848
48530,21.45193953788075
48531,22.19254669479604
48532,28.478932598775494
48533,30.924072402742603
48534,33.880139724945884
48535,37.78681776933247
48536,40.49783821723362
48537,43.34420343847626
48538,48.0976093851759
48539,49.89701609090083
48610,22.270884983879373
48611,26.29889530598897
48612,28.987233348407045
48613,33.211585751274555
48614,34.94958018061348
48615,34.44455734000497
48653,14.408849919042819
48654,17.269285582628324
48655,19.483244927747062
48656,22.687949942935436
48662,11.11901680736048
48663,14.484004041873515
48664,17.72440246337872
48665,19.725455535575055
48666,24.401891129461596
48667,28.292634971483146
48668,38.4140068346368
48669,45.28069958397381
48704,24.716903940096127
48705,29.883873375936506
48706,32.10236257741711
48707,33.21811686325665
48736,14.648231831902757
48737,17.30797537426097
48738,20.644197677901634
48739,23.569425651599982
48740,28.04141959259684
48741,32.312789611360735
48742,34.550836845336
48743,36.76837055046524
48744,41.495439246903125
48745,38.010630882758925
48746,42.16826155686463
48747,39.33988238410834
48748,37.26825319308355
48749,40.67103589752936
48750,43.274267160741765
48751,46.82397283743938
48752,49.03781427659316
48753,50.41219567109481
48754,54.51886979240086
48755,56.55618342541964
48756,56.342689046949566
48768,55.54284565972499
48769,57.91867959981029
48770,58.60497994787384
48771,59.012612803223305
48772,62.8119112949895
48773,61.811683112787286
48774,64.2473717467472
48775,65.46598465280941
48776,64.84393889823431
48777,66.40066714225041
48778,66.68515524086351
48779,68.70145113906625
48828,25.83674647146345
48829,25.11827526861175
48830,28.825957528425345
48831,27.551111225065345
48832,18.704256873340032
48833,23.335565122733335
48834,24.862996007856545
48835,30.267806669333904
48836,34.59859523457566
48861,25.118903126268247
48862,26.867741430033117
48863,30.073162450729956
48864,31.964921766093976
48865,34.90934008835412
48871,34.81952155749363
48872,38.6363486383946
48873,41.99503604628981
48874,46.260336869188066
48875,51.78319213498276
48897,11.018949961155375
48898,12.723393440933332
48899,14.60164384416787
48900,15.663089973805443
48901,18.078244926161535
48902,19.907208611813207
48903,24.58125213564026
48904,26.62753329799551
48905,32.29297601000887
48906,33.91629144262193
48907,36.50238588658198
48908,37.5420131067664
48918,12.415090135133546
48919,16.208077703057494
48920,19.816480098918728
48921,22.189880329698173
49051,26.09570315302047
49052,29.39618353824306
49053,39.956107094422194
49054,45.53945820861787
49055,34.412168487247826
49056,36.32756805277418
49057,39.79923218343532
49058,44.804421667898495
49059,42.85391952970394
49060,44.8931920516488
49061,47.78774357411066
49062,52.62803064157365
49063,56.51818679780798
49064,57.8504489189779
49065,61.140132790809
49072,7.402635512480547
49073,12.562919693113637
49074,14.531915525933977
49075,16.106485674384334
49102,29.77267276264373
49103,36.941850986421244
49104,41.7603179360533
49105,44.72354532701694
49106,49.6386153097333
49107,49.86438380586661
49108,53.609470940672466
49109,52.942693016469946
49110,53.04011180548791
49111,53.7319962772733
49112,55.06170369998565
49113,56.45183147219971
49126,24.822571654903175
49127,26.39728665232261
49128,28.19832290704461
49129,31.146550172885856
49130,33.4778033308894
49131,37.53853483013336
49132,40.78299844984986
49133,43.35788357050807
49134,43.71078778737331
49135,47.08181278316786
49136,51.34120557572334
49190,34.333057742334795
49191,35.35146871668199
49192,39.350294057653
49193,44.39816669646994
49194,47.82594570477882
49195,50.91653073633172
49196,51.30212084741775
49197,52.35017349280558
49198,53.48887295362264
49199,56.04133908985573
49200,59.560084368339695
49201,60.44171917229723
49212,31.168181609688336
49213,32.71354151744338
49214,37.67358605322372
49215,43.135977003540056
49216,45.814236005383094
49217,48.62110398168495
49218,50.29864911622253
49219,52.01646305802519
49220,53.87253163917137
49221,56.56967028672027
49230,18.33200821306103
49231,22.745466107192065
49232,26.19696843784655
49233,29.98714128406169
49234,34.15624580358072
49270,54.4293638555738
49271,55.303282821718454
49272,57.03308219223258
49273,58.4474155270758
49291,20.5261211915946
49292,24.76526653228925
49293,32.55886537148442
49294,37.016241568217055
49342,18.55449687724147
49343,24.113976741450664
49344,25.43363138443961
49345,26.72495006041048
49346,26.982487432554375
49398,8.122557589015642
49399,13.356362227809127
49400,15.115044652266048
49401,18.309355990122064
49402,20.42718083170177
49403,22.136761376499653
49404,23.362299297174214
49405,27.687449640074632
49406,28.978553898649206
49407,30.934004185762415
49408,33.731257640959015
49417,21.67256968926016
49418,23.334703737360567
49419,25.209511906593857
49420,27.983100708605807
49421,25.796548667630613
49422,30.40985600894104
49423,36.899848486582016
49424,38.001349772434764
49425,41.864512751470926
49426,43.34602091546269
49427,45.66979753758918
49428,47.30366125224941
49429,66.94310616383264
49430,71.23610197331485
49431,71.77453200545523
49432,74.76603221650186
49433,14.613688662640115
49434,19.964549484798923
49435,23.866384135488378
49436,28.014900548182855
49457,21.912310976205468
49458,26.031196599750448
49459,30.25682524611686
49460,35.33993468789009
49485,43.55399942504157
49486,48.94530214103307
49487,47.923383100063354
49488,49.60480877142931
49489,48.67654681208752
49490,51.43519443667503
49491,55.725512245238754
49492,59.106580588050086
49493,61.182207247983705
49494,60.30076705315258
49495,62.69132964107255
49496,67.68269555798567
49497,40.90381652783073
49498,45.82450876991956
49499,46.6715253161465
49500,48.408476485092486
49501,52.470958122259404
49502,54.88509207492312
49503,56.95855878238629
49504,59.377150099194495
49505,60.88364821277044
49506,62.004482449202804
49507,65.07953715418387
49508,66.45540836896853
49585,18.099211745260707
49586,21.81791945624409
49587,24.722512194329322
49588,24.440733031376855
49589,26.043332971384164
49590,27.311406165744614
49591,30.024902340453888
49592,37.793028131819575
49593,42.124886782981186
49594,43.498577238398184
49595,47.484071329401125
49596,53.05143100719044
49647,4.578635380661752
49648,8.220503234547175
49649,12.652339453674097
49650,16.805672934370058
49651,19.66886725001294
49712,39.48123619406705
49713,41.96378976583486
49714,41.40979521413982
49715,43.1391202792579
49716,47.14111018183687
49717,52.322809832133736
49718,54.07206524885422
49719,57.634883825324344
49720,59.33761877439973
49721,61.311754506190944
49722,63.55081424586814
49723,65.19989895138994
49770,42.943452376384
49771,44.68575926317016
49772,46.684628680843076
49773,50.551601795632436
49774,52.78137749181688
49775,57.191697677082544
49815,16.687024477365267
49816,22.142327379954104
49817,23.98822410372937
49818,24.864607634524226
49897,20.63858137775136
49898,23.866277137764197
49899,26.545402188418397
49900,31.905154163154606
49901,41.397502855798464
49902,44.41358278509516
49903,48.82873507297372
49904,49.85431402602472
50004,2.48284855311304
50005,4.281766785649584
50006,7.669467397360777
50007,10.640080111292328
50032,24.18939064762971
50033,27.839781636119177
50034,32.87607315118059
50035,37.581158941113635
50036,24.623409549246116
50037,28.93508280648545
50038,31.44457306407207
50039,32.576968067862985
50040,35.84315268955273
50041,39.154491591139184
50042,39.83398539800021
50043,42.4367207937921
50044,43.783794092161976
50045,45.626528889134015
50046,46.922999843064716
50047,47.28761753565886
50096,49.969322674288016
50097,56.01344443307515
50098,61.1384955400048
50099,63.491696914254874
50100,65.92635876422058
50223,44.946888426823065
50224,48.34308540831537
50225,49.75365026247974
50226,54.21252806381778
50227,56.48418042525778
50288,21.646981932842575
50289,21.119639175106148
50290,20.62786629658915
50291,22.862221577459522
50292,25.988007872360374
50302,7.894858095030151
50303,10.647935069775187
50304,14.658509169360372
50305,19.706513084221584
50306,26.366484154912385
50307,28.629738347037044
50308,31.286573155649258
50309,34.52005860375937
50310,34.46542238650543
50311,36.47779396973784
50312,38.67172481723271
50359,28.07384846347044
50360,30.92737900999902
50361,34.36486035509804
50362,37.137919682145025
50363,21.069395372671174
50364,22.99401762448951
50365,26.56019155120407
50366,31.83683399957244
50407,22.530412681553
50408,25.22623845272715
50409,27.08501342191038
50410,30.538982417818286
50411,30.622283601937976
50412,33.742124302814055
50413,33.794881912431705
50414,35.979959812003926
50415,38.26736224077355
50416,43.03395638536941
50417,44.431414743487366
50418,47.470562139379965
50457,35.92127809122718
50458,43.757112985927456
50459,57.458900918175715
50460,61.34633320872609
50507,17.50179746471551
50508,21.002305935040447
50509,26.725186617083295
50510,29.953126997989354
50511,37.46006772032207
50512,40.54842613257672
50513,45.90943274555519
50514,51.73763923032291
50515,53.60582208230168
50516,54.438500055996855
50517,57.279882994643096
50518,58.44999931489238
50519,59.42463631518416
50520,61.276237607712034
50521,62.428786841273514
50522,64.59855496143108
50558,26.271080323221167
50559,31.119407880728104
50560,34.55000861443806
50561,36.27590211900526
50635,56.397404310688096
50636,60.067414632569
50637,66.34410691600853
50638,64.67716808293945
50639,67.1505063432942
50640,68.33608147889117
50641,66.60669500590888
50642,69.95475393230099
50643,71.28435615469716
50644,70.14238382116824
50645,73.37463963629472
50646,75.03259087643963
50656,20.871328200909318
50657,24.779304589753835
50658,28.522596213527272
50659,31.141537134489692
50660,24.081854829697
50661,25.97132811007651
50662,27.84800310912079
50663,30.15138574634054
50664,31.657605375768604
50665,31.91408938267263
50666,38.399089947256044
50667,41.748019425002454
50668,43.67470690421385
50669,45.983758236746546
50670,49.928380226534
50671,54.805434529312244
50686,22.20405275208414
50687,26.417774093328916
50688,27.106702767586704
50689,30.4827059084644
50735,8.496372897950287
50736,8.823492998420853
50737,11.560121610229034
50738,14.080167862315308
50739,16.495947214344714
50740,17.063738941953584
50741,20.42692829103748
50742,23.893523319528946
50743,26.95887020281654
50744,29.358612540861998
50745,30.140617627595024
50746,30.90776895650681
50752,33.535732903323485
50753,34.79008047927367
50754,41.76889769635363
50755,42.09288203669599
50756,41.96123976051601
50757,43.507959815643005
50758,44.334194507090004
50759,46.73365632554214
50760,48.084859167949205
50761,51.56575178518269
50762,54.33006438108984
50763,57.71984586215423
50768,6.443924695955934
50769,8.884429457073304
50770,11.473219118718484
50771,14.45990731658876
50772,16.347115205081767
50773,19.404601711933648
50774,20.805788427291432
50775,26.112474867291105
50776,28.722853020975272
50777,28.343971960727856
50778,28.26987302124371
50779,29.417091616864305
50792,48.728109757553845
50793,50.95410589545012
50794,55.749611229020914
50795,58.80234092734142
50796,58.83553316817165
50818,28.964751985623895
50819,34.169551002443846
50820,37.13497406075554
50821,42.16151347235383
50822,43.28275310897093
50823,46.4724183549532
50824,48.4976125748068
50825,50.2490590892494
50826,49.770792614680396
50827,51.130950221145
50828,48.50152042560925
50829,50.934863650773416
50848,46.88727129589011
50849,49.773091808440086
50850,53.014244030465846
50851,57.39911172511865
50852,60.72604543775396
50853,62.65615015805628
50854,65.27654403564414
50855,68.20715472197624
50856,68.89842498202407
50857,69.35689436150447
50858,70.44319996814146
50859,71.26888205044361
50860,34.10836303942905
50861,35.645205083182226
50862,37.44288749959736
50863,38.16461879394915
50864,41.784420047507936
50865,47.64738509372941
50866,50.56245535378961
50867,51.20593314265309
50868,54.08889695547363
50869,51.92694018153924
50870,54.856609996634155
50871,56.32563337961598
50890,18.260880611447572
50891,19.81634595524476
50892,25.097905530750854
50893,29.10785717143385
50894,33.86032150067678
50895,36.50488819525613
50896,37.455597067367485
50897,39.56373899254815
50898,41.39040332972971
50899,41.566385447680034
50900,44.22144728722858
50901,44.895894168419076
51021,35.80939011206177
51022,40.58593118731413
51023,41.26478952443901
51024,41.98394779564221
51025,43.78300228678101
51026,49.59350797598591
51027,53.96164371417475
51028,55.2919714200008
51029,58.686085992874645
51030,59.6488714943854
51031,61.27967315627938
51032,63.612050251827874
51088,45.754902918270105
51089,51.69057809500089
51090,56.14144121917615
51091,61.19263875612102
51111,23.166450691661282
51112,26.748912938557257
51113,32.67211729109485
51114,41.63095569571655
51122,38.643938577772964
51123,42.866539764486895
51124,42.536512953677466
51125,47.02647607654182
51192,12.363782521340253
51193,17.947373417279717
51194,24.71047293747592
51195,36.41541014768544
51204,48.21801134300306
51205,51.62019629427216
51206,54.73377586156794
51207,56.55115448085909
51208,57.99079783945598
51209,60.70961699021157
51210,61.05602293999094
51211,62.269732683374954
51212,64.37825518602737
51213,64.95017368697276
51214,65.60305521383606
51215,66.81484499825567
51221,12.474229139196334
51222,13.916062748756982
51223,18.357789694881035
51224,20.30277414037605
51225,21.92579409467419
51226,21.085600565798547
51227,21.75641222351275
51228,24.093720436001863
51229,27.686037396921563
51230,29.35984739046661
51231,32.33592008198691
51232,32.32974162866031
51334,9.048015561921465
51335,12.594484892213794
51336,14.41096778123062
51337,18.038884277363692
51338,18.840231063243564
51339,21.730753321166695
51340,25.424393836692577
51341,28.13776933479981
51342,33.215745467426665
51343,38.5114032858053
51344,40.940130555556365
51345,43.88555083995935
51400,13.5227306315182
51401,15.462506134223853
51402,16.424894128376017
51403,20.424039830262547
51404,23.151396860778902
51405,23.971018563823776
51406,25.020069190547797
51479,16.984868207068132
51480,16.561121623744757
51481,18.027748535698745
51482,18.333808832781425
51541,18.910101508435034
51542,21.40073783340044
51543,25.19235694915546
51544,25.091980287280226
51545,23.301201483283787
51546,24.11419743205877
51547,25.822512788418003
51548,30.205057557535177
51549,32.77730204984511
51550,34.0117228539545
51551,38.17862921736013
51552,39.726688550902594
51577,38.052526413801424
51578,41.99623597085909
51579,49.547249129437326
51580,50.883147718974186
51581,54.466540676737196
51582,56.47578622847824
51583,56.883593424254066
51584,58.78651111134767
51585,58.40102189276199
51586,57.567929100776176
51587,62.433008716215895
51616,46.164562937799396
51617,49.452024092387866
51618,55.37046243295984
51619,57.566538116259665
51620,59.07009458250212
51621,60.68647903126006
51622,64.20700046047817
51623,66.0064782151767
51624,65.38884698743847
51625,68.63687870021538
51626,68.74462340531404
51627,68.30433593871065
51674,31.480771533802404
51675,36.54420719857852
51676,42.20165723487952
51677,45.58184397782025
51678,47.50319706769908
51679,51.274061071200286
51680,54.81900085325573
51681,60.73556744985961
51682,60.952158467640054
51683,62.036882593155745
51684,61.80225621385785
51685,65.64016420769582
51702,33.221470517336684
51703,34.250065437165006
51704,35.76040121279008
51705,47.91374109768525
51706,52.344504951991624
51707,55.231446210121796
51708,58.116591254333414
51709,59.74707741055758
51710,61.573452301004615
51711,63.71226227409804
51712,65.35347306138095
51713,65.2800461754247
51718,17.688553388835313
51719,21.798019555627736
51720,24.340663939263546
51721,32.07726356557115
51722,33.869286528314184
51723,34.74370858330565
51724,34.83000939627651
51725,37.139039987144784
51726,39.68893256571186
51727,39.88705167714532
51728,41.755042539102384
51729,43.05754186720595
51730,39.24881874744838
51731,48.83018481671566
51732,49.69989652243284
51733,54.4557036938995
51734,57.21885651976389
51735,60.59941711962616
51736,64.52056110422772
51737,66.76091595987096
51738,65.81385667197533
51739,67.50192968634232
51740,69.99969639726442
51741,72.22302292472259
51747,20.496316501398244
51748,21.996171490917572
51749,26.022248224240677
51750,30.88952447363272
51751,33.77954902221678
51752,34.792248755738534
51792,23.58063414218012
51793,26.465970626986817
51794,28.280968894725312
51795,32.25256866628627
51796,32.840760788202324
51797,34.62399199713361
51798,39.60251124527374
51799,43.16581617581463
51800,48.1434603565382
51801,49.54161505648179
51802,51.84351680571076
51803,57.95203996496868
51812,8.203649437143998
51813,11.597314678796355
51814,13.284484091816148
51815,15.142448168220525
51833,25.64131315304839
51834,27.042832222093086
51835,28.064990528233896
51836,30.737896569110042
51837,34.69986355043874
51838,39.054561574991546
51839,43.43427467353759
51840,31.76508344516274
51841,35.502194901138814
51842,37.14232518602677
51843,39.0519831013171
51844,39.93392855280048
51845,41.19215378796545
51846,43.90730663780039
51847,45.65012551703759
51848,46.2285865412864
51849,45.92107565623529
51850,47.51171108670548
51851,49.822450347906155
51864,31.895044131665067
51865,33.545658851979624
51866,36.45444521522055
51867,38.494437953696874
51868,41.42455045016001
51869,42.6025894150348
51870,43.45273207172754
51871,45.082203594235985
51872,48.6436014239338
51873,48.28921376078811
51874,50.53862285652113
51875,50.56539041344904
51891,12.281631305230214
51892,14.23169970766453
51893,18.225795490254132
51894,20.95728973452063
51921,23.061539669799952
51922,24.68090161972722
51923,27.299788397221
51924,29.43302417714513
51925,31.652303387631953
51926,30.321211833329578
51927,33.10395671209265
51928,35.07872210432486
51929,38.12781531310044
51930,38.01948601471359
51931,42.00479309937719
51932,40.932591692836816
51937,45.648571895476366
51938,51.02407214689586
51939,52.56044727011721
51940,55.722746131343584
51941,54.36888117137072
51942,55.41461154373848
52202,29.79583955953154
52203,37.63819887857241
52204,42.59094741750538
52205,46.62186832225691
52206,15.397462138029749
52207,20.822477701615185
52208,23.884158632450646
52209,27.22812701164846
52333,26.73010668595625
52334,29.721232961660974
52335,33.08642288555327
52336,36.11568444678118
52359,33.6557840012699
52360,38.89066701743714
52361,40.9918086322988
52362,42.957417214292875
52363,49.993930406751645
52364,52.484203700085736
52365,56.01340625331459
52366,53.433751685091174
52367,54.950969995165366
52368,56.044029519451485
52369,56.935951783044565
52370,58.45511770234893
52377,5.710811919139185
52378,7.855673683678039
52379,8.753443766111245
52380,11.425303492600213
52381,13.377544520931735
52382,16.648463958579345
52383,20.538715070078606
52384,22.55884881997745
52385,26.047475195173284
52386,28.317966710898745
52387,30.588682935195393
52388,31.60930213854802
52413,59.440772021483944
52414,62.1600409423586
52415,62.2257668920871
52416,58.8158900104788
52417,63.05042543337548
52418,64.1343986032306
52419,64.72365922290372
52420,67.82050124818149
52421,72.55967028199123
52422,20.37581354929608
52423,19.813349048960326
52424,21.26805818248539
52425,18.45805957887532
52499,21.089239134728174
52500,23.383931025604017
52501,27.825319748127427
52502,32.770165658405574
52515,33.129840505350046
52516,40.13747047427101
52517,46.31024532503287
52518,47.36002995668922
52524,14.463322759234856
52525,16.207785098801818
52526,20.643885434562627
52527,23.84647910342851
52587,27.36289830329427
52588,27.07190965792572
52589,32.81557633747839
52590,35.91078811933588
52591,35.43357833329326
52592,38.618981494097774
52593,42.302928819803014
52594,44.418655900096105
52595,47.12928994660693
52614,27.95563651776332
52615,29.971380111984992
52616,31.627748829508644
52617,35.279924555248876
52657,2.862494384412402
52658,6.282025056467755
52659,10.466946580341089
52660,13.579180628267366
52661,42.67591296074553
52662,50.912381656134116
52663,56.36466211067726
52664,61.48900500717398
52719,38.24156715918238
52720,37.582347762169775
52721,38.64502488105981
52722,38.97936912920549
52723,39.55112304940721
52724,42.320742228837446
52725,47.02774705129937
52726,47.780462544915096
52727,49.92094576506904
52728,50.37315520821756
52729,51.89176583080666
52730,54.04563064319329
52753,10.203505596753908
52754,11.345933645994572
52755,11.649086549378476
52756,14.124017178279411
52757,15.488299490815663
52758,16.743390339275546
52759,18.51332583605152
52760,20.12783207263453
52761,22.549473970325458
52762,23.356978945302
52763,25.82713682883686
52764,31.23942828085089
52802,57.313794135959505
52803,57.483762614185906
52804,64.05011814369819
52805,64.97750603008507
52806,68.7559754533852
52807,67.24532317004234
52808,70.9686477438648
52809,69.63073112556194
52810,69.36934180427527
52811,68.25821357374343
52812,68.49183129457904
52813,72.74309312547088
52861,19.616535151647458
52862,23.603786710687345
52863,26.630135763703542
52864,30.552124646327684
52865,40.32717774910034
52866,43.48593438454301
52867,45.349948268991575
52868,46.4357231756754
52869,47.558737983827235
52870,47.91943700193826
52871,50.738266474520124
52872,50.76709362652452
52913,12.269305090919804
52914,12.998129092786776
52915,14.775815713757902
52916,15.075024863497095
52917,15.44602535701809
52918,17.889599361948516
52919,19.249598333720172
52920,22.095866663975784
52921,26.78162088464307
52922,31.783809337633336
52923,17.525887902129753
52924,19.82701177139332
52925,23.04952650277568
52926,24.89300511466113
52927,27.46538979862935
52928,31.878582515497477
52929,33.38184796941182
52930,39.353639209405586
52931,40.45325409059359
52932,41.55090511579314
52933,44.58322432741241
52934,45.281420421839385
52955,26.273635058069377
52956,29.228963177813476
52957,33.46326882222073
52958,44.2763618109668
52959,44.54655854946069
52960,50.246673067929024
52961,50.42510166082742
52962,49.23839609951923
52963,51.16970781584265
52964,51.72237510189919
52965,55.90788942966912
52966,55.54896783765083
52998,34.97445337062739
52999,37.566363557480706
53000,40.27880568815455
53001,44.365934791622415
53002,30.643540962719587
53003,32.035200200648774
53004,34.240380377466984
53005,38.925880482245255
53006,40.43298071348765
53007,41.49690246950483
53008,43.509502750941934
53009,44.64214106917999
53010,46.34580559554742
53011,49.04697974178416
53012,52.34976661212018
53013,56.215749379861485
53014,20.962401995416148
53015,22.457471125698603
53016,23.183521353407325
53017,24.34490057198065
53018,27.49940056782298
53019,30.743301732168195
53020,38.08606177349344
53021,40.091553204865065
53022,39.72127599205302
53023,39.97667998051209
53024,44.858977554043896
53025,47.7939343686287
53141,26.555458387437778
53142,30.113152305815195
53143,33.51668936943177
53144,35.586362414521886
53145,37.900225515385316
53150,4.697013169452685
53151,6.993664742543066
53152,10.165214551798076
53153,13.620507906554542
53154,15.460639938134
53155,18.205177657612115
53156,20.097219239116956
53157,24.643584863974407
53158,30.110914985324243
53159,31.402614486821864
53160,34.92860094824378
53161,31.398991811947084
53162,21.33610587374691
53163,26.72183090064546
53164,29.630607645351006
53165,30.69570330485128
53166,24.23919594740625
53167,27.63330254816091
53168,28.927041273131795
53169,29.374770999743284
53170,30.124167248396283
53171,22.695818389849936
53172,27.640855857325604
53173,27.893971355173345
53174,29.385374975685192
53175,27.72511298137384
53176,31.587544119257647
53177,35.60132284097804
53178,37.701627963293035
53179,41.586246831603006
53180,44.64157420492497
53181,49.729395058849306
53182,50.46586602095703
53183,51.531188791725555
53184,52.38299778731119
53185,49.84098659577087
53186,50.68373650548065
53187,52.491792666134934
53193,30.532262179083315
53194,33.89648701599368
53195,36.88819092677198
53196,40.301104528731635
53197,41.58060133249192
53198,47.76485119332326
53199,50.93144191462082
53200,54.44244966886845
53244,27.893196565522395
53245,31.455811436787375
53246,37.418685239142924
53247,42.2042595711084
53248,47.59768866553104
53281,22.999790906676274
53282,22.289645773522945
53283,25.19414902329099
53284,24.537776243910297
53285,27.95654935459678
53291,40.52298658889675
53292,45.963449493489684
53293,44.54961188322762
53294,48.11154385192896
53295,52.977499648934014
53296,56.42481797524606
53297,57.66937859800358
53298,61.80406931427381
53299,63.12994763953509
53300,65.79577331919123
53301,64.42363689647934
53302,64.63023189163395
53318,36.13476348571513
53319,40.871873662679484
53320,48.08201951189357
53321,51.54621292304255
53322,57.7003894910095
53323,58.3448835922022
53324,60.11414764462773
53430,29.753030978992218
53431,32.03979832547932
53432,34.38981006775273
53433,41.725922164451255
53434,43.12463207797598
53435,45.43009459008009
53436,48.927768169247436
53437,49.14397599289714
53438,51.31559797673124
53439,48.737447571458965
53440,50.870930836563375
53441,52.101568000714856
53442,28.184328836336636
53443,33.22823229845274
53444,34.13337697556216
53445,39.31829893493675
53446,43.58573920731756
53447,42.65865832757876
53448,44.215956212985
53449,44.204188348518
53450,46.08820351895373
53451,46.2145245868159
53452,47.25894292792202
53453,48.76798261647776
53483,22.972577825946388
53484,25.532052542089634
53485,29.71815096360535
53486,32.41424264158792
53487,35.32434272285422
53488,38.353138455161435
53489,43.08091881134312
53490,46.29007730977148
53491,51.35634756996289
53492,55.314665347807946
53493,56.73601590277872
53494,54.19134632631066
53527,41.79116820948809
53528,40.0923501535439
53529,42.81274658900402
53530,43.38885521148137
53531,46.399834104198945
53544,28.264937005745445
53545,31.774075066612916
53546,36.89098222619399
53547,46.852268230648
53589,53.20504301756151
53590,55.11051398280092
53591,57.95580788983951
53592,61.80807319645744
53593,64.29067490008849
53594,65.41562656683635
53595,67.89608667085184
53596,68.53569891755602
53597,71.38984794076538
53598,69.64958173602157
53599,72.78229875495352
53600,71.32568653471239
53651,45.34321657939185
53652,51.20725127133364
53653,56.81510854164099
53654,61.152850518015576
53655,57.36305749204572
53656,61.428041676015376
53657,65.25626933863319
53658,63.829491356017044
53659,66.28097503806396
53660,69.9899633497247
53661,69.81864525973205
53662,71.71305048653176
53663,71.53211109944215
53664,71.93905351083696
53665,72.40290999401833
53666,70.78915050484426
53667,25.533345513185957
53668,28.437536206173093
53669,29.590466918155013
53670,32.090399168370745
53671,34.57554817926237
53672,34.68745242669823
53673,37.83169928582367
53674,38.73740937142726
53675,42.43171321267981
53676,44.90114508908744
53677,48.96884554174096
53678,49.88368301167157
53703,29.460263658082248
53704,34.3720972670356
53705,40.866029237027625
53706,49.322518127802844
53707,57.05315305262242
53720,4.322151930316732
53721,4.38257673581934
53722,6.987972319924078
53723,9.468050996178524
53724,12.620510167520003
53725,15.852917545546719
53726,19.318843663266993
53727,22.07419626852396
53728,24.040727494731147
53729,26.795079538529873
53730,30.000537004459332
53731,32.936521422606056
53732,20.25358052463927
53733,22.3048386366717
53734,24.565343153070177
53735,27.302229289166352
53736,30.346230925236878
53737,31.29479136702111
53738,31.80595949854402
53739,34.266303311646965
53740,35.82276870118995
53741,37.76136773611091
53742,37.96161060761928
53743,39.62305743478079
53794,14.838801429599325
53795,19.146938049624286
53796,20.53312054884317
53797,27.886965298038525
53798,27.20005486610104
53936,43.84557540716641
53937,46.68234308524284
53938,53.84715608385869
53939,53.264978183532214
53940,56.92611953803617
53941,59.60843295065049
53942,60.80469355147539
53943,62.417899733347134
53944,65.79826063145623
53945,65.89376604227358
53946,67.8150705151437
53947,69.14682678728923
53954,0.9199770565463101
53955,1.1640173516040762
53956,1.3910463061367495
53957,4.81083911219061
53958,5.844404977054965
53971,26.597958432244965
53972,29.43077534718611
53973,30.639015383990603
53974,31.46837231584709
53975,34.02613296221357
54001,24.813081990071222
54002,29.19463017508031
54003,32.372551782122635
54004,36.64934148120356
54017,23.283088508423923
54018,25.460150233047894
54019,27.5311092741522
54020,30.027258233096443
54021,31.483554671452072
54022,34.65105583383494
54023,36.39913764277351
54024,37.916087407119186
54025,39.475102272925405
54089,37.51463316797293
54090,38.12158811462981
54091,42.71492609793729
54092,45.76739093908226
54093,52.01882776575073
54094,55.70833250609197
54095,62.28976169110121
54108,54.639499446874616
54109,50.76529482430124
54110,54.73877977516993
54111,52.017415700364964
54120,6.9522648288025755
54121,8.031575411629976
54122,10.047444556444884
54123,12.358948372616787
54124,14.244393042675128
54125,18.435383041822906
54131,5.210892490600038
54132,4.232085249190211
54133,9.323523554739353
54134,11.009703060162792
54135,13.196958262771664
54136,17.158856285741305
54137,20.220382527020874
54138,26.08397868239881
54139,28.93752713936688
54140,31.86622870263674
54162,30.217073307691194
54163,35.00431609017232
54164,35.334968109682535
54165,38.11951152380744
54178,0.7538001297159497
54179,1.7731417819624757
54180,4.394767235159917
54181,7.5481279932661725
54182,11.339478854055889
54183,13.173468155668402
54184,15.924834711949378
54185,16.77231686800921
54186,19.943048623767087
54187,25.296985433905494
54188,29.737116116692093
54189,31.648359260486064
54202,63.0542560435075
54203,64.58977384030266
54204,67.60902666485862
54205,68.58937489104414
54206,71.01781054771935
54207,73.32220561660763
54208,72.35029089833598
54209,74.00859960007996
54210,74.11493702389751
54246,4.740982965677763
54247,5.13377941525964
54248,6.599213980743596
54249,8.852393538137768
54250,12.973807413317882
54296,39.70988209460959
54297,42.800431357418404
54298,44.95132198673718
54299,43.13429453677667
54300,46.073444396845396
54301,48.96475070681806
54302,50.017298404174724
54303,54.076460436672654
54304,58.10024547458415
54305,58.91989910289684
54306,62.787792455686066
54307,67.48748253206529
54323,14.988331967056203
54324,14.7151870981841
54325,18.28887015920978
54326,18.05741822576974
54327,15.6256933612033
54328,17.005214389205193
54329,22.66642134385171
54330,26.22378468951451
54388,25.996217537340716
54389,31.265138823910792
54390,34.335615482259875
54391,41.170613456663915
54392,43.45661052535489
54475,5.093527711852285
54476,6.85329275145987
54477,9.23140935557253
54478,12.293939812034653
54479,13.323364970135943
54480,14.977761474292809
54481,16.02842603378477
54482,16.60027915830977
54483,18.123714482327532
54484,18.6894165398607
54485,19.15095474315076
54486,20.8757041988607
54493,31.078949813870828
54494,30.733567345657203
54495,31.176174938809744
54496,32.37470289746588
54549,14.12682563711645
54550,17.411240738048367
54551,18.758154884741877
54552,22.69938137146133
54553,26.260480436165345
54554,28.741801843823875
54555,32.79430492066146
54556,35.1801548594331
54557,37.713764658923026
54558,38.845153092202835
54559,40.40142271631546
54564,2.0239896954414633
54565,4.350997825614805
54566,8.033255213063276
54567,11.856170846831807
54659,13.328415494621607
54660,16.465056616598194
54661,19.90329630682801
54662,22.674739761754015
54674,21.15491576698097
54675,22.773640132880626
54676,25.88242919955685
54677,28.653607495597612
54714,19.8463763059757
54715,21.493463625369166
54716,24.150887388598534
54717,30.114004677761862
54718,34.99929583264949
54728,32.62086113122504
54729,35.34281048420893
54730,37.550793582540386
54731,38.44227815862864
54732,42.5016493242074
54785,26.941433313630476
54786,30.581540642596547
54787,32.51572286575008
54788,33.92842901429988
54789,34.622167559492404
54790,38.36150121606768
54791,13.344306891472216
54792,16.898012363626563
54793,19.038972285271992
54794,20.81310604836101
54795,26.486969919190493
54796,27.839477689905227
54797,32.10296205729222
54798,34.74977364835576
54799,33.70345668312146
54800,40.70273164161464
54801,42.13326559078018
54802,45.13843884931918
54851,21.381456295034653
54852,24.650221062217078
54853,27.944294346097173
54854,31.11344834994657
54935,39.1898446395532
54936,43.78734397177894
54937,49.09996201216975
54938,56.28912532728427
54953,58.596636898087105
54954,60.39911051577839
54955,62.24407419794214
54956,62.58395263484373
54957,64.05610566114957
54958,64.18756410997605
54959,65.68312254041628
54960,66.07418924416824
54961,66.86598235291737
54962,67.90616630895066
54963,70.56394524975715
54964,70.20157232213364
55017,35.86753040556999
55018,40.262764964021045
55019,43.38461474463013
55020,44.791252759522585
55021,43.6909946985988
55022,46.95064977227844
55023,48.770438604452394
55024,49.03999833751807
55025,48.07470205183547
55026,49.179204125461176
55027,51.55671876705804
55028,54.056063344805324
55041,35.79838136988563
55042,38.26452875717394
55043,39.59457807308178
55044,43.482982304935874
55045,45.9173877248087
55046,43.93414106196893
55047,46.7713255406349
55048,46.68322654396744
55049,47.000060587884605
55050,45.55697085422627
55051,46.64338250973136
55052,50.53816504883526
55060,44.03948262295008
55061,44.09357879745195
55062,48.901319052070896
55063,52.81510306152732
55095,31.921512318693548
55096,41.02691816712679
55097,45.14637966163108
55098,54.28335450271661
55127,27.205526778801467
55128,27.908540846278203
55129,28.22955672107733
55130,28.609708384521614
55131,27.364900106786337
55132,31.67615307257017
55133,34.437793887817534
55134,36.71641052310056
55135,42.5137609629136
55136,44.19643396722989
55137,46.63641360827644
55138,48.32090792702389
55179,24.588058444717166
55180,30.066607909588402
55181,32.90852465181391
55182,37.012553647714675
55183,39.358924278624315
55184,43.49915071609165
55185,44.51715400073592
55186,47.762881603062155
55187,51.23378733703856
55188,50.002611867377524
55189,52.7299835277401
55190,52.700975914752895
55191,54.878265412316104
55192,57.14819328709072
55193,58.64346142274821
55194,59.09788192278143
55220,14.900599502539118
55221,17.058613202382283
55222,21.5245469969012
55223,25.010277226490704
55224,29.0131113816783
55225,31.336615625908756
55226,32.78909175259848
55227,35.27076189960813
55228,37.73279995473543
55229,39.92425628770117
55230,40.793375603842655
55231,42.08488607816997
55261,7.4218237421468976
55262,10.853933307637908
55263,11.362448150340894
55264,13.630545076605785
55265,15.005466831251674
55266,16.541729229846368
55279,44.65681587981123
55280,47.71605207043657
55281,49.41997332830168
55282,51.06810655665752
55283,53.40816300552108
55284,56.970634809133195
55285,59.84456094404949
55286,61.714935192615194
55287,64.29429349348327
55288,65.12714842730821
55289,65.43472190837429
55290,67.1932530603948
55349,51.71879876393504
55350,54.216490084422475
55351,56.07513668226823
55352,57.62231780890933
55353,59.93267205978104
55354,58.72982498332833
55355,60.22730481871493
55356,64.76039269797248
55357,66.13352419968344
55358,64.65508929544195
55359,69.2434353605538
55360,70.10513286973745
55517,11.715443774433995
55518,12.993944331034898
55519,14.240131026422826
55520,14.42432803028266
55521,13.389584463185514
55522,14.385611187938466
55523,16.558672668379486
55524,19.260055512900873
55525,25.27540594040435
55548,25.502639127065642
55549,25.671326552563404
55550,29.08988255917635
55551,29.073809984478086
