Index,target
66,22.300729890431462
67,26.199298146237624
68,27.347131233209552
69,30.578679626427082
70,32.56358772415174
71,35.978456753670095
72,37.72215389234744
73,37.94396235325263
74,42.095094481430955
75,43.52847081560214
76,47.58076411892264
77,48.75412101183915
141,25.914667146171332
142,29.934935377130795
143,33.089136006174826
144,35.94082851857471
217,26.932042859108655
218,32.72458086355117
219,36.38260304253616
220,41.618102834089775
221,10.208217150689332
222,11.759672790434955
223,14.889288267524824
224,16.97545730283923
225,17.269426505136078
226,19.61548450318126
227,25.539009136542546
228,28.793779245378982
229,30.827073459937782
230,33.70380465570672
231,36.73762123557698
232,39.33920231148765
233,40.25705135646912
234,46.39563776711325
235,48.0664725604455
236,49.90472576484101
237,51.92160535015303
238,59.69607368398677
239,61.05308469428123
240,62.70042118570179
241,65.20837921927907
242,69.9322659623034
243,71.53584247114333
244,71.08241809179484
423,15.567026375890611
424,18.168635527516813
425,26.48647164923625
426,29.625516892082135
427,32.879705012810476
428,36.816836207522705
429,37.73470896871857
430,39.33677113816651
431,40.63763298194567
432,40.455839148436404
433,41.60910999767263
434,43.715718691746595
447,14.52632875698706
448,19.067798795981457
449,20.884446818936826
450,23.97937743724516
519,28.78811560417672
520,33.95244919269934
521,38.12256925097656
522,40.91916989618657
554,20.487518825405047
555,26.404404108879426
556,35.49536337252236
557,42.24734877556535
558,45.02340885878663
559,13.582111796171764
560,16.43070662796774
561,18.607382918742392
562,20.912460315708337
563,23.379380254413533
585,28.737907389998202
586,31.158543329098087
587,32.34465386786469
588,35.345169174548026
589,37.25064436136074
590,38.5679092895724
591,38.991881079231995
592,39.66399251077443
593,40.61810057465078
594,43.73551920141441
595,45.77983673276388
596,45.44662490171032
606,23.445537853958726
607,26.359125040697524
608,28.56763871660802
609,29.01626949376639
610,31.10035156888525
611,33.68028987963551
612,35.28220984877338
613,37.329431551768394
614,38.39112269613305
615,39.729059514690995
616,39.41169461418226
617,41.23470372651322
618,28.56059051113733
619,30.781259612361833
620,41.10950713671184
621,46.36902738377087
622,41.963906945749066
623,44.14517152420787
624,48.996376368102254
625,54.28784789703968
626,60.71120941229344
638,41.29872484233449
639,46.3403113598071
640,49.24226299716227
641,54.0692112989761
713,48.45461751709088
714,51.729959431747545
715,53.15119802308668
716,56.74277192628608
717,59.21417545239535
718,60.98365988272021
719,61.52438334889912
720,61.224109466156165
721,63.43887771777629
722,64.01277339490402
723,62.9656729498401
724,65.31108903512546
731,26.628372380860334
732,28.481073631905037
733,29.389775541526387
734,27.961550419842002
735,29.030202344144435
736,31.488872138604904
737,34.39426846735344
738,35.671180122382474
739,37.561088697733794
740,41.49167185745226
741,44.716338260980415
742,47.01432773487302
759,32.06740868377751
760,35.85326864587316
761,37.67774498597754
762,40.09848542850071
763,39.62613538805836
770,32.38908106623861
771,34.451398615605
772,35.58212967666293
773,39.02223147392817
774,42.28655004577271
775,20.193938783795193
776,25.145857607173156
777,26.407960292669525
778,30.030280974079027
779,33.00862093914664
780,36.17272781948676
781,38.04516791765539
782,40.415986356552956
783,43.241679753261465
784,47.184513819628684
785,50.73408512114579
786,54.09291418784069
787,53.65832575000371
788,50.40286302593704
789,53.40417643647591
790,54.15101095720585
791,57.919796254886
792,58.04835049553797
822,42.86408521337245
823,47.21549796765858
824,48.842123364328764
825,51.111508678883034
826,54.849849137837715
839,21.432831599853905
840,27.133695717122976
841,29.497179174057777
842,33.98341353570946
843,34.79324445445081
844,37.08278731524482
845,39.172328151440816
846,42.214781172514776
847,42.06379197926598
848,41.99987644336517
849,43.71570853452058
850,43.756378622805286
911,17.970474598109814
912,20.245362107907315
913,23.877759618007595
914,27.81920901912688
915,29.67777097436968
916,31.481844845279177
917,35.52412609068972
918,39.18626543713373
919,41.47600231225995
920,44.21762755725589
921,42.34447265004909
922,45.33345520901721
944,21.267159332566262
945,27.197824835186758
946,30.093139646870128
947,32.1511115380403
948,35.54873941691129
949,37.53410955955668
959,47.706063580566884
960,50.466620834089184
961,52.34961933889117
962,54.26713984740108
963,56.117051960597806
964,57.59144136368775
965,58.865023916399934
966,60.368707417337475
967,61.860610407379816
968,63.470308508515714
969,64.74242245402603
970,65.48572400666504
1097,25.257044619610625
1098,29.330404550857317
1099,33.03058926883478
1100,34.63104463947451
1101,36.174428588357486
1102,40.29107780791717
1103,42.672036423895975
1133,36.58743374515266
1134,46.722218113242604
1135,48.26305277238055
1136,55.830097462755795
1137,60.12354979818423
1138,60.86074412666029
1139,30.528976659902458
1140,31.46433591621984
1141,33.13255604745185
1142,38.51305815602117
1143,42.084701977248656
1156,32.21807046551532
1157,33.39228199045702
1158,35.74219301630934
1159,36.208354169878994
1271,26.78926522502507
1272,28.40871274445459
1273,31.47833571065069
1274,34.57067331504724
1275,37.53011999494664
1276,39.18994733150954
1277,42.326079215925866
1278,45.768587420737504
1279,48.494310287987155
1280,47.382669416020185
1281,49.47133652865084
1282,51.47595428550336
1294,62.622017283110424
1295,65.43952323615301
1296,65.59005647758183
1297,66.56027850498319
1298,66.60928388377867
1299,67.54868077061813
1300,69.4739445980811
1301,70.876234421645
1302,74.8488502708793
1303,74.7053648476814
1304,75.73454415980112
1305,77.32889014210427
1318,9.32436801579829
1319,12.207862072591084
1320,14.275191816988757
1321,17.307310736363213
1322,18.142375526088482
1323,20.901798025552843
1324,26.0774359779671
1325,28.887833894694314
1326,34.491138823098595
1327,39.05669220838601
1328,41.8118084491519
1329,47.30301539192233
1443,27.59309277130343
1444,27.743086116846552
1445,31.66749355571409
1446,31.42199125341629
1447,35.06847443109549
1448,34.0726211378532
1449,33.963306754823414
1450,36.68328551215565
1451,38.68711073710697
1452,43.66886494810395
1453,49.3844538346413
1491,24.552320295043597
1492,30.09460630885952
1493,34.353732770062344
1494,39.70949953194274
1495,41.40189740081306
1496,44.21939980054144
1497,37.72906273111819
1498,43.07213888739456
1499,45.65203432426404
1500,46.56145861757528
1501,46.99888411150116
1502,48.290621941520975
1540,44.667469848254754
1541,46.84341389115086
1542,49.51239494123
1543,51.87968361884985
1544,51.5179395874964
1545,53.991095998153945
1546,56.876160096244334
1547,56.27322430777541
1548,61.89015997881675
1549,62.99003135872516
1550,65.63321724524651
1551,64.60186841100786
1682,41.23189097450047
1683,48.918046246950944
1684,51.58180010672743
1685,54.960522210595194
1686,56.30229044274356
1687,58.082565293742185
1688,60.57414032341053
1689,62.99298317456403
1690,64.84206475783162
1691,65.10960929429238
1692,67.20883607199974
1693,67.48949824385059
1788,0.9932104771599726
1789,1.5197637755626228
1790,1.4066400883063583
1791,1.6705186656959246
1792,3.15512586685571
1793,6.5114799407978285
1794,9.385686744490743
1795,13.917131227983521
1796,15.809784843032384
1797,18.381615676035256
1798,18.970426012774986
1799,20.53343156366787
1823,18.12261938537763
1824,25.855895810228173
1825,27.911546966125137
1826,31.75051805742323
1827,34.9777969349047
1828,38.70316925100606
1829,41.91407614900168
1830,45.16954278238734
1831,49.76596810825408
1832,53.40966732296374
1833,55.6135279479848
1834,56.03337246583601
1835,16.574757009917782
1836,22.016044948659633
1837,29.787625088227564
1838,31.839809564739664
1839,35.89236436245844
1888,13.106332514440743
1889,13.501469829538985
1890,15.734506310638086
1891,17.463017503079318
1892,19.112574298667113
1893,22.950921232679736
1894,24.674761012581378
1895,27.72046169288159
1896,32.205351015051924
1897,40.16495462510181
1898,48.84201740323856
1899,51.997437299427226
1900,19.225877808899497
1901,29.67110549286871
1902,32.45622725901835
1903,34.57553312964831
1921,21.32083655848144
1922,24.58069681759118
1923,29.22416376440811
1924,30.28787882262004
1925,31.142974377988956
1926,32.758649127927676
1927,34.4466273894289
1928,36.59698402726177
1929,37.11099660948752
2057,20.246561912944635
2058,21.704507910251184
2059,24.108897980808216
2060,29.150886172149065
2061,28.702646808718804
2062,31.86580105796504
2063,31.107302688010112
2064,36.48401094099005
2065,40.818385529186635
2066,43.343593494100524
2067,47.764193447595545
2068,55.046047695913536
2139,49.70720081029783
2140,55.679205700173426
2141,59.97406978509351
2142,69.90773587706869
2218,26.913761861671894
2219,32.187459404223446
2220,35.59690633846587
2221,36.62711818553849
2222,38.52248909137198
2223,42.79343275788872
2224,42.88356098939802
2225,45.433512705772344
2226,48.193968089724
2227,48.63843693351261
2255,34.34737090044183
2256,35.23527106554927
2257,36.245665074952875
2258,34.527900729802376
2259,36.664658630045516
2260,37.534140034818975
2261,40.038368207670814
2262,45.69734292934142
2263,47.02157017935655
2264,51.39945954725582
2265,51.903246706791755
2266,52.75846937853947
2271,29.119503908084123
2272,29.970821341086985
2273,32.5994347435502
2274,34.030512565484216
2287,23.08896498078581
2288,26.061650927851662
2289,28.363548026295632
2290,35.597585716475216
2336,19.054035299615684
2337,24.56439583863038
2338,27.923863570464373
2339,32.60262011027483
2340,35.40413649015885
2341,39.20438456216588
2342,39.067908690894015
2343,42.377364015359845
2344,43.84603804753355
2345,45.822131383455975
2346,46.93204713023964
2347,46.78216313234556
2413,18.095773180039462
2414,22.237186106378573
2415,23.617228606665265
2416,25.009460196848757
2417,24.205366791860534
2418,27.332445821258357
2419,28.694596534222285
2420,30.874446994007958
2437,35.469250263180754
2438,41.40823892989842
2439,48.1282350887103
2440,58.03763391240117
2479,38.828595758577336
2480,42.58200784902216
2481,45.09957200651172
2482,47.65987477174757
2483,18.474312699530262
2484,21.656909142601386
2485,23.522169254087935
2486,24.113037809051185
2487,26.98434946487501
2488,29.441654788292993
2489,33.60307764269106
2490,36.424517567994656
2491,37.91266720952351
2492,40.625844097010564
2493,41.02333905215583
2494,42.37317378473746
2535,43.634970065521244
2536,46.38856896787321
2537,50.347171415154925
2538,53.38512818535493
2539,58.781016301083376
2557,24.222056719042786
2558,25.981359205390646
2559,28.069187764294707
2560,30.91020830702298
2561,35.49688373470113
2562,37.84970869182221
2563,40.20771974611544
2564,48.04489888135162
2565,49.113321790412456
2566,52.206687158510476
2567,51.63180198636344
2568,52.8752933976502
2573,38.01055408948594
2574,40.542995641428504
2575,42.78983954628056
2576,47.01904967631321
2577,50.28746339052259
2578,54.02729674757418
2579,50.745663751534344
2580,51.8161169482785
2581,54.0752663819154
2582,57.220516433866656
2583,58.856212379723196
2584,61.90167146896471
2585,14.58345623763367
2586,12.102467530033476
2587,14.566464940101
2588,13.72980964940829
2589,37.718114453801974
2590,41.65730686190731
2591,44.92428991059162
2592,47.95354040544588
2593,51.70897834860731
2594,28.021415008001487
2595,30.23221986890842
2596,33.641039442384894
2597,35.50445557634674
2598,38.634099740252715
2599,40.566905955265
2600,41.44501804452597
2601,39.961223912186554
2602,40.607903128129735
2603,41.53919949440528
2604,42.51119913590624
2605,45.09084335362614
2606,11.248581130991074
2607,12.665516756157176
2608,14.791105321760707
2609,17.583200740946303
2610,17.670457166028378
2632,53.649550511329736
2633,53.81630411406206
2634,56.9489284677522
2635,57.10118471252014
2636,24.846164584076558
2637,26.981887543249293
2638,31.684231218782287
2639,37.45131264736473
2640,44.091085394003684
2641,47.57086042812511
2642,52.93236888609435
2643,53.940646866184366
2644,55.68218054856178
2645,57.141184915515986
2646,57.972311873878105
2647,59.41641029904338
2672,4.196379106536512
2673,7.529305667944717
2674,9.47092183247494
2675,13.320115136255662
2676,15.938186885752014
2677,19.23151209332709
2678,23.008474187636004
2679,26.588506208628406
2680,28.451096540042414
2830,30.36985659927426
2831,27.963848686762248
2832,27.71799678859017
2833,27.502730716019357
2834,31.713831022157386
2903,3.978233156273712
2904,5.889368909463662
2905,6.499309300547206
2906,8.293741239205909
2955,36.75546702269731
2956,40.92401557902433
2957,42.37538595244787
2958,44.042971438564564
2959,45.774015479243616
2960,45.82339477694923
2961,51.25917398026793
2962,57.56050829559498
2963,60.190892562934
2964,40.15382387748656
2965,47.33262142966023
2966,47.971855491476205
2967,51.683510890933334
2968,53.74881559914151
2969,53.62418978353245
2970,57.933599517795166
2971,58.146660551003876
2972,62.37903980042544
2973,62.371674943482745
2974,62.75630256916278
2975,65.18183608481678
3006,58.48888372796711
3007,64.3273666097833
3008,65.83795125241849
3009,65.9363790493408
3010,68.72117109717172
3011,68.44982338213659
3012,70.4815577235812
3013,71.41036793235142
3014,73.48522479807215
3031,30.30156532698023
3032,35.18406038004451
3033,44.17203910000982
3034,47.48548622305316
3035,52.81355407407966
3036,56.73346529834764
3037,56.41462887539111
3038,58.67745500732949
3167,17.883812917890808
3168,17.775636504136234
3169,19.99932915032937
3170,21.56742961252242
3175,28.661999745299546
3176,30.123639139818966
3177,32.66198034815051
3178,37.62372280875207
3179,39.74282614591565
3180,41.58431043515227
3181,44.20613068548323
3182,51.886169067189506
3183,52.670906287554
3184,55.85816185523181
3185,56.029271507504006
3186,60.002337421141135
3192,23.1885317728497
3193,24.898821033594167
3194,27.411641222286626
3195,32.39770848482655
3196,35.06975118968031
3197,4.9931483933513015
3198,9.081026311206685
3199,14.881201609176003
3200,16.77402394330324
3201,33.33594826990618
3202,36.76042287529644
3203,40.29754141530458
3204,45.194777847719536
3293,42.34460637535847
3294,40.90516840862735
3295,42.43988927103214
3296,42.72087600450701
3297,40.945025728867265
3298,44.21590320945765
3299,45.83453278399271
3300,49.844883722525296
3301,52.468780923465104
3302,51.072194411189535
3303,52.32844210886348
3304,53.30828654096763
3305,56.08303044337813
3306,56.31765457764176
3307,58.01363014288942
3308,60.21077559755715
3309,16.761987064518998
3310,20.737775812809055
3311,25.689804335090294
3312,32.55371125659253
3313,33.9993867869271
3334,24.912369443557214
3335,26.439752988618256
3336,31.403487267876194
3337,33.13957453289723
3338,32.52082954862543
3339,34.20538400438592
3340,35.15619160313357
3341,38.485833849735286
3342,40.50878094390363
3343,48.19630480693854
3344,52.12015819061385
3345,46.887598977710766
3346,51.23829220661137
3347,54.95897762665826
3348,57.81771097795337
3361,17.550649882396147
3362,21.138032645319605
3363,22.223911873579436
3364,25.907712037454388
3393,15.590017717231671
3394,17.38590472515587
3395,20.343216494755843
3396,25.986615872802368
3425,34.89396227886469
3426,38.440600425661046
3427,43.13126563883698
3428,50.78563778614281
3429,53.326041890095894
3430,55.69960899083399
3431,57.34702014208832
3432,59.60057070933276
3472,14.590913628685195
3473,17.280279881865773
3474,20.6897586459252
3475,21.87314579115907
3476,23.86628789840797
3477,31.21275296174391
3478,33.3458988313386
3479,33.33620765977464
3480,36.26807573062816
3481,38.2579765183178
3482,38.9742014102678
3483,39.70077763675382
3521,10.628914329141828
3522,11.543041235665466
3523,14.919039806226886
3524,17.486576755330567
3583,13.614333865663104
3584,18.692011871154538
3585,20.879113645467562
3586,24.196348722250217
3587,26.654587358726182
3588,29.52377300477458
3589,33.212235827952505
3590,40.459283396892104
3591,43.34146681057427
3592,45.108416942787464
3593,47.36897034184342
3594,17.256726640351772
3595,23.875789711545373
3596,26.03868611828479
3597,31.704076709836073
3598,33.61306572506168
3599,1.5596844699980654
3600,3.4493392610155227
3601,5.51828988667779
3602,9.650539158587605
3603,11.213315321001991
3604,15.061490950022597
3605,18.272052820420658
3606,22.912318117161078
3607,26.323585240667292
3608,28.00035941703307
3609,28.397423169622527
3610,29.215239037116515
3644,10.250849690121044
3645,10.41567473819568
3646,11.43770628584177
3647,13.846167962289035
3648,16.94712366000156
3649,19.141546894838704
3650,21.223800310889647
3651,23.222281565710222
3652,25.76132933270148
3653,29.24437812852875
3654,32.239351052142744
3655,34.50134669372788
3812,30.446577531700417
3813,32.88681217286286
3814,36.53440487594082
3815,41.50363224718258
3816,51.25634004140206
3817,54.97968674058351
3818,37.79815746440888
3819,40.67871780775966
3820,42.717896566713236
3821,45.58039065547618
3822,48.920315647993945
3823,51.193960243458626
3824,52.99716438528405
3825,55.31416917651385
3826,57.84584150115452
3827,60.35921096521275
3828,61.93740465753852
3829,61.50265901408075
3886,28.717355188614466
3887,31.459201836998336
3888,35.366066195234104
3889,38.28048313483636
4051,15.98796627579072
4052,17.243107199709208
4053,18.90155143306686
4054,20.791286906003865
4055,20.941025007630213
4056,21.133724120437883
4057,20.335326525251993
4058,21.74207664357431
4059,24.484174892756872
4060,27.811928975456624
4061,30.79013118248313
4062,32.274006630938516
4128,16.75875625918011
4129,18.639420972529607
4130,21.415421513120638
4131,24.88670335927672
4132,25.894307743236908
4133,28.042504876606948
4134,29.88309333539047
4135,31.76289716089361
4136,35.70015571409935
4137,37.35077643819291
4176,19.727088253133477
4177,21.821096421279705
4178,25.007588265982157
4179,28.549658382295725
4201,50.16615926816853
4202,47.7730079742685
4203,51.03536813105939
4204,53.93101282739376
4205,52.87212739329328
4206,58.654720842277015
4207,63.79263733727684
4228,53.80617647303917
4229,57.508518684728756
4230,59.81673899109681
4231,61.60149730263546
4232,63.68936436141691
4239,23.595288417366884
4240,28.82947752255913
4241,32.80852848374011
4242,36.785124237838644
4249,24.27602514691146
4250,28.243741198545745
4251,30.152066748859966
4252,32.651319473518285
4253,35.28866941857979
4254,38.07208885694119
4255,39.44400560253523
4256,42.84051452568447
4257,45.32493747840071
4258,46.73502591192579
4259,44.49570529409972
4260,48.148775460362785
4270,43.041263632866375
4271,44.58318287624443
4272,46.619647289912216
4273,48.566144528075476
4274,41.49130984376391
4275,44.00917413005879
4276,46.89428507833967
4277,47.365056948333866
4278,45.41865538169738
4279,48.235238986927406
4280,50.28593905336952
4281,53.265928234296894
4282,54.81798596031801
4283,56.27862885508773
4284,58.97985056070835
4285,58.51543794643038
4323,18.28666666882369
4324,20.85399744545835
4325,25.28446775863835
4326,28.44268010725873
4327,37.43255964391833
4328,38.273961350605596
4329,41.3876971560512
4330,44.413818090970736
4331,47.547873486247966
4332,51.3469812660152
4333,51.931093953452
4362,11.89145522689858
4363,13.189264455736325
4364,13.7254157330112
4365,14.96560251293369
4366,13.922855599421297
4367,38.308612453102114
4368,41.00231447518959
4369,42.404899675295816
4370,40.91165745676595
4371,48.568015691018836
4399,31.332474532096434
4400,33.87677041301151
4401,43.60866100405737
4402,60.31624609704206
4403,66.69089286943395
4425,31.429422796284655
4426,36.01144606122132
4427,41.64621857801478
4428,42.89184589091876
4429,43.62457085885457
4430,41.490692474615784
4431,42.29952991584419
4432,44.67902296250638
4433,45.88672619040125
4434,48.786102620251036
4435,50.74083141164077
4484,12.575271915388917
4485,18.140517095116586
4486,22.540045592844614
4487,27.298443560733915
4545,20.73625741817682
4546,23.938459787697223
4547,26.83498754263426
4548,34.787583563335495
4549,38.53456730444577
4550,40.62537873764445
4551,42.45147811644941
4552,45.985784719967945
4553,43.692598604306575
4554,47.04938777959244
4555,50.5124869045898
4561,13.569894148818207
4562,14.757210651341046
4563,16.69056848435182
4564,17.921324510789134
4698,23.95084115224929
4699,25.968959879096257
4700,31.82701843869183
4701,34.87281475600131
4702,37.154547764284686
4703,37.98121388538233
4704,40.32229012423112
4705,40.9131169585216
4706,42.65703653064788
4707,45.416484195328664
4708,43.73133363093099
4785,17.48287570193087
4786,24.077316738855636
4787,30.293611156506756
4788,35.64022558771457
4828,28.666062451933414
4829,33.832176169279556
4830,34.68661758096004
4831,38.94789182347231
4832,44.079008478573094
4837,4.9954182671618215
4838,8.645937415531616
4839,12.394431807454378
4840,39.763515621433825
4891,17.518541526005475
4892,19.980651561278858
4893,22.6903565560903
4894,22.904340731654646
4956,58.1054514709116
4957,65.25207418331935
4958,67.75458783222807
4959,71.39908088860531
4997,20.939897435457105
4998,22.546138369094148
4999,25.672965125748938
5000,27.512540595066817
5001,27.110589033812783
5002,30.049079905180925
5003,30.279354178634662
5004,32.51059074274298
5005,36.54151322883679
5006,40.2044119284817
5007,42.23186595306419
5008,46.40024099805701
5045,2.320385741873513
5046,5.730664747543395
5047,8.587658744522075
5048,13.897623378353632
5085,11.11091989378815
5086,12.205043765967982
5087,13.876661308805827
5088,19.443944299611516
5089,21.282691359753365
5090,25.85831884977909
5091,27.574275549685506
5092,29.88090230509112
5093,32.090264449400884
5094,32.550927679694084
5095,34.248083201979554
5096,36.93140603713955
5097,18.841459115115576
5098,21.730884955244544
5099,23.287248306198723
5100,27.638366188801808
5101,31.26963638129056
5102,36.45472717055073
5103,42.47314170915559
5104,49.80588056855942
5257,7.506014327585882
5258,8.395062185878317
5259,10.783963411542603
5260,14.101813781964793
5261,16.77952267856825
5262,19.437270983009956
5263,21.816164771170843
5264,24.1229124229213
5265,27.354305328653645
5266,29.55769806448418
5267,33.86537614254922
5268,36.81292116494942
5372,49.289285848285665
5373,51.544573891175425
5374,54.6466218011145
5375,58.602837906439206
5376,63.432311569940055
5377,61.70067176161583
5378,63.56169380707739
5379,66.48717064478646
5380,66.60128167601738
5381,70.49138498788946
5382,71.8522020723622
5383,70.09643817953659
5419,18.75029811990698
5420,22.39509332488323
5421,26.30541772160684
5422,29.587843128522167
5423,34.54667177013889
5424,38.105230020613405
5425,43.089037957857386
5426,43.74802253483422
5427,46.51119427125768
5428,48.57929121132945
5429,51.36666120778862
5438,46.71781772411252
5439,48.303248153708175
5440,53.331416026098076
5441,59.21224933239158
5454,47.93682723593555
5455,46.10259736348104
5456,46.794991172522
5457,46.225707480170605
5458,60.61142009080049
5459,65.34318181334247
5460,71.26677985052653
5461,71.90001925898851
5494,13.904333583388047
5495,18.04604736274262
5496,21.839904822477028
5497,25.603585300667238
5498,25.112421756706006
5499,31.07760128469593
5500,33.45746342177318
5501,36.22658710613355
5629,3.8102836524674815
5630,4.8702619866969465
5631,7.987782557338666
5632,11.779512708020656
5633,34.9506835603287
5634,36.624948202976256
5635,39.78918710399529
5636,41.89426647939368
5637,44.96648080697365
5638,47.18764955119747
5639,46.23630676685861
5640,47.2764484253246
5641,48.72659521266112
5642,49.07385102016595
5643,50.32570306178302
5644,50.49939318401202
5645,7.602337971434733
5646,8.519381896525783
5647,10.918483763530073
5648,15.635088555307036
5649,18.285678454845772
5650,24.681401838094835
5651,27.875107498583333
5652,29.15129955530412
5653,30.467750557371126
5666,38.12991467837643
5667,40.32369200258218
5668,44.01312220952728
5669,44.68083180723245
5670,43.3064714792096
5671,46.36620098995378
5672,50.02824484361217
5673,52.13013801717168
5674,53.603094575462286
5675,55.11962139100607
5676,56.51488196587205
5677,57.54038643641836
5732,20.130006085353756
5733,25.722564578867473
5734,27.60803607161274
5735,31.64476709584047
5736,35.54544766919083
5737,37.58071026965389
5738,40.522464518322785
5739,42.55035113764656
5740,46.02935837538363
5741,47.76254149750363
5742,47.35561262762175
5743,46.82225800371824
5863,48.605683419092244
5864,52.38341995559206
5865,54.400914883143855
5866,56.89701196576645
5867,59.450544220989784
5868,60.37958017936224
5869,64.26856249053418
5870,65.2154464733523
5871,65.41465166522562
5872,66.86566506007496
5873,67.24014180360746
5874,68.2688722775432
5907,35.56859385542708
5908,37.406224018718476
5909,41.681690015074004
5910,46.383309480921966
5911,50.48858339559572
5912,55.246663919770036
5913,51.48865538400031
5914,54.321654588769206
5915,56.52140004325945
5916,57.18410917353687
5917,59.83915305711599
5918,62.15114898866439
5940,27.157281019101795
5941,28.491816132537775
5942,30.097485961121368
5943,32.57752351855903
5944,10.267447485703645
5945,11.941559289468437
5946,17.8400345387764
5947,20.300480170749985
5948,24.409778258101777
5949,28.322424824961292
5950,31.859826865246635
5951,32.20623424115555
5952,38.259639017531434
5953,40.283293382068436
5954,43.86477279411681
5955,47.386042414929996
5980,27.99712376611786
5981,29.970505977067535
5982,34.209075075466345
5983,38.95347657992283
5984,44.082648670047895
5985,32.42946521439646
5986,33.63886603903126
5987,36.2628630141529
5988,38.68612026315889
5989,44.21069701949653
5990,46.055288983702
5991,47.97914445582693
5992,47.51246177740726
5993,49.92517886260036
5994,52.06226813870626
5995,52.663390941180594
5996,55.80326851911576
6001,29.268969782517438
6002,30.27785766456943
6003,35.64213566405461
6004,44.209548539026045
6005,52.84120976773611
6006,56.589218057862766
6007,66.38862931133022
6008,70.90934375836089
6021,34.722473918310584
6022,37.68458037665029
6023,50.335808815521204
6024,52.65857480893724
6025,55.00420803447785
6026,56.242870853397264
6027,57.15946931747343
6028,58.212276943306414
6029,58.77761303158947
6030,60.517505970811136
6031,60.81833828047697
6032,60.97728473199783
6122,34.89119674316343
6123,36.71539588724407
6124,39.91552670955466
6125,42.91154258074401
6261,38.47459118181567
6262,42.124098988678796
6263,46.40487352040643
6264,51.76378908757282
6265,52.95146584688498
6266,55.94123865942156
6267,57.203957456302135
6268,58.64345775034404
6269,58.50648880297132
6270,58.193463156335554
6271,62.11067140635388
6272,64.0543141724863
6313,45.56798437663956
6314,47.07102349801943
6315,50.55974654675656
6316,50.86952534126704
6317,55.723319553525776
6318,58.39534218665949
6319,60.74665270083035
6320,60.58315059768356
6321,1.5001315285909373
6322,4.736497037963735
6323,7.483719917777978
6324,10.574438252923812
6325,13.676597730158779
6326,16.985423388824692
6327,19.23467408557073
6328,24.50203844814517
6329,28.040683706973816
6330,29.75131161432672
6331,30.89011580597768
6332,31.958616561401584
6348,5.6009590260514655
6349,6.692897671158649
6350,8.682055961268464
6351,10.50361950606526
6352,11.220770834476996
6353,15.393137463086248
6354,17.469156020686455
6355,22.159361691307744
6356,27.169071211828587
6357,30.443005292661432
6388,28.623547113820912
6389,28.786200661188197
6390,30.14625561776463
6391,31.59507760516026
6392,33.473565036229736
6393,37.70956059785395
6394,40.500091208542685
6395,41.43134853665295
6396,43.73977502964165
6397,45.18742324193222
6398,45.73843056176197
6399,47.625624000601505
6462,10.765827037523284
6463,18.74287547555225
6464,26.73876901611959
6465,31.186532699708597
6486,12.135524281836886
6487,11.918131268368228
6488,16.612841116319032
6489,19.613799737419562
6490,22.13292440824018
6491,26.776098010911305
6492,28.789142806187215
6493,29.412026959285566
6494,34.635294426205114
6495,37.75290579329076
6496,39.49068160897899
6497,42.08180692544938
6538,27.900586392949243
6539,28.892560586984747
6540,33.324419356277886
6541,35.550215631328925
6558,34.380971387583635
6559,40.66439864530191
6560,43.73349927125395
6561,46.634207181162324
6562,12.458863529076398
6563,15.703684504466072
6564,19.672890239170577
6565,24.442991655220784
6566,26.188808808146085
6567,27.54471880647666
6568,29.32479297490975
6569,31.004236309723762
6570,35.817072229546795
6571,39.53086213965871
6572,41.948548272346926
6573,44.168941870972674
6574,27.736318455956706
6575,33.028431527502576
6576,37.45862249848656
6577,40.22108320653463
6578,43.7140266313247
6579,34.141551244179944
6580,34.946160313451934
6581,36.69072368047294
6582,36.83724581544452
6603,29.371010276114248
6604,29.755224778047136
6605,32.32461491713089
6606,33.685877971190806
6607,32.86161059288491
6608,36.77385214329258
6609,41.130459144022645
6610,42.51681886139214
6611,43.36350823413161
6612,40.93685359146159
6613,43.91084638514219
6614,46.95041153855783
6643,6.182318715300714
6644,8.813344609120177
6645,10.98919414075011
6646,12.896975925254049
6647,14.76718309957062
6648,16.821624981028744
6649,17.045274437196497
6650,18.06423276116626
6651,20.24023958855881
6652,22.23130683375414
6653,24.645167988965113
6654,27.125858483561103
6663,28.365313897778947
6664,32.12680369901077
6665,35.12073724458862
6666,39.25687150580252
6667,38.94654477480181
6668,41.39297842192754
6669,42.42065446683226
6670,43.361381549159425
6671,43.046387033689435
6672,44.21004265404839
6673,42.6552919723516
6674,47.380321702285386
6675,23.29547077338959
6676,26.68672157983652
6677,30.427540401150754
6678,33.457066843807254
6753,48.508304460454795
6754,56.216595379006904
6755,59.420524152773396
6756,62.34833996959374
6757,39.598463922609874
6758,43.81465539717321
6759,49.626052252695274
6760,51.38910152616586
6768,46.394579307292915
6769,50.38841940987791
6770,56.29085552198385
6771,60.63619388767002
6772,62.31469486171795
6773,63.32151795446733
6774,66.19330454523958
6775,65.2602499827605
6776,65.49547667938926
6777,66.01855015370195
6778,68.12495735896644
6779,68.30303954787898
6788,11.905207414032258
6789,12.37775808324607
6790,12.860549208251143
6791,13.447743655872287
6792,15.02601941607793
6793,16.497382530684806
6794,16.005754369761927
6795,19.88491075622229
6796,22.426778721381687
6797,25.436154311196724
6798,30.503171866511547
6799,34.79055607985623
6842,35.41787014077862
6843,40.43061319587539
6844,44.90044256672591
6845,46.39962699201027
6846,48.97210458073831
6895,29.34670769566305
6896,35.16393926615973
6897,39.14370574452017
6898,45.46927201558082
6899,43.18783074256169
6900,43.783925291400806
6901,47.06205854870708
6902,50.537913482789875
6903,53.09382137663387
6904,53.41911878223741
6905,55.043534619613865
6906,58.28136255020812
6907,59.781343387387516
6908,59.31139986180667
6909,60.54747668568989
6910,59.53461703576522
6956,32.630191545678805
6957,38.76049258507437
6958,43.09871558035492
6959,46.37357253158486
6960,49.08880958361508
6961,52.651191333520785
6962,52.80581165021071
6963,55.732639047811155
6972,25.341388574499355
6973,28.36349945810924
6974,31.483446715915125
6975,34.502594200146554
6976,36.41542201038555
6977,39.31322578970899
6978,41.6462197121608
6979,39.86322821630641
6980,42.92314219405942
6981,46.26817735624614
6982,48.4316122557042
6983,52.365296590696744
7052,33.74605565280062
7053,35.40160709565925
7054,37.7790101200856
7055,43.7325680491939
7084,0.6900681018819913
7085,1.1518406415281024
7086,1.4392685595914347
7087,2.0329226180515922
7088,6.639103087631502
7089,10.414508885731596
7090,13.923538883795583
7091,16.759614250187024
7092,17.645827228407217
7093,19.087788994888307
7094,18.241323081627588
7095,19.541702771019782
7096,30.836795801785534
7097,36.95921884766118
7098,40.24528763162766
7099,48.92560732503649
7100,55.70622436382206
7101,38.06748929367798
7102,39.54234028220942
7103,40.762773279108536
7104,44.03692430400258
7121,18.732578506655976
7122,22.65281752330987
7123,30.79806095730437
7124,43.25505578180942
7134,49.266305211658924
7135,52.01225535990409
7136,54.01399024250734
7137,56.50469190215241
7199,21.928418581080145
7200,25.467055974989368
7201,32.92045896913772
7202,36.58099306504056
7203,38.24564571671511
7204,37.747369488248054
7205,40.98225075476249
7206,43.75293761413652
7207,42.83876979461385
7208,44.66386092497908
7209,44.19755620848266
7210,46.24520890747239
7279,15.813752287087771
7280,18.276851044729476
7281,24.017417953496476
7282,25.802040473920492
7287,19.768328887022268
7288,24.10240348710683
7289,24.358366677787064
7290,25.99476766882581
7291,27.572257693523955
7292,31.330165352838282
7293,34.103649258767454
7294,38.71874022288272
7295,40.14373462228362
7296,43.925535052251234
7297,42.64517375328906
7298,45.21085125021515
7371,4.78481814023935
7372,5.469662604988085
7373,8.350466267711584
7374,10.780417446085877
7375,13.536906839255215
7376,16.92366509134544
7377,19.342813586303343
7378,21.31672266541785
7379,22.622074938539495
7380,24.71171819145058
7381,27.340829121542537
7382,28.45863115598408
7510,42.41960018384127
7511,45.62347101956525
7512,47.06466848776882
7513,50.34108258001052
7514,52.51598284307538
7551,0.1379698880813595
7552,0.9729769181001314
7553,1.7836961258284123
7554,2.657736565968764
7590,23.565879292817154
7591,26.847914210812053
7592,29.163667702179048
7593,31.911107232168018
7594,40.560555558650954
7595,41.41592681637901
7596,44.83199862483756
7597,42.41448563520826
7629,26.219298910599946
7630,26.87439760624634
7631,27.901573170982907
7632,30.262976410381754
7633,34.83884780402749
7634,41.90154737467948
7639,30.58005121492503
7640,35.05255370615285
7641,40.50766035440562
7642,45.32292379471012
7643,51.266618087663836
7644,52.85546612034784
7645,55.10649637246128
7646,58.32282376018966
7647,59.80929760646241
7648,9.513719872355406
7649,10.045481724212658
7650,10.586519836929744
7651,11.713121684411899
7652,12.748744371271641
7653,16.321421960064686
7654,19.137230103222553
7655,25.61321264726905
7656,28.991129848011205
7657,29.697695850050735
7658,29.596348193699704
7659,31.385936655331374
7690,14.056072540429692
7691,16.418723715826182
7692,19.713195460581044
7693,21.974616034517148
7694,24.07453748052683
7695,26.963506827783384
7696,28.444619473152176
7697,30.678693666787787
7698,31.410510308855272
7699,33.47784992451223
7700,35.47498748406922
7701,36.82547967074904
7734,11.190646224851246
7735,14.869150558989656
7736,22.216208589694418
7737,26.122631896407377
7738,27.740340618598896
7739,29.67709036593402
7740,34.01643676215222
7749,4.757576264991789
7750,6.615440389141382
7751,8.57715093506477
7752,11.157342770586869
7753,13.008296191163492
7754,17.2980764601701
7783,21.189202170724563
7784,25.27340357525697
7785,30.714269233058694
7786,33.61042574142293
7787,33.55586416335067
7788,5.902829248047631
7789,7.328401686940021
7790,8.495598667673594
7791,10.040966022548872
7810,39.7542373019448
7811,46.21383650265311
7812,47.7983717280444
7813,51.41592199421389
7814,52.309152523646084
7815,53.90805975403144
7816,54.378573549557416
7817,57.03975143971278
7818,59.35579367187042
7842,31.666041056566833
7843,38.48490527235758
7844,40.38835614292758
7845,43.745925016896315
7878,27.48935223276777
7879,29.841239337971484
7880,31.855807271056477
7881,35.0172478248853
7882,35.12848909951477
7883,34.31941792699002
7884,38.08547514652787
7885,41.58945632314732
7886,43.16539976656871
7887,45.88358625372409
7888,47.11534314764522
7889,48.180045058225005
7895,27.325485035602462
7896,27.009775202309964
7897,29.857570508629074
7898,29.98234136728455
7899,33.30764602386389
7912,13.885161902075652
7913,16.178368920150223
7914,19.280680023086102
7915,22.321348178566083
7916,27.623666311725106
7917,30.223630237433362
7918,32.2024232811701
7919,34.92985217625304
7920,36.884491414250576
7921,37.938439823880366
7922,39.135719847168204
7923,42.91020004309539
7957,34.05986885918784
7958,38.53160464928631
7959,35.53508483176915
7960,38.9451233955632
7961,43.052499494985355
7962,47.679857113977775
7963,50.06546015521958
7964,56.69553544739758
7965,58.028623174583444
7966,60.074945774115086
7967,64.26718158683812
7968,43.3779233292932
7969,47.04531215731543
7970,54.23676432441408
7971,55.359143032739794
7972,58.2445391750933
7973,26.134482862500175
7974,31.778401840898756
7975,33.686482358381
7976,36.96484363178344
7983,5.258629817063129
7984,6.610528957963476
7985,8.790572137085766
7986,9.434507014358095
8027,45.56061863624389
8028,51.75901033287041
8029,51.81343031344393
8030,54.34463562801169
8031,52.49740064982954
8032,54.543076965217345
8033,54.049920832206226
8034,54.99787441272006
8035,57.353056872156685
8036,59.12564953492988
8037,59.80708933125476
8038,62.55081211096616
8101,23.815953838627514
8102,26.46487732162335
8103,29.12637922730952
8104,34.16051955112845
8105,5.674801855126451
8106,7.3281825280744375
8107,8.167085033482476
8108,9.948035025024796
8126,41.58932572582741
8127,46.78174557813645
8128,52.65175535876905
8129,61.04504069042916
8139,33.2759919258114
8140,34.86429764459337
8141,37.07850998406677
8142,40.043125985089276
8143,41.21278863878414
8144,43.01179566998919
8145,46.66637057963078
8146,15.056301469607082
8147,14.717954864240397
8148,17.177091243167204
8149,17.463270392871852
8150,8.805296334080824
8151,9.765064030694578
8152,10.913384145717565
8153,12.887990990785132
8154,14.031260533856615
8162,42.72888501472383
8163,46.65064683138552
8164,48.24707110146446
8165,48.95909665810267
8166,45.60518217693593
8167,47.62264846243028
8168,49.52287046337819
8169,50.99139370648372
8170,51.95246645857835
8171,54.38194951029774
8172,56.50473083407246
8173,57.76207404212371
8203,17.38141773742625
8204,20.95296020266059
8205,24.431230665571988
8206,28.527940096986363
8207,30.125126526802923
8208,38.10355815139933
8209,38.930869341627854
8210,41.59767401634898
8211,44.71092077494645
8212,48.12091964317375
8213,50.10333967502303
8214,54.35445347871816
8215,1.1502675218595368
8216,3.7928119163146503
8217,8.988568125345575
8218,11.693838421855716
8219,18.805971144598374
8220,20.426006894476323
8221,20.81666253420178
8222,21.301460596890426
8223,24.766768095734836
8224,27.950200788520768
8225,30.432752977013912
8226,34.15688057953189
8305,15.399376547216843
8306,18.963499591322737
8307,21.043902025538472
8308,23.84570445331652
8309,26.963757814510707
8310,30.083208012379334
8343,14.767523078389605
8344,11.584833036626982
8345,11.638778976356084
8346,9.883350154975949
8468,26.091079518095263
8469,29.178370236121573
8470,32.929855559662194
8471,35.47564322187254
8472,30.643917351231096
8473,33.14262333774333
8474,35.698485799274586
8475,41.52603904346819
8476,44.70515709744929
8477,46.790075184439964
8478,49.19994432029978
8479,53.79519316260987
8480,54.214645252623924
8481,56.20341060256656
8482,57.67832919367553
8483,58.6484691215432
8536,26.57426234441801
8537,32.57452317849611
8538,37.68100120466663
8539,41.31604024736653
8540,11.21314219357598
8541,12.041435611204264
8542,14.86171778138591
8543,18.259244934218025
8544,19.68668778310069
8545,24.42780001224782
8546,26.106692539287117
8547,27.830849482790086
8548,26.694042174852587
8549,28.740043258521546
8550,31.926517215541207
8551,31.90936301385429
8564,27.100632752474304
8565,31.578709952976254
8566,35.286942070262235
8567,37.58393382115061
8568,47.33292588056115
8569,52.36934417042445
8570,56.359947002305965
8571,57.42793902476753
8572,61.32762181673614
8573,60.89618113928243
8574,63.814183207300644
8575,63.807012308928485
8604,14.496421725788826
8605,20.88163431477921
8606,22.14980796499396
8607,24.346098246439272
8624,16.063437585753782
8625,15.75934135455157
8626,17.58467591238039
8627,18.4864259029736
8677,24.652653910485636
8678,28.610504753823825
8679,31.290114703394913
8680,33.0582805963237
8681,32.59811725825922
8682,33.163816668801346
8683,36.44955491340363
8684,37.32725167997742
8685,38.03830859988493
8686,37.35371133857523
8687,39.5757903394567
8688,41.45070951110438
8732,56.66163299312281
8733,60.73987229125305
8734,65.15634973296584
8735,68.5927397043097
8768,36.639298111733765
8769,37.130996830895626
8770,38.854231771380405
8771,42.05336200965919
8772,50.337733241633345
8773,51.43189944444324
8774,55.18461680744174
8775,28.95363024045559
8776,28.79356871964169
8777,30.657494776598988
8778,28.41094764154362
8840,24.502353372182977
8841,28.128544194763272
8842,31.349122196445034
8843,34.34971052537722
8844,35.55069878363754
8845,39.03245799839372
8846,42.02799270950953
8847,44.39036791181273
8848,46.51686942259506
8849,47.07048722419349
8850,49.87283354150397
8851,53.41663228207473
8852,33.87140629574638
8853,36.6227623117413
8854,53.2918642546186
8855,62.06514302452196
8868,44.362566492715345
8869,46.1171703914732
8870,48.3129380243967
8871,52.18794897396593
8872,54.22043771613589
8873,54.39045324683063
8874,56.5823452128292
8875,58.78195303040197
8876,60.049419549177216
8877,60.53199055437943
8878,61.44444601495593
8879,62.332298049886674
8898,29.690573216945676
8899,33.632506577473876
8900,35.66425083062695
8901,30.742618575883093
8902,35.186747759890906
8903,38.767382898386714
8904,40.30333216084763
8905,43.0813881656695
8906,44.321987450899634
8907,48.435072435917014
8908,50.5907858199309
8965,30.444610736298653
8966,32.527491016619294
8967,32.37039950566825
8968,32.831051418226465
9070,31.318469195134618
9071,35.080158810472824
9072,35.38346103118176
9073,40.42321316882506
9074,41.89102609549509
9087,28.11106354538465
9088,34.28138709414122
9089,37.01614919939274
9090,42.524577006749006
9091,15.600511434043067
9092,18.729564817365986
9093,20.313320002568517
9094,22.283621008818123
9095,23.155888599022546
9096,25.462241593028725
9097,27.71631641656568
9155,20.79376135474669
9156,24.27834794719646
9157,25.697525533644683
9158,27.720207064582752
9159,35.786235134086695
9160,38.12944796437518
9161,39.49710229789298
9162,40.11916554729115
9163,44.23202612317456
9164,46.32678841440249
9165,51.962243967959594
9166,52.57321859072802
9167,32.005609076364394
9168,36.42599999716488
9169,38.94690536647147
9170,42.39970120798576
9171,45.301730073105944
9172,50.84239465285301
9173,53.283803086675604
9195,11.793631445590828
9196,13.315472120746994
9197,15.52159937871698
9198,16.701903057627078
9282,24.190828841630786
9283,25.6173322412726
9284,31.436983109037413
9285,32.92348000466505
9286,34.463830062609134
9287,37.54376942618387
9288,40.03809915569548
9313,16.340084422104024
9314,19.706290414217044
9315,22.147719867500093
9316,24.890520724496973
9359,36.758931475778546
9360,44.80265498266931
9361,48.522976232844925
9362,52.20112880210529
9363,29.038548182924103
9364,33.922299985257844
9365,42.98661991140846
9366,60.7755547313467
9367,63.21620124165395
9368,33.865513429341526
9369,36.10596795553458
9370,40.1436013584845
9371,45.35322589270516
9372,49.246173283702376
9373,50.21563620688037
9374,53.58022677331699
9375,51.6655146982274
9376,53.90518866569249
9377,56.37358941580769
9378,56.59556432820174
9379,59.91787195477192
9380,26.484021712656904
9381,28.48527324110075
9382,29.942741545562182
9383,31.193187472822007
9384,30.63131869952984
9385,32.33785573794617
9386,33.86098490394864
9387,34.642760659314106
9388,37.09445774678104
9389,38.761478749718975
9390,40.14473348073771
9391,42.65145283469751
9392,23.733187709202962
9393,27.69769980196445
9394,28.44655379647606
9395,28.068621438927693
9396,31.29829556714775
9397,35.05162373039116
9398,36.27062677344763
9399,35.74378924627451
9400,38.72925059012095
9401,43.58641208820707
9402,43.519243554227415
9403,43.465929562397626
9502,23.484007196652385
9503,24.841796323984315
9504,27.38488299467316
9505,27.060201008405905
9506,30.566825249499818
9507,30.66707249208697
9508,32.31603316345293
9509,32.411878214185414
9510,34.11339738306897
9511,33.29611080336302
9512,34.64018245870259
9513,36.09048857464179
9514,37.94387257898869
9515,38.74363455265319
9516,39.091896638322204
9517,40.58772039966256
9518,42.45413634215936
9519,42.610993398469546
9520,42.33555100993336
9521,40.304640019744596
9522,42.68500323874043
9543,55.444943884107076
9544,57.62350968546459
9545,58.640782292566726
9546,59.43741898376518
9547,60.013703533584895
9548,61.667682495547204
9549,60.35735677489504
9550,63.29338130314367
9551,62.67878203695542
9552,62.14447212108662
9553,65.32705337414967
9554,67.17968086881777
9724,26.073731347033714
9725,26.383615076787713
9726,28.560190714973054
9727,28.955252592459214
9728,30.40114135237287
9729,29.172101410204437
9730,31.995124778633585
9731,27.495758769977805
9732,38.846402564350555
9733,41.182083807060536
9734,44.19159874338588
9735,48.05189973415473
9778,25.91352260893413
9779,27.93943690110452
9780,32.86934619063565
9781,36.907560510655244
9826,29.60326050557586
9827,30.74672046037451
9828,34.05816923351342
9829,35.70850240388178
9830,37.35158863748501
9831,38.54564190475172
9832,39.35705701124941
9833,41.037875396239286
9834,43.68076323326317
9835,44.44787044741639
9836,42.92011315975414
9837,44.87079240407031
9850,29.24423718706589
9851,32.688366362895955
9852,37.961286519127675
9853,43.194527543376246
9854,45.15542197715748
9855,45.46603171494216
9856,46.74523843658936
9857,50.67279458122207
9858,53.172510684175975
9859,24.00953501963287
9860,30.37097135417408
9861,31.447205288918212
9862,33.719570181435344
9863,36.01739692782
9945,38.9278293298029
9946,45.459290961004484
9947,48.70229982379347
9948,52.920331297591
9949,52.10866536049697
9950,54.90000628847649
9951,54.95431923412082
9952,57.519080583194544
9953,59.156430622804066
9954,61.128742905090995
9955,60.039208399432695
10058,15.458132447964521
10059,18.3962404507855
10060,22.355957025558933
10061,23.699945324942952
10062,23.666434762550715
10063,26.220223109847957
10064,29.100980651577306
10065,33.136433175349964
10066,35.729378280978565
10067,37.24164279463372
10068,38.35608396550829
10069,40.707601915639586
10070,42.360775605523294
10071,43.23078059303062
10072,46.154198883522
10073,46.216052304212525
10074,51.36044895147886
10145,21.690063592926002
10146,24.235526909848115
10147,26.758773137232104
10148,30.538544270749885
10149,33.52073351008495
10186,41.84924988304777
10187,44.38522515507279
10188,48.18126204358254
10189,50.29288739046163
10190,52.50200526266004
10191,52.16555440541723
10192,54.36556181457259
10193,57.73882103509976
10194,59.07861923322021
10206,27.95645143997214
10207,29.547393520266564
10208,34.18698780756648
10209,34.3324281406002
10210,37.82814760670246
10211,40.863542456113336
10212,40.68123982830638
10213,44.84634726079124
10214,46.705066815442535
10215,48.779798400975004
10239,32.53787935767143
10240,32.782993956328966
10241,36.69900641041492
10242,40.05443540834059
10271,8.953652125592644
10272,11.927628752957947
10273,13.500966037626208
10274,16.808859750630692
10275,18.701908265336765
10276,23.27421637847211
10277,28.718405189392985
10278,34.48185791645061
10279,37.44770896264336
10280,41.68491809269568
10281,44.21506444941088
10282,44.62279055284114
10283,10.52337281451127
10284,16.842039048829996
10285,20.339088822188803
10286,24.83809334685162
10310,32.61111991429997
10311,32.826150023150255
10312,35.31909035368111
10313,36.77499146562729
10314,38.07840218510873
10315,41.3084147187669
10316,43.818662024692216
10317,43.91781148680773
10318,47.00276991444666
10319,47.574372321760144
10320,50.253563257957275
10321,54.28345609416177
10322,22.02161065618556
10323,33.38009506099391
10324,35.866546869894094
10325,39.03701897124773
10326,40.89488556178579
10327,33.70652131672943
10328,35.126242646609725
10329,43.178340350896484
10330,45.77429748190468
10331,44.200132516831886
10332,47.35776884624746
10333,49.93412534893378
10334,53.34431617299897
10335,57.55968256808245
10413,29.964490856044712
10414,36.293106612278464
10415,42.64645204612809
10416,48.738289721704504
10477,25.6147263895418
10478,26.070406978473944
10479,29.536013540152585
10480,34.65909823450021
10481,40.7901010460008
10545,21.688849138130603
10546,23.331858174695647
10547,25.97064900024531
10548,28.620569500467553
10549,30.79454211882632
10550,33.463139021800046
10551,39.799870858181045
10552,42.58884004882992
10553,43.9877936783781
10554,47.21008670359208
10555,46.659783129243294
10556,45.71882088118179
10634,38.58203230575687
10635,41.831537365160415
10636,47.348987533854306
10637,50.73195880455177
10638,42.465369357815106
10639,44.30300397145014
10640,49.094066107170434
10641,52.43515153148002
10677,18.55721923712858
10678,21.760121935876196
10679,22.779727965467703
10680,24.793036071448217
10681,28.930206799266124
10682,31.24449143489904
10683,33.21677573361775
10684,33.912554504684124
10685,37.75995722269973
10686,38.24350828099212
10687,40.194636734416115
10688,41.73993008515358
10689,46.341226877484004
10690,50.95670476696691
10691,52.83498346955595
10692,60.01416809464795
10699,26.315185707051246
10700,29.22138545821137
10701,36.84152660203837
10702,38.4770185853455
10703,40.52785618432717
10704,41.0106682020161
10705,45.96211208006799
10706,47.326136665600444
10707,52.1804276343723
10708,53.983316663949154
10709,52.40958893024824
10710,52.90643288637524
10772,29.250279156381104
10773,31.004978542165162
10774,34.561265300570675
10775,43.25396880209795
10776,44.24163158681389
10777,46.582179824027875
10778,47.68472102442214
10779,49.61001492359889
10780,52.83517011881198
10781,55.503351444455596
10782,57.053916742252476
10783,60.14384382986198
10793,9.777722541525257
10794,14.59562774740247
10795,19.35042312880295
10796,24.564678958098067
10797,26.61078811261092
10824,46.67263663042903
10825,47.20266868935357
10826,47.94847394524201
10827,44.94838884746845
10828,49.02281182573041
10829,57.016190160129234
10830,60.57522400426982
10883,7.152142144087877
10884,10.389447430993215
10885,13.589542863262764
10886,17.678218263466437
10934,26.40570807952995
10935,27.77839734717275
10936,27.386428844435017
10937,28.222553197324498
10938,28.371379664614018
10939,31.896773498910694
10940,33.15570198298598
10941,35.211848598183714
10942,35.802602348373206
10943,38.63680168083222
10944,39.92704795916926
10945,41.57212780377556
11128,21.76448181227592
11129,25.020405969997718
11130,28.827742993913365
11131,35.68475658517688
11132,36.59603794315296
11133,38.480827935373526
11134,45.029703758873964
11135,48.49911071490988
11136,51.77108779766807
11137,53.230236810199756
11138,52.63559066418661
11139,53.375536966287214
11189,28.57800447971614
11190,36.81176829617617
11191,37.53149183473808
11192,40.275227771019615
11193,43.50680894421471
11194,44.69281791659656
11195,45.541807851572784
11196,48.05562475477492
11197,48.84696281193633
11198,49.014150686207415
11199,50.852728011600874
11200,51.5562643952406
11236,4.4282367328325085
11237,8.547118743566513
11238,11.254977925301834
11239,14.65754511497048
11240,18.04739864368653
11261,3.1113707464582996
11262,8.716359167617265
11263,14.546151663799275
11264,19.850931511817144
11361,48.48551744925711
11362,50.43513734973482
11363,51.76157341696874
11364,55.75538092434648
11412,10.412905247782849
11413,11.15313366075878
11414,14.961643105544331
11415,18.43632656106752
11416,20.943052267104783
11417,23.12035150207335
11418,25.543512366556257
11419,28.807916753941594
11420,31.106838514294793
11421,43.298162382446215
11422,45.980945567967886
11423,50.8589116858986
11424,8.079162253883485
11425,10.626133327049626
11426,15.90651158263402
11427,19.392083882415807
11428,23.580504089821613
11429,37.44599030055126
11430,40.916142347877894
11431,44.30581799163705
11432,47.46823633740605
11466,12.966040840395994
11467,13.619986504306876
11468,19.52934843476161
11469,20.996884172884158
11470,24.01591911207351
11471,25.50760412910686
11472,28.99788470678704
11473,29.745141950979008
11474,34.027011458299526
11475,37.01183216206386
11476,36.90713204715644
11494,27.218276745328417
11495,29.659530105335723
11496,33.43433579375731
11497,35.92028170435172
11539,27.459280138899356
11540,31.20572525586464
11541,35.98270459036017
11542,37.68607772869571
11543,41.17797944521703
11641,1.7766957624292128
11642,2.096332354952516
11643,3.983809271086583
11644,6.099176108639265
11645,8.936061608332503
11646,10.35088096230543
11647,11.433534403203703
11648,13.471912774297683
11649,14.813420280263568
11650,18.5737440702638
11651,23.361195915955996
11652,25.850820717637383
11757,36.09005034783435
11758,35.744698474952884
11759,37.849781544807406
11760,39.80818666117629
11761,42.368867766170396
11762,46.10293449152415
11763,52.83374249910751
11814,37.83353577836165
11815,40.24084345703509
11816,42.50723665721815
11817,44.12645144849015
11818,47.210237319372276
11819,50.231129770953544
11820,24.934050122631305
11821,33.30596547236058
11822,39.382775850992935
11823,45.47663299536306
11833,4.678826373135368
11834,3.6145463162559452
11835,4.41002436019029
11836,5.832347617039709
11837,9.048215589323013
11838,11.780561179263902
11839,14.413037473625815
11840,16.248751501782273
11841,18.51637696792194
11842,25.814098689653765
11843,29.756550065118272
11844,30.50523003935237
11995,1.2531611595436858
11996,1.244784738771707
11997,3.2684508136069974
11998,4.718608199543747
12009,37.91072758075721
12010,39.93321335281455
12011,44.19123818394014
12012,49.02954686570125
12013,52.540088928317275
12014,54.739791806491084
12015,56.67205690419629
12016,55.488404744137185
12017,57.27362909948446
12018,60.14584598574943
12019,60.97843971404377
12020,62.22458278268492
12032,41.46647150598913
12033,43.82544730598241
12034,45.059377817076424
12035,48.02107588749725
12036,51.337693957485115
12047,26.551301008535994
12048,26.9891831686406
12049,33.39601401933976
12050,41.52351593028379
12051,46.25875861367337
12106,56.24872882267086
12107,58.72736317697322
12108,61.666165227077855
12109,62.55117280244631
12110,64.88585071438652
12111,67.25468342708406
12112,68.25789119431644
12113,71.23347053829005
12114,73.95343528194377
12115,72.8675811045381
12116,34.17646549702188
12117,39.50351952295839
12118,39.427467729765866
12119,43.545871262620196
12120,48.026077918897016
12121,46.38770785107439
12122,50.23540186862927
12123,51.360461987421445
12124,50.91268060676423
12125,51.60468585598578
12126,53.48917473210147
12127,57.553709377663765
12132,53.204264828587135
12133,56.74654935473724
12134,63.3897653329834
12135,59.727344682334625
12186,24.513615905101844
12187,27.216602803595958
12188,31.019929905273802
12189,32.968213184349764
12190,35.470467006203215
12191,37.09023796107222
12192,38.95694271476459
12193,41.21320248500014
12194,40.21278284131541
12195,41.13528613630588
12196,42.465217876264674
12197,41.775508533793776
12210,35.04531258454556
12211,34.25087377211912
12212,37.30323286395965
12213,34.67391422509047
12233,11.177880413918338
12234,14.35073767256534
12235,16.054863674860066
12236,18.673522599569477
12237,26.31997256779656
12238,27.307004910175
12239,28.471219363460783
12240,30.109512818180406
12241,30.660209836585086
12242,31.446579644004412
12243,32.45204304936986
12244,33.548809329418134
12245,43.63013037706181
12246,49.93475021720899
12247,51.18617965526015
12248,54.41773498023308
12249,53.07699376114118
12250,55.87228141177711
12251,57.488444263303826
12252,58.80782671813195
12253,58.166642092895586
12254,59.982061018272226
12255,63.06965330082754
12256,62.26826418287642
12269,44.55932257407831
12270,46.45807637895034
12271,50.265143372939875
12272,53.707491529178206
12273,55.24871566659233
12274,56.62274171015904
12275,56.576986965876074
12276,58.729722593130155
12277,61.62593955687868
12278,62.24048185858343
12279,62.72369326487253
12280,63.976268680000615
12307,13.916433899889379
12308,17.475399635884152
12309,20.631075391693777
12310,24.727522042091515
12311,28.319263098175902
12312,31.545482995752025
12313,33.99926241210125
12314,40.70703991200822
12315,42.09335271244873
12316,42.41087477190573
12317,44.721191833921964
12318,46.37042154105605
12363,16.12765122571208
12364,18.319472075426695
12365,20.299235681548467
12366,22.29057639090793
12367,26.383764757682137
12391,33.55676017533948
12392,39.85031903186199
12393,41.480179078714876
12394,42.66287589839265
12395,44.329129277359684
12396,45.89402196652252
12397,48.129955348980374
12425,41.10414271896734
12426,44.544888565151
12427,45.30925351793673
12428,57.65088558452531
12429,61.66404406685766
12430,63.91339024712685
12431,66.52858156019359
12432,67.83687871047222
12441,23.073483424635523
12442,23.819544157385938
12443,25.975576884064793
12444,27.726614808745598
12445,30.829507935084955
12446,32.78239496038334
12447,36.40808126553818
12448,38.509596162861484
12449,42.87230767771807
12450,43.988687892971896
12451,48.56046327751824
12452,56.261651412529645
12514,7.601873505669853
12515,10.202029523435826
12516,10.853874397664885
12517,12.353921918638507
12518,13.738427369728731
12519,48.258294098672806
12520,50.7882492224747
12521,52.241370126722224
12522,52.79228039082576
12523,55.64438292452088
12524,56.96527923643534
12525,61.37452992460709
12526,62.86503980803516
12527,62.13145689276288
12528,63.97568318732151
12667,31.621337272576874
12668,36.329482780621845
12669,39.23576647154799
12670,42.90486263683763
12671,46.79951273032387
12672,50.498729536430766
12673,52.731614233326205
12674,54.77587423778759
12675,57.30259785062257
12676,60.4581909905916
12677,58.737802131065436
12678,62.583118331203096
12711,33.01085075794102
12712,35.07305787260289
12713,36.653213017009634
12714,44.03095329458592
12715,47.6407190028664
12716,36.01899221421315
12717,37.22834662558512
12718,39.02218085882568
12719,39.72189143729331
12720,43.3772356099545
12721,46.00369614386665
12722,48.590212945395876
12723,53.744794722295204
12724,54.30946745620319
12725,55.21163217128223
12726,56.61727747679222
12727,58.67339000543566
12733,12.633246226019011
12734,14.150627879905466
12735,16.49910405968721
12736,18.224336287179817
12737,21.48568179676321
12738,24.728075636903338
12739,27.30152866545307
12740,31.552962975520064
12741,33.597997570177846
12754,29.04993574460355
12755,27.99223085790448
12756,29.07228409299057
12757,31.257037503207197
12777,2.2356259943487795
12778,5.16192571841581
12779,7.918446022370946
12780,9.823346977529491
12781,13.4751044181721
12782,14.38232748948819
12783,17.196353138870613
12784,19.273749663954156
12785,21.77832697602483
12786,24.018643625544353
12800,37.182384045906744
12801,37.93104412183096
12802,40.36531454306785
12803,44.40620324987711
12804,48.832356210947054
12805,50.66147286895389
12806,51.52915875579058
12807,52.35815872885443
12808,54.74429847664965
12809,57.01618658522979
12826,14.902859012427815
12827,13.836227724640036
12828,17.9314906782719
12829,18.067182062818908
12853,6.891981432559648
12854,13.205076810266329
12855,18.34813662233997
12856,22.185548475570176
12857,23.501053884694393
12858,44.06681197714132
12859,46.951210356677265
12860,50.759717956093496
12861,52.5842172125957
12862,54.35060739199041
12863,55.22995150422793
12864,57.301555369808554
12865,56.7048897325531
12866,59.430241256840404
12867,61.69145090523896
12868,63.66260072861968
12875,21.563341062311796
12876,24.849118628754255
12877,27.849627305350452
12878,36.218778044096105
12879,41.52627353208891
12880,44.208855194721686
12881,46.53778910951076
12882,50.65834939164875
12883,53.5123935058956
12884,59.886398303789555
12916,24.421395860102805
12917,25.42304033463676
12918,28.149033001448554
12919,33.95801940849765
12920,36.52461723377859
12933,12.498921674423482
12934,14.301789418536226
12935,16.822868737668227
12936,22.87849314779636
12937,26.0032249429446
12938,29.259003246535634
12939,30.47980893259239
12940,30.235576709396344
12941,31.870800411014727
12942,33.36216171874216
12943,34.18239042255892
13020,28.503842528718355
13021,31.24340896371617
13022,36.24844004420818
13023,40.89012729031149
13024,47.203053527201504
13025,49.845759002931764
13026,51.8838401686094
13027,54.22306231107693
13028,54.102977335362176
13029,54.52767760356452
13030,56.72899769221908
13031,53.87711657218182
13032,58.42093258724113
13033,61.598786925809975
13034,68.66060517391955
13039,13.804227779231391
13040,16.274054231278132
13041,22.787434049112214
13042,25.521494800875438
13043,25.902635456366557
13044,22.50254891630373
13065,10.423740189889651
13066,15.419967335937503
13067,18.67791574386872
13068,20.049882149984484
13069,21.12900984074414
13070,22.266741077261447
13071,25.88628234986548
13072,27.230908746447728
13073,31.264330689299516
13074,32.63019555261315
13075,34.25382055872945
13076,35.95516909650583
13077,7.719435636746574
13078,12.67835308370966
13079,16.531868683127616
13080,23.107557991886104
13081,26.522770434075095
13134,10.751702349636838
13135,16.429495338813783
13136,20.484148263713646
13137,25.15760048649613
13162,21.585744786336203
13163,21.917714623929868
13164,25.769764817828776
13165,28.397720750978785
13166,31.418460854960454
13167,38.07125693138929
13168,43.58339446698041
13169,48.23093951489581
13170,45.9953440656886
13171,48.05364374509369
13172,51.521383994078384
13173,55.39596433712272
13195,37.1625193683098
13196,38.74693907889753
13197,41.298693475772914
13198,38.77777949191484
13199,40.63212422782535
13200,42.69952532141341
13201,43.26213786270107
13202,44.166712882905244
13203,46.27477750763389
13204,47.67420406716415
13205,48.41779227292109
13206,50.21417983064178
13219,17.53064964572679
13220,20.877089342417477
13221,22.952645026190016
13222,25.545040599582663
13223,30.12576308460846
13224,35.46226606910743
13225,44.25155490299204
13226,50.23567317099338
13227,56.79079331099249
13252,21.118420312584387
13253,21.758452988888337
13254,22.93367482714848
13255,22.839196501276724
13256,30.45213644869974
13257,33.983669057127926
13258,38.68092491572205
13259,51.91330721558488
13260,54.87114274770429
13261,58.62197597779948
13262,61.18310118434971
13263,61.93172384452521
13294,31.78945552315808
13295,34.95586838191718
13296,36.89029678927788
13297,40.21327777341581
13298,41.03469858211522
13299,42.659446135093084
13300,44.36317671927142
13301,47.33316866711691
13302,46.450030563206816
13303,49.00040967663624
13304,50.79461776180326
13305,53.04860852015595
13332,43.39574888555272
13333,44.32724279182535
13334,45.839536988980996
13335,47.83602588510575
13336,51.11617450888502
13337,53.80599720803225
13338,53.0956906271186
13339,54.24292276091044
13340,55.02528871219899
13341,56.4393576701054
13342,58.8795350873241
13343,59.39537642351379
13344,1.4287508399256932
13345,2.7437147145460328
13346,5.296131453313066
13347,9.833006536214121
13348,14.26795208256625
13349,18.257344152293836
13507,13.961210567476618
13508,18.491191259119457
13509,22.529588591206043
13510,26.25448660842465
13564,52.39583234551178
13565,54.33591819918094
13566,55.26709631649718
13567,53.92712763591002
13568,57.7811106930573
13569,59.502599493491324
13570,58.74523719138087
13571,60.95107858021269
13572,64.26001237484692
13573,66.17262967632887
13574,67.72358137402499
13575,68.1593996957512
13674,8.752301269189845
13675,10.130601274835428
13676,12.98542641738182
13677,14.490405229416137
13720,11.08107946275077
13721,11.385553320280412
13722,14.3091773348658
13723,15.279035291806764
13724,16.76817358136985
13725,20.170487472833152
13726,28.83577685240261
13727,35.55687379702016
13728,42.928935058750355
13729,32.26523026132084
13730,32.72048761581614
13731,36.92067637488147
13732,43.35935762352623
13750,32.60059455479205
13751,37.679515407434565
13752,42.50698585371875
13753,44.50834344174951
13754,47.69125365122113
13755,51.0346499239911
13756,54.04002801534735
13757,52.110580235212936
13758,54.70137440041583
13759,56.69588270297727
13760,60.956855164790554
13761,60.82325943356197
13867,23.68171973417669
13868,24.862446771204255
13869,31.314256789602656
13870,36.72852702400344
13871,38.29772864365988
13872,41.02459062671196
13873,45.849487696392906
13874,47.74515369411653
13875,48.51211609045322
13876,50.99603124148693
13877,54.69218218332735
13878,57.755183652590425
13896,35.06321840348964
13897,38.4427944327429
13898,42.74856097362347
13899,46.381195923798664
13918,34.662094372058746
13919,36.66190599143309
13920,42.81658626055456
13921,45.80544119850834
13922,46.218028121227704
13923,48.71298163240558
13924,47.876556042276036
13925,48.16369746770473
13926,49.37734586553448
13927,53.50633988306811
13928,58.63617154363599
13929,60.5466606699621
13946,13.73380572687582
13947,17.787062021697363
13948,21.47147136556638
13949,21.5063759704988
13950,20.18940089734017
13951,25.05424041692286
13952,28.19387884358091
14097,14.55298018897533
14098,19.729983416200003
14099,27.14773617279949
14100,31.248462698585605
14219,23.319639371472725
14220,26.007455190570614
14221,28.90112485235852
14222,31.724948777743997
14325,50.27341037573258
14326,51.04988586309303
14327,54.2496128457797
14328,55.47518870821947
14329,57.39343896350097
14330,57.61141060395086
14331,59.361774271515046
14332,60.572246736040924
14333,61.80424947350857
14384,10.403616196388764
14385,11.557268472662438
14386,17.749852591369198
14387,21.00754630570115
14388,22.90712236723242
14389,25.084798625057626
14390,27.27695835161358
14391,29.301258392629585
14392,31.273986876119938
14393,34.08448634376223
14394,37.899912904207405
14395,41.347311581388546
14396,32.536556732079966
14397,43.54521306577395
14398,49.405245892444185
14399,57.33502183700508
14400,5.991393431247531
14401,8.300610461186954
14402,10.15158408921825
14403,14.107238884892743
14404,14.652115155152128
14405,17.871815477709806
14406,20.608365855299986
14407,25.143572479255944
14408,30.33267695269784
14409,34.61911149266662
14410,36.14426463859796
14468,21.211451775382663
14469,25.41233705217824
14470,32.11727312122265
14471,33.788003866543036
14472,34.51175786483098
14473,35.70143701479912
14474,37.61618389549294
14475,41.30373197371033
14476,43.233180175121966
14477,44.904869174981584
14478,46.28049078007084
14479,47.62939760437091
14498,0.7954847803974372
14499,0.6392894754517046
14500,0.799676739105833
14501,3.2253239411366765
14502,4.372023922510585
14503,7.768945255653016
14504,8.647879076125395
14505,11.148510833316688
14506,12.251931997730804
14507,14.30845709439419
14508,17.39199645157176
14509,16.903413423025604
14510,11.97857342039121
14511,13.707839299981748
14512,15.98348032596526
14513,17.980440900549915
14514,19.976594473352158
14515,21.4714308448831
14516,23.652715782905076
14517,25.34382672878967
14518,27.20166198601554
14519,28.91223164567294
14520,28.82437432091273
14521,30.319469773703197
14535,6.852304133639903
14536,12.847091604278
14537,17.328646976666015
14538,22.33983071354637
14539,26.282812329361235
14540,27.33864419037541
14541,31.610983126098283
14542,34.47536819323328
14543,38.06939897042283
14544,39.70070380752223
14545,41.236331596124074
14546,41.05612928556283
14547,23.529435565643993
14548,29.671760677281043
14549,32.257804270205504
14550,33.871576096508974
14551,37.33816654790386
14552,41.81177292711884
14553,47.735813869603746
14554,52.57375471903309
14555,55.604540104241096
14556,58.83770430797195
14557,60.32968838577843
14558,63.80786635241051
14563,54.04074013483323
14564,53.91865067088736
14565,57.371651146330905
14566,60.33735421836845
14567,61.29892315944666
14568,65.41047717561617
14591,17.688427254664596
14592,23.41703516715652
14593,30.7679032312845
14594,45.22145684929128
14602,41.137764294481215
14603,44.57307166848519
14604,47.825957215287424
14605,50.99936781952725
14639,10.690810279638256
14640,14.36445215499771
14641,16.69114851090573
14642,22.066720623307198
14663,12.993422326674127
14664,14.02777798200207
14665,19.288569096776293
14666,21.66292497179519
14667,25.00378304086478
14668,24.431394918716496
14669,33.679904102827
14670,34.9625453568527
14671,39.7002595864552
14672,39.444671836830494
14673,40.826297289875
14674,42.73337327988138
14675,56.69118490000598
14676,59.542302123399395
14677,60.22087345992388
14678,57.72447621811004
14679,63.451307908061196
14680,65.92921802668613
14681,64.27036545471542
14682,64.70258708521986
14694,37.09037549765261
14695,38.92055269749112
14696,41.05680367836557
14697,43.11203632957251
14794,22.911702512201522
14795,25.16759131508459
14796,30.852579329533068
14797,35.329983787441435
14831,3.4428742721458176
14832,4.010939119031115
14833,4.8421815733545825
14834,8.388929048868626
14835,14.894308380609724
14836,17.810568741035055
14837,22.621149033341517
14838,28.847431786652372
14839,31.65504963930666
14861,39.283941835416115
14862,39.867593641153974
14863,41.27031233999615
14864,36.09707549464029
14865,37.91782808387616
14866,40.32541883013601
14867,42.65094010121106
14868,43.76955306304252
14869,47.28533493631963
14870,48.45147921315006
14871,52.30270712049736
14872,50.821708550478775
14873,36.99660169805388
14874,41.056604338930526
14875,44.59224433183491
14876,48.049788023782796
14877,8.158478204366455
14878,10.57330142701342
14879,12.397159930963834
14880,13.585497665650683
14881,15.982526921321877
14882,19.403576735418657
14977,4.15384925037632
14978,4.079129894323867
14979,5.505375233939489
14980,9.356274626779014
14981,11.401970184900707
14982,12.759169458974123
14983,15.125804144725333
14984,16.400132330248038
14985,20.48758468308838
14986,23.627022843035043
14987,26.28866934347218
14988,28.223798554250983
15001,39.729778947330075
15002,42.95158033786091
15003,47.726126206768285
15004,50.72951585317844
15005,53.040779404293254
15006,52.42637550440926
15007,54.08746557947313
15008,57.27295021195039
15009,58.082440493991086
15010,61.23862440928095
15011,31.69584624325133
15012,35.72404259073311
15013,37.412328842032615
15014,43.2243543120233
15015,46.57867931561464
15016,47.15059552088953
15017,50.29428685883285
15018,54.36460890947277
15019,55.72884675634651
15020,55.43739265386618
15021,57.7448981529349
15022,59.43788238585453
15039,24.47875206268521
15040,28.310799330507177
15041,31.538471984890077
15042,33.04533255868098
15043,34.40305487513456
15044,39.48552027471174
15045,41.532292152563635
15120,57.17221182075601
15121,58.88208908977968
15122,60.67834995732468
15123,62.019766085005685
15136,32.90959169090047
15137,38.56437631732081
15138,40.154984501596275
15139,42.02127838456711
15140,40.20115527979782
15141,42.48723019233976
15186,9.920539432524118
15187,10.823183100616983
15188,13.733742628643327
15189,16.821763659326386
15190,19.285499646173786
15191,21.83535292578003
15192,23.105266130077254
15193,26.38646108132652
15194,29.589710158069032
15216,32.23120838301991
15217,38.52617641416096
15218,46.47407298707664
15219,50.5595626335071
15220,34.87186933747805
15221,37.78512002047743
15222,42.27438145546023
15223,44.94728211251466
15224,47.18828885798891
15225,42.69488179601782
15226,43.830278453512086
15227,44.9664610304353
15228,42.60588164404324
15229,43.49738850551287
15230,45.895340934788464
15231,48.123596000668265
15232,21.74329793451715
15233,25.49934497184031
15234,30.59187999469703
15235,33.66304848118265
15236,36.157648272134004
15237,38.43783325098606
15238,41.7280565328652
15239,45.47933405740543
15240,47.91948112052612
15241,51.98623408434737
15242,54.16930544207089
15243,56.05911399259965
15260,25.778353101556007
15261,27.882346679820483
15262,31.90456144805604
15263,35.52649655178028
15264,39.128564537233885
15265,44.07098146040077
15266,46.094213732831676
15267,46.045749998174344
15268,47.56837538673376
15269,50.08590087727522
15270,50.68878503379777
15271,52.88123385228041
15281,17.47209011719711
15282,19.437117403180633
15283,22.3132410182613
15284,25.50729747594682
15285,24.982781163598958
15286,29.850546631383487
15287,31.542374579783694
15288,35.18316118767916
15289,36.78740540635387
15290,37.899026478494434
15291,37.36444427610527
15292,38.384478916924294
15574,32.7205579643218
15575,35.32175476424662
15576,39.70996758899581
15577,41.444536448131664
15578,38.819220583914976
15579,41.31053210236449
15580,44.97625668988191
15581,44.79824077583902
15582,47.99852155285924
15583,47.428619108191285
15584,48.619589200105416
15585,49.63892814657487
15606,22.742561600004784
15607,25.826121456367776
15608,28.911301488644575
15609,36.60419016247349
15654,9.684160923314753
15655,11.713155221012034
15656,13.629650978228309
15657,14.77876559031398
15711,42.82561220766237
15712,43.9137055178747
15713,46.43577117935652
15714,45.21085364344155
15715,46.32874666188986
15716,49.662021497323366
15717,50.38159447359202
15718,49.02436535803364
15719,49.97003572718846
15720,51.29187991633834
15721,14.43651338243057
15722,18.1958525610007
15723,21.111144103226486
15724,25.30182324321824
15725,35.471076282733144
15726,71.52511308722599
15727,77.36394986579027
15728,80.18796967625724
15729,80.57905058044294
15730,80.32412524137393
15731,82.28440326177738
15732,81.29343939394353
15733,81.69836930988289
15734,82.81754502128399
15735,84.33670728066681
15736,84.70227299085295
15737,85.40295761240444
15762,30.948555007463835
15763,35.90918982660071
15764,36.44508435038962
15765,38.365915941061786
15766,39.76430823455484
15767,42.41688957043578
15768,43.138020659369126
15769,45.76165179888257
15791,33.432772447930866
15792,37.126497800270855
15793,41.32862394104488
15794,44.345861143942145
15795,46.88422999395991
15796,49.115027775482616
15797,51.99814219497267
15798,53.0952992030612
15799,54.315956178300574
15800,54.58931625193662
15801,57.871281808627145
15802,58.026971238158616
15815,19.00710545502463
15816,20.507063144658197
15817,23.292202757898103
15818,24.67573460572114
15819,28.737164715811595
15820,30.139764799144007
15821,31.460805349683802
15822,33.921530516556075
15823,36.995671158009735
15824,38.9532669614315
15825,40.92665443845851
15826,40.42545588655821
15882,1.0142344579595655
15883,5.603396313644694
15884,10.750813145289746
15885,14.711214242071929
15943,44.194456569658165
15944,44.04044858261529
15945,45.9837946293345
15946,47.378089083869284
15947,53.245607714379176
15948,0.8959291596448715
15949,0.8116656611012727
15950,3.4418322456002484
15951,6.335819561027511
15952,8.775738740198204
15953,11.9776138479456
15954,12.354630697320932
15955,13.310033140507485
15956,14.94924806560437
15957,15.43157070967651
15958,18.639847164107522
15959,19.46630537403947
15960,32.62954560241068
15961,34.655135588405784
15962,34.984969590945596
15963,34.927551433871606
15964,37.94370387388997
15965,39.837901786571386
15966,41.1342403273067
15967,44.69972170047464
15968,46.55740983332298
15969,50.11253301941066
15970,52.50489599138625
15971,1.6039981492152102
15972,1.465833001517219
15973,4.202105856050318
15974,8.325157104015256
15975,10.5700834089553
15976,14.666507325599344
15977,16.247365598208734
15978,18.723524325104318
15979,21.69387798468833
15980,23.04298758441999
15981,23.994209137920794
15982,25.532109416707215
16004,27.96338464965562
16005,30.32086473592159
16006,33.02334139645042
16007,35.276040246680466
16008,37.61694785586009
16009,38.182318460708906
16010,38.852648775568404
16011,44.188883750535275
16012,46.701510518838155
16013,48.37286690113658
16018,11.91898776178677
16019,16.848192233914496
16020,21.649324026457936
16021,25.379519686192918
16061,60.327320338815525
16062,61.483178395814875
16063,66.50467294746863
16064,67.14729735939383
16065,70.47476165464042
16066,71.05683372326192
16067,70.46977309419154
16068,72.67208030264219
16069,72.46955977862949
16070,72.69231289762824
16071,72.67973551842742
16072,75.26325408754091
16073,9.547106489628183
16074,8.976027849708395
16075,9.6848983989366
16076,9.035104936175363
16133,6.09221689258613
16134,5.711108190540125
16135,7.715039963083788
16136,10.575422280586272
16137,14.036957174965512
16150,39.15997709730628
16151,41.70454934766498
16152,42.59045196489948
16153,44.90109929092996
16154,47.799853916303796
16155,48.498986826033914
16156,52.973353150684105
16157,56.45545256564533
16158,58.37310349852339
16159,61.301489182616685
16222,30.125308979885755
16223,32.72902653311862
16224,36.62248074366926
16225,39.85822870963941
16234,32.75724024866565
16235,34.82833528911446
16236,38.92798494220429
16237,41.87926199923028
16238,48.148775863138326
16239,49.231573792516436
16240,51.69083046736701
16246,23.79288391740821
16247,28.908994298636436
16248,31.993544875024696
16249,36.276357977133536
16250,40.742167242302145
16271,45.22387031483257
16272,46.765137719730355
16273,49.60613862506538
16274,53.47933167467551
16275,57.18696556976344
16276,55.308576948478574
16277,59.74485860022579
16278,60.844617643895575
16279,64.96928263635957
16280,63.76912308353691
16281,66.51081367071939
16282,66.60035914556914
16354,33.54359590907114
16355,39.60022734161077
16356,42.12111500759294
16357,45.38336001699841
16358,46.38482596867779
16359,49.87138076524771
16360,16.69706406666957
16361,18.105485029080995
16362,20.170917339061862
16363,20.953334441484287
16364,22.942208170157052
16365,24.811118226838737
16366,28.647666285211393
16383,18.65533602004043
16384,22.757453589748476
16385,26.25998375840759
16386,29.361937388836452
16387,31.524907819230986
16388,32.12553882833871
16389,33.957809707151185
16390,36.99924619383675
16391,37.52799109363249
16392,41.17348254080142
16393,45.72571327358602
16394,50.45732915726787
16395,54.54725935239999
16396,56.73332771362815
16397,59.014543299859895
16398,59.629401659099074
16399,62.288683783231434
16484,17.531867608278628
16485,16.603662123389515
16486,17.10771837886528
16487,17.67348821886023
16488,19.719348313356818
16489,22.538391870748928
16490,27.108231244167506
16503,0.5030613387618565
16504,0.8705090161162466
16505,1.9983275805400147
16506,2.8286117178534362
16521,13.427924864720802
16522,15.477097887293649
16523,17.280636479746708
16524,17.52045827989922
16525,19.796541773823996
16526,20.409777324215057
16527,22.60700080488818
16528,25.005719876074004
16529,30.404275484761285
16530,30.870872075264213
16531,32.66866084379761
16532,33.57970912646819
16538,23.32616038779658
16539,26.275495157039035
16540,32.04370295357967
16541,35.23931020621504
16542,40.03170933364791
16543,41.4819089894872
16584,1.5995591638257005
16585,1.4675917005641799
16586,1.387322608539397
16587,1.9892353786326944
16588,6.136797717945515
16589,10.09005192150927
16590,12.956556476577934
16591,17.35615243935762
16592,21.597810893482993
16630,28.06856397919504
16631,31.156705830238604
16632,31.918518125725804
16633,32.582245016046656
16634,34.71950858744736
16635,39.014206702161054
16636,41.09110182498985
16637,45.437600214330175
16638,45.27718542371852
16639,48.08026813854288
16640,50.33034125817388
16641,51.24682241150553
16676,37.76736074398001
16677,43.328180375791725
16678,46.25588510315708
16679,49.15664925266966
16680,55.55089349619368
16681,57.50508507528531
16682,59.00944954266546
16683,59.92316884012231
16684,62.56997610597567
16685,62.223636107320985
16686,66.05051582031044
16687,67.6612390564218
16712,46.5930393935176
16713,48.239952364989264
16714,50.30767217238009
16715,52.402795881565666
16716,53.75062439039773
16717,55.57668880916714
16718,55.838663880236126
16719,57.54375237256046
16720,59.5852503479863
16721,59.984758614283635
16722,62.929684256560506
16723,64.85888542364202
16743,52.199733395249474
16744,48.03566177940089
16745,49.746690924443854
16746,49.307066129554144
16839,13.005040336346337
16840,14.75152352453505
16841,18.070596598390292
16842,20.062523757226018
16843,21.46886623914067
16844,24.281939277882806
16845,28.612412177138385
16846,32.67735207613837
16847,36.07052162444511
16848,38.44453947651372
16849,41.61871104156539
16850,43.95344721748332
16855,37.12041823044385
16856,39.84036720786531
16857,40.84201958152558
16858,42.68453336218896
16859,48.99818827884307
16860,50.62486052844595
16861,53.271839511939426
16862,53.43659527968921
16863,57.00755027723562
16864,60.72176345758235
16865,61.04566055099544
16880,41.44816276338343
16881,42.37956928667747
16882,43.99781667725871
16883,45.8274033109807
16884,47.369076304933174
16885,47.28045068216794
17000,20.449012913601226
17001,23.639655752993818
17002,24.57360292686321
17003,28.033045403206632
17004,30.637381787220637
17005,32.96160090169242
17006,40.26291963717728
17007,44.793347572906825
17008,46.43719776665781
17009,49.083400177412734
17010,51.37612143796855
17011,55.01547029104664
17072,41.15617417477675
17073,46.86740705890793
17074,54.31440454468783
17075,60.142104319750445
17076,44.358669596703066
17077,45.422641139381746
17078,44.121852071606625
17079,45.47760103308662
17162,13.425099143900644
17163,19.426925841511398
17164,23.501786854557963
17165,26.42904809660397
17166,27.623617515363144
17167,34.29911942819551
17168,37.271182867825566
17169,42.287392735401305
17236,8.263898060523896
17237,9.17519251220942
17238,11.45273787359379
17239,14.024423017922043
17240,17.5755891678483
17241,20.840929163010916
17242,22.709640625537467
17243,26.24446469043278
17244,23.1348858851289
17245,24.634693849322208
17246,26.92606999306661
17247,27.606903141613003
17248,30.177479944594598
17249,33.614584980239364
17250,34.928181708078995
17251,37.588435969534956
17252,39.44435265917476
17253,42.36954393646657
17258,37.62521723487464
17259,43.23583103052621
17260,47.34517269499591
17261,50.81000080004119
17262,58.29166764392072
17300,23.88729171498942
17301,26.429444725159954
17302,32.10955698003014
17303,32.50276105159134
17304,33.371768087386855
17305,34.75185290786982
17306,36.70288923614105
17307,39.184402032066444
17308,42.14815599997675
17309,47.04740352010649
17310,48.60048913195882
17311,50.745260690963185
17324,21.981817336625504
17325,23.654300756843988
17326,25.880669915472833
17327,29.56556901094003
17328,31.366167028911498
17329,34.076120795795624
17330,36.24070153323991
17331,37.731555628185525
17332,42.39990999194958
17333,44.6733531192103
17334,47.12703895649327
17355,6.7289752984516955
17356,13.458257034916874
17357,16.038280510207247
17358,18.619379070158992
17359,20.42622608526514
17360,22.91478513362618
17361,26.53694417056213
17362,28.299537401258476
17363,29.20331507289701
17364,28.639535791039954
17365,29.941459179457752
17366,30.931851759703495
17371,7.7146680938021674
17372,12.81301540328862
17373,18.37338924466221
17374,21.433284445666775
17541,19.057686263917372
17542,23.395745602444897
17543,29.29963527617101
17544,33.78084855608876
17545,36.65446769026782
17546,38.56255551633541
17547,38.298498770927424
17548,41.34767759263805
17549,43.62912348956364
17550,45.533631158051335
17551,47.682163685080454
17552,48.01286034602102
17557,19.7592158898583
17558,22.248885275967144
17559,25.333285068507156
17560,29.77893017958423
17561,34.58489984281237
17562,36.96829789462009
17563,38.10944396441115
17564,41.69912463156193
17565,44.29387723012362
17566,42.75248935061587
17567,43.49050900613026
17568,44.32710097436817
17653,6.14563758987096
17654,9.533004368283652
17655,10.904173014216486
17656,13.89063219117582
17657,18.024612977320103
17658,21.377312560836437
17659,23.009547112116184
17660,25.498859317745197
17661,28.325605806676244
17662,31.525383545836217
17663,36.02519291584504
17664,41.72747020035969
17681,29.270478085950213
17682,32.63210392685115
17683,35.1811260029148
17684,37.23484386938593
17685,38.62333852265657
17722,11.904344879552976
17723,16.334095926878813
17724,20.59252394884685
17725,23.555179617853884
17726,25.674813081802046
17727,28.199761459136244
17728,32.98575074256831
17729,34.69157780537875
17730,36.892722033873575
17731,39.539963192256465
17732,38.39759413182838
17733,40.85618154674063
17765,4.108799041997365
17766,4.9359680910454555
17767,11.609221892160765
17768,13.713612399038658
17769,18.555856776412735
17770,20.5341315160641
17771,23.38868148604959
17772,26.162325785901505
17773,29.043461395687977
17774,30.129463465044147
17775,33.39460807396499
17776,35.79589358144503
17797,27.935484319471307
17798,31.800287420770708
17799,36.59223499857845
17800,38.80522098850641
17847,27.311503875478838
17848,28.953374846313956
17849,31.391465229834722
17850,32.98646776259098
17851,38.09377854608279
17852,42.503357816547535
17853,46.38138753009787
17854,52.680433640137416
17855,61.308949639028945
17882,25.67866513369712
17883,27.110764628193174
17884,30.000581806978175
17885,34.9879272074369
17886,40.938074950566985
17936,8.759337127347505
17937,13.492118161171401
17938,18.638122895100576
17939,22.54049930047432
17940,26.233964654207988
17951,32.185159184487375
17952,38.941590225514254
17953,41.57958839073344
17954,43.83906526325355
17955,45.143169482589244
17956,46.57733454135289
17957,48.65054403853117
17958,50.076849509966735
17959,49.22871928660196
17960,49.51110786901395
17961,49.042434882154076
17987,28.195386597811915
17988,33.647289468296194
17989,34.963189851568764
17990,38.9334159999397
17991,43.7522602643413
17997,33.54723919213028
17998,36.79963959179332
17999,39.85496507815212
18000,43.924195647518104
18001,44.95525548056313
18002,48.157939516145504
18003,47.87860620648
18004,52.797129192210036
18005,55.02238305537541
18006,58.231399997095856
18007,57.33520354771307
18008,60.27608861499929
18096,20.611770028932835
18097,23.88823468974471
18098,26.697473353113843
18099,28.770450117384502
18100,31.621290589446705
18101,32.35959645391358
18102,2.622880207037015
18103,3.4134010213001402
18104,4.927890073513508
18105,6.719988935475543
18106,8.13059809340192
18107,11.37360563647365
18108,13.086779746022955
18109,15.324272906795741
18110,17.52619705878106
18111,19.265214304158334
18112,25.56640175828814
18113,27.194865314961284
18124,14.515801974075677
18125,18.977137601596336
18126,20.829582850084698
18127,22.791101543644963
18128,24.146120781537228
18129,28.161606795902323
18130,30.28977888825682
18131,35.83635094621833
18132,39.02717374552664
18133,41.62980809639659
18134,43.797234517943274
18135,47.565878313223976
18184,3.7775921286549545
18185,3.7360570568619957
18186,3.8183675421605203
18187,5.482521504435832
18188,7.033479075795038
18189,12.544132120063132
18190,15.590507861371204
18191,22.52150708973347
18192,25.669751515855957
18193,28.479919157197052
18194,29.801493792504566
18195,31.888323390649028
18221,31.72721014707751
18222,34.78995506358926
18223,39.13510261125077
18224,45.06539104068972
18321,15.43402192984341
18322,18.924790916709195
18323,25.7261207544992
18324,28.371752522370606
18325,29.93038371441346
18326,28.472534027825038
18327,31.169506097346392
18328,33.344427664611786
18329,33.87333488787784
18330,35.196309553492455
18331,38.30941527090295
18332,38.10798001233893
18391,34.11066549332948
18392,33.87299940386971
18393,35.999747524077755
18394,36.72682283619187
18395,38.42838526189843
18396,40.952839664956365
18397,23.86197838060275
18398,24.315381186398845
18399,24.855049880186897
18400,28.17392737064322
18401,29.80994361426546
18402,32.162382009104775
18403,37.965829314307435
18404,43.91353314906321
18405,45.86930892228903
18406,49.790988651221014
18407,51.82721188870816
18408,50.49187949831471
18479,0.9273395474310501
18480,2.3835716098240356
18481,5.490855952851723
18482,6.685633087647861
18483,7.994704563243067
18484,12.393461323238881
18485,14.938197748523368
18486,18.05164158521296
18487,19.191273932500213
18488,21.64766572590783
18489,24.64122349504774
18490,27.86050367435688
18566,12.890675722284916
18567,17.597381775292156
18568,20.40395404838909
18569,23.164784663609698
18570,32.36354693776671
18571,34.711370397952905
18572,35.30198240501168
18573,37.24290774402217
18574,38.855310012136435
18575,41.48835172065702
18576,42.92968928402264
18577,45.531093954884106
18578,48.914756231243615
18579,51.2845171561342
18580,54.47957153941468
18581,55.3598401225982
18653,33.754607421923545
18654,41.46431510598527
18655,43.175038430258994
18656,53.23673882184282
18657,54.39661643300717
18658,57.785791436644516
18659,59.86290500890101
18660,64.46733096931912
18661,64.62209773855975
18662,65.36433853451919
18663,65.59967600067895
18664,66.68117020363209
18665,26.00114713589601
18666,27.696626007921843
18667,30.5058648503003
18668,32.59412741358307
18669,8.867071295630078
18670,10.32307483518714
18671,12.63161977850948
18672,15.236673985083687
18673,16.839854594315668
18674,17.617352628093897
18757,24.353157204262466
18758,29.749372778792385
18759,33.07222370698509
18760,37.24939193944918
18761,39.757718168913264
18780,16.472401293339324
18781,20.007239937546295
18782,23.16697709728888
18783,27.28515594141363
18816,16.73069861322424
18817,22.130580767430025
18818,26.26746679209382
18819,29.507889276114224
18841,37.06959623102205
18842,37.2789862230235
18843,40.97777896437448
18844,41.72034321245233
18845,45.29929950235736
18846,47.563412255162284
18873,31.87902556288595
18874,44.30152438526635
18875,46.09347246615592
18876,52.051447090037584
18947,29.01563904629496
18948,30.76289347219096
18949,30.378169270230508
18950,31.87685171619274
18951,32.3707600850888
18952,33.50927095722808
18953,37.11435393178891
18954,37.332948052875295
18955,39.88883404620164
18956,41.15974121991402
18957,43.50548108131961
18958,45.29487231884508
18979,36.94996060898996
18980,41.34083040036228
18981,43.99003149277055
18982,45.56234685089055
18983,40.82203306030048
18984,43.34338197277016
18985,45.29499767245831
18986,46.35005611266337
18987,49.67391956126415
18988,50.81575159215888
18989,53.72439379134215
18990,53.39466863923358
18991,17.41927512827253
18992,21.474806232732625
18993,24.9183661878502
18994,27.160826431449482
18995,27.540520989399774
18996,28.560567229131415
18997,30.02373263128863
18998,32.644602562019756
18999,35.3975087218205
19000,38.48884861839155
19001,39.9344401480527
19002,42.67592287526201
19003,47.76651942810572
19004,48.70877572871408
19005,50.48804332469696
19006,54.48772863907133
19007,55.143536689922904
19008,58.936415311659914
19105,3.8697390259176503
19106,4.254249070260935
19107,6.629036359374922
19108,9.687657602971125
19109,11.691652795912264
19110,17.624380174628747
19111,19.39515431072981
19112,22.55422601337448
19113,24.817630058576253
19114,27.47628547202125
19115,29.313227982229677
19116,28.938068775786245
19259,49.38307585239938
19260,51.11062973638177
19261,51.611413536595364
19262,53.104954577726474
19263,54.83530463136161
19264,57.33683486676061
19265,61.400480130313255
19266,60.89260032111988
19278,34.302359907173276
19279,35.360495046948984
19280,38.07538087720265
19281,41.432175036185555
19312,22.1634654653312
19313,23.464923070238882
19314,25.885511903966943
19315,29.742123089975973
19350,49.79355465299081
19351,51.85432591131828
19352,53.95012304911124
19353,51.49713561409648
19368,24.68321354323968
19369,28.260445309796825
19370,30.149385298924376
19371,34.34239748888573
19372,37.60583041700178
19373,38.35870813011707
19374,40.52549891111552
19375,41.64301652145348
19376,42.43679380463032
19377,44.14695292273289
19378,44.91770343910339
19379,46.14415980994571
19397,16.48663419948912
19398,17.732593714521173
19399,19.250341807649317
19400,19.21115233393585
19430,17.46864317916725
19431,21.555457474594675
19432,24.42328211612561
19433,28.99150834355142
19434,30.450007673143045
19435,32.40638822583029
19436,31.142905708554316
19437,30.637903286634092
19438,33.81523781960424
19439,34.21106282806487
19440,34.338849925494934
19441,35.45306696274959
19454,16.3401568638022
19455,20.78883390986951
19456,23.05845179710412
19457,25.344579935098643
19458,29.649060681335545
19459,31.403185160169905
19460,35.17193739986518
19461,35.77856180557005
19462,40.06165865760376
19463,40.52485585500345
19501,30.6174716794993
19502,32.72169153136162
19503,39.519214761611494
19504,44.14130650667879
19505,46.650477124376664
19506,48.70163251791645
19507,48.142517935647916
19508,49.20484082537653
19509,51.00496853849303
19510,52.602061795661925
19511,53.7844116152746
19512,55.99618827472126
19566,2.315300972125608
19567,2.836762050186695
19568,5.498019427785421
19569,7.953582483727885
19570,11.635880138327027
19571,14.564932931950361
19572,16.38540034758747
19573,17.619793975669296
19574,20.22264575593994
19575,22.46106679582116
19576,24.450118266730723
19577,28.25859151436657
19590,6.312974445438201
19591,7.777836836023319
19592,9.414139697296253
19593,10.504173541579272
19687,16.326879412442942
19688,19.27490489897512
19689,20.531011785431527
19690,22.82332820274661
19691,25.420038695520294
19692,28.093441362625992
19693,31.569167217939572
19694,35.709380732892654
19695,38.10626089983957
19696,41.90235898719762
19697,44.663700915685766
19698,47.82711098308808
19759,46.42184647282424
19760,46.23968146647584
19761,45.84128429415646
19762,48.28435411894359
19775,50.02160188138787
19776,52.50474139798162
19777,55.11804450014688
19778,56.158855130727645
19914,3.8610821498047314
19915,8.225649517289629
19916,11.315810778637687
19917,15.75743898976946
19926,27.508092562803476
19927,35.10061383256756
19928,39.14458466796787
19929,41.53234926799427
19930,42.82579258291421
19931,44.64982402367544
19932,45.89728389993433
19933,49.638953386280626
19934,53.633487126111085
19935,51.28035230567997
19936,52.47766158933447
19937,51.745800479187054
20000,22.388860037836963
20001,25.78688340052846
20002,33.93956605393208
20003,37.49816275300556
20004,40.180092198342145
20005,43.49314856235317
20006,46.04874802562594
20007,47.61741848609478
20008,48.24486403735151
20009,49.46729988012734
20010,51.09901254446966
20011,54.17314184610065
20012,2.929722335433869
20013,6.398200046293354
20014,9.426287167863576
20015,12.899898166772203
20016,15.739249422075375
20017,17.82176583744188
20018,20.361151325919952
20019,22.473733288544196
20020,27.184867101967903
20021,29.51674542670807
20068,21.85296986335758
20069,27.947149525406115
20070,32.65084386703113
20071,35.43810399490635
20072,36.7090618205999
20073,39.84277716308302
20095,14.64207274915349
20096,17.62354944042473
20097,23.78841651583067
20098,26.864844162254816
20147,46.86516469148721
20148,48.50828637858381
20149,53.617159673486
20150,56.07245706875254
20151,53.51817733564211
20164,22.70863739650182
20165,23.03613330155846
20166,25.018284971039343
20167,23.83142642027145
20168,25.406881904983777
20169,28.31141558276268
20170,30.46611009413316
20171,33.561105811304174
20172,35.58519446748765
20173,36.76239960149479
20174,38.91555756179431
20175,41.897640651619675
20245,7.631612977937349
20246,9.853265464213697
20247,12.721357244742665
20248,14.061230753738062
20249,15.38049758846754
20250,15.665376344122976
20251,16.252299675326412
20252,17.480457734753163
20253,18.696534987786794
20254,20.709544144319203
20255,22.13008913589183
20256,22.71945986543843
20285,19.466710838172556
20286,18.405806049463752
20287,21.632809528221898
20288,24.99844568731624
20289,29.27781657769295
20310,12.6048981518596
20311,13.94304096367469
20312,15.276524469399131
20313,16.92984193473319
20343,4.288144100408546
20344,4.30740840714223
20345,6.221051715563962
20346,7.263535113635814
20437,0.8730222775218358
20438,1.4835166124957018
20439,1.2646565893613977
20440,1.0257896364516437
20441,7.067429179517731
20442,10.7128074123558
20447,0.49787879445852995
20448,0.7618051199468263
20449,2.958471590904735
20450,6.27046446554572
20507,10.283024821471221
20508,9.951366215623512
20509,11.175565830138746
20510,11.75467601882256
20557,30.302248620083994
20558,31.903995992812433
20559,34.10120591671692
20560,32.283502312874745
20561,40.960602513657825
20562,44.087641050032616
20563,48.412231512855804
20611,42.717602084893116
20612,40.300739907674
20613,43.07092485349262
20614,39.37803585163148
20615,41.39587475505332
20616,42.3223530597093
20738,22.021304081213156
20739,22.994511310912905
20740,25.49908277545159
20741,27.818771133845992
20762,23.268435043744795
20763,26.209352090800856
20764,28.20367481113443
20765,29.602275745653735
20766,29.125480909148564
20767,27.96238055474633
20768,31.705926166648027
20769,35.00931040639854
20770,39.1357508233854
20771,41.84879394204291
20772,40.23083248393643
20773,43.193924849282794
20790,50.017710437426324
20791,55.540624520608915
20792,60.280202915779796
20793,63.86088255456665
20888,10.407331437328976
20889,12.90931775435983
20890,17.8953455445237
20891,22.259201085355492
20892,43.571780420351985
20893,49.156817757685005
20894,50.73266451270049
20895,53.68901196057739
20900,14.101027465467675
20901,18.90007038561756
20902,23.447239012218255
20903,26.059319681816305
20904,28.896763233079543
20905,32.46778811891672
20906,36.84251732764035
20907,38.44083109995391
20908,41.534322089893195
20909,41.75037949179255
20953,9.661979895566331
20954,12.795471435657017
20955,17.27611222192973
20956,21.988511046991412
20957,25.66553174567566
20982,29.49284936846617
20983,33.81217746033697
20984,36.608614676805324
20985,39.325699593193754
20990,20.444149602691407
20991,24.098487971328627
20992,25.639868989277392
20993,30.15711933342095
20999,52.83121127189948
21000,51.73916996871418
21001,53.9306221715694
21002,55.55412139166724
21007,20.130455925796173
21008,22.436924625723154
21009,24.481160655905022
21010,28.7517172725318
21047,32.30174012050987
21048,33.63807339223549
21049,34.839437320401046
21050,37.90075189998838
21051,39.61172118022485
21052,40.99328545163687
21053,41.44721328808282
21054,5.813591724426675
21055,7.399658662997115
21056,10.11356784590788
21057,12.330602793702479
21058,15.533261136940757
21059,17.7915559615427
21060,19.804248444099663
21061,20.754681298981772
21089,43.77980253004261
21090,46.25148025490035
21091,49.27970178730067
21092,54.378237330879564
21093,58.11649021556356
21094,60.4736947584772
21095,61.24484038457376
21122,14.624634737919115
21123,18.29682530650022
21124,19.32143371281223
21125,22.11671937599373
21126,20.915634494403893
21127,23.000524228571226
21128,24.495235880210746
21129,27.781284562035314
21130,28.33162025348998
21131,29.450646647093823
21132,30.883853258400357
21133,32.886298132071246
21189,20.769570702035445
21190,23.621469886622485
21191,24.756168548644183
21192,37.36775164032743
21193,38.58691534991553
21194,41.31533390989593
21195,42.3887112548821
21196,45.37570044595503
21197,47.854863707993026
21198,48.75871358599319
21199,48.07351140538051
21200,51.47710479325335
21234,20.73103622655924
21235,23.7048299049796
21236,28.233732218825462
21237,32.72362718981981
21238,35.65945732215508
21239,40.091445587164436
21240,39.328681396193076
21241,43.03964396670223
21242,45.62429156042282
21243,47.87907543271834
21244,51.00702190427068
21245,50.6221268171215
21246,25.790374000785995
21247,25.116490170078258
21248,25.790682931309476
21249,24.972432782755877
21250,24.389659855785556
21251,25.70125640071875
21252,29.04716429740798
21253,30.017769821110626
21254,32.54987548827195
21321,38.912318734906435
21322,39.17049778351354
21323,43.10685243935787
21324,47.167192827659164
21325,52.68589988427823
21326,54.002952341408424
21327,56.56947201347784
21328,57.18281609283598
21329,57.23868973045232
21330,58.77304306119944
21331,58.642106435540256
21332,61.025561981731926
21421,27.88124871278154
21422,27.360561239679733
21423,30.14375604089223
21424,32.684307607357255
21469,21.166501957026604
21470,23.442750686103707
21471,25.242374999173354
21472,28.283817410240328
21473,32.50303315300192
21474,35.51322938132291
21475,37.723890904750746
21476,40.54595983075161
21477,44.10406351265895
21478,46.518413346105035
21491,25.49891242479098
21492,26.61977798692294
21493,30.150522558666996
21494,31.741470905719847
21495,32.75861788621941
21496,36.26702327429224
21497,38.73918025151115
21498,43.391530381156144
21499,48.55395325917461
21500,49.10975829239654
21501,52.780440788332726
21502,55.12294990513591
21553,36.43135613406601
21554,35.43465299855946
21555,41.74256197770605
21556,46.27095223729843
21557,47.113548005125246
21558,51.823128396691175
21559,51.937673913143406
21560,57.52729639269957
21605,58.993000366552984
21606,61.96344037432876
21607,63.97501790906053
21608,62.6781568123939
21609,66.16915923210976
21610,68.28085654801455
21611,69.34480825400439
21686,21.573989860695725
21687,25.778478216274657
21688,27.264421248699012
21689,32.42842151313436
21690,25.88123681435469
21691,36.4819650967046
21692,40.064426852009134
21693,44.78736927342102
21694,49.939249865716285
21695,51.54797312213001
21696,50.43172056236238
21697,53.45137631009929
21698,52.51085743220968
21699,55.711473553232054
21700,56.971805714380594
21701,59.05876153318601
21735,14.837397059620889
21736,17.84052500534427
21737,20.854039936019383
21738,23.66383828912715
21739,26.258280179896342
21740,27.216499102544237
21741,28.910220250940874
21742,29.616552218624044
21743,31.516520897581792
21744,33.37618832954702
21745,34.68771078917253
21746,36.57641680105382
21840,26.192728328272928
21841,27.165551209173195
21842,29.927924728616137
21843,35.03499204091836
21844,39.43537669772223
21845,41.59137599408677
21875,8.472481871865268
21876,10.064664581465783
21877,11.05986079081131
21878,13.893312765537193
21879,15.74028617410092
21880,17.524093113779212
21891,13.8484580534879
21892,22.295899775471092
21893,24.661755624161348
21894,28.45198760233931
21934,28.372238686064065
21935,34.61265246888532
21936,35.41194156518692
21937,36.012133947333545
21938,38.08394157410775
21939,41.267979452444834
21940,44.654018201590915
21941,43.794408502538964
21942,48.77784004935503
21943,47.68749549822571
21944,51.685914158429775
21945,56.18495924634819
22029,64.47526867300071
22030,65.5291344941252
22031,68.66656617707879
22032,68.31624587222379
22033,70.52134959959487
22034,69.76356122249278
22208,35.77890385974887
22209,35.94844688344638
22210,36.38756567336734
22211,37.46930153408354
22212,41.174761356251395
22213,42.99004985972734
22214,47.874205311739026
22215,51.10812679143452
22216,53.74805955559175
22217,58.04868514206711
22218,15.543805555300342
22219,18.08526937133201
22220,23.863881552118347
22221,27.170570602136706
22222,30.556095324327636
22223,33.3851014857767
22224,34.79350957547151
22225,39.15586203103062
22226,39.2932487796448
22227,42.93740772988125
22244,31.724371860338
22245,35.724078898966276
22246,41.366501882072505
22247,43.259204243350325
22248,39.975487092451125
22249,43.550802760257376
22250,45.46124851078654
22251,49.04796993984918
22252,50.21808352036567
22253,52.291781355897434
22254,54.73113139204925
22255,56.178485113439535
22256,58.14188179021316
22257,59.295829045983496
22258,61.45946437488256
22259,63.90232379804623
22296,0.9347604568996335
22297,1.2426864191129758
22298,2.3200054897850237
22299,3.69647147738452
22300,6.04313247566835
22301,9.090394238172504
22302,12.069862547469151
22430,38.608687880530525
22431,46.97181454860849
22432,51.088764571163345
22433,53.86788912932095
22450,9.51784979789974
22451,10.217167237112278
22452,14.293038724678507
22453,16.41934662621896
22454,18.289863718365822
22455,24.556783836525184
22456,27.307194472849243
22457,30.72605772523943
22458,32.69761862563181
22459,36.90966349860822
22460,42.38191538134389
22484,40.96837667955898
22485,42.52663606768069
22486,43.45623877748937
22487,45.931712703697485
22488,48.4552079609012
22489,51.125826918417204
22494,16.769991595848637
22495,20.29123091942838
22496,22.18184334068358
22497,27.041011677618705
22498,32.57756321933658
22499,37.32212446893682
22500,38.0140509901904
22501,40.89596784990139
22502,41.59715853174346
22503,40.6578854121271
22504,43.30154598912947
22505,44.655695694570916
22518,8.1436927716284
22519,9.296133356485127
22520,18.18868061373967
22521,21.67895959934922
22522,24.155167514516187
22523,25.87197116299776
22524,30.36955603903102
22525,31.013559107843285
22526,33.89199521256812
22527,35.53752314863361
22528,37.90336492205356
22529,40.7110476689499
22681,7.288940447950931
22682,10.329908410178309
22683,14.326937966894263
22684,18.357675089707822
22685,25.153468180563575
22686,2.323022600204491
22687,3.729619147908352
22688,5.2979113740235295
22689,5.1953273598113565
22690,8.456756447850516
22691,11.341277478604953
22692,14.113534107293507
22693,16.19027215991586
22694,21.68806305341113
22695,24.185300323319602
22696,27.614673257680312
22723,31.042906405662354
22724,36.872257978929724
22725,38.835153738346214
22726,47.70540431390903
22727,52.028881355995495
22770,41.25291309764385
22771,42.80457520623272
22772,46.51868572115269
22773,48.94791944153992
22774,54.13342056561298
22775,60.965964062345435
22780,27.73280252653267
22781,33.169240084339414
22782,35.85322435360431
22783,41.0675179185563
22784,42.17953984515741
22785,41.7343092574171
22786,44.49805785516924
22787,47.54415668367223
22788,50.63336628045044
22789,53.554612477934064
22790,55.48817767874552
22791,56.336124701186556
22792,53.030701927414384
22793,54.18205643946021
22794,55.801096761082576
22795,59.827246253484624
22796,62.75179571822226
22797,63.277883304447116
22798,62.798715823923985
22799,64.64054124055453
22800,67.79933974741746
22801,70.10052717015188
22802,72.27235414535554
22803,74.26471865089175
22839,32.370307536902374
22840,35.00807161682675
22841,36.173086598327025
22842,37.899378553656014
22843,40.87620481424191
22844,43.56514684000821
22845,46.381550803326654
22846,48.94464938279306
22847,51.09544543238847
22848,54.60588071996682
22849,54.75039399864689
22857,21.45667564555138
22858,26.10735312433825
22859,29.482439618013938
22860,32.68512877929314
22874,23.444358948057264
22875,29.12045344862982
22876,35.43317633696703
22877,36.09146196491046
22878,40.271872245809995
22879,43.80133715432409
22888,43.70739155606155
22889,47.57591995433507
22890,56.55016251693578
22891,58.44618198477995
22892,61.92182059519545
22893,65.11496489905554
22894,65.53397099765844
22895,66.99634130542967
22896,68.15650304504702
22912,39.27713834675889
22913,49.28307043220342
22914,49.87000133411489
22915,54.696450284347065
22916,57.74737034855955
22917,60.49484135035807
22918,61.15751213124746
22919,64.91117862684732
22920,68.98669523656777
22921,70.99226518972041
22922,71.28943912048108
22923,72.82990269741167
22964,41.0256089266414
22965,40.84396661690546
22966,41.19573099070452
22967,43.00519723649698
22968,43.76039731277348
22985,33.789246639391365
22986,41.124452080909656
22987,45.03009250317507
22988,50.92624294745806
23022,19.3042182863884
23023,22.38886960852471
23024,25.57427297131454
23025,31.552865393423748
23026,33.169514150069304
23027,46.12642587639208
23028,47.85712328291207
23029,48.81377239007507
23030,44.78449510065018
23031,46.64460988385248
23032,48.60671164642813
23033,52.963114765862635
23034,53.20674132194441
23035,53.74809542572309
23036,55.84582120926954
23037,58.5020412447293
23038,59.64906682122702
23112,9.29072819163562
23113,11.511272877166036
23114,14.057121883117167
23115,16.716425115862712
23144,24.655097761826603
23145,26.134779355407364
23146,28.281065324905875
23147,32.00119072792696
23148,33.662705003790315
23149,36.91296415040218
23150,41.679417267931186
23151,45.879486297180776
23152,48.29498762777699
23153,51.522708367907924
23154,55.35167149748903
23155,60.274027730418005
23178,33.29364827238964
23179,39.39428946741108
23180,45.82580251885182
23181,50.56894463105154
23182,52.88195402938393
23183,6.926227390458432
23184,8.506583652476056
23185,9.162270713714898
23186,10.084015953885153
23187,11.09408229474817
23188,11.37343155916447
23189,10.945009850377229
23190,12.309748520036925
23191,16.310088530080144
23192,19.513472493988456
23193,17.65940860477947
23194,19.963503931855637
23195,26.369872364231817
23196,31.512721714044993
23197,31.74367116668339
23198,33.008089933417196
23199,37.43841326857957
23200,40.16170682973189
23224,18.81855610967587
23225,23.489185357772584
23226,25.68841972091468
23227,26.834786588220965
23261,31.137063257141364
23262,37.16537385087253
23263,44.47775332603239
23264,45.60770346913739
23265,50.06731253583486
23266,52.886969516042576
23267,57.342064543307785
23268,59.71939142954481
23269,59.48212453582259
23270,60.37018320827893
23271,61.44320811795471
23272,62.41716538502192
23301,3.8754414065191254
23302,6.050938845952355
23303,8.162363010593676
23304,9.26013108585542
23305,11.908461836486822
23306,14.166060777838442
23307,15.678026574369767
23308,17.31234845279746
23309,21.45214552901193
23310,23.978740119681486
23311,26.897390105481872
23312,29.327372516020347
23313,34.67242893802882
23314,41.357572915245115
23315,43.25748796650469
23316,46.84346504995723
23317,49.75656854585358
23318,49.7741668814205
23319,51.776515115882646
23320,54.11232409004289
23321,54.68894584150685
23322,53.41741108783272
23323,52.3232019938005
23336,58.02584356040402
23337,60.697294280118946
23338,62.316817674704964
23339,63.39581988078536
23340,65.00803393026179
23341,67.43017684217793
23342,68.17879753304798
23343,71.37236098878286
23344,70.4508968850673
23345,73.15878685922262
23346,74.15928286084741
23347,75.05598773803789
23360,8.63535658379694
23361,10.255843115353738
23362,11.020065712167797
23363,14.383796948211756
23364,16.57490000319479
23365,17.66396432157924
23366,21.45055983065861
23367,26.046691686773755
23368,29.688570857786296
23369,31.481967700216956
23370,35.71066967087236
23381,17.62681872090865
23382,21.45541125789797
23383,24.777576137566133
23384,29.478599304365673
23385,30.14413706914568
23386,32.915287142096176
23387,34.00462206276781
23388,36.83649286269498
23389,39.33549474277599
23390,41.77965764038053
23391,41.236575793979114
23392,44.053466670051954
23442,48.57407911240522
23443,55.569440591356454
23444,57.973066714898515
23445,60.222147370838954
23506,20.583728061466562
23507,23.785652990545692
23508,23.290373559921136
23509,23.6200533811405
23510,25.41429712683201
23511,27.8874926458868
23512,29.14011303703412
23513,35.25507101145439
23514,38.786391322426155
23515,42.48249599824719
23516,43.08687684212985
23517,50.48743656719979
23552,17.599684470443794
23553,22.123357760847362
23554,25.297093023861986
23555,28.480780669265346
23556,29.025976373263422
23557,30.548583785129516
23558,31.63963128201911
23559,35.22574067946074
23560,37.346756530638906
23561,40.67943110445417
23562,42.89354641908996
23563,45.595112099404105
23564,55.895748807262706
23565,53.825440718544655
23566,54.97717700927679
23567,52.56985549826701
23568,55.21333121331442
23569,57.10638610654718
23570,58.998493793693626
23571,62.32503591867783
23572,63.364502611510616
23573,63.606882147625626
23574,65.65955777974264
23575,66.7024313934796
23604,16.333748232655694
23605,17.591252149666172
23606,18.830813345226893
23607,21.374934277465044
23608,25.04537109997523
23609,28.91337000722296
23614,30.07558245732003
23615,35.36825862108791
23616,36.133605497654386
23617,39.742774083997496
23618,45.46582082571211
23619,48.495276221756384
23620,49.91481067382699
23621,48.404069827679606
23622,51.66941748606304
23623,54.3124169722426
23624,55.001021734899666
23625,55.35269266661694
23655,47.08121969037931
23656,49.93681631597833
23657,51.171116973318206
23658,46.465411561910095
23659,47.12750135361988
23660,48.4718413659879
23661,52.104447083034565
23662,55.297435022399235
23663,56.82427341713022
23664,56.396691674994415
23665,55.82308862593398
23666,56.432434716589356
23667,23.751808599432195
23668,23.719783216976555
23669,23.976533885900533
23670,24.785318526624923
23671,28.72638854312637
23672,34.452855202195494
23673,36.752274314728616
23686,33.78945735172899
23687,34.10358410737875
23688,36.95449021626597
23689,38.05495342801478
23690,39.94063358783212
23691,38.22185535709084
23692,39.389164211948334
23693,41.544858017816836
23694,42.78250784332171
23695,45.562992308606134
23696,47.70079569788358
23697,48.47532573448393
23711,48.96354891395955
23712,50.723709968778266
23713,50.773275471850425
23714,55.45799439367736
23715,59.98560491161445
23716,59.955323547651446
23717,64.40662665078462
23718,67.31290032818889
23719,70.11329517754545
23720,69.99071210787426
23721,71.76833809153393
23722,73.80491460763635
23809,39.73676193660339
23810,46.40245943731918
23811,50.46328479793773
23812,50.34861217200346
23813,57.09370697730027
23814,55.10993742562848
23815,57.08434689653576
23816,54.33948926968094
23817,58.75516862825831
23818,61.07021224924576
23845,33.89871750958618
23846,37.0354287306931
23847,39.42406542831391
23848,43.102601695763
23849,45.988027812935044
23850,47.71308423712428
23851,50.79476260138947
23852,51.3247099699139
23853,55.063808259263794
23854,56.180843600809
23855,58.826804621290435
23856,58.75786677925028
23890,21.517728227258402
23891,25.21868491719964
23892,27.73711281898459
23893,30.849019848377832
23894,34.895593544969
23895,39.80384424898717
23896,47.26915284121245
23897,49.883621191174896
23898,55.29974691207733
23899,53.66454184529009
23900,58.503406345971825
23901,61.29731971151983
23946,41.09187305062636
23947,42.64225115883449
23948,44.89670463004186
23949,43.38167291198867
23950,44.53586236997195
23951,46.33405341706617
23952,46.790048457534496
23953,47.191408235088595
23954,50.02557618445051
23955,50.22902881131065
23956,51.60853952439378
23957,51.871622297173374
23958,13.858832171231043
23959,17.5699656129563
23960,20.808522630748634
23961,23.720505181957513
23962,25.942385650962684
23963,34.1709128784024
23964,35.52589589018956
23965,38.74281426607869
23978,16.81806004440113
23979,20.689232203664112
23980,24.034436539918367
23981,26.58385211858077
23982,29.364518500505216
23983,37.61431593483891
23988,20.52514097010013
23989,30.764588412282404
23990,33.396560473514974
23991,36.47935170871858
23992,40.4006845534225
23993,42.63782237242642
23994,42.04879376449916
23995,42.2869431932299
23996,45.46551656451812
23997,46.32460705078309
23998,47.97249897537364
23999,50.12395068864991
24034,18.47361221639918
24035,22.141836975478135
24036,27.08350880811621
24037,29.753798441170204
24047,27.03433156252994
24048,28.3933734934443
24049,29.824357644347025
24050,32.63628011573799
24051,34.99438850563128
24052,36.86569222503901
24053,38.67940405887622
24054,39.2242061211659
24055,40.689920799393335
24056,44.94586170420631
24057,46.38308929038853
24058,47.678791982249386
24147,20.968497688619504
24148,22.528664701028493
24149,27.05067756850131
24150,31.791922361246645
24151,35.55072301732903
24152,37.36309857861835
24153,36.34234201703813
24154,37.59151795819223
24155,38.922154426952936
24172,25.99953946122062
24173,29.48017803241828
24174,32.83056422623476
24175,35.524345372026076
24176,37.84104361095727
24177,40.774318895320235
24178,42.996164047273325
24179,43.86594279159757
24180,43.73297143461424
24181,45.22229164249829
24182,46.79556883634533
24183,48.591354547975534
24184,27.57562947723402
24185,31.235088404818384
24186,32.75350636492023
24187,37.24557511906607
24188,39.80657917976673
24189,41.03759192255999
24190,44.8686740209677
24191,48.616450568083664
24192,48.56827354981789
24193,53.13135917932319
24194,55.96359832314331
24195,57.6382256742098
24201,7.384348336785675
24202,10.096909551561124
24203,13.02680543654094
24204,15.797111396372822
24224,31.99005915006409
24225,38.0096906244163
24226,40.77443203437203
24227,44.27995690775589
24228,46.961658734213124
24229,49.54855023567302
24230,50.927098429454155
24231,51.69583914038915
24232,52.51045332008878
24233,53.34755051231635
24248,12.121444077132201
24249,13.129689409284854
24250,19.081374184949663
24251,20.352137535824525
24252,24.672463236974885
24253,28.85205291463003
24254,36.1926187661442
24255,29.45918370469953
24256,34.91941055418327
24257,39.50412038303549
24258,38.78669727837978
24259,42.8836998399777
24260,48.295119134938176
24261,53.334549323397084
24262,55.09566820624899
24263,52.75227033586223
24264,54.09226685000046
24265,55.48150928583914
24266,60.30673945723951
24303,9.083741414758903
24304,10.731441696914752
24305,13.740703745551727
24306,17.944197241384437
24307,20.906112953134436
24308,22.310233416223372
24309,25.753189818607467
24310,28.61959766199643
24311,33.045465107030026
24312,38.28852156215914
24313,42.77608892669296
24314,41.530747024255234
24315,49.12143966585394
24316,49.75539397820505
24317,55.07379648039732
24318,60.95699619503
24319,63.299777874334985
24320,65.3242813462629
24321,66.9668251899551
24322,16.62709404579052
24323,22.070736300305335
24324,24.95689660290562
24325,28.4733985238477
24326,29.68649560218615
24327,33.222928915785
24328,37.37058386641418
24329,39.314567935951416
24330,31.058590404541413
24331,37.23542276449853
24332,40.209462502239106
24333,41.64752020476613
24334,44.02177292436435
24370,15.657696395628841
24371,18.979676976454485
24372,20.762349638746613
24373,22.574853572163313
24392,29.08577121916776
24393,34.47118682734718
24394,37.81299010192912
24395,41.1422582474422
24436,26.425548207933808
24437,32.68523276299311
24438,38.691156511442955
24439,42.00340275257559
24456,29.327704248313374
24457,33.813928380688495
24458,40.73495409352306
24459,43.80856092446244
24492,24.8766657171502
24493,30.87638699768461
24494,35.667375630462324
24495,37.3367901135954
24496,37.7858323466423
24657,52.27559538935437
24658,52.909250849430656
24659,58.05684886734798
24660,54.95857287780124
24750,17.4894641309913
24751,19.157072222804395
24752,19.84543086788407
24753,23.14875834069278
24754,25.554213955394122
24755,27.64315926944294
24756,26.496365310294863
24829,14.177412063371822
24830,17.692022830522625
24831,20.108370179248062
24832,24.636800117549765
24833,19.48024756715239
24834,23.120254668969327
24835,24.711864334026664
24836,26.74419357442567
24837,27.39977217851172
24838,28.85385137011617
24839,31.478681293909847
24840,32.98270269482076
24841,36.926451431532676
24939,32.55288935571608
24940,38.53231247522267
24941,39.419317233013075
24942,43.132322891816116
24943,46.437177924919624
24944,47.94943349316562
24945,45.88050318417521
24946,47.3348797275633
24947,49.218268090645196
24948,51.175215123753375
24949,53.22095567962814
24950,53.47291884355625
24989,30.489800579175057
24990,33.67332332545413
24991,32.87466053554444
24992,36.3961650933487
24993,40.55407209519168
24994,42.62204764106574
24995,41.188169489612534
24996,42.47603158602233
24997,47.47946857794223
24998,48.099299683641064
24999,51.07090587850023
25000,53.76845772891771
25076,57.22713316708954
25077,60.76782562788871
25078,63.17049551791193
25079,64.07202215952881
25080,67.20343185767081
25081,70.00102362877621
25082,68.33068407250964
25083,70.80574863735114
25084,72.03219454751267
25085,73.74622354418145
25086,74.71161601980471
25087,72.08554855232578
25144,46.734562931946336
25145,49.570997192236945
25146,52.231057304395634
25147,56.5127429199668
25148,58.855024677865195
25149,59.83496556344062
25150,60.65378321128763
25151,61.271663565139384
25152,63.83248849200165
25153,64.70877096235334
25154,66.84981284476183
25155,65.71732329399347
25182,31.056952612072955
25183,33.22092864398717
25184,36.17796931469542
25185,35.24483866605929
25186,36.29016072770871
25187,37.80234147929262
25200,31.588995821258628
25201,44.889453281342796
25202,50.255313300440505
25203,56.070492204966115
25204,61.11116580802373
25205,62.67881875534421
25206,15.008439125324898
25207,16.64673339345243
25208,18.537960589043998
25209,18.867122551533853
25210,20.63375615100633
25211,23.70521467273112
25212,28.76697150050088
25213,30.347879830279158
25214,34.396276442655264
25215,35.22865683742245
25216,38.62698717309455
25217,39.71772934342275
25218,12.525682290547097
25219,13.385327232986421
25220,15.772405938004425
25221,17.18663539752756
25222,18.404825621619164
25223,20.059803965241137
25224,23.53927773417032
25225,26.103222440560046
25226,29.968726339044508
25279,0.19572209134078347
25280,0.34404809518954577
25281,2.2638083592802607
25282,4.276984432337653
25283,8.308033342303329
25284,11.031045588744927
25285,14.76805353233201
25286,15.938495700083626
25403,27.11255293501578
25404,27.431417344734903
25405,28.616011612795127
25406,29.65352077075703
25407,32.864621741629136
25565,28.891692196230018
25566,32.56171495124672
25567,35.61830327698253
25568,40.01201882001695
25569,38.958876481193826
25570,43.111967023951635
25571,44.112758942612814
25707,15.203435608087727
25708,16.666837768905225
25709,19.06442120605073
25710,20.662831928358223
25827,15.817564218043614
25828,16.457144111729676
25829,16.779571296256726
25830,16.70043033246346
25831,18.425064622584944
25832,20.02787746979083
25892,26.079157347882376
25893,28.337492681554426
25894,32.36715677054108
25895,35.589990014903634
25896,24.60679011279016
25897,25.662782304051966
25898,29.037956113751697
25899,30.28003306129912
25900,34.535586562768906
25901,35.41755872002299
25902,37.524482041042305
25903,39.45503128621076
25904,42.55652904675907
25905,47.40977370199618
25906,52.030911661935455
25907,56.07941555779367
25949,39.26712946822921
25950,39.292543152294385
25951,41.04739561035643
25952,39.14729005977808
25974,14.87521490717082
25975,16.398415831031716
25976,20.039122059690293
25977,24.510432754842242
26011,29.572855435337846
26012,32.191770425835024
26013,41.72135336806579
26014,49.63733468632902
26113,2.721418015811524
26114,3.1876460127070887
26115,4.03357793845934
26116,6.505892605008387
26117,10.155500077982278
26118,11.803753652185218
26119,14.564042922427529
26120,15.926272951491532
26121,18.30835384261158
26122,21.82861479053721
26123,23.19349499200565
26124,25.230389677820337
26140,40.955040668484635
26141,45.05996851523493
26142,47.635298868222705
26143,54.043866491631604
26144,54.51792302747931
26145,57.46132777826638
26146,58.46017921982566
26147,61.775624325696484
26148,60.091943417393146
26149,62.5008737085153
26150,63.77968717058326
26241,46.70404463735505
26242,50.29474605297891
26243,56.20960345932538
26244,57.681985859116196
26245,58.98840409550543
26246,62.60118595317497
26247,62.03668448206689
26248,64.17058346280156
26249,65.06864228789868
26250,65.92710369639902
26251,67.36080546178394
26252,66.44381049053891
26289,16.47649636378049
26290,18.758259611122348
26291,22.82702990815278
26292,27.594663603562253
26293,28.781249146902724
26294,30.83925684450677
26295,30.840408437911595
26296,36.5914104300379
26297,36.260680097251786
26298,37.38753676548157
26299,38.21673839050864
26300,37.90946479745893
26315,31.32759026404465
26316,31.847136432535688
26317,34.030257756203014
26318,37.55249773931392
26319,41.38544415885153
26320,44.535040304900306
26321,45.14570799721258
26322,47.02584889664236
26323,49.60231070574119
26324,51.54715947846019
26325,53.401266535136514
26326,56.26397592769829
26455,28.845352425696483
26456,32.25896710521952
26457,34.848488069313426
26458,42.14594660189423
26459,22.205329095980808
26460,22.94159816642891
26461,24.709217657138073
26462,28.144247630211634
26463,32.00231808984135
26508,20.002665798852767
26509,22.16043906042697
26510,23.749702896116002
26511,24.710192413819623
26512,23.3677549329205
26513,24.203280891448138
26514,25.897460324612986
26515,29.284575518706163
26516,30.497120490758256
26517,34.53569787251264
26518,35.22240044718791
26519,35.866362378412006
26520,27.502577641195266
26521,29.624337626079097
26522,33.39288579617901
26523,36.60968617934188
26524,34.07802767286894
26525,37.09642064196498
26526,40.584259170842515
26527,43.45711205105822
26528,45.0508984064719
26529,46.41698704997491
26530,48.76892174364982
26531,50.46550909369874
26564,20.605409040433752
26565,22.743693337884462
26566,26.527328490997746
26567,26.084558074438974
26568,30.01127291459506
26569,30.708872154863734
26570,33.66887771769317
26571,36.431978653169736
26572,39.41849931409688
26573,41.067575232675345
26574,38.853822790792705
26575,42.19241841309571
26576,23.566900578194954
26577,27.28525248328096
26578,35.624740138468994
26579,37.27869663909388
26580,42.305349895291165
26581,45.56571293447185
26582,51.1830888085157
26583,55.30132656147691
26584,17.00114966267586
26585,18.120397465877787
26586,19.950549619426802
26587,20.531499223978294
26629,14.251760693714905
26630,16.579550072136907
26631,17.368248869228744
26632,17.81115846218495
26633,20.22019150755687
26634,24.348529036891556
26635,27.958780380024045
26636,30.52928135801691
26641,43.21908018338483
26642,44.91981226278674
26643,48.65501519195398
26644,53.12388791625451
26645,52.50335750206902
26704,15.669889417884558
26705,19.398621329587975
26706,23.754437346743142
26707,32.26819805072966
26708,40.993434718333326
26739,58.60375728252611
26740,58.92221835814259
26741,64.26300245077935
26742,63.27788899416403
26779,19.393717834970992
26780,22.034822508217
26781,26.86246398913878
26782,31.406606148649935
26783,34.702143812112865
26784,39.04462043047767
26785,39.8316421936536
26786,41.06867146862906
26787,42.232604519623514
26788,41.599679578054044
26789,43.6438029335733
26790,46.46734855897365
26819,47.5984739145314
26820,54.26174418342979
26821,60.648252613139675
26822,66.2812020965879
26839,41.7639020918229
26840,41.00923910287558
26841,39.94222564313743
26842,43.28003946400825
26851,26.634792160995318
26852,27.37233885782485
26853,29.667116563892705
26854,32.82389542164796
26855,34.99983906711533
26856,37.970202459163986
26857,41.24954755262136
26858,43.45962683120075
26859,47.798407863608425
26860,53.10906488776952
26861,55.06289376938944
26862,55.37724842066992
26863,24.8992820483832
26864,25.71745144413784
26865,29.27092624706915
26866,31.86367909240473
26909,6.107299280350125
26910,7.368132180001828
26911,8.341499078879526
26912,9.95198060753919
26913,13.15590687255449
26914,16.595150348241393
26915,17.889079986023482
26916,20.97290406155922
26917,23.825101826175604
26918,27.725373155990734
26919,30.18549976487866
26920,37.04975367967906
27006,32.12015037831387
27007,35.25760107321304
27008,36.26324046156013
27009,41.10902531039771
27028,14.999622516305433
27029,20.60172181474736
27030,25.515982818555162
27031,31.779110669009015
27047,30.461769986968704
27048,31.26549193138315
27049,34.716591081013455
27050,38.034126437622575
27051,40.22443215190151
27052,42.35454055032806
27053,46.9817593469518
27054,50.45096051187155
27125,60.2835988169946
27126,62.10635127164217
27127,64.14369596495479
27128,64.4743122787841
27129,19.15622637604084
27130,22.352193231668764
27131,24.528077348965372
27132,25.44821186516129
27133,29.372661532241928
27134,30.062108247763963
27135,31.865906731936786
27136,36.64977677364115
27137,38.802249067207526
27138,43.753514173241356
27139,47.00714154875751
27140,50.263360300373556
27177,34.35706004452636
27178,37.49120014196033
27179,41.041372776399974
27180,43.5000373252382
27181,46.1344505665696
27182,46.370025630123486
27183,46.28309732148154
27184,47.36583544604125
27185,49.87640615211677
27186,50.544492944166464
27187,52.10518164254262
27188,52.20544440850777
27189,25.07347506118723
27190,28.610729475267334
27191,30.560420953352644
27192,33.377581847424494
27193,32.10924231554575
27253,19.077338890702713
27254,20.948774174197062
27255,21.403496979638028
27256,25.18828045986179
27257,26.869791265564896
27258,29.76136484601995
27259,31.177106974952768
27260,31.880946005020622
27261,24.522479028704716
27262,28.553629916755135
27263,34.46498016281661
27264,40.5199797025697
27285,45.6164587419005
27286,48.94732610853972
27287,50.46948880895233
27288,53.78018295661349
27289,52.89730076617258
27290,53.919359971630925
27291,55.59217879508488
27292,55.493221398773265
27293,57.63931596772771
27294,58.99038580187541
27295,61.85365075578359
27296,63.95520361881311
27349,22.635319523035356
27350,23.353824746419193
27351,24.616271083391503
27352,27.304505001774373
27353,36.11329632845748
27378,33.31586232780802
27379,38.116072661926125
27380,42.56836530334139
27381,47.50771828964957
27382,48.88572755790478
27383,51.84835147432697
27384,53.95899560931114
27385,53.48363909332206
27386,55.726776458083066
27387,59.8474829480095
27388,61.18959478344665
27393,46.07890059863413
27394,50.73178583820859
27395,52.71808238583901
27396,52.22860676715921
27397,53.28916265671588
27398,54.299139376343895
27399,53.43985355074399
27400,56.99542394815004
27401,58.62327895908466
27402,57.22697534110117
27403,55.24484660612943
27404,57.754584650216216
27425,26.45682335711826
27426,28.627535460028298
27427,32.82222317753452
27428,36.748616304653666
27429,38.66293016889961
27430,40.34966595821427
27431,42.483400444934276
27432,43.75400782840201
27433,27.034379904372805
27434,30.218624869899532
27435,34.01850754730466
27436,37.97708693333992
27437,36.164381348468375
27438,39.1371253286964
27439,40.26973964638303
27440,42.432570294882495
27441,46.32017257517892
27442,40.43319297754023
27443,48.57643607257112
27444,49.23053247535721
27445,48.54114596378042
27446,49.5790289655225
27447,51.28342616232195
27448,51.25758785960464
27449,51.30187568421263
27450,51.61315333470933
27451,55.433634350042304
27452,57.49779802880429
27453,56.29139992167599
27454,7.021864996901708
27455,8.145004072682136
27456,9.09022656941725
27457,10.728759887632728
27458,12.111451588751734
27459,13.984157181688863
27470,26.81883096783908
27471,27.386582579560876
27472,30.50235088352711
27473,32.869101327231675
27474,36.516801256839784
27475,39.89044862754143
27482,38.584668500316106
27483,50.62576934366592
27484,53.77796224832317
27485,56.65305378176356
27486,59.08467887122585
27487,59.16360298940906
27488,60.934074083109905
27489,62.68366743279038
27490,63.801779746526925
27491,64.0400115479105
27492,66.9386246775011
27493,69.78307571573393
27500,35.480362976533925
27501,45.315131554687184
27502,52.33550307606307
27503,56.89880723168322
27504,61.009628714441114
27578,24.21500595434008
27579,31.899861412401712
27580,43.079888893834756
27581,44.974322974748176
27582,47.11687385200004
27583,46.23061725228739
27584,47.01188025283752
27589,58.1283693126767
27590,59.8354503661702
27591,63.38617633453286
27592,62.685936081885735
27593,64.42730422691281
27594,65.50796849200688
27595,66.67613485441133
27596,68.2071008738234
27597,69.39642227786844
27598,70.289735863979
27599,71.26219829969833
27600,71.3181915469399
27719,20.137068206330195
27720,22.85275368434478
27721,27.092547662527597
27722,30.197482923558482
27723,32.920181000925695
27724,35.533595238881375
27725,37.03281024292689
27726,40.32138925779861
27727,43.41448912173839
27728,43.88523228657745
27729,44.31538934148591
27730,47.77922123008157
27795,41.52836052765217
27796,47.20659606328014
27797,52.44379140212222
27798,56.938109038185814
27799,59.275333706439234
27800,60.479886105627294
27801,62.23023323086032
27802,64.14800941122387
27803,63.94847067974528
27804,64.91862578589419
27805,67.59963357678264
27806,68.22992652987361
27807,21.284676039942823
27808,23.59712971930326
27809,27.393251070975605
27810,31.257734234733213
27811,33.26344153769006
27812,37.120717409412684
27813,39.880663956804405
27814,42.15249118952963
27815,46.901486540749396
27816,48.13014795391118
27817,51.15350114764167
27818,49.44946505388653
27848,12.1268366198602
27849,16.378350977498158
27850,21.21005921007686
27851,26.659591271716444
27852,34.238886859384124
27863,45.845165301711255
27864,51.113216717817565
27865,53.19689336307804
27866,57.702117748988734
27867,59.54355713075252
27868,60.52434327707634
27869,61.07844639000499
27870,62.183640030872155
27871,66.42565273802123
27872,67.89188349286776
27873,69.36010540567165
27874,69.60594431979715
27898,25.130585637545572
27899,31.06416792096753
27900,32.739808580971
27901,36.21593253240256
27902,34.9714569998673
27903,38.122764109690905
27904,37.341648845665034
27905,40.821538956681074
27906,43.58553220422484
27907,44.82979486773081
27908,45.35309145750219
27909,47.57744063736512
27933,4.072009163327943
27934,7.782538136357154
27935,10.318683911941994
27936,12.909637890348407
27937,16.053502446450175
27938,20.246542940712626
27939,23.769719331141403
27940,25.43547721468417
27941,31.235456951211138
27942,31.05634851472514
27943,34.518576524813014
27944,33.55612457114839
27945,42.10668070819004
27946,50.44998217828974
27947,52.99748366078618
27948,56.85749933416291
27949,42.03827099785462
27950,49.15311440894692
27951,50.307672895775355
27952,55.09453095299273
27977,63.83680171519958
27978,63.24634158691845
27979,65.40106107346784
27980,65.55878892095394
27981,66.79314264398184
27982,69.47570070649083
27983,70.75441511798864
27984,72.78874069759091
27985,74.52942188549588
28002,37.92700811428942
28003,42.15761498490172
28004,42.85144270816766
28005,41.56641333836401
28006,44.95181663643711
28007,48.035200613180294
28008,52.319816443533924
28009,54.71887396389602
28010,57.25703371940408
28011,60.38835645508256
28012,61.73047833021137
28013,64.28777971862277
28037,39.42709608882412
28038,42.871192068811794
28039,45.68731803198459
28040,46.99563278815668
28041,58.52594578263946
28076,24.950391526343587
28077,31.102958206670582
28078,44.154792040008275
28079,47.25621988711987
28080,50.09782631882985
28081,48.706302907968166
28082,50.53541925847296
28083,51.813058537903565
28084,51.81894915060233
28085,53.74279156080239
28086,56.17614768988591
28087,56.0126102022077
28124,36.85313797489397
28125,40.744955193666144
28126,42.983386271329344
28127,43.439533976132815
28128,48.192023601090156
28129,50.08719910157312
28130,51.993438252061495
28131,55.3227965687855
28132,58.62279360554127
28133,61.03633737861681
28134,60.97871033397193
28135,62.94601918292758
28169,27.561975683801354
28170,31.877493145888582
28171,35.02020131725011
28172,39.46335498229335
28173,41.63663819832182
28174,21.364822493444525
28175,26.18213587568374
28176,32.50214875801662
28177,34.51718259001297
28178,37.267704004184324
28179,38.81838871423139
28180,41.22366657558532
28329,20.704977634320677
28330,23.208411009570188
28331,25.905622548195232
28332,30.48780872338974
28371,60.1664156663211
28372,62.54138501897429
28373,63.95869454892822
28374,67.7640222432799
28375,71.04798285675568
28376,72.21309917460371
28377,71.70319032614945
28378,72.18191172662075
28379,71.76487247433495
28380,72.42805639246475
28381,74.07453858634803
28382,74.13018525503199
28399,50.65784134208441
28400,52.770160254069445
28401,56.734892206635536
28402,59.48330249747689
28403,64.07673351766118
28404,64.67461548118578
28405,67.71799343432022
28488,48.55008648567433
28489,55.99831322209532
28490,60.82186902461187
28491,65.4673556967434
28594,27.64882073368213
28595,30.08294581789342
28596,33.45305530156888
28597,36.16145410478828
28598,36.33040382883746
28599,38.646923671112965
28600,40.832499807985336
28601,43.855699405782694
28602,45.52095884723466
28603,47.641727232727504
28604,51.28299215906067
28605,53.969059892200356
28618,24.79853090931181
28619,26.818561496273208
28620,30.28156485347001
28621,31.756994993344513
28622,33.533673862925845
28623,1.1583997044838603
28624,1.2207040662066144
28625,3.481069922838981
28626,6.581862627078742
28627,9.147283337870887
28628,12.008848410279473
28629,14.786966242253584
28630,16.34589435318045
28631,18.29240590259032
28632,20.644463556043483
28633,26.225201354408824
28682,10.60385126411152
28683,10.77695176496667
28684,15.565015865046544
28685,16.217993798671063
28686,17.93059326689735
28687,20.698776772396478
28688,24.412934831749727
28689,27.534521983484638
28690,31.576060242199258
28691,33.847008947039065
28692,35.40271293597941
28693,43.37752158150307
28711,5.057339231122504
28712,7.861008464682314
28713,11.059879839016443
28714,13.954940500067357
28737,19.682184400005593
28738,23.300803582039215
28739,26.41127626054772
28740,29.8856620630973
28741,0.7379064076779212
28742,3.5913286175426564
28743,7.121324018630185
28744,10.66261414595613
28745,41.76669494134069
28746,46.50281678788823
28747,48.19515730328899
28748,52.16657456135863
28749,54.07359020484845
28750,56.7235652824953
28751,58.10222342951647
28752,60.05790245313583
28753,61.37995602979182
28754,62.371387108087106
28755,64.20516061785723
28756,65.14833074082959
28761,29.522538975301735
28762,31.02848872973023
28763,33.360980736100736
28764,35.13424280292937
28765,37.14973829744074
28766,39.82907814561136
28767,42.32314785159271
28768,46.530663431898255
28769,49.313649963397424
28770,51.12269773020331
28771,53.24625850524259
28772,53.95162236030774
28825,19.01711836832053
28826,21.699795925268067
28827,23.354878578729526
28828,28.69070152377707
28829,34.91850871827704
28834,27.40958368456716
28835,29.929269855586938
28836,33.351594322249596
28837,38.660167535049276
28838,41.61401837385611
28839,44.61820323230456
28840,46.3131779031938
28841,46.67560806404852
28842,49.60891573734206
28843,53.460629373117044
28844,30.813813598780875
28845,32.02366963236335
28846,35.90539112919531
28847,37.76378294378905
28848,44.2397504745266
28849,46.2434856345561
28850,48.71592366256145
28851,47.34065191979064
28852,49.495643484420825
28853,51.35468455763555
28854,54.95267640175896
28855,57.189086337766106
28901,25.006691409348925
28902,26.091508212760857
28903,28.178026275194924
28904,25.509482863887058
28905,26.71363347701155
28906,27.931290046322978
28907,31.393797175442216
28908,33.798973455948484
28909,35.4024293623993
28910,38.84988421246236
28911,40.75639241311031
28912,42.57107249305445
28913,22.823666071534937
28914,23.64173633393216
28915,26.030528145187475
28916,27.196875685561885
28917,29.91610958668027
28918,32.268201454798906
28919,35.8077824635038
28961,33.907348972019975
28962,36.188891391574124
28963,37.75475661554562
28964,39.26362887762085
28965,40.59514485863941
28966,39.12494660250411
28967,40.66586220826175
29047,25.234379789033568
29048,26.003830620445576
29049,27.540130405983668
29050,28.893105578352543
29051,27.29546197632299
29052,29.985836878092734
29053,33.838898857464855
29054,38.05446598959095
29055,41.960352889214406
29068,15.350520402673288
29069,18.516210274290877
29070,20.42472556174575
29071,22.674281334843993
29072,28.051052708449276
29073,30.386891617796017
29074,30.672481658342946
29075,31.36332488580693
29076,33.009767298640554
29077,33.485758583373844
29078,35.53059463900178
29079,35.76814698926311
29221,10.452525766739933
29222,9.711271848937386
29223,10.514581901123467
29224,14.581893109931405
29225,15.80252572480837
29226,18.43749788378473
29227,23.518737359405872
29228,26.844761795124846
29229,29.026624162199415
29230,30.108844151325524
29231,32.838252060662526
29232,37.232451805226376
29341,13.988250486042574
29342,15.643800794363056
29343,18.168956585960533
29344,21.053403306025984
29345,22.104021241363448
29346,21.659904990895523
29347,23.42328308128574
29348,24.056309672137385
29349,26.832738208552968
29350,28.865823827548002
29351,31.262579128515547
29352,33.14034127479742
29384,55.05011108005037
29385,60.573630722584994
29386,61.088948008746435
29387,61.35439331666818
29388,61.51820759661209
29389,63.081294528475084
29390,66.36903891962291
29391,67.07504134331157
29392,65.3209341980629
29393,68.1036162135605
29394,68.1056263723281
29395,70.00000926867138
29417,56.82421158017438
29418,60.68959545466221
29419,62.055877503009945
29420,61.52526399527339
29463,36.47881066965929
29464,39.63764894784482
29465,40.913429947068984
29466,44.50058819450482
29467,48.86394611350921
29468,51.14620775905233
29469,54.0362403970978
29470,56.493993383114386
29471,57.33659360427595
29472,56.77564793112597
29473,56.62331263094315
29474,58.40982049997992
29475,24.601647672515874
29476,27.62050018790321
29477,27.626058451608436
29478,29.266787636462823
29479,32.18763368449244
29480,37.14821872001118
29518,54.014177270746664
29519,59.658247316266056
29520,61.536720297836304
29521,63.39697558854395
29522,66.51788007584074
29523,66.91084903876785
29524,69.59096456295762
29525,69.17669563231196
29526,71.7793372219252
29527,72.61793352966703
29528,73.73604739744405
29529,74.0804107410163
29557,30.03389250603349
29558,34.87771984567521
29559,37.99310330306803
29560,42.60961894306318
29561,47.55956584058945
29574,23.226110420266643
29575,33.681640720808446
29576,40.497534846920416
29577,45.108668326282846
29619,46.523007378216484
29620,46.41061936006861
29621,48.666348228039716
29622,51.718344665268624
29623,43.318859233094145
29624,42.5181898079161
29625,44.24461332262861
29626,48.38951399700453
29627,49.40207880697223
29628,55.67199642877544
29629,56.64283619807512
29630,59.27196293589795
29635,19.83182212904215
29636,24.19769771463596
29637,25.50747330732071
29638,27.540697768549524
29639,29.402698144418043
29640,34.24143719120732
29641,34.30572000214151
29642,36.93197054954668
29643,38.406554154277735
29644,42.20506477271084
29645,44.09200073366735
29646,49.15803545990042
29687,51.670720310879304
29688,51.280509876831864
29689,55.22528599805772
29690,56.11365339008405
29691,60.85397486674068
29704,26.872287912535313
29705,28.06336857995105
29706,31.731875453470657
29707,33.25985400942063
29708,35.41604320056563
29709,36.88464112099255
29710,39.923585772816296
29711,43.04760132052623
29724,8.306005059171802
29725,8.485959935254241
29726,9.581543981123534
29727,14.623111309704111
29728,18.751977731676163
29729,23.70130455142812
29730,27.13612353586418
29731,28.435429233844975
29732,29.933847340819433
29733,33.20399439752007
29734,36.97143505334897
29735,40.01231335470696
29736,20.640892939653884
29737,22.660809706835117
29738,27.338232136789735
29739,27.326543862970187
29740,28.693492510296416
29741,27.630737810539824
29742,31.18358757871498
29743,32.93307945390292
29744,36.183166528392306
29745,40.35104015831316
29746,43.84789857977269
29747,46.8412643282375
29796,34.29796442066094
29797,41.005349820755846
29798,43.13035558992507
29799,48.60711042941357
29800,51.80418806181909
29801,54.805995578422994
29802,57.52401973821247
29803,58.43310904507621
29804,59.821904011723646
29805,61.101665890761225
29806,62.18818114148494
29807,62.659300899331015
29817,1.3276426378646353
29818,0.9979824993293448
29819,3.070390316861447
29820,5.5773349813863735
29826,39.0121943872109
29827,40.90849784844379
29828,45.367453802710955
29829,49.914372013054454
29868,0.7350292631074085
29869,0.7668347670449368
29870,2.2693470820589674
29871,4.055249916524664
29913,22.0844640129489
29914,22.428324541919487
29915,25.50980061574915
29916,25.238203801818607
29917,33.42196364445202
29918,34.051627762970746
29919,35.48000256215549
29920,36.993317400949515
29921,41.403030069146126
29922,39.56523660451211
29923,41.900884984188366
29924,44.27600966144739
29998,26.292260217841914
29999,27.94877565249244
30000,31.569150245083602
30001,33.19026430748933
30028,7.3515056369093035
30029,9.301303412547108
30030,12.65259001207931
30031,15.833571993970656
30056,3.1580077293972693
30057,3.449524604391434
30058,5.155675355113926
30059,7.034816023410886
30060,10.670617983608684
30061,12.866683393114338
30062,14.524795788472584
30063,18.75943359974492
30064,21.69262726205318
30065,24.262039455423395
30066,26.498690102872853
30145,30.945233510702984
30146,31.82696704744192
30147,34.25875616888315
30148,35.9536142509109
30149,37.85932144133907
30150,37.64352027612574
30151,43.388482561731415
30152,43.09327671392739
30153,47.95598206427528
30154,51.88347844989985
30240,27.561812459407975
30241,31.019634639941877
30242,34.07695072745173
30243,33.07217493685565
30244,28.887865041955525
30245,37.00821048607446
30246,36.81811571833142
30247,39.98302019921168
30248,41.18508809614804
30249,46.170674189941245
30250,48.89506208644641
30251,51.53370245559017
30252,18.416625458696874
30253,24.196980905908287
30254,26.97714724345006
30255,31.822523754791614
30256,33.87162421945664
30292,11.724758956308728
30293,14.214758988301758
30294,17.789916847942386
30295,21.567831175965065
30415,20.23805735821896
30416,23.7692244564768
30417,27.272569035168555
30418,28.93909414755454
30435,11.204278995134493
30436,13.245061089854028
30437,15.887885737576681
30438,21.269072419954888
30439,22.951491771714036
30440,25.032646755255175
30441,26.03350749473777
30442,28.924067781589724
30443,30.38694624613717
30444,32.49840934680469
30445,35.12075470830436
30446,38.334069404594956
30452,56.393782177580114
30453,59.297211327083026
30454,60.45200283777458
30455,64.00609017123125
30456,68.10585631291467
30457,68.2285959486759
30458,69.04929912385187
30476,0.9741537280271576
30477,1.9548993035156699
30478,3.475954000142422
30479,7.076525465930229
30480,9.645382215875987
30481,10.86861526377585
30482,12.313074865046739
30483,13.481292546108381
30484,15.17396486921236
30485,16.751499855915448
30486,17.84033473997288
30487,20.848022123598376
30500,34.846905959224294
30501,40.250354625536616
30502,43.14744894319974
30503,45.19843485500113
30504,45.710111886607805
30505,43.56211946490417
30506,44.60465964499905
30507,48.18816611517478
30508,51.76310348651007
30509,54.18690280011873
30510,55.54190492293333
30511,58.07185929048982
30517,19.326926267161465
30518,28.21080579734914
30519,32.5768298938908
30520,39.83723073655442
30590,31.442098524303663
30591,35.51322150806429
30592,41.31208219963186
30593,46.24183602780249
30594,27.210687945497995
30595,33.02196354882491
30596,38.274031707970764
30597,39.50677961157904
30608,36.80634971851189
30609,38.698961518108646
30610,44.404979242663025
30611,44.75673792451317
30612,50.73984711506082
30613,54.620679575692364
30614,56.86797865786305
30615,56.79714482406048
30616,60.61842643744014
30617,60.385367899636606
30618,60.70900500494766
30619,63.83795189054805
30655,21.2095070734444
30656,28.061895949989
30657,32.33668578476902
30658,44.968550920718975
30769,7.70837175932097
30770,7.794113957665512
30771,10.95561034884195
30772,16.11939999655499
30773,19.507735380421256
30774,22.601367715983034
30775,25.386666863924567
30776,26.812032872522444
30777,29.034510687425502
30778,31.297433449396028
30779,33.74567091656565
30858,2.599738378015311
30859,2.9260309941416565
30860,2.7929136210917593
30861,6.010907025755247
30862,8.82515521043106
30863,10.42121492786706
30864,13.170573803435621
30865,15.649565460961318
30866,18.3076240483989
30867,21.46606113167421
30868,24.92265843566805
30881,32.68933751530087
30882,36.51446600695038
30883,40.70396399073369
30884,43.78973695733473
30885,46.1574900057072
30886,50.480290427290456
30887,53.89043450596476
30888,57.17509137885096
30889,60.61594047204867
30890,62.45948306923825
30891,62.035895135877375
30892,66.65397222692113
30893,27.00142825153331
30894,30.60129357735108
30895,38.72986779505223
30896,41.053568495039165
30897,45.95045878171971
30898,46.98083573981548
30899,51.0474469705327
30900,55.35126543215532
30901,56.22971189665086
30902,55.80613195750202
30903,59.81582347540675
30904,59.41710822056767
30993,30.856535144519476
30994,31.84994888684373
30995,30.459127477274087
30996,32.87784490729065
30997,35.586693104796
30998,39.59715184569888
30999,41.988107711349805
31000,43.47701911719845
31001,44.35535803682272
31002,48.52396549209056
31003,50.245660186619425
31004,52.88658147819429
31005,26.976646343842862
31006,31.288714163418735
31007,36.005122219177686
31008,39.034679405546896
31009,3.0076719637378533
31010,6.918781280832198
31011,10.033196145648201
31012,13.229261842664048
31013,16.88963183846085
31014,20.53883882504885
31015,22.39305667404699
31016,25.051196682609135
31042,28.97270481640287
31043,31.361121143456916
31044,36.13298428842093
31045,39.25647124634825
31046,41.37012516533789
31047,44.421261442863695
31048,46.119673358228795
31049,49.76660794573614
31050,52.17002252416802
31051,53.86440089239058
31068,21.03093342263174
31069,22.776359020731373
31070,28.425087247139828
31071,32.72720015932019
31072,36.58349961353216
31073,40.195077034289284
31098,10.844603758420723
31099,14.86310190723753
31100,17.066613464740982
31101,18.98540656425756
31102,21.91096609837611
31103,25.536321138453353
31104,28.263574878054243
31113,38.36399392203394
31114,44.17148744097265
31115,48.04342178300332
31116,49.45600846842909
31117,11.77096729057179
31118,15.50092903850763
31119,19.597614881904736
31120,24.736600609923176
31181,5.18379423242243
31182,8.58991252258863
31183,10.611061598321593
31184,14.064445500010336
31185,16.433303044168394
31186,18.41060905819942
31215,21.701093179874686
31216,30.845928109268065
31217,36.04360996539968
31218,38.50347289181167
31219,42.47016815899683
31220,42.4528207532569
31419,24.608469651823004
31420,29.00042113763344
31421,33.128024154462565
31422,41.23788759832373
31443,38.86717205530043
31444,43.779638319070855
31445,47.91789591779889
31446,50.35774778536953
31447,48.331931432084666
31448,50.801291237800356
31449,51.891565725292665
31450,57.19088053226839
31451,56.27277748414516
31452,59.88597628942519
31453,61.326773846300725
31454,63.65257798842301
31483,50.47724705848616
31484,50.5625059250108
31485,52.55403789235815
31486,55.78975863267088
31487,59.216619473000264
31488,17.419833504294882
31489,20.263755018595834
31490,25.381152382754912
31491,32.68985765975843
31492,35.84357864028844
31493,39.5307163427409
31494,42.70755745389711
31495,45.93188169115645
31496,49.81456518922575
31497,47.190718595322295
31498,48.968960658340166
31499,52.68528604228285
31536,39.220291969453925
31537,44.61763577831302
31538,46.08997631905163
31539,52.47970574208775
31540,56.287490888966694
31541,59.941871119818856
31542,57.85610728279803
31543,59.87406513801234
31544,61.71849453261119
31545,64.43435957005138
31546,66.40894713400823
31547,67.51487564541127
31548,20.79093238080502
31549,25.89550075395224
31550,36.175302855232815
31551,39.32000494039343
31552,41.43809460518451
31565,28.736782569397633
31566,30.298470405806558
31567,34.39916404908972
31568,38.58449479674355
31569,43.123065899906415
31570,51.19368385241707
31599,19.925873038461084
31600,22.484062955722617
31601,26.601575939390706
31602,28.431384236264627
31603,32.17073041959328
31604,32.198602892066106
31605,37.39357974374987
31606,38.190823539788354
31607,39.19534911054943
31608,40.848228886383524
31609,42.05282914650373
31610,43.29178052249911
31627,25.4529046409826
31628,31.32526131836583
31629,32.58426746443419
31630,35.076460708661585
31631,42.142296899976174
31632,50.745424453284855
31633,54.412461058497705
31716,18.70440617890366
31717,23.30155888751548
31718,26.069420541675868
31719,30.454519878014708
31720,33.13742157186647
31733,2.8916973788032245
31734,5.343766445052106
31735,14.000577759546593
31736,19.795691321032287
31786,5.7612703818485524
31787,9.825760427213908
31788,12.809228423734165
31789,16.23833259537043
31832,55.624810682962845
31833,58.19574089488101
31834,61.92848383124048
31835,63.351121194993915
31836,65.18466641278573
31837,67.19907086250797
31838,68.56162258765808
31839,69.91505755532577
31840,71.41485946461344
31841,72.2797555381821
31888,34.49268050764503
31889,38.55468942772815
31890,43.88066747769601
31891,47.62541587172111
31892,49.95263287676397
31893,50.099035359038666
31894,53.26697220924852
31895,58.59413550944754
31993,32.914007124407064
31994,37.59856930668997
31995,41.56168016737204
31996,47.41242063821373
32014,16.88639617436466
32015,18.895310815642684
32016,20.93950393477009
32017,22.83029109320794
32018,24.396539800367936
32019,27.499379875404294
32020,28.426695187606327
32021,32.01181492694602
32022,32.805532997438796
32057,26.006722359621925
32058,24.85583842837129
32059,28.252089616098225
32060,26.406711579682188
32061,29.977425655799834
32062,28.639481326476506
32063,32.30863263939935
32064,35.46692834675659
32065,37.906094068437845
32066,40.70768029173007
32067,46.046948761859596
32068,48.44245122225811
32119,1.1019944853662664
32120,1.120431472893983
32121,3.669368573713671
32122,7.905803398097776
32123,13.471102422592457
32124,16.50339271475979
32125,18.99724327324592
32126,20.43293515458857
32127,23.091388876294165
32213,33.73482384468
32214,31.817852376056827
32215,35.24535500999637
32216,33.54532873390766
32217,36.973763721745435
32218,40.81231694019748
32231,22.862695826175713
32232,33.65052854269125
32233,38.95067454289512
32234,40.10877063152933
32235,44.934718063837394
32236,21.35474651522267
32237,23.35812903785679
32238,26.404752455598565
32239,29.11642290392682
32240,31.790988581323482
32241,34.77106196727543
32242,38.65967898396603
32243,41.15847403723288
32244,38.63060340666449
32245,41.69337733030964
32246,45.34713774120019
32247,45.7156597469161
32353,9.948983264083394
32354,10.084198102688035
32355,12.79926848015931
32356,13.58513725327401
32383,0.1635664649801704
32384,1.2429725204137905
32385,2.1470994923305495
32386,3.5670556694187177
32449,5.835530585568032
32450,7.3247881763831115
32451,8.14662389403959
32452,9.431639599098585
32453,10.099808238047544
32454,11.771129600345311
32455,15.224811349978058
32456,18.0959011030153
32457,19.84267409409614
32470,31.57472214729441
32471,36.18750057376291
32472,38.6191181733682
32473,40.59765682536452
32474,45.31924341275022
32475,49.71150985478458
32476,53.83327289974723
32477,58.408952923955496
32478,60.443587527222995
32479,62.93251460574154
32480,62.85762615281008
32527,38.29058931576854
32528,39.00244934422621
32529,39.709337688120755
32530,38.33793403354858
32608,6.446989574492723
32609,7.164899501664938
32610,10.408509586710203
32611,13.3448826736798
32627,15.29089122000317
32628,20.55434138567282
32629,27.273300590053417
32630,30.582122904702107
32713,25.89393502226211
32714,30.969987984010697
32715,32.121228426793635
32716,33.82697412759488
32717,34.692874323783535
32718,36.6014183919289
32719,39.512495721159254
32720,39.79838049833953
32721,44.36785970426247
32722,46.43642562490762
32723,48.48142834552353
32724,51.231803796760744
32725,29.644612142633235
32726,30.46054146612604
32727,34.8610933779329
32728,36.47260372439771
32729,38.61846830087099
32730,40.78536994022683
32731,45.609244384449234
32732,50.974185521361015
32733,56.45502939212122
32734,55.77721121309018
32735,60.05326851067493
32736,61.89250544197944
32741,13.527230976207287
32742,16.559383146753227
32743,18.56825417316904
32744,22.532254458600892
32745,30.096533740278225
32746,34.65228934973923
32855,26.450972544881573
32856,24.722117759247432
32857,25.38938089738044
32858,24.993264466613844
32859,27.772699618585357
32860,28.864556401374294
32871,0.9504920918055972
32872,1.0043637215569994
32873,1.7582658627274952
32874,7.0570932272988
32875,9.905927086241343
32876,13.539847745539944
32877,16.1468397347571
32878,18.186308016041252
32879,20.99720050444964
32880,21.783418517571832
32881,23.813366604370398
32882,27.439390557230475
32901,12.312348651994757
32902,12.998109347804121
32903,14.819390190295525
32904,15.16602114472462
32905,23.818109075909184
32906,24.751976015902596
32907,30.0752599666406
32908,37.566151871984104
32909,47.422801480556075
32929,47.47523356547997
32930,50.72829520163299
32931,54.70651072381745
32932,54.973325168664836
32933,56.09710054619717
32934,58.02454994489202
32935,58.014598067993404
32936,60.79742249613247
32937,64.39882453956052
32938,66.80067191493868
32977,0.6638935071471204
32978,1.18540495060269
32979,1.0899128811910905
32980,2.368209745468731
32981,3.8287126812234824
33029,37.38777237273915
33030,37.781299224175235
33031,40.93524105881106
33032,43.37172205438303
33033,45.999978975481284
33034,46.78600308554832
33035,48.140576380845616
33036,49.352901699169294
33037,50.59855384533215
33038,51.73767597841925
33039,51.401896137948505
33040,53.99712686405005
33107,43.03468482318554
33108,45.81982655283619
33109,48.61512942907581
33110,50.39789864737314
33111,50.979152426569065
33112,53.21458531493231
33113,52.60357983630401
33114,53.226817840034904
33115,56.19345400361739
33116,56.15437932058687
33117,58.703362627652425
33118,61.918713178133416
33119,29.208892439856736
33120,33.76951677280706
33121,36.309784311171725
33122,39.471284000231535
33123,41.38487731664135
33124,45.636706315739325
33125,47.314635966417825
33126,50.40322581335754
33127,51.645583950869785
33128,52.45974444108056
33129,53.98552939905932
33130,54.870903541904624
33135,26.86013832327677
33136,28.33653152679243
33137,29.671456628851963
33138,30.31590911794445
33139,32.169124747050155
33140,34.47154613679835
33141,37.41917301659199
33142,41.82372519511874
33143,42.91912408256261
33144,45.045037699064366
33157,28.818195457106338
33158,31.172671435878023
33159,32.283883312520665
33160,34.90998275503137
33161,34.45496011869379
33192,10.553501586435555
33193,12.75889890349625
33194,14.635144221919825
33195,16.145419775615913
33196,17.34924014512798
33197,19.620700945658903
33198,21.669739079906595
33199,27.479121129282454
33200,30.824897267468238
33201,31.34419025632284
33202,34.338399137146716
33203,37.06640126696906
33204,24.468055858802217
33205,26.128061671307602
33206,30.385058594175195
33207,32.299278113625675
33208,35.700184805714585
33209,37.74209688399625
33210,38.33828539063741
33211,37.32362533084366
33212,38.61917488920651
33213,39.80400750382423
33214,41.164980647407226
33215,42.024338185031134
33228,14.134711784841338
33229,15.229013747456175
33230,15.614922829832272
33231,15.993972886124379
33232,15.785814421338262
33233,15.128403993155008
33254,16.9777763474686
33255,22.511388632990695
33256,25.58053638759358
33257,30.599630865466793
33258,0.0889525830391035
33259,0.6543978966464888
33260,1.9225207601139593
33261,3.011906467202836
33262,12.749917069489088
33263,14.131513765826227
33264,15.441949295063598
33265,16.400597853494777
33266,17.13358857384187
33267,18.025283414368968
33268,18.660834674508347
33269,21.029326196340097
33270,22.87399571863717
33271,25.820589086531715
33272,29.22302375246906
33273,29.981635875271518
33274,14.391709369889446
33275,16.94392305647613
33276,22.97509593534308
33277,24.278947868010665
33278,26.16783944887313
33279,26.170907050274717
33280,28.16165397497061
33281,29.737294718778866
33336,36.621215532387836
33337,39.41764222078952
33338,41.449759015573235
33339,44.70006057737148
33483,3.880461638933921
33484,4.850281903774598
33485,6.802196591204601
33486,9.019199752697926
33487,12.813892074979247
33488,14.584931815933611
33489,18.105685999430857
33490,21.401221467392617
33491,35.698471372532694
33492,40.246418826294054
33493,41.11269235868758
33494,46.36256254611705
33495,49.979777826902264
33496,53.80432775400503
33497,52.4886842479659
33498,55.853368596643705
33499,57.29363102939125
33512,28.74140493684148
33513,29.794408036585487
33514,32.71853869707014
33515,37.053892512569426
33516,40.86661487954891
33517,41.89856868561799
33518,46.705336586552804
33519,48.11672050637944
33520,50.85124958203457
33521,52.44228047525208
33522,54.38401119728231
33523,54.47791641618808
33528,31.03637404850747
33529,35.165627564803074
33530,47.466539803299064
33531,54.913555872511765
33639,4.99978508525839
33640,7.565604710613049
33641,11.09770593476847
33642,14.471170865676504
33659,39.33978413174534
33660,44.79485636776145
33661,49.081169816159296
33662,52.79800280280364
33716,33.28907035351542
33717,37.71970800311392
33718,42.22848186846069
33719,43.6251785675526
33720,43.35956980604099
33721,45.73038439001867
33722,52.28396371333226
33723,55.421036759391896
33724,58.59414881416326
33725,59.04094127846325
33726,60.60863580688414
33727,63.438727296746684
33958,14.531185991158642
33959,17.303176475596405
33960,16.327542244439424
33961,18.993999194327966
33962,18.500523637863616
33984,10.334798414754346
33985,14.931326279293078
33986,17.725638494584377
33987,20.021930909695744
34035,1.066120593826724
34036,1.1594733970697242
34037,1.7688859950803952
34038,3.111242790457762
34039,5.911377536212762
34040,8.66934688104008
34041,11.429506590290403
34042,12.504755814373041
34043,14.03406582920707
34044,17.587948511847284
34045,21.273717124020482
34046,26.66904995023744
34047,57.53039947449029
34048,62.13804133921021
34049,65.92214010381353
34050,67.76605291967492
34051,67.6139602715622
34052,68.35912824964478
34053,68.39451694016957
34054,70.53172009242935
34055,73.61172901784894
34056,75.33236313970512
34057,74.91610491280031
34058,75.29864916651998
34063,29.365953318234425
34064,33.48150973356018
34065,38.592234959119104
34066,42.29242845065487
34067,46.267002935302166
34084,8.810531281890182
34085,10.27492879237975
34086,13.942545509027
34087,16.71953967117995
34088,19.35344782593256
34089,21.179630266921787
34090,23.796412394469446
34091,27.322347494542782
34092,32.1369637075134
34093,35.96733334070209
34094,38.9468447208482
34095,39.90711652573556
34108,26.667348776726715
34109,30.03378637972754
34110,30.223749808171384
34111,43.556203608995624
34112,45.22937855648902
34176,16.962891903230798
34177,18.423231534109608
34178,21.365294716825108
34179,23.717760663285762
34180,26.55051175747393
34181,28.56867595618442
34182,30.48806260231562
34183,32.73933564489446
34184,35.541541027007966
34282,13.087162759670772
34283,13.48074847375645
34284,17.147380336719333
34285,18.395989473710976
34334,8.250610814906443
34335,11.944061653309678
34336,17.246279232190368
34337,20.48547773771363
34427,45.075613873965274
34428,46.02418989764379
34429,50.02630356478822
34430,51.12711605062076
34431,51.85167527540237
34432,52.424559293602556
34433,53.4702767624192
34434,30.19508854155395
34435,33.217337618564805
34436,40.6956982504842
34437,46.74265737581414
34486,29.362324998522887
34487,33.00596620709708
34488,36.41377199685578
34489,39.010261667910456
34490,39.29377875950943
34491,40.31370811199679
34492,40.69455408508197
34493,42.62373118664166
34494,43.21209234671476
34495,41.39678350545686
34496,44.14260874855345
34497,46.411019853377084
34538,0.4792185441959516
34539,0.7295834168032787
34540,3.776513306376714
34541,7.113198353221611
34594,36.13588086146599
34595,39.03305759703282
34596,43.19415166819722
34597,43.974420636007096
34598,6.292150219606608
34599,7.698834564089216
34600,9.033393061361597
34601,11.81709991275439
34602,15.399422003202835
34603,17.020589703488675
34604,18.99331432119491
34605,20.79161131723934
34606,23.266142445570427
34607,26.12070352677697
34608,29.59656413212064
34609,34.219347222304975
34610,24.492110729481702
34611,28.282057200045365
34612,30.79356810005974
34613,34.09370872734079
34614,34.89016876408425
34615,37.40624943676683
34616,37.34098634485991
34617,10.618880968187558
34618,14.075426813223995
34619,17.988347053482926
34620,20.9949691440927
34621,24.968371677900443
34660,10.588881922045342
34661,10.159902910143252
34662,15.005757773384255
34663,16.996892136477726
34664,23.908875861658935
34665,29.649322030836004
34690,5.095430691648548
34691,6.626496080434805
34692,9.07388904581675
34693,11.11978819160124
34694,12.017489300042236
34695,15.223465198226354
34696,20.127244169950025
34697,25.106639718034188
34698,27.418514376257654
34699,29.934335705436034
34753,7.995345813313186
34754,13.383667378473296
34755,17.86865579289855
34756,25.54613318782385
34757,24.808284903489486
34758,27.874951409301513
34759,33.360066633627426
34760,32.64284828286129
34761,38.084183268032056
34762,37.00710793758158
34763,40.43444644756978
34764,39.55806434864551
34806,10.945270721348214
34807,15.910443036308738
34808,19.59071849731429
34809,23.781842293052435
34810,28.026626666355856
34864,18.045443445344702
34865,23.595810962194882
34866,26.583374159250344
34867,30.010774026457
34874,21.283911648315843
34875,24.96052232527857
34876,27.771183929976313
34877,36.44929018677768
34906,27.295507829076747
34907,28.585958064700073
34908,29.763990660449206
34909,29.42260959442258
34910,31.836381392611564
34911,33.77792061020981
34912,35.11486703639269
34913,37.91693881851061
34938,39.97212038064399
34939,44.31248170847239
34940,44.09315158873344
34941,49.59647893823055
34942,54.2317831198759
34949,17.373761512271543
34950,20.555415673825813
34951,23.561205172998474
34952,24.363384960910413
34953,27.663084670734996
34998,38.46752922585371
34999,38.00855227168407
35000,39.921643752962105
35001,42.76784061278323
35002,45.60021997274409
35078,43.629608795491336
35079,46.1124157401001
35080,48.602669605650625
35081,48.047039763973956
35111,9.595664249601661
35112,14.910340619045334
35113,18.51426973602281
35114,21.432655772788376
35115,25.3643546947306
35116,28.67806972067823
35117,31.836123694237415
35118,36.825707431837074
35119,39.53274114351168
35120,39.86234372333349
35121,41.99792993205813
35122,45.90806821893626
35177,34.341815089009906
35178,34.42514864154986
35179,38.25321304792122
35180,42.28452502129839
35181,49.07997752726644
35207,23.204078238925824
35208,24.4313145082119
35209,28.59828606191302
35210,28.1141971345614
35211,31.033134871703442
35212,33.03159661602224
35213,36.102890115250005
35214,40.175029160907684
35215,44.60131658678982
35216,47.500245827956164
35217,49.61350436946983
35218,50.236550980698574
35277,44.11215643182632
35278,48.45352960941107
35279,50.82950426447756
35280,51.49146400208169
35281,55.47967085286069
35282,58.91667817124805
35283,61.77886548780232
35284,63.50985124319008
35285,64.63695846340117
35286,45.245123177292115
35287,44.947639480876845
35288,47.029805171888384
35289,49.70143484916481
35389,23.212739874161464
35390,24.29830078201544
35391,25.4898122656953
35392,28.510822230511053
35393,30.492244212693976
35394,31.1820172653589
35395,32.745532029368356
35396,32.1752944175489
35397,34.288864034342524
35398,34.63599172780511
35399,37.133756747525894
35400,39.7149241295725
35401,28.39464895242137
35402,31.98267687923081
35403,35.42642562905958
35404,40.4121789015352
35405,43.890402256529725
35406,46.39461360295613
35407,47.726042045770846
35408,49.723342410138194
35409,51.998792888595105
35410,53.77422661531491
35411,55.54712510466609
35412,56.337506998337325
35438,31.132900478255653
35439,32.625511931788665
35440,36.826610281544895
35441,41.933813233558055
35442,44.96887998590945
35443,42.35800364248131
35444,44.031898578557744
35445,44.20456329581399
35446,47.9535741819765
35447,51.589516867431506
35448,57.94439199757336
35545,54.94383613026213
35546,55.87191366787149
35547,57.59595031650495
35548,57.56989318444297
35549,59.286612846060436
35550,58.52910454548375
35551,60.04171238374023
35552,60.14789235864798
35553,59.74828222498839
35554,62.16723275495074
35555,64.85401361493828
35556,66.0185702399148
35557,29.81762862202251
35558,39.12547140818887
35559,43.309814648468816
35560,45.41198587177966
35614,39.47925293926191
35615,49.18393038797156
35616,52.463272084251514
35617,56.24621508400505
35618,52.055431876227125
35619,52.94705228327829
35620,55.428263199896875
35621,18.24236647858573
35622,20.07778230645501
35623,23.545377227087673
35624,28.47022590466466
35625,29.137966725879785
35626,28.4175748244029
35627,31.221861086731526
35628,35.49826041024996
35629,36.70331036780756
35630,37.35184588981479
35631,38.86047552242303
35632,37.90713772842269
35676,47.978251304988284
35677,50.549106644073355
35678,54.290074809529735
35679,54.76770727038324
35680,57.23383031962818
35681,57.108353904994466
35682,58.73604947177921
35683,59.47158292818879
35684,61.15283462782204
35685,62.13150170163019
35686,64.35187650440325
35687,65.00722319349379
35706,23.931145477135964
35707,24.42365404887393
35708,26.423900252337738
35709,27.84168874926062
35710,18.017525376857613
35711,20.556775295719973
35712,24.28396575343226
35713,25.4712884704914
35714,27.82606558028339
35715,29.059715332601588
35716,32.40111318733182
35717,36.8484816195421
35718,23.56710310143594
35719,28.56513436855601
35720,30.582174754917617
35721,33.18331573286349
35727,18.383498213466844
35728,23.791695013259577
35729,24.706540224347446
35730,27.77635843628419
35731,29.990807608817477
35732,34.51586549060646
35733,35.35590524684176
35734,37.50007807136505
35735,38.27641204450261
35736,40.18641093913867
35737,41.97402981388586
35738,43.71269143553576
35745,13.841857619061079
35746,12.534852706312861
35747,12.388632904063206
35748,13.253346843475413
35749,12.33568320666823
35824,18.73393959975797
35825,15.751505045110633
35826,15.948717437379907
35827,14.830844240270173
35902,2.128764321330067
35903,8.749988740518502
35904,12.051117455308306
35905,18.048862287213115
35922,19.079151579529388
35923,21.622581762373706
35924,23.430428708851473
35925,25.706293255910953
35926,28.625182447116895
35927,29.74177820536397
35928,29.938277321533985
35929,33.95050022266509
35930,35.172471291833475
35931,36.166584765012736
35932,37.919793356818296
35933,38.18347054524082
35974,16.688407278426315
35975,17.60267971027457
35976,20.083208062818546
35977,27.03294530618882
35978,27.825648846893067
35979,31.569151910498523
35980,33.556782065683876
35981,36.66037988121549
35982,39.04718690070905
35983,42.4897605052129
35984,46.55674561995433
35985,44.895108137492414
35986,12.113473948365476
35987,18.077642236511434
35988,22.839811048490944
35989,26.68574657728913
35990,33.62886910699903
36068,21.393310669204876
36069,24.365530253507256
36070,28.697361908665943
36071,33.12615483127092
36120,33.49543470203074
36121,38.7366661131072
36122,44.26463900950682
36123,49.8152398390888
36124,56.03708323385952
36137,18.626843250755055
36138,23.40249986297502
36139,25.472930533893173
36140,26.522484161699754
36141,31.29829304327642
36142,34.41427588243117
36143,37.37056984076851
36144,38.76654026824989
36145,39.98111037623212
36146,41.5177323000457
36147,44.07217304856012
36148,44.92151511005308
36192,36.89478464328754
36193,38.59211761515471
36194,41.268279735656336
36195,43.90547257981837
36196,45.88959598418031
36197,58.55493103413188
36198,57.667897702705865
36199,60.6867891531007
36200,62.4750105544462
36201,62.26558909426865
36202,65.69911852264626
36220,25.575208210475964
36221,26.028073323294556
36222,28.4752039477416
36223,30.824807515558195
36224,31.05678528399269
36225,35.554792674457815
36226,39.78595576763429
36227,40.0246207921153
36228,42.609961306843694
36229,43.57118961283129
36230,48.44270964391004
36231,52.456735919304776
36245,44.49924966774918
36246,42.94584613472671
36247,46.56241095739998
36248,45.889547714860974
36249,45.28585868047653
36250,47.958206197323115
36251,47.69702122115509
36252,50.991838942761355
36253,50.878123743453116
36254,35.28359692494852
36255,37.36648543860081
36256,38.5712517270791
36257,36.73417333176506
36258,37.92994489784779
36259,38.752833936625265
36260,40.50668367986638
36261,40.50490605672197
36262,40.606900816854264
36263,43.18979380635908
36264,44.72052730284302
36289,1.0081704149878399
36290,0.8313939054110691
36291,1.2111815962846695
36292,2.238002814245201
36293,4.088986583165896
36294,8.27958413742644
36295,9.364484614928386
36296,11.447142971950836
36297,14.366850677915664
36298,15.20649157155068
36318,24.039263580890182
36319,26.166868616750673
36320,27.518759017696947
36321,31.6335598325153
36322,32.10206825961242
36323,36.05928151573622
36324,39.40097890377239
36325,43.57529566085834
36326,46.13624012782911
36327,47.0111856700773
36328,49.77135062574614
36329,51.29251713982619
36330,52.642520448224175
36331,54.99539295253602
36332,56.450001846092086
36333,61.02775581543417
36343,20.07795314932544
36344,22.709858974668318
36345,23.502772357166926
36346,26.04454648572776
36347,28.895502546869956
36348,29.703528136767012
36349,31.788996714674983
36350,35.95918348805191
36351,37.09572725914671
36352,39.67919691574521
36353,40.560726432801665
36354,42.62638230531415
36367,16.977325100165245
36368,21.030771851003372
36369,22.793067556565195
36370,24.501748023105968
36371,23.763867619894974
36372,25.64635800644705
36373,29.79639436732196
36374,33.89747584109686
36375,38.551099973326174
36441,36.496500746851915
36442,42.459975666877924
36443,41.64604474877061
36444,47.1928597890875
36445,49.86336695538717
36446,51.972155669888096
36447,56.174029855147275
36448,60.48483876291182
36449,61.760879294190815
36450,64.3654683221458
36451,65.79985274588005
36452,69.00001182817994
36453,22.05718633197913
36454,23.03415234151394
36455,32.219578127807964
36456,33.52260670935776
36457,36.67550606421466
36458,39.448790170024445
36459,44.774659851856775
36460,51.29465130721273
36461,53.63618906219854
36462,53.13681107292432
36463,57.08355826753484
36464,57.397073105169035
36523,1.7878802589833196
36524,3.830946596585625
36525,7.864274433393218
36526,16.052990915784864
36601,22.380536194782074
36602,25.778991258358833
36603,32.050368636309045
36604,33.826459196825574
36605,34.64564705331521
36606,34.63097729649102
36607,35.42900959706242
36608,36.255157090024575
36609,37.98110973451107
36610,39.18187286588801
36611,41.28604552955104
36612,42.39535744101059
36618,35.23783846129296
36619,36.00310951662256
36620,38.73209429075504
36621,41.666601148194424
36637,41.666427675644876
36638,45.48745517581289
36639,47.88200465575649
36640,52.23744514778392
36641,55.27984744179895
36642,55.23180701152351
36643,59.077529043716865
36644,60.288640187690895
36645,58.49601626977308
36646,63.66148516032017
36647,3.22079328698605
36648,5.607814890770456
36649,8.11538208170678
36650,10.435673981888419
36651,13.60619567210868
36652,16.83428202373668
36653,19.95355357066752
36658,43.562687045878214
36659,45.102865667106386
36660,47.42910190685312
36661,47.14460201718257
36662,51.70705404094897
36680,30.134576670981783
36681,34.41062237556516
36682,38.935229624615886
36683,43.29197928324122
36714,13.727991869271756
36715,17.943153487411223
36716,22.477548312293308
36717,25.89847601948034
36734,46.31761584917062
36735,49.15685369968294
36736,54.830445893911374
36737,56.30983217031705
36738,59.04453211583789
36739,61.875441978413484
36740,61.35337722699562
36741,64.85244041350458
36742,65.84530316541544
36743,66.8471521245115
36744,68.44358450567547
36808,28.888358298397712
36809,30.27482321412619
36810,32.45683494002116
36811,34.50161490374014
36852,20.359208750754057
36853,23.558737135146295
36854,25.340723491040308
36855,28.7568706284021
36856,30.592953357831504
36878,5.83062440119416
36879,8.586945854471484
36880,10.394601086071237
36881,13.911334558224766
36882,18.33302329062771
36883,22.691351613267422
36884,26.98061353766996
36885,27.501196635021365
36886,26.936155902938008
36887,26.187725208215817
36888,28.981403451821325
36889,31.492863533174432
36890,39.94115880615749
36891,46.48584968629983
36892,51.58023528319059
36893,53.80301857787877
36894,53.00915867500396
36951,28.060335651560898
36952,30.314352647820385
36953,34.814702629710816
36954,38.406534899968584
36955,39.711541061453396
36956,46.066524623009705
36957,48.21981007879293
36958,49.54277058998629
36959,47.524625360836524
36960,48.36727336930652
36961,50.93117892987602
36962,52.87397008346552
36975,34.92237704138699
36976,46.52924307325894
36977,51.49962294767054
36978,55.242104794695265
37010,3.8063839420535395
37011,4.690316698518422
37012,4.417615738573792
37013,7.15491394451135
37014,12.441470882784326
37015,13.73884770802374
37016,16.53197384127254
37017,20.432475114937063
37018,23.66916731267166
37019,25.620834494700212
37020,29.02040002314169
37021,31.333890128953435
37022,47.046732131248035
37023,50.33699799576665
37024,51.56218531807987
37025,51.97949896173187
37026,52.48874617205305
37027,54.1802451179178
37028,56.00584280566375
37029,56.93567686636878
37030,58.56758388308665
37031,60.922617267694385
37032,62.27840841925979
37033,63.70163082458815
37034,24.768614854509444
37035,25.49141239819414
37036,26.55862412429881
37037,25.202789882331224
37038,26.843703892121788
37039,27.387235140474967
37040,31.516343593764066
37041,16.60992519396897
37042,18.56338709491019
37043,21.818909058938317
37044,22.015023759472413
37045,25.02527314960298
37046,26.46571431703118
37047,29.68326292125742
37048,30.555359361154455
37049,32.87829734903649
37050,36.382149832952436
37051,37.81100456364078
37052,39.807820742547406
37053,35.28844972625997
37054,38.92513051756849
37055,44.01060881170521
37056,47.53825079384111
37057,61.28742876739992
37058,62.41489019576748
37059,64.42531872248294
37060,67.31562990439822
37061,67.24294385251542
37074,27.94501589587598
37075,34.552432687499575
37076,35.35407830677154
37077,35.51950200622094
37078,29.79513855603061
37079,33.26878553301343
37080,37.96643010040076
37153,20.990256562934505
37154,24.926572518062166
37155,28.80694029309488
37156,31.124426967859172
37157,34.144505844015704
37158,34.538270390667385
37159,36.003637195330775
37160,37.288423910240546
37161,38.760197216538685
37249,20.78443199301386
37250,25.591960671059827
37251,27.9058489822116
37252,32.0230249685183
37253,33.219147216001275
37254,37.45096841333337
37255,40.46336442945092
37256,43.24788728341266
37257,43.055059585302
37258,46.01536335274369
37259,48.201998443184124
37260,45.19546552768507
37261,7.571866804244584
37262,8.08655566361927
37263,12.041327109242506
37264,14.420742465069
37265,16.381853208792155
37266,18.824325626236284
37267,21.680947694272238
37268,24.728183094776348
37269,27.805381871310296
37270,30.264266435770672
37271,32.02516447400306
37272,32.62405783438422
37308,35.677064329509605
37309,40.16470742541044
37310,43.78266787187709
37311,46.14324378525005
37398,35.459415539940984
37399,38.063218083553394
37400,44.2649768330174
37401,47.1716582899029
37430,19.687892479797622
37431,23.087862655173552
37432,25.98272434326414
37433,28.301747809908704
37434,30.014746074950985
37435,33.07123296109957
37436,33.9718157398633
37437,35.024056152726864
37438,38.76717512005099
37439,41.55988438350761
37440,44.531860602048894
37489,34.31834018257695
37490,47.794250215742444
37491,51.53164098198058
37492,54.720293582430884
37493,52.30558601525756
37494,54.93046634169633
37495,56.386457278037064
37555,15.119998473067643
37556,14.737256199274734
37557,15.077074398959127
37558,17.6637817331164
37559,19.664113102259716
37560,23.450330811112316
37561,35.601968314173476
37562,36.84648738707329
37563,42.48035524360902
37564,53.54334938941476
37577,28.983346638156075
37578,31.354795752759383
37579,31.749385778182308
37580,36.03195009867266
37581,42.68314131033138
37653,22.663563310160562
37654,24.442577936629682
37655,26.951971498136437
37656,29.17795009698377
37657,31.92591733886338
37658,38.2095738571147
37659,48.813043525434125
37660,52.08417120538271
37699,43.17448032657538
37700,45.40746757165793
37701,47.99846178532854
37702,50.29447575325163
37703,52.7748465497545
37704,54.618706248716556
37705,56.84361336212917
37706,55.56939398482378
37707,56.950775342903356
37708,59.45348349477074
37709,60.68741842692602
37710,61.96276885220395
37756,47.66630092741771
37757,51.43674393441556
37758,54.151810087969274
37759,57.08181518272477
37760,58.19014463231558
37761,60.09111234692805
37762,60.14261997108116
37767,33.19180676532953
37768,36.084621209408496
37769,42.25706893126629
37770,45.90869847282634
37771,48.01140623743377
37772,52.28874150339029
37773,53.419723172122055
37774,57.22310411476123
37775,60.65676157115816
37776,62.836250659339804
37777,64.76142219276193
37778,66.96306095790814
37816,12.65841531278419
37817,17.24156989337563
37818,21.739465086889812
37819,24.871930306537628
37862,20.059588327381327
37863,20.047867830078967
37864,21.166758635225683
37865,22.48537626735861
37960,22.696267190447806
37961,25.027323974775857
37962,26.815517447377015
37963,29.501823642441696
37964,30.099058988698328
37965,33.97002012507555
37966,37.68240020566491
37967,41.754546228540214
37968,46.91177889526368
37969,52.18570282913627
37970,54.76653493009769
37971,57.39894968967472
37994,29.44166243976381
37995,32.29267959852264
37996,42.857415048819725
37997,50.145753071546494
37998,56.966698554514515
38021,27.111361093872716
38022,33.3068390848791
38023,34.75112607328988
38024,34.72743328396704
38025,34.894375056896465
38026,37.98700581104121
38027,42.76065663865772
38028,43.89935938757046
38029,46.644188504719594
38030,48.03015528335936
38109,27.93522253898022
38110,29.041144210311348
38111,31.723537643365102
38112,31.618218992273757
38170,23.837073329282937
38171,24.817362534521195
38172,27.748455187915056
38173,30.434568898233398
38174,34.017530443857694
38175,35.52136382881158
38176,38.29736237690281
38177,39.21150012402447
38178,42.73256103477591
38179,42.92858546990341
38180,46.196336246873614
38181,46.698894657033634
38197,29.054161841095873
38198,32.26916103485347
38199,34.174050003701964
38200,39.991198686174506
38201,41.77566546510972
38202,42.662683281223835
38203,49.303856403170826
38204,51.10862409565346
38205,54.667151689870444
38206,59.608721513042404
38207,61.84566318771506
38208,61.29495248787676
38209,64.55569495695126
38210,66.55533891740625
38211,67.39867388879978
38212,69.78256647872682
38213,69.48296626922028
38214,74.09686019393266
38215,42.76833074567439
38216,50.603897891404046
38217,55.02452067187862
38218,59.02801669542314
38239,14.821272030978594
38240,20.07914924945581
38241,29.75237576702326
38242,29.812076389797245
38243,32.109693503726156
38244,30.771714043124213
38295,16.10481751663262
38296,24.644756048227144
38297,27.779569209434747
38298,30.206540572824895
38299,30.994687892409303
38300,36.00896604133223
38301,39.588662644855084
38302,40.11077482306168
38303,42.05150425962395
38304,45.879201356672546
38305,45.29261594400383
38306,49.26464463482517
38307,51.91051816955364
38308,56.47297372043532
38309,59.56001969765354
38310,62.59128371135703
38311,63.781897600011675
38312,16.38902699502831
38313,18.455821221687568
38314,20.144993928597497
38315,21.586497383283696
38316,21.71773478789249
38317,23.383729350049208
38318,23.846198145660928
38319,25.46141288855887
38320,29.136187972848667
38321,31.71775289174941
38322,32.97382620732521
38323,34.23182351522853
38324,28.266497098207388
38325,30.465364880817805
38326,34.17961890292486
38327,38.71705091288845
38328,39.06292070842223
38329,40.9693964581831
38330,44.75492558559522
38435,28.300212830828876
38436,28.473696590623454
38437,30.371479907189485
38438,30.84793040056662
38439,33.029422069486465
38440,35.127307278839304
38441,36.54909325131639
38442,38.26600403706516
38443,38.563030637971416
38444,40.377799316541804
38445,45.499390480564955
38446,46.881386469959615
38447,34.50317700940655
38448,36.65266691648303
38449,35.410446973770924
38450,36.12492686879258
38451,37.280088323647725
38615,27.642082877254136
38616,31.783647377653814
38617,34.0621127910988
38618,36.086997670784
38619,35.290404543031954
38620,36.98759544017266
38621,39.87041659871004
38622,42.41384039477831
38623,45.4512202723198
38624,45.857024917926296
38625,49.08841035110326
38626,50.27776714308571
38627,20.455510163783572
38628,22.143571101130355
38629,24.892147971038632
38630,28.556141078609595
38631,16.360432516735735
38632,21.54347286743622
38633,29.11237722446641
38634,33.65285490498925
38786,43.32688483197569
38787,52.16073529554764
38788,59.57097309330576
38789,64.82193639119477
38790,66.83206491822895
38853,31.991730035379806
38854,36.62230947308855
38855,37.36668749398735
38856,44.45505125009495
38857,49.27292644128889
38858,50.29801907727998
38859,52.0537793971003
38860,53.69176153068226
38861,55.07341373108527
38862,55.91510422101662
38863,57.353606822062964
38864,58.73886001573378
38869,30.559557152284093
38870,36.75433517208851
38871,44.2392496512299
38872,47.149923282466574
38916,30.57620950507184
38917,32.800916566239465
38918,32.577403105490944
38919,32.25190687511622
38920,32.75836449817861
38921,36.07066564050943
38922,36.23589034770712
38923,36.91613995657243
38924,37.39707725483315
38925,37.95517817096014
38926,41.06065419493482
38927,42.54886990318191
38936,40.23898101984942
38937,45.88818886862107
38938,49.05050455641177
38939,55.20666209420373
38969,20.113410248880157
38970,22.704808816970342
38971,24.05693900575851
38972,23.260403639109125
38973,25.061056601115137
38974,27.099130475808597
38975,28.650575443484417
38976,29.59925192707546
38977,32.16292787252819
38990,4.9306975172356164
38991,9.252415812102289
38992,12.31016856974849
38993,16.55442744082989
38994,21.499856862232917
39004,37.636219917304494
39005,41.19808690637372
39006,45.112446014301376
39007,46.65186827311986
39008,49.75833586209477
39009,52.17483338035438
39010,55.41568916630357
39011,57.93238683160357
39012,60.01059018497983
39013,60.26076710128016
39014,61.15759117447074
39015,60.65112185659975
39040,20.395823410941965
39041,25.05315337672681
39042,31.746118960570055
39043,33.00775086815378
39089,32.4553762609528
39090,41.9778847870639
39091,48.85965094508529
39092,54.21485932004448
39222,18.49706888177002
39223,20.722597390537953
39224,26.577741745970958
39225,30.193996475348577
39226,36.455883266209
39227,40.01942102716268
39228,44.474103946047315
39229,44.717076639970784
39230,45.92245212007105
39231,44.77009131783185
39232,46.596213880218656
39233,47.20252603144663
39252,34.83479570265751
39253,36.669197365827046
39254,41.3035132618798
39255,44.45583794692787
39256,45.035976404285464
39257,49.06363645830172
39281,11.842185511772735
39282,15.378406466322815
39283,18.918532557675334
39284,21.698948582269672
39285,22.544184301033358
39313,13.407102667638952
39314,16.958598790825743
39315,20.87909189006374
39316,23.600188697338144
39338,26.621021124187553
39339,28.344660230460363
39340,28.908628999030487
39341,31.19930600718908
39342,33.480722731348195
39343,36.17863974514857
39344,40.53244089838625
39345,43.29375282619581
39346,45.460033640599576
39347,49.39701528078872
39348,53.95045855579423
39349,56.6021640993981
39408,20.89222580792058
39409,23.2611018215561
39410,25.66509676629429
39411,28.53041752899809
39412,34.48572342919276
39413,38.01050488206856
39414,39.670236834815604
39415,44.84103568350546
39416,44.61035755982154
39417,45.22082291335177
39418,49.01203878035817
39423,20.43463817664637
39424,24.128018203693266
39425,26.879994923438527
39426,27.97984414003131
39427,30.608404324075025
39428,32.40233574040318
39429,33.73399147788302
39430,35.63244069344552
39431,38.32269574601419
39436,27.829906279647464
39437,32.49188441799034
39438,33.02322319600112
39439,38.483062505141056
39440,42.74600094803954
39441,48.16617838011388
39442,48.62230988045489
39443,50.80259026269383
39444,53.809567681921976
39445,55.976682954245234
39474,14.122278181000468
39475,17.94769274321151
39476,24.068283405428396
39477,30.927244750555257
39478,16.42437950747152
39479,17.76817553072461
39480,20.441165430690823
39481,23.176445276775905
39482,25.082661181787238
39483,28.089835878613165
39484,31.966279424068954
39485,35.134161819203904
39486,42.47950015328383
39487,44.4158441548329
39488,48.57945839868193
39489,50.019641587472535
39522,45.988252750766314
39523,47.841114592079705
39524,50.338018241996146
39525,51.626373649548995
39537,15.395691582861534
39538,19.969514869037468
39539,25.021130722617226
39540,27.198738388604006
39541,35.64249912521129
39542,39.0053836811507
39543,41.171840661436335
39544,46.37725239480595
39557,25.33830346872119
39558,25.871729565520145
39559,28.943908079189036
39560,31.522080125046575
39561,34.38499811232013
39562,36.12862977362338
39563,39.099200488654404
39564,41.3685110744511
39565,44.12432612218892
39598,22.074180529908343
39599,25.611101196290587
39600,31.31481963848379
39601,37.95897315509543
39634,10.78930542078995
39635,11.512128281987012
39636,14.607426291147641
39637,16.550087246632422
39638,18.190297198773496
39639,19.955428414099547
39640,23.21139256064717
39641,33.15320618745675
39642,39.25394793460703
39643,44.136562018224495
39644,45.68395029660971
39645,50.07050000742492
39708,46.29665553039177
39709,48.33614569390262
39710,53.459012575762905
39711,57.449082859308774
39724,30.28406938471871
39725,32.08329074233637
39726,36.94135789600155
39727,39.44763238718825
39728,40.743431754430574
39729,42.365744563455756
39730,47.879654875245606
39731,51.36862456357534
39732,53.838795052764986
39773,38.783578731238826
39774,36.928694086597666
39775,38.50889580311957
39776,37.280151649098215
39777,39.67306129348157
39778,44.19366303233725
39779,13.717374819793715
39780,16.966069347456653
39781,22.812575466084915
39782,20.360247909653104
39783,25.031039899063025
39784,26.157931229962163
39785,30.664084852004862
39786,32.196032993351324
39787,37.434860274566134
39788,42.01977342539676
39789,46.52086419150096
39790,51.57959255228817
39803,40.12285649636114
39804,45.41712763913629
39805,52.78477290347026
39806,60.88073394224396
39807,62.943782104258005
39808,63.088764942792956
39809,64.58506806000548
39810,66.26305845779838
39811,68.20970359166397
39812,71.23210201026801
39813,73.57295804688248
39814,74.33500576137988
39815,76.56241272166433
39816,76.22009924557582
39817,77.0282930508696
39818,77.88763291597263
39819,78.4136757613204
39860,34.239535412275906
39861,36.299478374846615
39862,35.54188568116997
39863,36.87041570787781
39864,35.70841383481375
39865,40.75072660425378
39894,30.456460010936695
39895,30.46133716213128
39896,31.433977419064824
39897,31.567975500862598
39936,11.254202904551189
39937,11.126035860259304
39938,13.437454998311235
39939,15.304075483580196
39940,16.64936096485964
39941,16.801093099276137
39942,19.21487070877745
39943,20.151053222518318
39944,22.60524756693736
39945,25.63655175039102
39946,27.805875147332603
39947,36.30935834760117
39960,18.116026877998216
39961,24.563236664115124
39962,32.206512155094586
39963,37.11579150718758
39964,41.68305277019452
40034,33.55152271796216
40035,38.12687210182055
40036,41.033061856563904
40037,45.54538209248345
40038,46.13917606574258
40095,34.52344882122988
40096,38.99368340933603
40097,41.49599009578619
40098,42.694815043939485
40099,45.088443868241804
40100,47.21681872373748
40101,45.83831922155858
40131,8.949195699952238
40132,9.155007153399636
40133,9.766624849657948
40134,12.58725453848489
40135,14.16248343993812
40136,17.20022503543542
40137,20.627516225292204
40138,25.708077353915257
40206,7.7160225066468655
40207,7.8007007860147155
40208,7.780305453507589
40209,8.8612819258201
40210,8.563301415070622
40228,10.017595270460742
40229,11.99726295807746
40230,13.903991061265813
40231,16.742941094634894
40232,19.008393917412665
40233,23.90309889351913
40234,27.44771819866616
40235,29.57188595305498
40236,30.455378224206765
40237,31.339618970807873
40238,32.29588774808959
40239,33.90869235714407
40252,25.367944610092728
40253,29.494502025334384
40254,32.44165621625708
40255,40.50690646450179
40256,44.78729820033682
40257,53.49031309496172
40327,27.830192753078542
40328,31.844075525284516
40329,35.68572476922938
40330,38.87830306942483
40331,44.425947536197796
40332,49.06670299507114
40333,50.80148919697702
40334,55.281847373195035
40335,56.511233218467076
40336,58.308083645027786
40337,62.863098584883836
40338,66.11905442533256
40394,27.47228251624167
40395,30.804216225835784
40396,32.40361612138091
40397,34.52852523241306
40414,46.00921962555886
40415,48.52325584320589
40416,52.463237884252166
40417,53.77256004477958
40418,56.47030012448465
40419,57.86445851436571
40420,13.24641124709484
40421,13.953134570463916
40422,16.33196229057372
40423,18.763994190653722
40466,24.148634427406293
40467,26.002934147608805
40468,28.055087694895626
40469,30.843524415360434
40470,34.380558409626715
40471,38.96991289316687
40472,38.86683500815901
40473,39.6267732837165
40474,44.0528833159786
40475,48.01364029711706
40476,50.58519692103356
40481,37.388692731506886
40482,37.05216613661513
40483,42.69342928678033
40484,43.682590164136755
40485,47.36964551865695
40486,51.01502432823751
40487,53.83556407120028
40488,56.39832824418759
40489,60.739382874143345
40490,60.274079813692175
40491,63.4714303955504
40492,64.73944332623327
40493,28.52934117844479
40494,32.38800865211959
40495,40.7706645668809
40496,46.726474632199874
40497,49.416890969182546
40556,37.80767699592151
40557,38.37866900297827
40558,40.482376069521926
40559,42.78079214167063
40560,44.6573929847586
40561,48.87461557385647
40562,50.13594960934912
40563,50.72459395086469
40564,51.622328430723584
40565,51.504785829412285
40566,54.66677586414089
40567,56.376592893363714
40613,25.360973999447683
40614,31.845269212004432
40615,33.67104469805576
40616,37.276875420972786
40629,11.769223028765138
40630,14.857512698487156
40631,17.177973577937177
40632,20.53746777467287
40633,22.29572713247901
40634,23.50063795440873
40635,26.864323913158085
40636,30.050518174845934
40637,30.46091450948028
40638,31.67380121225478
40639,35.066198963120975
40740,7.734915957993373
40741,9.71687139105099
40742,12.496001144906511
40743,14.852547686697159
40744,17.16565732207788
40745,19.96303567692611
40746,23.316229859922252
40747,26.901208251001737
40748,29.423550034975477
40749,31.987617756791717
40766,50.332354218680265
40767,51.94991809703663
40768,53.427142736406935
40769,56.67301265114255
40770,37.53533290347621
40771,42.45063899523211
40772,43.50464992324777
40773,45.409251411857284
40774,50.39693120450745
40775,53.5635178953267
40776,56.00620153696646
40777,56.09964106951848
40778,57.475734230513034
40779,58.08943508630862
40780,59.94434295035576
40781,61.721463573631226
40837,18.52591983012693
40838,22.12738580940612
40839,25.504243242250702
40840,28.138220681046164
40841,29.544336445148993
40863,7.6036341596857735
40864,8.872937717644522
40865,12.990492731710646
40866,14.181896234498272
40891,16.273180068495822
40892,15.654858123590333
40893,18.002266215801754
40894,18.126034155546677
40903,31.854345368396253
40904,31.932400901726634
40905,35.40339718438461
40906,38.13049046363924
40925,4.259495323291252
40926,6.561914528046512
40927,8.057880236193505
40928,11.232009892980274
40963,27.489332130672445
40964,29.421827834601704
40965,31.7385947347975
40966,33.82929841945564
40967,34.26420214736943
40968,35.28753769241932
40969,35.650113995535
40970,39.20109837964806
40971,42.53160668800556
40972,44.99886742150783
40973,47.64709347365373
40974,51.5941308887801
41003,26.6447273905765
41004,28.088201742591643
41005,31.366852154273953
41006,34.05266254911994
41079,46.69980148022482
41080,49.34627033940273
41081,51.42665433471639
41082,52.61638947807505
41083,53.50077472451547
41084,54.41685238737966
41101,23.43916411900517
41102,29.414574855921366
41103,31.56209085634918
41104,33.71879616259817
41105,36.65919256138789
41106,39.06127604727972
41107,41.73054723946574
41108,44.54611410262932
41109,46.63118963375783
41110,45.83765921469919
41111,48.20307148289304
41112,48.14103612813272
41129,33.467469101144864
41130,34.87088885289033
41131,40.7535472253975
41132,43.14441820198351
41133,46.423134499837786
41134,49.15132319966904
41135,48.65853759303839
41136,50.33638413592715
41137,52.02440308706902
41138,50.15526075277985
41139,33.96383941012042
41140,34.76849276624037
41141,36.12449008490206
41142,41.62332750841658
41143,44.90528104618285
41144,44.91263609321727
41145,47.17509602832118
41146,50.22357609864166
41147,53.816318320826156
41207,11.894682571091334
41208,14.283993875942581
41209,16.544952191293493
41210,19.97072504471463
41211,22.594929363949866
41212,25.39924021388857
41236,14.445470237215707
41237,15.923440218915422
41238,18.733531548704264
41239,20.98228264513267
41268,27.92762221169964
41269,28.767353697656223
41270,33.230356360246574
41271,36.71346783972251
41272,44.517619553477154
41339,35.37436157659416
41340,35.82630142851211
41341,37.16438444737381
41342,39.85604082802452
41377,27.409882318807423
41378,31.502146042672802
41379,34.558167606188974
41380,39.588950199936306
41381,45.214295440524474
41382,48.461319547044425
41383,52.06686651270452
41384,48.858832720595714
41385,52.28804017651454
41386,56.47599962834907
41387,58.423639884254555
41388,59.35542517263739
41401,22.877897814690165
41402,28.002701986397284
41403,35.06560774492948
41404,37.33961878933377
41405,36.83267963052201
41406,39.57126034235599
41407,40.274865924308166
41446,51.38359340484567
41447,52.0955714457731
41448,55.127742243614456
41449,55.18342591029996
41450,54.02509738270728
41451,54.97039141008467
41452,55.95191691299408
41453,60.03767442045478
41454,63.526588731039205
41455,66.3580635430902
41456,66.9502376112122
41457,67.42026417305917
41484,30.412273540112142
41485,36.309593755892145
41486,45.271444153756654
41487,48.78311305608959
41488,52.53982714355159
41493,13.761508027956333
41494,14.909698426632271
41495,17.81947135802013
41496,19.276770739696182
41497,22.86285622361877
41498,26.774108596131118
41499,27.613624430980583
41500,29.716365148675926
41501,32.88876726846788
41506,31.585997622927827
41507,36.774162093575825
41508,40.76367641397259
41509,42.84947167885471
41510,2.94402611821679
41511,6.225170117430229
41512,8.831795311420795
41513,10.475739859419036
41514,12.7992065083446
41515,14.298765112146137
41516,16.973410162215192
41517,20.564941935361947
41518,23.785673587945805
41519,26.407628462319952
41520,28.074171568860304
41521,29.03609461217015
41530,2.4010654538900122
41531,2.829777844901024
41532,3.5022645882098447
41533,4.93049242768773
41534,8.26966141614988
41535,15.034092665282998
41536,19.942888952696446
41537,22.12580858409691
41538,23.309614922214685
41539,26.385028881129585
41540,27.8041470921366
41541,29.123640924016513
41559,32.55922633752216
41560,37.54652108678912
41561,39.90771853180864
41562,42.82731960058608
41563,47.19527740286861
41564,50.66562115823852
41565,52.30808192488831
41566,55.134217548913036
41567,55.65173543504143
41568,59.60665106583815
41569,62.86743674694013
41570,64.4536147355024
41579,34.54258654617958
41580,38.09007405795078
41581,41.542019638756514
41582,48.61750962526035
41595,23.339013266657965
41596,25.99090340070673
41597,32.80225996475005
41598,32.56551134223383
41599,33.6210464310336
41600,35.42909221520688
41601,37.200479946310296
41602,38.87489260294143
41603,46.4213466295959
41604,46.82439524587865
41605,50.537384496428025
41606,50.12225773858551
41652,52.327939258907065
41653,55.158062820398285
41654,57.46684211681759
41655,58.834134877832966
41807,17.805357585671786
41808,20.17237267116206
41809,22.289086231084035
41810,24.65093110695141
41811,25.794244748500482
41812,26.082889828160432
41813,29.102407154280733
41814,32.23318509235957
41815,33.13817716581127
41816,34.68458043990379
41817,36.66580632385116
41818,38.93896220994416
41856,1.5766817636207062
41857,1.637836230281233
41858,3.3278852898719533
41859,6.258710905256645
41860,9.716416339595241
41861,2.514706693814292
41862,2.6136502190337936
41863,4.9954970947134445
41864,8.317161620179995
41865,9.952567552120982
41866,10.98468864824051
41867,12.16879824796855
41868,14.856056774068644
41869,18.12620600860952
41870,20.73964357190686
41871,22.69111272979561
41872,27.11302409691932
41901,12.934013281817164
41902,16.817579272725446
41903,18.71415153089633
41904,20.540231047297972
41905,23.144722209274022
41906,27.78476897158051
41907,29.23788584268696
41908,34.2980013708055
41909,36.20079414267905
41910,37.18004998565466
41911,38.99509824402242
41912,42.45019454968618
41929,37.23810678217356
41930,40.777456761467974
41931,47.090553698701214
41932,54.87012133814219
41933,30.23964340799939
41934,32.323976580115
41935,35.716226803221346
41936,36.84410139035168
41937,37.60381657075994
41938,38.1866450625158
41939,40.78648620985215
41940,43.35262298682289
41941,45.99655835759104
41942,47.83091368797302
41943,50.20076116226007
41944,50.274478216064
41972,24.8409992444496
41973,26.320692671163254
41974,27.232592365583002
41975,29.217726618672863
41976,32.739730542448555
41977,37.02115313895193
41978,40.69526724653609
42010,42.61523799713526
42011,48.37895852686934
42012,49.43580778066824
42013,51.18627524573175
42014,53.81029991957723
42015,57.99589188164772
42016,60.430172108143836
42017,61.19896650901112
42018,64.4958741163351
42019,13.151496622467585
42020,13.452289625382818
42021,14.624452639112619
42022,16.70245893330256
42023,40.745174902324024
42024,43.380096513065965
42025,45.173125205250834
42026,48.457862128123466
42027,49.83200831122896
42028,51.331397247931065
42029,51.44940075799758
42036,5.831854812164461
42037,8.292289356728233
42038,10.166626004445124
42039,13.656218580690503
42040,15.137336637498269
42121,19.788516235920284
42122,23.329523100568355
42123,24.221563129502535
42124,26.8921453739648
42125,28.401670033169058
42126,31.1260844329265
42127,34.58531934345632
42128,37.798076876295205
42129,40.71519483215657
42130,43.24503377075633
42131,46.21598401795133
42132,46.96543788779046
42133,18.071379004342184
42134,20.116566161060934
42135,24.020950069285494
42136,27.385538838837647
42137,30.95967459104669
42138,32.50756726948801
42139,35.7207612123086
42140,36.36365690558127
42141,37.79679278769571
42142,38.20422649870839
42143,39.124443598297105
42144,43.40392466745179
42181,7.315096314171214
42182,8.150445395243993
42183,9.208542340838386
42184,11.238875750142268
42404,38.44522515632239
42405,42.763740312867604
42406,45.26877069670495
42407,48.597670443004716
42408,51.54321056568914
42409,48.23078743519244
42410,51.58908378321824
42411,52.27754507688248
42412,53.83799741078135
42413,55.86441582028247
42438,16.992654311619823
42439,19.94550576347119
42440,22.22431017941053
42441,23.781319604569454
42442,24.67209422745102
42443,27.322323365907828
42444,29.167337984826286
42445,30.286698755979273
42446,35.85633097242486
42447,35.917008549327726
42448,37.85074739584668
42615,30.478170932412507
42616,32.38493645331016
42617,33.6233025208579
42618,32.60355901436363
42619,36.3480729639211
42620,41.976758105008166
42621,44.054917803112644
42622,44.26853898949825
42623,46.15324419224899
42624,50.23957195771659
42625,52.1300437369361
42626,56.406558278234556
42639,21.683007853898424
42640,24.94443540909493
42641,26.413899601707207
42642,28.660140646278148
42643,31.218704443780847
42711,7.5060526418619515
42712,8.075607736524645
42713,10.091710111639316
42714,11.870565996689763
42715,14.324310616091065
42716,16.118159936049487
42717,17.150007038674616
42718,17.946723144427928
42719,21.228525219027567
42720,26.724135756138566
42721,30.534298826368012
42722,33.05122040409189
42749,28.917224511491384
42750,31.327056333405512
42751,35.47596449620165
42752,44.75765373589421
42778,27.32561465852759
42779,27.701230603837978
42780,29.950299382534133
42781,31.104114659476743
42782,31.73608768587129
42870,4.857092124350773
42871,6.8476651998322495
42872,8.420206816602114
42873,12.471331520098506
42874,16.04126826108205
42875,18.787338715285223
42876,21.224320790080327
42877,24.8466085542102
42878,28.49778441762129
42879,30.950393145891383
42880,33.05154967969894
42881,36.04047825815393
42977,2.888454119251814
42978,5.915300402317521
42979,11.093587731985313
42980,12.332868141002951
42981,17.87896823281656
42982,20.495742581527757
42983,23.207195175147213
42984,26.931268248316126
42985,31.066178662202027
42986,32.52551395395612
42987,34.37176494310138
42988,37.03228500951104
42994,50.26477708057249
42995,51.21820158346346
42996,56.63523420856738
42997,57.63319840580956
42998,58.76400264570259
42999,61.51652206687845
43000,64.34202975216513
43001,64.69458946131586
43002,63.93516098590631
43003,65.4866722258827
43004,65.83363920666194
43005,67.4804052963921
43018,16.228272029001683
43019,21.106664339035312
43020,26.69523524568074
43021,32.67790694772574
43038,20.420314555009384
43039,22.07975373810404
43040,23.627671411851658
43041,25.740150705559792
43042,26.622470528383463
43043,31.725734618910916
43044,33.008451200640174
43045,38.5529247786391
43046,40.184415294649234
43047,42.187425577202184
43048,44.16669488674398
43049,46.457312103657344
43050,35.42135605830244
43051,32.461540861404025
43052,32.50843261271766
43053,36.38651943056819
43058,17.779759595153077
43059,20.89474156222662
43060,22.71854969402354
43061,25.001323797502216
43062,28.235043601729206
43063,32.66482836711327
43064,34.985949331943026
43065,40.24492563716849
43066,42.093237564672144
43067,43.06940178517224
43068,43.69199545098411
43069,45.494663083195135
43120,17.89199369840803
43121,22.123987505011268
43122,24.967413181443092
43123,28.367545015020692
43124,27.28623994327961
43125,30.384238307722104
43126,32.78272075075697
43127,35.022193278712464
43128,38.373954102419496
43129,39.59028507488632
43130,41.8549153687144
43131,41.976160753517206
43132,15.007621304978198
43133,19.83791661104244
43134,26.494049518019448
43135,29.153212144075006
43145,33.31322343131301
43146,35.90627791967917
43147,40.38138774528343
43148,46.23740266806728
43149,48.30310976360913
43150,50.5092185946429
43173,23.693404809053753
43174,26.090572392575126
43175,30.411005234615168
43176,32.923736979415665
43203,42.49186536421863
43204,43.4416317506159
43205,49.44046920753673
43206,51.04773000317364
43223,21.523417598633003
43224,23.75887878901392
43225,27.07459524623834
43226,27.424372648025837
43227,30.81888296128333
43228,31.02412557376668
43229,32.67533381492346
43230,35.88860631889138
43231,35.125786089370635
43232,37.90312887401211
43233,40.16936927012075
43234,43.11706112766093
43279,24.332165392112035
43280,25.73727339884408
43281,28.939075411160115
43282,32.023308138802534
43283,35.60456910060601
43335,25.153692287961082
43336,28.847294381699925
43337,31.56408401412933
43338,33.211294871673836
43339,36.52491520889936
43340,39.68332200320854
43341,46.19275376525586
43342,47.071608236137436
43343,49.99219276361679
43344,48.64902591744183
43397,33.66364140223969
43398,36.266026511527
43399,36.05027368980573
43400,33.7120205795718
43401,35.732215225691036
43402,40.0453627639464
43403,46.961293725941715
43404,49.04251775247779
43405,51.372751430403525
43406,52.80798445323112
43419,34.3645315280236
43420,38.40923578580457
43421,40.87535777784328
43422,41.67706688022726
43423,44.735623227977015
43424,46.596479790432326
43425,48.252562061956986
43426,50.88863462086903
43427,52.25414406869489
43428,53.42438475530234
43429,53.03133660381441
43430,54.3283275799029
43457,17.889258497487123
43458,20.584122776830206
43459,22.61473089932308
43460,25.800128559125596
43461,28.60909258747848
43462,31.725691477100053
43463,33.89502721391525
43464,36.689894735503046
43465,37.73946826094671
43466,38.71511903474273
43467,38.89518430177547
43468,40.685925353089395
43506,54.70924600760251
43507,56.11725519503369
43508,58.83247905847033
43509,58.84526138390331
43510,61.059205768544246
43511,62.61128967649434
43512,61.25071173436773
43513,62.77752475544312
43514,64.87369239807478
43515,66.70273709585567
43516,65.70668437891
43521,2.6410304059376273
43522,4.34551364616768
43523,6.819310653480926
43524,8.71696272059864
43532,24.250024199797537
43533,24.814239704785717
43534,27.754543342499026
43535,28.6151611329221
43536,30.301132226258414
43537,31.76121457502553
43538,32.287406141080936
43539,33.89944070575408
43540,34.650512563548595
43541,37.48406470533613
43542,37.41321121896667
43543,39.91654029653614
43616,28.092862003512398
43617,28.89617345438748
43618,31.578788877675038
43619,31.065858939885192
43620,33.49169196612113
43621,35.30508973554887
43622,36.45059839836571
43623,38.263174049197445
43624,40.69629631500658
43625,41.84998522650684
43626,43.19530989289243
43627,43.998438168018716
43776,14.836889185401208
43777,16.287291501584825
43778,18.340826729349555
43779,21.70366298376473
43857,29.714221261667593
43858,33.99044952285029
43859,35.28086193069612
43860,36.84800284994252
43879,0.9080724041442106
43880,1.2995407054462202
43881,3.156789898819766
43882,5.005536432887417
43883,8.164880560499487
43884,10.128819434789026
43885,13.142384075280324
43886,14.936432326494318
43958,46.58475218339656
43959,49.108289238423424
43960,50.71899720073075
43961,50.2399657773228
43962,52.67675234016038
43963,53.97992293492526
43964,55.778881374228305
43965,58.39234404519296
43966,58.5238158053787
43967,65.12547609932182
43968,65.60125014277973
43969,66.33415352167313
43970,15.813403330934392
43971,19.91233386933281
43972,21.868490706459376
43973,27.23287608269347
43974,32.57658862744972
43987,22.133514474106374
43988,27.6233451059782
43989,42.050010156005044
43990,50.163764245212846
43991,34.31316787160971
43992,35.992172153621624
43993,38.896485597974504
43994,42.32203829495165
43995,45.00978547595192
43996,46.656953908515106
43997,48.25752352750719
43998,51.2936706621564
43999,52.66688241826084
44000,55.13991915157974
44001,57.034017462959504
44002,56.58700467416894
44074,29.9124095671213
44075,32.84694104906394
44076,34.854630286493396
44077,35.79038282656535
44078,36.717893289841506
44079,38.4403942537556
44080,40.09672197640322
44081,43.74561441214067
44082,47.70382243108326
44083,50.03109505958431
44096,42.20041757396212
44097,46.17588171263999
44098,48.75589434249565
44099,51.77041615959805
44125,23.313006285197027
44126,27.573691548885723
44127,29.43046196628063
44128,31.679263300708122
44129,33.884495189765076
44130,38.74626128078484
44131,38.89520862887243
44132,42.32384841047735
44133,43.722569404101364
44134,47.70176329680504
44135,50.72884997538136
44136,53.34637229533574
44188,10.56630629375805
44189,10.868098953296318
44190,14.691154116403297
44191,15.819906544668138
44192,17.672276219727102
44193,20.297338203009165
44194,27.802770917400778
44195,28.70628355697558
44196,30.123857524092386
44197,30.548109642882878
44198,33.24070688821078
44199,35.11573241588966
44200,6.129755185020137
44201,8.90744322678918
44202,11.890724807718488
44203,15.026335877142127
44262,9.930587759000497
44263,10.880468335307702
44264,13.800646494247967
44265,17.588753016137826
44266,19.026311230389087
44267,22.15021041482377
44268,23.685745537903305
44269,24.52773456425449
44270,24.223270356704315
44271,26.808066938453482
44272,28.871764542143733
44273,29.981412520921253
44274,7.573468264466207
44275,12.19053185252346
44276,13.922736680998332
44277,18.226355571956944
44278,19.382320677289208
44279,23.115149977986842
44280,27.12696719479905
44281,32.42639837660511
44282,33.36723714508811
44283,34.935869084167074
44284,35.315463843757485
44285,41.653105701619
44286,48.72514028022167
44287,50.125161721585165
44288,52.631377296448065
44289,54.8468135172883
44306,32.490635901925216
44307,41.03387084814414
44308,40.13618908525894
44309,44.367449411889055
44310,49.018180790289406
44311,50.58245502647899
44312,48.41700880334758
44313,50.34998915430621
44314,55.78200795736482
44315,54.978830128164816
44316,0.6015397446288699
44317,0.6763728220561764
44318,1.5977535710475768
44319,2.628899289996446
44332,23.46865271103463
44333,27.119865444547308
44334,27.41852286102582
44335,29.84356411393796
44336,30.894172399127665
44337,38.37827849641877
44338,41.55499806593522
44339,42.76929400515708
44340,46.349088185265686
44424,45.1933507951245
44425,48.745179977986496
44426,51.69276738872959
44427,55.47947990927116
44428,59.004080676782074
44429,59.612004509006496
44443,38.05841162698858
44444,42.090625751688336
44445,45.066339438369546
44446,48.671024958463455
44458,4.549273602891118
44459,6.309201101187376
44460,8.411874078378299
44461,12.914597931676639
44474,51.837026737224754
44475,51.06161947647156
44476,51.95168723039133
44477,46.886469224405246
44478,49.66728926865927
44479,51.7430891911319
44504,52.13438110810764
44505,50.85577457302803
44506,55.901351128370905
44507,56.45157281960574
44508,59.090778474045564
44509,59.67885281799776
44510,63.84155520163661
44511,66.40098906560274
44516,32.2095984683143
44517,38.66193994636304
44518,45.18856138467481
44519,48.03627287425303
44582,6.995378267672718
44583,11.4600061595211
44584,16.994025264832374
44585,21.67156098778756
44586,23.442052581003654
44640,48.52976542720826
44641,49.70048122005311
44642,53.483225051589855
44643,53.86367456989474
44644,54.37709980267226
44645,55.203714610789994
44646,58.381858270539986
44647,59.69444305744859
44648,61.95234422706331
44649,63.07071701712416
44650,64.2416587850108
44651,65.65064305479272
44669,32.85082532801685
44670,36.96273465046204
44671,37.68451154163407
44672,42.02113128515698
44692,43.695847361260604
44693,48.351200766391756
44694,50.134800475407744
44695,52.75365545422527
44696,56.560854117477675
44697,56.9119547611876
44698,58.655782719436615
44699,59.46732045634244
44700,62.696591013190165
44728,17.038597061156377
44729,21.5225497129193
44730,28.359830501317788
44731,30.868941965952907
44732,31.746105947739657
44733,32.73409001338193
44734,35.77905766033897
44837,18.400086592203625
44838,20.725080790265004
44839,29.281609432911477
44840,31.69372966999763
44841,30.85381501909468
44842,35.18906454481962
44843,36.313809439998934
44844,39.42125506904274
44845,41.071393107096874
44846,43.72047174756634
44847,48.18942569163672
44848,52.68027608018807
44849,53.95713214048975
44850,54.47056364472898
44851,58.411436836384915
44852,59.723810514626436
44853,27.810614641683365
44854,29.549995422449996
44855,31.50613029990493
44856,35.821307888907924
44857,36.14918482530322
44858,38.69929203375929
44859,41.11371508606626
44860,44.41356905162307
44861,43.62566524288384
44862,46.87009915125792
44863,47.520559288332926
44864,49.93251405198558
44885,30.203932481083207
44886,27.234133346474113
44887,29.774038747805037
44888,27.355833227273347
44897,49.13898778304942
44898,51.449277461839344
44899,55.89115814692364
44900,60.38091322727142
44901,61.31779117581018
44902,67.74119563631544
45041,22.277929801813546
45042,23.66591927406541
45043,26.385898301761507
45044,27.988914797129535
45045,31.66273448838764
45046,33.224850603105885
45047,33.956647416507586
45048,37.12788964183909
45049,39.40573950784992
45070,10.396997797430846
45071,10.810265738914719
45072,11.132825103787876
45073,14.613495802016212
45074,17.75289060056071
45075,29.517960346243132
45076,33.807711175942195
45077,38.891787727087305
45078,41.30711097240336
45079,46.207980492971345
45080,51.728947344020206
45081,51.652007880952624
45082,52.29905549304233
45083,56.77909315750598
45084,56.38686287358431
45085,58.43918452675032
45086,59.445744174702114
45087,63.04239509381516
45093,48.79969868928937
45094,52.00156440070905
45095,53.76441674814877
45096,55.77365174909835
45097,58.05911812470838
45098,58.82219450984174
45099,62.27194634124122
45100,61.48284534224776
45101,63.889417478201224
45102,64.10197614881824
45103,66.86186062395413
45104,68.13792429001128
45105,30.818060946844827
45106,34.77800823599496
45107,42.94057986854557
45108,47.11431074049202
45140,20.161623729440418
45141,22.707747074258407
45142,25.166320242396875
45143,29.136250298898176
45144,30.068615017785977
45145,30.52143725850268
45146,34.38375242160522
45147,35.843527160592444
45148,35.980108453713754
45149,36.167637671710516
45150,37.36287216085823
45151,39.32751158822363
45176,22.8092013950721
45177,26.84118765163219
45178,30.25646402668197
45179,38.6654969546838
45180,42.455226077030446
45181,43.01246485068439
45182,43.78486399521973
45183,43.9939793663257
45184,50.267632974929874
45185,50.258731156012196
45186,51.38836883565479
45187,49.29142668620903
45253,19.569281609257207
45254,22.55737193267275
45255,25.624405333933858
45256,28.764607012662093
45283,41.76310686477445
45284,43.81152319935474
45285,44.17934130237943
45286,48.29242211238223
45287,50.34829137395381
45288,50.742471039187066
45289,51.24159010463313
45290,52.02675363577382
45291,55.29895564342546
45292,56.71967832367776
45293,58.49287394951087
45294,60.668722466221865
45354,9.245627191267447
45355,11.132484954918908
45356,13.693593588296011
45357,16.343775399424835
45399,19.131939222985846
45400,22.830923873880774
45401,24.594415006437607
45402,27.61958651904117
45432,16.599161248437394
45433,21.49943156349162
45434,24.321628444268548
45435,27.0373670788097
45476,27.3567998184593
45477,30.0588554003493
45478,35.86807126907537
45479,40.91513132863994
45480,0.6759960076533603
45481,1.0723798009596937
45482,2.012444421066922
45483,6.919054345731415
45484,9.032757442970677
45500,19.887264061177508
45501,24.064270497371442
45502,26.76455229083492
45503,29.627159763493506
45504,27.05686911499574
45505,28.41706061331135
45506,30.7044003797674
45507,31.984207960016697
45508,34.27009978531722
45509,38.549068248650926
45510,40.038827318717246
45511,42.78537564247612
45512,42.52539122065857
45513,45.562343302471895
45514,49.87465571753891
45515,51.75272825892178
45556,23.057907188089956
45557,29.482405758464648
45558,29.252337081199904
45559,30.8761556368061
45560,26.92162452198798
45561,30.859029316286943
45562,35.00772424408241
45563,38.68020138014525
45564,32.48708820755152
45565,32.3711456781496
45566,32.87696325146301
45567,36.537824070761694
45568,41.731821209783426
45592,19.576172345470145
45593,23.480688143788047
45594,25.18998782502376
45595,25.769948990627597
45662,30.236958606473593
45663,35.83382198475565
45664,36.57127498448934
45665,40.62016887263719
45666,42.19451290613731
45667,47.91405568483688
45668,51.69370515363558
45669,53.268703809539865
45670,50.1067970917953
45671,52.46170035493501
45672,53.53850282781904
45673,56.69009939984644
45690,21.58512417806752
45691,26.614756361364346
45692,32.216444274618084
45693,40.314350119806775
45694,41.5749679706017
45695,47.872853222786986
45696,51.32198628937633
45697,54.129281953751786
45698,16.015752996606544
45699,19.69446745242906
45700,21.08069253371117
45701,23.37261172329273
45702,25.821371163696586
45703,28.796287172403055
45704,35.91258663533157
45705,38.59942881199875
45706,41.99235335674651
45707,45.98479486457411
45736,15.261079230351683
45737,17.208399313271457
45738,19.07243854542683
45739,22.238721622898577
45740,23.020085514032054
45741,28.079436438682954
45742,29.78318505722556
45743,30.509438271644672
45744,30.251155772901605
45745,31.568785860342434
45746,33.28057628187277
45747,34.323385595957866
45820,1.2512376956409386
45821,3.1528068137106224
45822,4.753691203193275
45823,7.429487928920385
45824,9.728977478766238
45825,12.71376491930913
45826,16.586065352363118
45827,18.93152827801441
45828,22.976775235171708
45829,23.841472266491095
45830,26.519696071749642
45831,31.538201780443607
45832,39.44964174222187
45833,44.98393852461271
45834,49.06308635989667
45835,53.1608625917406
45836,56.78133706870132
45837,57.4108152742214
45838,59.968458405487034
45839,61.53487144431572
45840,62.92738580622231
45841,63.51681460131881
45842,65.66491027258722
45843,66.8984788918638
45873,42.13404840876031
45874,47.50590857679775
45875,51.335815903102244
45876,54.50673810742527
45877,56.41061524125323
45878,59.56234619378726
45879,62.1043790338958
45880,63.78238861194219
45881,64.00565960415969
45882,64.34441833073353
45883,65.33712419783392
45884,69.23434177303352
45920,44.85066872775461
45921,48.07075130971026
45922,48.25806555286274
45923,52.59328474523011
45924,54.85162138269601
45925,57.87214817347181
45926,58.13308093241504
45927,60.46615808551106
45928,63.72793372185298
45929,64.16030399575747
45930,64.1121406027056
45931,62.260277679568595
45944,30.26588926355718
45945,41.10969163363044
45946,43.896647463223005
45947,45.95139334579711
45948,41.47251758334373
45978,43.80181479048251
45979,48.10150450839419
45980,52.462346995609245
45981,55.289300186402215
45982,54.289725874620174
45983,55.71492664060374
45984,56.80794165468679
45985,58.74561723303053
45986,61.01035175042966
45987,62.37795342697304
45988,62.705918469118686
45989,62.726081614256124
46068,25.282732062909744
46069,33.033749292000046
46070,36.29378183884576
46071,40.756293651837765
46072,43.285559716895236
46073,45.43810793739193
46074,48.131115322846526
46075,48.811345960852535
46088,40.75834437957392
46089,43.42659597209102
46090,44.40149075554343
46091,46.20894960648009
46092,48.761441627073474
46093,50.51046036035133
46094,49.819047867199615
46150,33.38718330478956
46151,34.240781477587326
46152,33.510701439148974
46153,32.800487687916245
46154,34.279862211406474
46155,37.16722807123183
46156,43.923627197348495
46157,47.49073665435158
46158,51.08834733942703
46181,35.54192704109015
46182,44.31024306889126
46183,48.048005434840135
46184,50.852707445314046
46216,48.147344861053995
46217,48.98455967375641
46218,48.158440053300204
46219,43.85263718349987
46220,52.68472114272182
46249,44.26260029499396
46250,48.101284613106245
46251,48.97996247508932
46252,50.220527219689096
46253,53.25959968166397
46254,54.68096195717949
46255,58.70985808862366
46256,59.81994505660994
46257,61.57890730631239
46258,64.2175370149329
46259,64.65734020277753
46260,65.50631644485404
46272,9.278445586254916
46273,12.009613509039074
46274,15.332023225257867
46275,18.13276909141518
46276,23.855198902950825
46277,27.260268032845147
46278,29.479970502758512
46279,30.0921958923344
46280,30.459431697189153
46281,32.185564958197276
46282,32.935086975549986
46283,34.921525517280074
46288,12.775429967228307
46289,18.085534341607932
46290,24.05944340435389
46291,26.795359815735548
46312,7.348991282526169
46313,10.460299209504171
46314,14.569234775538078
46315,19.39496292025442
46316,54.012268168141965
46317,55.942616074540794
46318,55.884158869288136
46319,58.298315124492454
46320,59.45737448778448
46321,58.820425562674146
46322,60.43384122398845
46323,60.762769993861454
46324,62.5831426197484
46325,63.23367065461266
46326,63.94985066190916
46327,64.41753999960619
46340,37.55866925925809
46341,41.34937521199868
46342,44.12159771559071
46343,48.56798976911055
46425,12.32252946310984
46426,15.897554552943319
46427,20.121586316931495
46428,29.225795443337226
46429,35.50988586438713
46437,32.957073246336066
46438,37.59909898321712
46439,39.317060151656186
46440,43.653448608655545
46470,18.950830389377124
46471,21.777786262237644
46472,22.97678258800733
46473,25.449493558077467
46474,27.764053175930393
46475,29.8775510909074
46476,33.984787333194895
46477,37.86639774061858
46478,42.45057449034651
46479,44.17849419927484
46480,43.53737314320856
46481,44.531353064273176
46530,31.437219415390757
46531,31.416219499630124
46532,38.49625157060093
46533,40.27477825751809
46602,34.234082377094005
46603,36.84303177285162
46604,37.74863859700147
46605,41.993434266990285
46635,23.591616452316696
46636,26.89725170910196
46637,28.60290629451854
46638,31.88612007363958
46672,21.787971261062378
46673,24.777891917813058
46674,26.855768028223252
46675,31.94557178162749
46676,33.15541021631914
46677,38.27307737093188
46678,46.87003207443936
46679,50.44892897197672
46680,18.454822082490264
46681,22.242446411995942
46682,25.68751343857369
46683,32.99648081322731
46684,34.802522999848726
46685,39.268239084371146
46686,40.749559890665424
46687,42.41162989944273
46688,44.91503382488564
46736,51.72172568304326
46737,48.90232462899373
46738,49.27940748535566
46739,48.70758282579061
46780,20.0229112367997
46781,19.36947978429267
46782,19.47712742648805
46783,24.172843003490158
46784,28.201516545698855
46811,40.20809957220193
46812,44.96518440520306
46813,48.485061045580935
46814,51.999367690389384
46815,53.422543332095564
46816,55.840323110652164
46817,58.003008220355184
46818,60.33845968953108
46819,61.38142098666176
46820,61.81334857883635
46821,63.5621296246757
46822,64.16706321674198
46839,19.17271794586066
46840,20.71517444515423
46841,23.87834458968579
46842,26.78149351986978
46843,28.854945392030043
46844,27.173811514022297
46845,30.889892945711544
46846,36.90499161303836
46847,39.17729504269478
46848,43.06770429581804
46849,45.78631822854793
46850,49.07863699687368
46977,3.0541486809877965
46978,4.083807920982311
46979,4.844673234628894
46980,7.242992616387655
46981,10.788195637918356
47007,15.90187380716919
47008,17.77917380633191
47009,19.846025434009352
47010,23.07357652796474
47011,27.399781422009152
47012,10.031844856284085
47013,15.579483950975554
47014,19.881615353655697
47015,24.542336534347392
47038,21.70456137801841
47039,22.940651837024284
47040,25.380643500208684
47041,30.37950534724724
47042,33.7258377427366
47043,36.53757665491101
47044,39.89655082890847
47045,41.25155844481325
47046,44.530315108966946
47047,46.980408194499645
47048,48.51145945700686
47049,47.39964368189065
47141,42.801964860092845
47142,49.26830595896649
47143,50.81424358036153
47144,53.958749172458695
47145,55.57811865490483
47146,58.82445367619666
47147,59.59988390647446
47148,60.018188909131155
47149,63.41570927622494
47150,68.13838669530219
47151,68.94720335811039
47152,68.4304161309627
47211,0.2247414469619749
47212,0.8186483846599313
47213,1.3854524028064983
47214,2.5129849369779924
47215,5.233975213410092
47216,7.387382223306041
47217,9.332912337663704
47218,11.292080191014623
47219,13.396443223143555
47220,15.360602205733219
47221,18.026614677600058
47222,18.60256996705656
47223,58.689466080019564
47224,58.949423050717726
47225,60.45540914556669
47226,60.87886355202526
47227,17.74029099194892
47228,22.193250557116674
47229,25.993380598247946
47230,31.446831832889664
47231,35.343215799863295
47276,0.7448948672594804
47277,2.1681258723389965
47278,8.247083693438636
47279,14.709285572692087
47280,1.1107344822098892
47281,2.266336896952757
47282,1.7491228806153978
47283,1.804715759839495
47284,3.863405337107993
47285,6.288002669630825
47286,10.402665286984554
47287,12.98749024851259
47288,15.310072756631854
47289,18.975464839373842
47290,23.905820389756858
47291,28.594416428320578
47292,25.708430286434197
47293,28.161585413169824
47294,33.75596482096963
47295,41.96371495818683
47296,9.044377269102233
47297,13.991387314177938
47298,16.865031487355218
47299,22.03328263226815
47300,24.88115479957607
47301,28.675686352405627
47326,61.379502981366045
47327,63.36188225478164
47328,67.04604455727304
47329,67.08364724717501
47330,69.79570445912094
47331,69.7629106088657
47332,71.60773250511986
47333,73.21283137262633
47334,73.85055828355362
47335,73.78258134402047
47336,74.9074186287551
47337,75.24333195945927
47377,11.984819754873607
47378,16.588414340958373
47379,17.273556415524443
47380,17.89771155769893
47381,19.244266059821165
47382,20.50234179955051
47383,23.81003819068654
47384,26.744067578616875
47385,28.084574364063847
47386,29.50166540728025
47387,31.753677363142675
47388,32.89050978063915
47438,40.698695415818136
47439,39.79384029021768
47440,39.809294594752195
47441,40.85202035089443
47442,27.369779058224275
47443,28.829813836464485
47444,32.019309236169484
47445,36.156199773958576
47446,39.260559263412084
47452,53.12011855692161
47453,58.88121553595615
47454,57.831544940260095
47455,59.3521263801012
47456,59.58378555328051
47457,61.349363334660666
47458,60.24515346327572
47459,13.593265397160323
47460,16.237029752730223
47461,17.928065035512905
47462,24.873661290900326
47463,28.645866469208293
47464,34.86185756701962
47465,38.38800413756512
47466,40.753857542787955
47467,41.011905219756514
47468,41.936243023777976
47469,45.59004030032909
47470,44.458238262870836
47490,14.035785829681567
47491,19.972281014401403
47492,25.74694464161569
47493,30.658904203614505
47494,36.25787553958232
47511,39.715379950400475
47512,44.729204946005
47513,50.11567804283551
47514,58.3628068921728
47530,26.59179055188365
47531,29.209094428443592
47532,28.839909935777722
47533,40.40552704669854
47534,37.11884616026161
47535,39.73908089890066
47536,41.649689826668826
47537,44.764495854480785
47538,46.65629588168882
47539,48.763245852117166
47540,50.5917427738184
47541,50.923671990072634
47551,9.433316257034617
47552,9.459314961255144
47553,8.883338596991678
47554,9.434691827273085
47555,12.873020748056456
47556,16.269455989890623
47586,45.49579450496982
47587,50.31573426909786
47588,57.23529501126351
47589,57.94989090212357
47590,61.310373618146265
47591,62.14546328955932
47592,63.07687916780249
47593,63.75141165000821
47594,64.41577542583379
47595,66.83424886830316
47596,68.65820534417114
47597,69.5471331162118
47598,26.950846775858917
47599,30.19071559051381
47600,31.486754965861316
47601,34.86435091996518
47628,10.496662513814718
47629,13.198968348252823
47630,15.023291596220545
47631,16.59393320747083
47638,17.73135526516422
47639,18.504915705998503
47640,19.412293192878792
47641,17.041941894377384
47642,19.624209897895458
47643,21.248295221089943
47644,23.739538276532965
47645,24.36707669771838
47646,28.081379483175603
47647,29.0528158016186
47648,31.884526543161304
47649,33.5060295694863
47697,11.012216634053265
47698,11.417222717174761
47699,12.628481149438567
47700,14.856238903943682
47701,17.67971954294922
47702,22.176459478936174
47703,27.439424731213382
47704,29.65456795306729
47719,11.928953741800036
47720,13.412961953311816
47721,15.686592213584849
47722,18.50826951586198
47723,21.768129079797433
47724,23.84943998619324
47725,25.93868895519207
47726,29.958784107837026
47727,12.004539469333329
47728,12.411235041516445
47729,16.191996143960687
47730,19.326840743656003
47731,22.569068199584276
47732,24.101182032655466
47733,25.722597573387343
47734,26.191418571479083
47735,27.928757120434703
47736,29.98638560149585
47737,31.66465840299394
47738,36.1986223680761
47739,43.47488019118769
47740,47.634339325462705
47741,50.777433157198836
47742,52.38825470899275
47743,53.425963030623066
47744,54.52733675537026
47745,57.16603860774245
47746,58.13137722920785
47747,59.16103716659863
47748,57.320577202719406
47749,59.11122012424285
47800,38.62812512328507
47801,38.72298371143248
47802,39.192368410150905
47803,37.2905400523795
47804,43.28932764700854
47879,30.098958033050952
47880,35.51221382578826
47881,39.368999160184345
47882,41.2235370990134
47895,9.483352422100428
47896,9.744100691127457
47897,13.05347529949413
47898,16.07765653180214
47899,18.646457618664154
47900,21.35354335683569
47901,24.228796506301254
47902,26.17775438360915
47903,30.310167559254484
47904,31.551705785990116
47905,32.85888661236358
47906,34.58747035450388
48043,17.463240788051046
48044,19.66453283120762
48045,23.396160671326363
48046,26.83303245441531
48047,32.5457917431341
48048,33.16076479388764
48049,36.280571581715364
48050,36.7996929765771
48051,40.200255882351044
48052,41.83946747658354
48053,43.39430812455938
48054,41.10310541657697
48055,49.416681603589055
48056,51.75035345453856
48057,54.299510180114815
48058,51.425213925058145
48059,57.121794113996586
48060,36.43576430440506
48061,37.072138232755925
48062,37.15128122308851
48063,38.13925801058343
48064,39.9131293608556
48065,42.038061428525324
48066,43.22297748139474
48067,44.741609982928125
48068,48.323189384309515
48069,51.32657726338899
48070,22.31552593116343
48071,23.534595882836655
48072,24.88227228524572
48073,27.318628336552813
48074,27.43612182991918
48075,31.17896843423356
48076,33.1806721366404
48077,35.81529184814466
48078,40.04329461815085
48079,43.51908204701091
48085,38.57296671188875
48086,43.91304311992603
48087,46.83332917914072
48088,51.5670729774336
48089,56.438059570812456
48090,59.17560812009752
48091,20.775406957580607
48092,32.280964264424156
48093,35.578399928553125
48094,38.374246520681375
48095,42.57011620765229
48096,45.16113213841566
48097,47.82934273941471
48098,50.19201545667033
48099,50.56942252312954
48100,52.80452505329362
48101,54.14020173144896
48102,57.10819358385771
48128,2.392295234438907
48129,3.5864060145732553
48130,8.059025139105044
48131,11.359307412019357
48132,14.45357569189837
48133,17.01526109558704
48134,18.83269143232085
48135,25.00129050704941
48136,28.6276117354804
48137,29.655218552064184
48138,29.82649121913526
48139,31.7864306984375
48212,25.44286473973937
48213,28.717560908959182
48214,33.17797634467563
48215,35.301020821493125
48216,40.92648001701612
48217,42.83227993298665
48218,45.41205499264148
48219,44.17122684965328
48220,45.75585583475417
48221,47.08165474536888
48222,49.67865518455568
48228,7.040204045895335
48229,8.201113361578681
48230,10.91313434039584
48231,13.25600003194963
48244,32.85184800740212
48245,33.64787143749855
48246,36.250613637415924
48247,38.0058139343018
48248,40.12982993005407
48249,42.87490469888469
48250,49.590862586649486
48251,51.1236650872258
48252,55.38574426361159
48253,57.53571317955711
48254,58.63622274399565
48255,62.38262008498401
48256,65.98437563346896
48257,65.86381383596236
48258,67.23935701076631
48259,68.47698470799575
48272,19.19636514677563
48273,22.570401067489378
48274,24.980764748404386
48275,26.025614707559964
48276,28.9355271101518
48277,29.302558802393513
48278,31.977127960636448
48394,52.57341041476252
48395,54.162453932100036
48396,55.7427769380207
48397,59.50891046405388
48398,60.58708099113693
48399,63.68394658455768
48400,64.90096730562891
48401,66.48148134569158
48402,66.87428493469564
48403,68.39999977650203
48404,69.58327385630164
48405,70.14576996961875
48406,46.792091091015884
48407,44.50818364763446
48408,46.9160804466522
48409,45.98216498064397
48410,47.0694943847776
48411,49.58664280574945
48412,53.560371825084985
48413,54.72820360691857
48414,56.093849371006705
48415,58.030919220075575
48416,51.37820256069023
48417,49.768593542476786
48418,51.796845994967974
48419,48.77501395811089
48420,51.131656441504184
48421,51.488710793477196
48422,53.91510232033387
48423,57.148391258568196
48424,58.896292135181696
48425,57.636434178713465
48426,60.00724524942058
48427,61.699046558997836
48428,11.809806057700587
48429,14.132720380331232
48430,16.704157905700313
48431,20.43010038978712
48432,22.47793832175816
48433,26.320372198160452
48434,28.66210550810424
48435,31.77207697101926
48436,31.317546955349787
48437,34.79249216147737
48438,36.628246039353584
48439,37.433987738275825
48475,3.065357404000565
48476,3.3261914699206705
48477,7.725920751924829
48478,10.023567398244188
48479,14.582654248765541
48480,17.506085191888076
48481,19.876914057509126
48482,24.30478206629217
48483,25.930873014988595
48484,27.76487568665408
48512,15.233385906469053
48513,17.605561444440834
48514,18.43924856262455
48515,17.53019639788984
48516,17.950705114901204
48517,21.518506926253306
48518,24.369669138910915
48519,27.836574475147643
48520,30.137064807924794
48521,34.24087018308628
48522,38.68062158387863
48523,43.11795685908064
48528,18.717268638073637
48529,20.491866799465775
48530,21.290976914120563
48531,23.087648091642205
48532,28.248799419908657
48533,30.70487257892001
48534,34.28932874572517
48535,38.32560324626198
48536,39.534926355841364
48537,43.415406177798744
48538,46.82490541241067
48539,50.551570625899025
48610,22.34763608416597
48611,25.787863070478416
48612,29.353037028276628
48613,33.1198829112825
48614,35.133504152677155
48615,35.087401107740845
48653,14.452177586649222
48654,17.04556094549788
48655,19.699538356247533
48656,22.518484732977505
48662,11.086063749087966
48663,14.35726037475593
48664,17.753130809403082
48665,19.73731371591918
48666,24.652284477521782
48667,28.043823643384364
48668,39.29104501737554
48669,45.800913961728796
48704,24.8217684663621
48705,29.89991737172927
48706,31.873987901613994
48707,34.20222451236624
48736,15.092556006694034
48737,17.298918713572306
48738,21.0081857577234
48739,23.59782902351657
48740,26.153450500840563
48741,30.81284104046599
48742,34.266625021216804
48743,37.31919620426514
48744,40.49813016758805
48745,38.801169212136884
48746,42.20758338141802
48747,40.109480705340346
48748,37.29490213437279
48749,38.45988933810346
48750,41.177161124223844
48751,43.90679422156007
48752,47.15913654991556
48753,50.3328488943201
48754,52.907561898525
48755,54.578895725460804
48756,55.04199765033381
48768,56.10100919941219
48769,57.471134323023605
48770,59.69150850242456
48771,60.57502818399769
48772,62.67469809384812
48773,62.92317167676462
48774,65.43381845545304
48775,65.551696311254
48776,64.97486564810251
48777,66.03208220683055
48778,67.66938248718583
48779,69.3070377647498
48828,26.73552158183645
48829,24.993621532858164
48830,29.095195022226005
48831,28.14103381813327
48832,18.546083471532818
48833,22.277481934863925
48834,24.895339819104862
48835,30.31082726885082
48836,33.545866154145564
48861,25.900688214988957
48862,27.415471798086024
48863,30.425528357476885
48864,32.22855065483857
48865,35.289129309051106
48871,35.10859376501749
48872,39.10630481278622
48873,41.902553162915936
48874,46.9444385844753
48875,51.912913133225665
48897,11.143758105688136
48898,12.603962458224368
48899,14.920795107379831
48900,15.952186738592426
48901,18.314052532651477
48902,20.259474717166654
48903,24.83052852474038
48904,26.534769602316903
48905,32.74661719150741
48906,34.59809543746953
48907,36.273555284511474
48908,37.99096080547422
48918,13.21703601472351
48919,16.999346915802313
48920,20.10814411671403
48921,22.829925247436293
49051,25.13247912203456
49052,28.77093991047341
49053,39.18541776782011
49054,45.225290437196904
49055,33.76062793045798
49056,36.32768385322888
49057,41.67249162842396
49058,44.2329405775243
49059,42.391200966576314
49060,44.12246651374301
49061,46.00338479574006
49062,50.78317461477125
49063,55.48443495824114
49064,57.44083863062542
49065,61.42416789683116
49072,7.466019819351374
49073,11.903201995699723
49074,14.2061646850192
49075,16.192230023761898
49102,29.22376895501676
49103,35.77729915542554
49104,41.108416071431726
49105,44.17871094867947
49106,48.269398717764794
49107,47.9235783260702
49108,51.55271343966149
49109,52.29352183954637
49110,52.3621295649859
49111,53.366641773962684
49112,54.57241185579598
49113,56.07562915537291
49126,24.8689809081122
49127,26.49436625302501
49128,28.13561934025814
49129,31.836025624387368
49130,33.573454387401185
49131,37.36279041301469
49132,41.1845244553869
49133,43.17494513825251
49134,43.518604518587345
49135,47.02356915794057
49136,50.38754892515169
49190,34.19187578654818
49191,36.53539439986534
49192,39.560162905987035
49193,45.07986266015171
49194,49.09100231595596
49195,51.73558383480167
49196,52.01765523613881
49197,53.10770055312099
49198,54.354849042393674
49199,55.35002986825225
49200,61.098636390850025
49201,61.5657618222216
49212,31.477274029598163
49213,33.650719162107464
49214,38.519012956236594
49215,43.437543445634326
49216,46.53249243941251
49217,50.572161680406786
49218,52.37154522726316
49219,53.21742573706929
49220,56.11091805418933
49221,58.764700871763296
49230,18.955937803447153
49231,22.546595646683965
49232,25.162711204942365
49233,29.49456047145315
49234,34.49077550860967
49270,53.86640508555249
49271,54.67296306551873
49272,57.24996296472526
49273,57.8968142556468
49291,20.39819989021641
49292,24.609342611290366
49293,32.78322673034824
49294,36.712243095766475
49342,18.74305904807243
49343,24.160317276948014
49344,25.277024143459336
49345,27.22248562299752
49346,26.915114248444137
49398,7.893005547097646
49399,12.675887441375483
49400,14.894110126324824
49401,18.306053651817308
49402,20.06879144633278
49403,22.12680710850572
49404,23.683618579895388
49405,27.85173228287522
49406,29.05050716066029
49407,31.2212765830214
49408,33.36601411850678
49417,21.843600983956577
49418,23.818184813608124
49419,25.517363208410295
49420,27.28063756452058
49421,26.51178503968663
49422,31.030597759776906
49423,36.23759241128475
49424,37.666124283691445
49425,41.11731039312283
49426,42.96195194925406
49427,44.856213169719084
49428,47.47521796455525
49429,66.25255970546587
49430,70.61283747093218
49431,71.94921684459032
49432,74.53623718340627
49433,15.008977143730371
49434,19.645473087179536
49435,24.50097933632366
49436,28.29277102640907
49457,23.07787815969012
49458,26.553607257004224
49459,30.35241997430643
49460,35.68869270206217
49485,44.39654906250415
49486,49.931195825957865
49487,48.511719726983564
49488,48.90569128199787
49489,48.80825993610277
49490,51.14188952031585
49491,55.13772720578295
49492,58.407361696973894
49493,60.12114545661923
49494,60.40733639859137
49495,62.78796288510007
49496,67.75756164718572
49497,40.85748459300254
49498,45.4389313484635
49499,47.30511756498023
49500,48.193149582132165
49501,51.72480867351233
49502,54.43170684334683
49503,58.02519095417904
49504,58.81328165500372
49505,60.6579017393311
49506,62.48020631615113
49507,65.07318824252246
49508,66.62886716123037
49585,18.70178375447399
49586,21.930911519896846
49587,23.3769763114785
49588,23.93630282000948
49589,25.673056694078497
49590,27.29707188093865
49591,29.971815965540408
49592,37.9959863341545
49593,42.946768148049344
49594,44.47877915721291
49595,47.35296295671397
49596,53.498024761388095
49647,5.164959022216321
49648,8.520681474596604
49649,12.313992754527684
49650,17.02596689542165
49651,19.86786889659023
49712,39.886742741404916
49713,42.32050683744649
49714,42.001305406464425
49715,43.59960864791066
49716,47.403493807115524
49717,52.786559826271926
49718,54.37920959337289
49719,57.48186101963442
49720,59.655329460756704
49721,62.14686923309
49722,63.821701548501565
49723,66.17952443111149
49770,42.72436019177694
49771,44.60741434825565
49772,47.58777037698642
49773,50.94948379391119
49774,53.082787227694666
49775,57.311718834128285
49815,16.7705345029622
49816,22.47063000170557
49817,24.837222096547578
49818,26.098181894033388
49897,20.231480743174735
49898,24.261474242591795
49899,26.936389447850694
49900,32.1945530528933
49901,41.311548196313794
49902,44.653973174612915
49903,47.337442423355455
49904,48.37940851610809
50004,2.6020234461735745
50005,4.061414768947174
50006,7.172124009500007
50007,10.986552103354551
50032,24.776888502369125
50033,27.881735267867395
50034,33.212974261620296
50035,37.941642920774015
50036,24.640052770021022
50037,28.986463171325727
50038,31.47382522452682
50039,33.20417128258073
50040,36.828385030098445
50041,38.99699383138788
50042,39.87812777172055
50043,42.129632576662154
50044,43.56162072394842
50045,45.029751420812985
50046,46.2616901925673
50047,47.895209758866045
50096,51.257830981468956
50097,56.88512924424212
50098,61.14808838332298
50099,64.86134015984358
50100,67.49453741097506
50223,44.30315648679645
50224,48.58040116626944
50225,49.5215266214274
50226,54.51359957866583
50227,56.806578546540415
50288,21.40468268238471
50289,21.674127415454283
50290,21.37750188432162
50291,22.73918992321991
50292,25.766410662509948
50302,7.745230390437989
50303,10.02994889511032
50304,14.87955484527227
50305,19.791595996572415
50306,26.79563571144258
50307,29.059875532338292
50308,31.48675835507408
50309,34.67772220549259
50310,34.75375923983521
50311,35.86345033057895
50312,37.70380913413273
50359,29.191538029680977
50360,30.513658315470565
50361,34.834974141281194
50362,36.82512397988758
50363,20.774535738217544
50364,22.941372834863856
50365,26.681923516212258
50366,31.696356176160105
50407,22.967758193966198
50408,25.482975287804198
50409,28.27866414961963
50410,30.096834794724707
50411,30.616155354597744
50412,33.05612476448725
50413,33.04595465031749
50414,35.596796486075135
50415,37.64464235076231
50416,41.655766438612744
50417,43.4828659387788
50418,46.6350780244117
50457,35.543861670650585
50458,44.32004507434526
50459,56.90646038223558
50460,60.63461172240676
50507,17.634624020377043
50508,20.804819344617943
50509,26.72913976210659
50510,29.580675782614584
50511,37.89529614269266
50512,40.36198000598514
50513,44.889480220329844
50514,49.15792187124186
50515,52.155967558369944
50516,53.35719454636336
50517,55.52347415777973
50518,57.568697377837076
50519,57.641277986359626
50520,59.14490920025047
50521,60.48591472554822
50522,62.711121134535404
50558,25.952744569702258
50559,31.096046857235933
50560,33.29175056437955
50561,35.61481478919155
50635,56.18607300086876
50636,59.86222254814468
50637,65.90739799161729
50638,62.81497883238141
50639,66.44882292602472
50640,67.35488246412535
50641,66.11893101743856
50642,70.10569068049509
50643,70.6492318561525
50644,69.12747401712627
50645,72.63335313347072
50646,74.57773172447328
50656,20.602885613534344
50657,23.843114596299884
50658,28.847463238199566
50659,31.365325473847406
50660,24.718877529692783
50661,26.119198694469482
50662,27.888856796854697
50663,29.987920931623982
50664,31.167439401734704
50665,32.32850530789328
50666,38.312320185880274
50667,41.638410283233455
50668,44.85665741877185
50669,46.23299931661036
50670,50.49612943419875
50671,54.894889093460314
50686,22.372318406665855
50687,26.381286863747953
50688,26.875884987801925
50689,31.88057580825212
50735,8.807787782588573
50736,8.851674656619794
50737,11.150310939399953
50738,14.454648968544257
50739,16.442526390731803
50740,17.451335465509967
50741,20.179072549051746
50742,23.581373031727036
50743,26.787911052810596
50744,29.263227917220195
50745,29.829240157544593
50746,31.164570351635405
50752,33.06843421968476
50753,34.950894187887265
50754,41.56186212970722
50755,42.19643375601631
50756,41.54244322600586
50757,44.06239765667413
50758,44.58991984837426
50759,46.47193770168459
50760,49.27451124362197
50761,50.98755223421622
50762,53.460055521020614
50763,56.87324567524179
50768,6.4769080892194655
50769,8.655572683956011
50770,11.275388207163871
50771,14.900329727968176
50772,16.69404594268458
50773,19.23379424991571
50774,21.0502951369683
50775,25.90743601052362
50776,28.070920976518813
50777,28.430885736066568
50778,28.060229229637724
50779,29.291866721841018
50792,47.16496729813825
50793,50.44063433417874
50794,54.67269207606324
50795,56.667509791074714
50796,58.403749685952654
50818,29.38878697703806
50819,34.804853342854294
50820,36.86136083027547
50821,40.700692684044974
50822,43.52024879853625
50823,47.23274912340737
50824,49.00695878059086
50825,50.72908350564573
50826,49.84014978597283
50827,50.66214544176132
50828,49.28893967396738
50829,51.22122345387263
50848,45.57612758943054
50849,49.75141028830984
50850,53.007258208575855
50851,57.68959080062399
50852,60.01466146267412
50853,62.01624036358974
50854,64.10063511823498
50855,67.73859941778484
50856,68.05203526627709
50857,68.28377844325317
50858,68.04414797703969
50859,70.10263599011117
50860,33.19563346660421
50861,35.90588757963851
50862,37.598530305039446
50863,38.845152766633156
50864,41.85334686397695
50865,47.19417801115621
50866,50.560899612474564
50867,51.31060519948393
50868,54.74289417090472
50869,52.11785611104872
50870,55.33397321985748
50871,57.21634710130684
50890,18.376586030995274
50891,20.377832613235075
50892,25.741995519911747
50893,28.916801571904067
50894,33.683140635828906
50895,36.092212973228676
50896,37.57240194546839
50897,40.05564775958046
50898,42.33248527190237
50899,42.51401469172353
50900,43.722372448992054
50901,45.754891962646994
51021,35.43536185926081
51022,40.929604052963825
51023,40.76265017421042
51024,41.52413540896511
51025,43.301372621026964
51026,48.56969523441468
51027,53.16573667552244
51028,54.342778599316446
51029,56.96488483818439
51030,59.00784571476775
51031,60.81992568151384
51032,63.000248363264426
51088,44.4261298469701
51089,50.64179470313611
51090,56.53799340502926
51091,61.68687883653206
51111,22.599043453085635
51112,27.254074286424945
51113,32.6557086819805
51114,43.05299512112464
51122,39.60022822455335
51123,42.831275774836115
51124,44.00701421377623
51125,48.89441107739574
51192,13.010204263886028
51193,18.153278829481273
51194,24.495075508423838
51195,36.34133877048367
51204,47.64897564639778
51205,50.5652326003695
51206,53.7446801534938
51207,56.068075343994735
51208,58.13681947447319
51209,59.38111599961699
51210,59.987878323562164
51211,60.95900385125526
51212,62.89842969017509
51213,63.595640264616556
51214,63.832384654418526
51215,65.59090842779008
51221,12.60554066576395
51222,14.010052005581874
51223,18.551635744379386
51224,20.310325894321384
51225,21.930656337629156
51226,20.536067424301915
51227,21.851011974350246
51228,23.71474640838134
51229,27.472239006890753
51230,29.152682846793947
51231,32.81230112572632
51232,32.88722387291898
51334,9.090049769873794
51335,12.362056042384335
51336,14.15783965425725
51337,17.267426014808947
51338,18.45305272220627
51339,21.984633198774297
51340,25.07090765914636
51341,27.992727151991676
51342,32.79927759417571
51343,37.43095042971966
51344,40.66534277983986
51345,42.90078476293097
51400,13.018497392601528
51401,15.514742963436074
51402,16.672265303989
51403,20.82885087830319
51404,23.523782575148054
51405,24.574567490808704
51406,25.12923608583653
51479,17.510310277061315
51480,16.569025323799348
51481,18.21754766198268
51482,18.62770455084101
51541,19.121516051574105
51542,21.885228752461426
51543,25.60218961828703
51544,24.618334112960405
51545,23.85323662137271
51546,24.31398926031573
51547,26.17982075510322
51548,30.14697273468055
51549,33.00318040060459
51550,34.514675769193076
51551,37.55557732498305
51552,39.75752474471277
51577,38.07737126994772
51578,41.001599046287154
51579,47.84507530093388
51580,49.249361162190006
51581,52.74157563459413
51582,55.28797263489396
51583,55.651909478053895
51584,57.333880105101414
51585,57.918571239297535
51586,57.43019953950393
51587,61.21290726302858
51616,44.66793113151253
51617,49.357041409120214
51618,54.902492181736974
51619,57.702106196224996
51620,59.21620123767733
51621,60.243043378856
51622,63.940759459598624
51623,65.63629083484612
51624,65.9464183604745
51625,68.61444330062531
51626,69.7417205934093
51627,68.9543336622058
51674,32.922590417493396
51675,37.454676652839375
51676,43.65466451983241
51677,47.16263813932774
51678,49.12976463637906
51679,51.962738261584796
51680,55.55249983742442
51681,60.61680758719554
51682,60.65346877719419
51683,61.802118359257655
51684,61.575364435916185
51685,65.13775087823144
51702,33.343474548729354
51703,34.628881703198395
51704,36.681492035574
51705,47.85555851296525
51706,53.439103627831265
51707,56.19079780563476
51708,57.258385571081774
51709,60.132011064081894
51710,61.75198093939302
51711,64.19635747766847
51712,65.3388167859071
51713,65.21202777307184
51718,17.511749970092517
51719,21.919284940918708
51720,24.660801800910917
51721,30.683935388017346
51722,34.19941376588495
51723,34.789486195335556
51724,34.70304326758761
51725,36.84449156180506
51726,39.66865394521233
51727,39.29386452404647
51728,42.04873573238295
51729,43.49258356158419
51730,38.85990503543745
51731,49.189981404854
51732,48.972605078295075
51733,54.53485840813248
51734,57.897951527002206
51735,60.18034524874797
51736,64.21396937273697
51737,65.80346090622406
51738,65.38330804619868
51739,66.89509584008901
51740,69.89968323434537
51741,71.96220484056589
51747,20.649712246633904
51748,22.415957494450183
51749,26.49306263849936
51750,31.16406804135978
51751,33.92021102486752
51752,35.28837496421062
51792,23.813108460050394
51793,26.613599049633898
51794,27.824714555801215
51795,32.50360599010705
51796,33.40952267961797
51797,34.69790894841615
51798,39.24344926039226
51799,43.16395191031417
51800,47.33843611791603
51801,49.1584301926574
51802,51.276697630074636
51803,56.150315004618484
51812,8.46286201219125
51813,11.099374263873273
51814,12.853618896727554
51815,15.136417177344867
51833,25.684078428747675
51834,26.808676259198442
51835,29.01568486247674
51836,30.590260712373937
51837,35.459259478750916
51838,39.7979664200448
51839,43.200431698979216
51840,31.343439962839103
51841,35.864856594148556
51842,36.471061220667664
51843,38.92853823163327
51844,40.237175064341955
51845,40.624852144813275
51846,43.40932902760443
51847,45.12574430833494
51848,45.26693459653406
51849,45.40367434598003
51850,47.01055067188254
51851,49.316479466214844
51864,32.78965175986129
51865,34.38624982317795
51866,36.61615717309501
51867,38.74437593079951
51868,40.650732406099124
51869,42.031361082411735
51870,43.48958187271937
51871,44.49475231454748
51872,48.404781183540344
51873,47.67601960853409
51874,49.43404575941125
51875,49.98187609173775
51891,12.382799330183644
51892,14.45126161441728
51893,18.55330338954563
51894,21.0165663833796
51921,23.10441671626589
51922,24.849505080713676
51923,26.69641804297789
51924,29.146236107217497
51925,32.70897014540832
51926,30.727209211801124
51927,33.93317571379347
51928,36.059299527307516
51929,38.96384230426549
51930,38.646151494014966
51931,41.62253795265861
51932,41.5947669332369
51937,45.0442095685182
51938,49.13244385450256
51939,52.510347368773694
51940,54.23934127417137
51941,54.45813725439582
51942,56.03463596132143
52202,28.67419353214954
52203,37.17902592645165
52204,43.374042703855494
52205,47.71030713202025
52206,14.754092144910427
52207,20.584767205117984
52208,23.69905226232455
52209,26.627716978923285
52333,26.859055713932445
52334,30.098601648595526
52335,33.369423517291416
52336,34.97409784446824
52359,33.39106897893471
52360,37.67162841145365
52361,40.65627236639576
52362,43.01334649356728
52363,50.3965998271618
52364,52.853562462296
52365,55.940090388304306
52366,53.52267454392931
52367,55.466617433079065
52368,56.571206678155136
52369,57.02494099464373
52370,59.239565410511695
52377,5.7991671410841175
52378,7.92177878009033
52379,8.954432761244927
52380,11.470708609786199
52381,13.697088240540353
52382,17.08176898365202
52383,20.185572892558692
52384,22.9395446192294
52385,25.761304702222265
52386,28.207666262139526
52387,30.174568217709385
52388,31.836831883742484
52413,58.390041896437765
52414,61.02575227082774
52415,62.07832156666633
52416,58.97001177220734
52417,63.03212550879367
52418,64.44128222269178
52419,65.37367827761976
52420,68.5828273100772
52421,72.12237881715683
52422,20.667135981325107
52423,19.92433419341196
52424,20.494155930103233
52425,18.26715147964125
52499,21.139269314806022
52500,23.447871633481636
52501,28.12247067500631
52502,32.59131528889034
52515,31.335061596656722
52516,38.69980444514375
52517,44.050474477604084
52518,47.32601635789441
52524,13.896151959327915
52525,16.812640038109915
52526,20.861232549427978
52527,23.510344638893876
52587,27.165389560246176
52588,26.727737995770035
52589,32.091174239095636
52590,34.45081546023242
52591,34.542029383435526
52592,38.278902965529525
52593,42.07210895555283
52594,43.71501983417285
52595,46.09836083288254
52614,28.14068556623736
52615,29.9978886754112
52616,31.993260753660604
52617,35.560824158422065
52657,3.2031955800323004
52658,6.528707241075617
52659,10.336535120388572
52660,13.44862075371454
52661,42.24634556105347
52662,49.98889877523992
52663,56.1838831796574
52664,61.47123052936422
52719,37.23986788532625
52720,38.17788617414772
52721,39.29387096308649
52722,38.450614211863886
52723,39.290575711829106
52724,41.64484153892331
52725,46.58208517490154
52726,48.531429488971
52727,49.6765242585413
52728,50.67056561263503
52729,52.4513175569502
52730,53.699437564784354
52753,9.741305797230902
52754,10.825308916787518
52755,11.494280962504456
52756,13.409956098334993
52757,15.812930307858045
52758,16.39765977151289
52759,18.42795788812655
52760,19.611712053551596
52761,23.2496791601506
52762,23.44622026922281
52763,25.792043939324504
52764,29.973753994057574
52802,57.66891830929232
52803,59.45309424827932
52804,64.32875262265604
52805,66.42667139357499
52806,69.29934035330703
52807,68.11896858998163
52808,71.49997731162877
52809,70.56370537778028
52810,71.11640108957617
52811,69.71035373494347
52812,70.93866593353455
52813,74.95657166172313
52861,19.803288839006377
52862,24.53883351701643
52863,26.7761922979303
52864,30.50304974714719
52865,40.42839523494838
52866,43.54468773781487
52867,45.50307900026072
52868,45.90937302663829
52869,46.493780093396865
52870,48.02427050418301
52871,50.01325175834652
52872,50.60171953060883
52913,12.179009422171463
52914,12.695568991357359
52915,14.216283795631323
52916,15.196964506921912
52917,14.809123816157316
52918,17.211187177208384
52919,19.492067178018758
52920,22.435060265640203
52921,26.404305998623432
52922,30.794159332710024
52923,17.03801433849385
52924,19.798982837526314
52925,23.349754971122376
52926,24.774285026638925
52927,27.236121897523123
52928,31.791035343006193
52929,33.33372627703571
52930,38.89965331287394
52931,40.60643171869225
52932,41.414332774665226
52933,43.9983511591768
52934,45.99752697976912
52955,26.27734490018139
52956,29.874169944602613
52957,34.28856070708665
52958,42.75520294829811
52959,44.41217843328074
52960,48.910094596648136
52961,49.3796324127122
52962,48.03125011471807
52963,50.74027581798578
52964,51.49743087952778
52965,54.40240633196386
52966,55.21148607461528
52998,33.5121490652695
52999,37.33536223046532
53000,39.913803826405534
53001,44.531975210814394
53002,30.934386963256333
53003,32.2842769876066
53004,34.79947193930656
53005,38.345579226388566
53006,40.92822120598076
53007,42.006041832188174
53008,43.826310222583984
53009,44.9041264285769
53010,47.1620017617884
53011,49.82728063342064
53012,52.46360206591432
53013,55.00803578451748
53014,20.970072650816967
53015,22.58815615643897
53016,22.896863680063163
53017,24.882664509016255
53018,27.390400234559515
53019,30.75311371003432
53020,38.184137174508905
53021,39.32675957825326
53022,40.156808262149966
53023,39.89129941137622
53024,44.699661604745884
53025,47.40190561738426
53141,26.7347739933451
53142,30.375270567789663
53143,34.21431222536343
53144,35.58154438691248
53145,38.02615736264491
53150,5.6954854705035824
53151,7.882602305242386
53152,10.95900307053218
53153,14.127636666332162
53154,16.041111002431528
53155,19.007561563502488
53156,20.766315390326024
53157,24.852993095333506
53158,31.106060005339693
53159,32.275700000653195
53160,34.70625206225538
53161,33.01349900957392
53162,21.946882312308393
53163,26.28506952082022
53164,28.997596192893376
53165,31.64521716636318
53166,25.242565828507402
53167,27.60557629178111
53168,28.624849484038513
53169,29.533683337354983
53170,30.712685175589975
53171,23.05970608313309
53172,27.588874281821937
53173,27.581795189990647
53174,29.444363566458815
53175,27.626215843256638
53176,30.332889714625942
53177,34.75558970346564
53178,36.781418590744046
53179,38.75653806197046
53180,43.507234601304944
53181,48.28502256135782
53182,49.05271628000931
53183,49.19932463609296
53184,49.72562795645305
53185,48.31820195075685
53186,49.73606681562261
53187,52.35996951419126
53193,30.551510269094827
53194,34.412994832362195
53195,36.98800387889829
53196,40.12711837484078
53197,41.06127932121649
53198,47.33538917900412
53199,50.76673985911917
53200,55.455812738824534
53244,28.34575344120003
53245,31.164728923520176
53246,38.38176608738869
53247,43.552519377879335
53248,48.21971085516479
53281,22.77833800220929
53282,23.099549088526427
53283,24.643892874398
53284,24.383113058094843
53285,27.328216162584887
53291,40.94843174531197
53292,46.639380586294365
53293,45.12460464003781
53294,48.82281458572809
53295,52.963405642554996
53296,55.61220395688933
53297,57.35196690505163
53298,62.03862235097544
53299,61.85001936898969
53300,65.33795555351398
53301,64.40737590897497
53302,63.85903263872446
53318,36.38932870491057
53319,40.56461809017318
53320,47.233142831611815
53321,50.97493032393017
53322,57.29469180685294
53323,59.58598495627471
53324,61.53183196256167
53430,29.773600694078237
53431,32.13331963772963
53432,34.13673008512807
53433,40.49534850586868
53434,42.61208000716958
53435,44.598496492499244
53436,48.074410379336065
53437,48.11766435382093
53438,50.013459676417106
53439,47.81648788681183
53440,50.91927418680899
53441,52.800794585045516
53442,28.669178447809855
53443,33.123582842421975
53444,34.83794395465693
53445,40.24352829560662
53446,42.68355942678166
53447,42.563833998832244
53448,43.632998205442746
53449,43.87138714620061
53450,45.69266136600224
53451,46.48158995289249
53452,47.844336268206135
53453,48.51466326016074
53483,23.16211614057874
53484,25.96482017803238
53485,30.33793457968228
53486,33.17644726946086
53487,35.202647650657966
53488,37.59091011698826
53489,42.18577631124204
53490,46.73144436671454
53491,50.84620185577226
53492,54.1752279449698
53493,55.951910868117785
53494,54.687652008767586
53527,41.99451842373631
53528,40.869140595046034
53529,42.42099085532367
53530,43.975788285549676
53531,46.73794539439306
53544,28.732436809466975
53545,31.961394716884605
53546,37.36362676682988
53547,46.16313958191792
53589,52.25338418733652
53590,53.03973107487978
53591,57.48757120505995
53592,62.004465587146605
53593,63.284621427204044
53594,65.698436979366
53595,67.34168676124474
53596,67.98377121993691
53597,70.63460884534977
53598,69.09703630420881
53599,72.2222714751432
53600,71.1336572267686
53651,44.98278256715214
53652,52.32963917359224
53653,57.42340452156704
53654,60.902156425961415
53655,57.833202192375246
53656,61.60908746467929
53657,64.56237128515309
53658,63.882288807576344
53659,66.69937605898322
53660,68.92159126096377
53661,69.02410104804872
53662,69.81034417578232
53663,70.53012441313571
53664,70.74466173609207
53665,71.80382323175745
53666,72.40376832756455
53667,25.839991641474718
53668,28.47971353094752
53669,29.352194486830065
53670,32.059570947882634
53671,34.635192669496355
53672,35.685137287088345
53673,37.83956179099722
53674,39.28656391643326
53675,42.54139774747112
53676,44.589388096307594
53677,49.13645119755516
53678,50.239851990439846
53703,31.08350264309587
53704,34.40313803040382
53705,41.2282232126242
53706,49.59840319125437
53707,57.372027412033844
53720,4.456801928765962
53721,4.225029211150627
53722,6.966793243943384
53723,9.482462061467833
53724,12.51292101812093
53725,16.098899939017794
53726,19.134757280242304
53727,22.273288685384905
53728,24.272674854758783
53729,27.44031709876098
53730,30.66127057228948
53731,32.72457150464184
53732,20.62187486362264
53733,22.247144238132158
53734,24.07960012070477
53735,26.875678086944827
53736,29.810654772290455
53737,30.513647231446544
53738,32.45613796240127
53739,34.09340699938396
53740,36.026214793718914
53741,36.59800584851497
53742,37.88692597848964
53743,39.29753220948911
53794,14.927420610477284
53795,17.827881862613914
53796,20.611316184331894
53797,26.044092824502712
53798,26.404458159358
53936,43.35434527788898
53937,46.8925302041262
53938,53.697091471558544
53939,53.22187639066192
53940,57.3826737515617
53941,60.95758906204151
53942,62.83944284049287
53943,62.82078264868328
53944,66.60581780979344
53945,66.75263698398207
53946,68.40523602437318
53947,70.10616829558569
53954,0.7941201246981666
53955,0.8176495096381096
53956,1.1017171913826433
53957,4.783140965514705
53958,6.315886043911808
53971,26.24834463714675
53972,28.567646790512278
53973,29.963768983894994
53974,31.442120482026336
53975,33.81089528587149
54001,24.599734259551916
54002,29.389182581993605
54003,32.85077998561182
54004,37.25475460825986
54017,22.98889485467413
54018,25.5537904553616
54019,27.762301577307074
54020,29.34397019629724
54021,31.41240140880502
54022,34.02263539745431
54023,35.44709760577043
54024,36.995368123923505
54025,38.885773376676845
54089,38.07357265869378
54090,38.69683943831641
54091,42.46502537800282
54092,44.99237134853454
54093,51.85844321619085
54094,56.12364835633254
54095,62.262691111665234
54108,54.2598758230436
54109,51.06628721332796
54110,54.131705502219575
54111,52.46122012459951
54120,7.2544224057928375
54121,8.232301921721746
54122,9.390571131135902
54123,11.945136312051366
54124,14.364313080250435
54125,18.220362990159423
54131,5.4698162559077135
54132,4.215587058643941
54133,9.413173117068968
54134,10.705389555572802
54135,13.292386238218352
54136,16.86549531291326
54137,20.45533699359462
54138,25.35025996308665
54139,28.58380475135982
54140,31.985651732402165
54162,29.39820662864043
54163,35.26796431908771
54164,35.87449606263768
54165,39.11098984655046
54178,1.0159968467074818
54179,1.8450944805341976
54180,4.409066324826093
54181,7.8527673751026486
54182,10.91376590712052
54183,13.37406146752491
54184,15.546887875677431
54185,16.936426549006967
54186,19.98808539828075
54187,24.618539443256587
54188,29.448366456663024
54189,31.677674531554697
54202,62.381557546634
54203,65.52772762564408
54204,68.19307400641742
54205,68.93661406506443
54206,70.733112510623
54207,72.29894190157589
54208,71.92318896743275
54209,73.91643897139656
54210,73.55282488208483
54246,4.452641317747782
54247,5.127543391349637
54248,6.471073953097881
54249,8.91141090979892
54250,12.580691042426071
54296,40.60145711816274
54297,43.39809456683221
54298,45.70787576781508
54299,43.41663984045272
54300,46.62363185629274
54301,48.298670184877395
54302,49.63417216909196
54303,54.20843004823929
54304,57.690888143121086
54305,59.55125563403934
54306,62.00327805814716
54307,65.85442541674203
54323,15.472490935285913
54324,15.432009439127418
54325,18.081235629478513
54326,17.626235671301863
54327,16.013240652116608
54328,17.13303104642832
54329,23.15917150314119
54330,26.378659520050384
54388,25.51876135373781
54389,30.382955637501833
54390,34.843509965101305
54391,41.08029826009331
54392,42.858767208455376
54475,5.1802601972999085
54476,6.99195326106171
54477,8.97509387873345
54478,11.826499093634483
54479,12.913089002652498
54480,15.420162478650479
54481,16.17845330520509
54482,17.099514422454686
54483,17.934408452312987
54484,18.239052416742943
54485,18.695430335845444
54486,19.781200156234952
54493,31.19485572058401
54494,31.658384838291216
54495,31.328531048412447
54496,32.88058899802176
54549,14.562274354916028
54550,17.51101841554067
54551,19.307944394689564
54552,22.595560630959397
54553,26.23395568824202
54554,28.989957686864862
54555,32.68170613269588
54556,35.813819551619375
54557,37.66536710560096
54558,38.79209994858739
54559,41.3052377376241
54564,1.8435250644574512
54565,4.08040662093813
54566,7.831454789712656
54567,11.733522049400632
54659,13.777300511687326
54660,16.633165827598983
54661,20.0542830158436
54662,22.55422705792369
54674,21.524103528702735
54675,23.048254112288074
54676,25.90219434987707
54677,29.799222735802708
54714,19.83102129827979
54715,21.707935067254912
54716,24.118404131027127
54717,29.68429549828617
54718,34.93827461609535
54728,32.002726631202066
54729,35.74715374001421
54730,37.92090817082659
54731,38.75681491942082
54732,42.25823103086027
54785,25.974683826292846
54786,30.185619256291858
54787,32.28616996818627
54788,34.075780913393956
54789,34.48616660944353
54790,37.78153888719744
54791,13.605813532046577
54792,16.70585514247763
54793,18.974962113896446
54794,21.360337485787873
54795,25.51511848453523
54796,28.070250191777394
54797,31.19207637523356
54798,34.30084178607958
54799,34.27241854566269
54800,39.80347988180311
54801,42.810178375912486
54802,45.62518981677145
54851,21.597230480108767
54852,24.50854508377186
54853,28.057727720180804
54854,31.8925840288148
54935,38.681939221602
54936,44.10918372575526
54937,49.46052692258734
54938,56.33025133220283
54953,57.954994200093076
54954,61.08484190846177
54955,63.41419753208366
54956,62.11702696632322
54957,63.8870110104326
54958,65.85474630895098
54959,65.99355118408468
54960,66.85097951266246
54961,66.96613444394252
54962,69.03027868536591
54963,70.84439265728523
54964,71.72492150752507
55017,34.97771397492924
55018,39.351284942509736
55019,42.31438764166514
55020,44.357812647511125
55021,43.500820880410394
55022,46.234289286221426
55023,48.3029839681508
55024,49.65511525879012
55025,48.46407556292418
55026,48.96735635820896
55027,51.22437877242858
55028,52.41498518365161
55041,34.35663549984581
55042,37.077999792790465
55043,38.949866872167135
55044,41.78570741831422
55045,45.203346178761024
55046,44.96653921711936
55047,45.31050798651106
55048,44.94416545365115
55049,46.55564223969633
55050,46.83312907045782
55051,47.65094732265378
55052,49.628051733129624
55060,44.13252709069165
55061,44.144186376292154
55062,49.39364229792402
55063,52.96184153039381
55095,32.99115402306001
55096,41.08211230120215
55097,46.27747074001668
55098,55.14158687093828
55127,26.77304101750783
55128,27.74405023115164
55129,28.797336281356184
55130,28.658138691713816
55131,27.957943232540522
55132,31.533029207828935
55133,34.84334070865496
55134,37.02051280064984
55135,42.18438033383988
55136,45.10993925467616
55137,47.63066178372517
55138,49.043305318802425
55179,24.309309266578705
55180,29.597120977532747
55181,33.98950146132622
55182,36.851815953955324
55183,39.848709849128774
55184,43.592337168107896
55185,46.31063643766293
55186,48.56060590530561
55187,52.3392631731817
55188,51.87244574472594
55189,52.96878212525652
55190,52.823411335961325
55191,55.50002101298922
55192,58.46412820296424
55193,59.32037081653813
55194,59.48114717325287
55220,15.20923780184223
55221,17.184043864886863
55222,21.58008879112726
55223,25.00864149979391
55224,28.37215306951424
55225,31.295756914464704
55226,32.93175528630444
55227,35.10702196701496
55228,37.72572826689363
55229,40.08491737059641
55230,42.186573543930905
55231,43.577048568311724
55261,7.756246369907494
55262,10.204663298552582
55263,11.067860028933765
55264,13.485540708858641
55265,15.070661017779198
55266,16.93063159530729
55279,44.33614467892029
55280,49.30603376821022
55281,48.73207083193803
55282,50.89597906009196
55283,54.027840025857586
55284,56.817194019302846
55285,58.98176944063715
55286,61.573457398114634
55287,64.2510912983992
55288,64.78910221661192
55289,64.88795576489511
55290,67.03885902192424
55349,51.79296291517479
55350,52.91256476392897
55351,55.96162307502841
55352,57.54405962644212
55353,59.05979511896119
55354,59.740157488678165
55355,61.878249680772385
55356,64.66650140272205
55357,66.3919647237207
55358,65.5101739192505
55359,68.61359860685425
55360,69.41492638669483
55517,11.92806923440048
55518,13.550684495321622
55519,13.489805136877205
55520,14.932869225013274
55521,13.845868167989352
55522,14.615614763121766
55523,16.508293608488238
55524,19.62349858568164
55525,25.540530566055697
55548,25.172309736562887
55549,25.872572272346257
55550,28.695435563566157
55551,28.105165689982545
