Index,target
66,21.869898672335033
67,25.590052391722306
68,26.81910672262088
69,29.833558457206994
70,32.288872095229806
71,36.06011716148866
72,37.31541080234428
73,37.39971980150038
74,41.61383177128444
75,43.06714512167335
76,47.354318754983304
77,49.63701240694232
141,26.695819300280743
142,30.631050168992648
143,33.37100504086076
144,35.99544265689242
217,26.303061883167423
218,33.4522266249174
219,36.94625259327531
220,41.13593968671246
221,10.334817985928058
222,12.503531120086615
223,15.688149183375533
224,18.198749193401238
225,16.819973544212033
226,19.09204631862761
227,25.936321615751
228,28.8869869259363
229,31.192165261565016
230,34.485307453294226
231,36.90769086240608
232,39.63177600105091
233,39.44332081223466
234,44.50363323942611
235,46.465375741278095
236,48.73291386096213
237,50.7800827792111
238,58.34320423981077
239,59.18353830859003
240,61.28504235425608
241,64.09869893303353
242,68.61235942276078
243,70.58979837935038
244,70.30645402365367
423,15.540195386636125
424,17.960404547440284
425,27.344474034472096
426,30.206166342373308
427,33.34508459477811
428,36.674395778852805
429,37.676914644765375
430,39.66029960837544
431,40.25389232199946
432,39.9793613703917
433,40.59877023663827
434,42.98919242958189
447,14.207570928575814
448,18.924881403104813
449,21.033085993174627
450,23.637660189539968
519,29.309204387713997
520,35.00163113637711
521,38.61493631606447
522,41.09940822645413
554,19.862110284919517
555,25.77414986485757
556,36.2561679127194
557,42.72967337314772
558,44.87735450113286
559,13.331178059662415
560,16.179602164938096
561,17.893760295084927
562,20.607301942761815
563,23.01516945552941
585,27.19353306973062
586,29.73146072097243
587,30.949929361231646
588,33.46072154526907
589,36.271362253056154
590,38.670127215638345
591,38.97420306069577
592,39.834716165696264
593,40.80899166491988
594,43.66776157793929
595,45.59411706417345
596,45.75648051474112
606,23.20244563628402
607,25.853385260881975
608,27.5161652943501
609,28.71265272581826
610,30.919314650285024
611,33.39906636041423
612,34.82548997574687
613,37.09539719162204
614,38.589950297395376
615,40.0931486634023
616,39.64896912302856
617,41.727458823362085
618,29.53828894281272
619,31.06064459938372
620,40.236699719303246
621,45.66808805602939
622,42.185947414592555
623,43.92430235069508
624,48.619026322767226
625,53.952064294295134
626,60.639109796139095
638,41.56261070077247
639,45.90579732353649
640,48.775209150823954
641,53.414785612863525
713,47.15967717096328
714,50.08873515533279
715,52.15987781417557
716,55.96834168094798
717,58.62661259637781
718,60.140396717069486
719,60.841990617817146
720,61.450058017888594
721,63.3937189701953
722,63.36368830340909
723,62.933278723961806
724,65.3513783609858
731,26.555414182649976
732,28.326855494006008
733,29.0024179757467
734,27.877820457717906
735,28.290354335432443
736,30.944692967871106
737,33.91937993796369
738,35.570253611053616
739,37.229258471321124
740,41.76120460562238
741,45.180379820894174
742,47.40524683586146
759,32.133163174750464
760,36.355615986311186
761,37.8423795779278
762,39.78134778026799
763,39.319802445418325
770,33.14916949382362
771,34.86507732238356
772,36.90926109649765
773,40.19100529118013
774,42.21587138942641
775,20.93273664078235
776,25.008903185776457
777,27.000570919714495
778,29.81398619998523
779,33.10540167780787
780,36.412655974476365
781,38.14482559667293
782,40.262013608421064
783,42.92748516460678
784,46.99074735765892
785,49.51495615462204
786,52.446535655892205
787,52.642650435511996
788,50.507421303869464
789,53.02527386486939
790,53.561029332448264
791,56.93137910936137
792,57.04505236591751
822,42.57552251644286
823,47.170372100402766
824,48.68579363782013
825,49.59345204509576
826,53.56214191495832
839,20.787608255113792
840,27.1574577532386
841,28.99630794169234
842,33.41086454708576
843,34.557020686724194
844,36.67842928283416
845,38.82514909801952
846,42.11481901462079
847,42.42257002229002
848,41.74189026566731
849,43.94995105647256
850,43.19793249920575
911,17.568112229041095
912,20.776514479904
913,24.053821731232652
914,28.01155532496623
915,29.488217420532
916,31.698094379166065
917,36.01365169154408
918,38.9660304261934
919,41.076375088429494
920,44.3380660286128
921,41.6505460615085
922,44.85266354440655
944,21.488186925517436
945,27.462125284181422
946,29.978259973224038
947,32.28889028836828
948,35.70567535350043
949,38.02689099733711
959,48.01409126651397
960,49.96167306233701
961,52.19332934071256
962,54.11046222312292
963,55.49724512990432
964,57.38930726959923
965,58.1338457815008
966,60.189998976711124
967,62.47599756338197
968,64.37626658941358
969,65.09751250161163
970,66.0439769559458
1097,25.045624118014043
1098,28.658443829614207
1099,32.814334417550675
1100,34.660366481196924
1101,36.01327593176386
1102,39.85835115387405
1103,42.37682254121567
1133,37.26200541585857
1134,46.773949882687404
1135,49.172144511539685
1136,55.46151776088917
1137,59.93264783098973
1138,60.314818373376134
1139,30.431679101716725
1140,30.596165249084766
1141,33.04260948534136
1142,37.52825580208647
1143,41.4424822943135
1156,32.945963826249944
1157,33.52504112973631
1158,35.386234594502014
1159,36.147482720006664
1271,25.89175311572613
1272,28.464428215162883
1273,31.644004425631056
1274,34.716440295762936
1275,38.10588238975215
1276,40.10312292325079
1277,43.235403286284416
1278,46.12069229542179
1279,49.23337860910037
1280,48.60936347509041
1281,50.04363631194509
1282,52.29666990488327
1294,61.274811021308416
1295,64.69267339669898
1296,64.73170478365925
1297,65.03874733489579
1298,65.38716812699361
1299,66.72504789303807
1300,68.10972969204562
1301,69.01484848795174
1302,72.60176651673359
1303,72.94520323502084
1304,74.30682754612137
1305,76.36413583572488
1318,9.908147746556917
1319,13.43716134879757
1320,15.558362019508547
1321,18.052558091449367
1322,17.991318137966765
1323,20.915323501033306
1324,26.261946799697796
1325,28.979852097242212
1326,34.62686094628309
1327,39.645831313480606
1328,42.339822830448824
1329,48.34845506608743
1443,27.27530637063151
1444,27.77110777478116
1445,31.199322422194278
1446,31.03460332410368
1447,35.15111446649096
1448,34.176295888154606
1449,33.943446044246684
1450,36.6066023930446
1451,38.36633253569603
1452,43.38651120122497
1453,49.56391124018936
1491,24.70281608217828
1492,30.322750419264302
1493,35.18345319125352
1494,40.01060813290939
1495,41.972139754604825
1496,44.358436432289906
1497,36.903127276719715
1498,42.75333691025344
1499,45.45384366442809
1500,46.280343011389974
1501,46.769230350039955
1502,47.98465776889587
1540,45.69660972894148
1541,47.29123338662332
1542,49.59398909663861
1543,52.49831141829526
1544,52.3904300907714
1545,54.622055511625625
1546,57.99449878462745
1547,57.26322872720287
1548,61.80425939119905
1549,63.41286949600827
1550,65.14205476633103
1551,64.46238697709491
1682,40.52400361694449
1683,49.68904675217964
1684,52.10642453817793
1685,55.10754956252324
1686,55.9725261481741
1687,57.59084290380865
1688,60.74351031613675
1689,62.73282854705637
1690,64.81360098002429
1691,64.93434711658074
1692,66.49921008008346
1693,67.19375390283577
1788,0.7517762284942562
1789,1.1139207373493036
1790,1.0530774183378766
1791,1.542185843801033
1792,3.3453899940321583
1793,6.062129943721285
1794,9.324452567064654
1795,14.329165544923871
1796,16.096788453877885
1797,19.516947520307145
1798,18.231809600024512
1799,20.653702811060782
1823,18.798431352755404
1824,26.274998069840073
1825,28.07167029436033
1826,31.83082116865353
1827,34.533181957866034
1828,38.597921350438824
1829,41.59486387617324
1830,44.276327755290275
1831,49.547511756533325
1832,53.22759852688303
1833,54.55775058327832
1834,55.83975855364182
1835,18.11505002491948
1836,22.438450354885227
1837,29.60211380698117
1838,32.553088871196444
1839,35.63776163352607
1888,12.873066356966845
1889,13.32500616374962
1890,15.214495467832345
1891,16.696592878146518
1892,18.844971200202703
1893,22.1899805189944
1894,24.06480847055771
1895,27.201725361349702
1896,32.10949353874849
1897,39.905354210232815
1898,47.62099098306708
1899,52.09955605650909
1900,18.52680624010779
1901,29.639304603375752
1902,33.16824511627532
1903,34.005076011775714
1921,21.351438882646384
1922,25.081605133413362
1923,29.6123401380189
1924,30.68514409398254
1925,31.195573453460884
1926,33.05021912941146
1927,34.74682264690488
1928,36.94547616345531
1929,37.87454594421605
2057,19.942490836982454
2058,21.628226678735096
2059,23.964735060188353
2060,29.097043975104015
2061,28.77019279722324
2062,31.628749468796094
2063,30.51407843577892
2064,35.69618996475266
2065,40.52861613286004
2066,43.443154489147275
2067,48.08574804732551
2068,55.46479904487038
2139,49.67348788024585
2140,55.22962581048997
2141,58.696410367340356
2142,71.1217390552473
2218,27.716639513572925
2219,32.40355207768499
2220,36.0673182315395
2221,37.7980383756077
2222,39.64321688621508
2223,44.35365923180129
2224,43.99377541095017
2225,45.88986770475257
2226,48.950096166044354
2227,50.0128147201531
2255,34.808303286677116
2256,35.417422510679934
2257,37.29425976646349
2258,35.25071324690572
2259,36.93476025307231
2260,37.548577371324946
2261,39.06446550626274
2262,45.68460199748012
2263,46.32372608083708
2264,51.08111517886681
2265,51.814661337228685
2266,53.35664150080017
2271,29.258371313018053
2272,30.18468981057333
2273,32.54841353281206
2274,34.34559156222841
2287,23.12333805616339
2288,25.63205515661456
2289,28.490556121391684
2290,35.3549685450983
2336,19.125238008168868
2337,24.18256840021789
2338,27.749115002863796
2339,32.59807914123293
2340,36.00602753685921
2341,37.85171315844731
2342,38.953463145761646
2343,41.31668826775215
2344,43.214526596214164
2345,44.98847988729945
2346,46.024688371676426
2347,46.66236203168508
2413,18.075975600179532
2414,22.596151800263872
2415,24.582479437958234
2416,25.815129069808755
2417,24.60794342231086
2418,26.935324160395993
2419,28.223573505015924
2420,30.408191775053467
2437,35.85162801264255
2438,41.13732755527113
2439,47.94761869535825
2440,57.571956478387065
2479,38.332646090453466
2480,43.592096589310415
2481,45.31660209915407
2482,48.22266274578102
2483,18.77055406901211
2484,21.11226581292516
2485,23.32951664095905
2486,24.36321624271634
2487,27.063960408216975
2488,30.02192564802771
2489,34.48447265243718
2490,37.37046548095239
2491,40.57221063208654
2492,42.286632152399484
2493,43.221778806407706
2494,44.2528897185616
2535,42.87767170460052
2536,46.71097749995986
2537,50.14893759286742
2538,52.85415063267182
2539,58.19802056947954
2557,24.188733486041826
2558,25.57824992594258
2559,28.00383894595389
2560,30.488176231961063
2561,35.6112382750617
2562,38.09242746145489
2563,41.35304212748148
2564,47.8863255900889
2565,49.49995825304275
2566,52.15902933128833
2567,51.34942814190043
2568,53.30983379986935
2573,38.931438786475475
2574,40.38321654712469
2575,43.27574993230939
2576,46.855085763132884
2577,50.57373383114464
2578,54.115299208735586
2579,50.300013512253756
2580,51.657558700895414
2581,54.57296851143794
2582,58.10179729361406
2583,59.08682706077293
2584,61.40673907650662
2585,14.556390488839046
2586,13.196689203797394
2587,15.39228716457292
2588,15.431157254808506
2589,37.243290042222796
2590,41.94650144066402
2591,45.32385542237847
2592,48.48112063908002
2593,52.01345208626342
2594,27.303002665797987
2595,29.151820960352257
2596,33.382427469984044
2597,35.00822407237704
2598,39.05328094669672
2599,41.12651839009989
2600,42.00738249048211
2601,39.85644602069205
2602,40.979386324536236
2603,42.10367443593068
2604,42.692413324033495
2605,45.16465713266889
2606,10.873881526117648
2607,12.549984606077183
2608,14.862335013162646
2609,17.831613759301916
2610,17.823746576254393
2632,53.16903184139532
2633,53.61014121394844
2634,56.539213381703895
2635,55.70188405132893
2636,24.525900170493703
2637,26.977973082678602
2638,31.30546983292886
2639,37.105480568024205
2640,44.39817602905214
2641,47.41246080120884
2642,53.4181098172058
2643,54.07534187352046
2644,55.766785482133756
2645,57.31624168028968
2646,57.868257757595984
2647,58.959699386783825
2672,3.8851405490078412
2673,7.3025895104628855
2674,9.284379395924425
2675,13.152913962777015
2676,15.74886163264658
2677,19.261359829226134
2678,22.47348562819019
2679,26.393319027268944
2680,27.538726193092877
2830,30.541537957778367
2831,28.871391379133456
2832,28.48956707232254
2833,28.547956741607244
2834,32.13780773737106
2903,3.962707551200171
2904,6.098879424197871
2905,6.582074427211604
2906,8.410881351988596
2955,36.93849786339155
2956,40.5260416061953
2957,42.12642687079951
2958,43.61061138958077
2959,45.709586005853325
2960,45.35850326634925
2961,50.826975488933286
2962,57.87501235417204
2963,60.78607011855509
2964,39.38430429538931
2965,46.433263534919675
2966,47.9622872090654
2967,51.047334037456565
2968,53.04811125879917
2969,53.24308690781133
2970,57.05855671190879
2971,57.73638709850127
2972,62.42865772702311
2973,63.14330701499601
2974,62.83729239004107
2975,65.22317346860459
3006,59.85792731970819
3007,64.5780417729361
3008,66.2770596099976
3009,66.47400425589099
3010,68.79205474729888
3011,69.57264085978298
3012,70.8392922203864
3013,71.9293558997718
3014,74.12666115192847
3031,30.457155120016218
3032,36.4785348891421
3033,44.45406204974754
3034,47.9718417261375
3035,52.39996980417733
3036,55.95817477925946
3037,55.44094451478736
3038,57.85180665360237
3167,17.36530276739472
3168,17.507972813278318
3169,20.450961620656606
3170,22.426683262896148
3175,27.66803250332905
3176,29.311638303502285
3177,31.856316327610404
3178,37.25737156167803
3179,39.29228531838146
3180,41.68722546534316
3181,44.61509956022978
3182,51.212225678652956
3183,51.721900594498834
3184,55.598607403771155
3185,55.62280798109062
3186,60.81639737336975
3192,24.018353043326123
3193,24.98175423466142
3194,27.20582243349157
3195,32.28823637797709
3196,34.87549342770771
3197,5.008672875307005
3198,9.602993867835039
3199,15.145824791383419
3200,17.8958101709104
3201,33.76580914978183
3202,36.98836198637434
3203,40.09450343255563
3204,45.39260456560477
3293,41.6938718206811
3294,40.68478630872721
3295,42.59853584306751
3296,43.659373987476485
3297,40.08011386496677
3298,43.58969921892694
3299,46.56855795868485
3300,49.364064187585846
3301,51.849811192111474
3302,50.315495112510284
3303,51.551811441022025
3304,52.94711154850741
3305,54.981288253125015
3306,55.78207173122178
3307,56.24375768975567
3308,58.46595828362486
3309,16.351518771288983
3310,20.176877693688652
3311,26.532918719696745
3312,33.093205479854575
3313,33.972467861862846
3334,25.299279870910972
3335,26.59807153367506
3336,32.08062064247703
3337,33.3299289280118
3338,33.16748914425022
3339,34.555653958764516
3340,35.03540951389911
3341,38.96111487023382
3342,41.37758302195889
3343,48.56912748507385
3344,53.44182858466943
3345,46.53662773093443
3346,51.01070204302344
3347,55.874269745184066
3348,59.313466451633914
3361,17.821182630473643
3362,21.21112339596194
3363,22.097690986262478
3364,25.498786210442734
3393,15.23156793482558
3394,17.12071249255452
3395,20.414393047016816
3396,25.541496099644526
3425,35.14189586421625
3426,38.78878022172431
3427,44.59862763032988
3428,51.797407786446385
3429,54.51154320983194
3430,56.574643048336995
3431,58.309723275394525
3432,59.99904617928871
3472,14.176248855958054
3473,17.75650425206412
3474,20.998934641721817
3475,21.76366250536533
3476,23.52403161687709
3477,31.80620169879661
3478,33.96227954437036
3479,34.69042109931587
3480,37.0071131873011
3481,38.77794166909085
3482,39.19822885258647
3483,39.815603585439476
3521,11.193256666616502
3522,11.812120414983521
3523,14.806670947992234
3524,18.187992303880623
3583,13.931025655147096
3584,19.593885928464466
3585,21.351117561312282
3586,24.81733085188313
3587,27.891392783928087
3588,29.729287839190704
3589,33.69848913193094
3590,40.41243587174735
3591,42.651601470041314
3592,43.99878011100818
3593,47.55880114874173
3594,17.425089909905562
3595,23.414019832435677
3596,26.020802307266244
3597,31.236071139531113
3598,33.10008586125057
3599,1.31997581579069
3600,3.3631583676718315
3601,5.624685596976079
3602,9.724451462035496
3603,11.16464562096545
3604,15.02202157674363
3605,18.206860843716946
3606,22.942001227064875
3607,25.861365623931523
3608,27.46116616912667
3609,28.222116935524173
3610,28.851876659224295
3644,9.758698078323247
3645,10.231135636060923
3646,11.769638245693288
3647,14.482732075629945
3648,17.531946810569252
3649,19.265759477955022
3650,21.322243078091
3651,23.43209686965053
3652,25.399796739429092
3653,28.672804002220857
3654,32.28499157676599
3655,34.222685042761874
3812,30.87693952689334
3813,33.09611115980797
3814,36.12641533836488
3815,40.894720420489755
3816,50.56506145867498
3817,55.74575683527295
3818,37.758419528174045
3819,40.712533663297265
3820,42.40574849142216
3821,45.48871088400155
3822,48.616399980304884
3823,50.2283659144777
3824,51.90954148628721
3825,55.335319225347895
3826,57.428071187549065
3827,60.33079627933415
3828,61.96924511190075
3829,61.34030722888972
3886,28.447511643968692
3887,31.157905631044695
3888,34.996592946074266
3889,37.2824839073984
4051,15.663594724848057
4052,17.822876975683204
4053,19.116184784245018
4054,20.85719592121468
4055,21.911752076986083
4056,21.99491502982854
4057,20.55114746254791
4058,21.923379883416324
4059,25.396483426364675
4060,27.256579772551184
4061,30.34622709945944
4062,32.15728304132263
4128,16.07278882565214
4129,18.593893653082432
4130,21.75248904309547
4131,24.729927994548124
4132,25.98197804017545
4133,28.596095818074446
4134,29.966372757121228
4135,32.176602843021634
4136,35.67918145374552
4137,38.04985536786667
4176,19.197873093643928
4177,21.776408008170943
4178,25.057403210858133
4179,28.08206561178206
4201,50.32990624616296
4202,48.083418953017386
4203,52.886416427495604
4204,55.128028337666265
4205,54.314864947957474
4206,57.93235264462172
4207,63.863475387367956
4228,53.391038641371495
4229,55.80668546897912
4230,58.64158632241956
4231,61.57957458279115
4232,63.377562661473824
4239,24.130730904430106
4240,28.71083806984431
4241,33.138151486415225
4242,37.16926065737876
4249,24.42118240775256
4250,27.862585663876406
4251,29.587650975833935
4252,32.81525087395726
4253,35.242330292524834
4254,38.42179967610818
4255,40.20279523517317
4256,43.91693531783868
4257,46.79325178655463
4258,47.42587412144127
4259,45.646833529590594
4260,49.80654114308119
4270,42.41246205365978
4271,44.35951234061366
4272,46.45081581151037
4273,48.115906312317136
4274,40.036305638428566
4275,43.45025529440647
4276,46.54742930038783
4277,47.1335505125712
4278,45.44863729831913
4279,47.815984858407376
4280,50.37908997332765
4281,53.100776972323104
4282,55.09649838342059
4283,56.12600999272686
4284,58.11882330071806
4285,58.35513212693733
4323,17.857730714272634
4324,20.34020158772671
4325,25.112329646221603
4326,28.723413709960177
4327,37.498963219299426
4328,39.027132809065066
4329,42.497714139216534
4330,44.32609493532523
4331,47.838354322618414
4332,51.6795352499131
4333,51.4744667010287
4362,11.082708252001293
4363,13.442249893536651
4364,15.187410850067607
4365,15.609118973668624
4366,13.98470542286157
4367,41.190536060846995
4368,42.44137376774369
4369,43.12676247551772
4370,41.71374375831532
4371,48.66860005267948
4399,31.386389106756333
4400,33.105728100404505
4401,43.15172820034
4402,60.23373750103379
4403,66.79143738435862
4425,31.99405686774935
4426,35.9292502315338
4427,42.38523007169835
4428,43.20882952194224
4429,45.672262621246766
4430,42.396400912460955
4431,43.167748703800406
4432,45.32222340672426
4433,46.51375311540354
4434,49.24054908573048
4435,51.28866404103438
4484,11.982198791413861
4485,17.319379200766285
4486,21.882500849230905
4487,26.985869914875565
4545,20.559585336638005
4546,23.546644219836985
4547,26.783864877226108
4548,34.470049269956704
4549,37.76108253846873
4550,40.50315071368605
4551,42.615807102624004
4552,46.66013775668817
4553,43.655154754095875
4554,47.21206399399618
4555,50.75690625765846
4561,13.554408418861442
4562,14.80760256053282
4563,16.788104736064266
4564,18.438669713271022
4698,23.78767255477588
4699,25.94581173591436
4700,31.25230626357698
4701,34.28813431157812
4702,36.44682058062254
4703,37.164831717673806
4704,40.17789110511318
4705,40.89278690192746
4706,43.09953941641269
4707,45.79524456518776
4708,43.793622940978196
4785,17.839204990072897
4786,23.654955358852103
4787,30.578999008137743
4788,35.91717218257573
4828,28.594376456718855
4829,33.54393218074178
4830,35.06035924141458
4831,38.37154260399828
4832,43.51450333647148
4837,5.9026388303892166
4838,9.78920795420431
4839,14.292431472583553
4840,40.089642508917144
4891,17.844989209499218
4892,20.0828645772397
4893,22.629049345648887
4894,22.81070539936824
4956,57.54953515916245
4957,65.85617078601618
4958,68.00065981811241
4959,71.22946662393097
4997,21.304274835377885
4998,22.667313570876864
4999,25.71974314318397
5000,27.55034208124069
5001,28.13213838919064
5002,29.723247266395624
5003,31.05686819279139
5004,32.95413744959059
5005,37.04328955077948
5006,41.56299943310934
5007,43.44324170378345
5008,47.01629645245744
5045,2.048564999694295
5046,5.989043568641656
5047,8.408711441816662
5048,13.64442436708767
5085,11.168895718470624
5086,12.020273645405453
5087,12.946250888568809
5088,19.086101719361768
5089,21.056564841264468
5090,25.72953242527878
5091,27.519883660615612
5092,29.56027467090172
5093,32.23929762101625
5094,32.54267113943574
5095,34.155000657488216
5096,36.355798342741295
5097,18.694874979872186
5098,22.209314995465732
5099,23.339689822004406
5100,26.981002893400397
5101,30.348421672047458
5102,35.806472592011566
5103,42.35575927864612
5104,49.192060289199404
5257,7.9263179670232065
5258,8.806194933727719
5259,10.874566964818763
5260,14.341420297685914
5261,16.371732021999225
5262,18.809742389978123
5263,21.740336620897395
5264,23.919106823526313
5265,26.63015927305354
5266,29.339045325559777
5267,33.52254939386611
5268,36.51307730856144
5372,49.99846811705943
5373,52.20112128477378
5374,54.53534494330719
5375,59.26725997363123
5376,63.67749874470009
5377,61.90134958532192
5378,63.843564514110724
5379,67.18660774722628
5380,67.4167909477023
5381,70.20097323622879
5382,71.67092966101521
5383,70.76236410394965
5419,18.140640391575896
5420,22.560552276601314
5421,25.9497631778735
5422,30.2232602231608
5423,35.1718683327761
5424,38.01262613661021
5425,43.82737948829676
5426,44.41561085195356
5427,46.88241810940472
5428,48.86443895749217
5429,51.439958582167364
5438,46.229682470011014
5439,48.52707265605456
5440,52.99814204779268
5441,58.729654473912106
5454,47.13774862718081
5455,46.37441724634941
5456,47.15159994169626
5457,47.80756365091849
5458,60.812494302857296
5459,65.23453254791181
5460,72.05480149249759
5461,71.84918717648642
5494,13.73644254023596
5495,18.15364155435443
5496,22.023261760822443
5497,25.67486342759579
5498,25.604563549514314
5499,31.3631559831879
5500,33.668333798565484
5501,35.95406652577544
5629,3.429094498949577
5630,5.216035036218797
5631,7.97574973726884
5632,11.475251039836976
5633,34.67019478470837
5634,36.69544863274844
5635,39.67506412517577
5636,42.099461814986576
5637,44.86164291400231
5638,47.71718482346879
5639,46.34173570189965
5640,46.99200498803796
5641,48.30443620855182
5642,48.93302848651358
5643,49.624939190309746
5644,49.80098220955873
5645,7.782592898911356
5646,8.4487831116566
5647,11.135577085298593
5648,15.159540125712216
5649,18.18031782454919
5650,24.880293159455732
5651,26.941537207450125
5652,28.622287333011798
5653,30.17715161167596
5666,38.266253223016825
5667,39.95229503865205
5668,44.16456534184631
5669,45.480046748348364
5670,44.51026326137636
5671,46.607936526651756
5672,50.48338331963995
5673,52.366226852000295
5674,54.21247056379532
5675,55.069244298356715
5676,56.336084120759004
5677,57.63849033410438
5732,20.892351706367116
5733,26.03115283510824
5734,28.56746622579326
5735,32.83333625541283
5736,36.29971305344414
5737,38.322060191014714
5738,42.35488628666049
5739,43.321837852795724
5740,45.88715617003662
5741,47.3781645412257
5742,47.14072516117192
5743,47.09106180577647
5863,49.06256515636039
5864,51.3311679325746
5865,53.572203109666056
5866,56.62998590072092
5867,58.63283254426108
5868,60.455112785305936
5869,64.26730675971457
5870,64.96021090452864
5871,65.0825116968879
5872,66.09431360833227
5873,67.26048682997347
5874,68.17029773021298
5907,35.27265295161543
5908,37.48318003727792
5909,41.08786840967529
5910,46.412635158091675
5911,50.268623013373045
5912,55.57180750480834
5913,53.0836795476974
5914,54.46850275194238
5915,57.11375928206087
5916,57.430760861183806
5917,59.22874468124779
5918,61.38940697915873
5940,26.895533276700984
5941,28.354762621403886
5942,29.84671577061693
5943,32.663068815359146
5944,9.919626393899813
5945,11.711427040418611
5946,17.78455904161643
5947,20.351816931601075
5948,23.909098111562354
5949,27.84647758245011
5950,32.16548874259146
5951,31.8437816053503
5952,37.78106891078419
5953,40.70907632676501
5954,44.02261937275009
5955,48.018469958259615
5980,27.70796745704299
5981,29.48575168789925
5982,33.9622113960433
5983,38.125749659463665
5984,43.506094897675126
5985,32.95465943306233
5986,33.86469088352119
5987,36.15359231329256
5988,38.94221470788354
5989,44.147870750983465
5990,45.40959714840342
5991,48.27653632236088
5992,47.24717098715471
5993,50.48418095616934
5994,52.369061717661154
5995,52.579108675231055
5996,55.402366525802414
6001,29.533405741752727
6002,30.18671438237832
6003,35.61458500218718
6004,44.52236709479932
6005,53.31479967998945
6006,55.76244414648247
6007,66.33613819081916
6008,70.07913017501467
6021,34.27307733911045
6022,36.96514844285234
6023,50.842194537470036
6024,52.25542220718292
6025,55.25730443140028
6026,57.176756599524296
6027,58.03960118105836
6028,58.18199272932645
6029,58.859416834178944
6030,60.29075946332021
6031,60.63902791388345
6032,61.11351213921527
6122,35.283713956968334
6123,36.77869152538859
6124,39.53526948430617
6125,42.195491070758344
6261,39.34233310807703
6262,41.88997470550467
6263,47.008709089002366
6264,51.69265907712004
6265,52.73594126112848
6266,55.47206536777408
6267,56.013536051293556
6268,58.07930009503279
6269,58.12529099936431
6270,58.36873899671146
6271,61.97575764472366
6272,63.90836822230195
6313,45.930410435348186
6314,47.516322988210746
6315,50.7106504863771
6316,50.96691522383115
6317,57.83466713075633
6318,60.70939025248843
6319,61.89530896003879
6320,61.10372630898663
6321,1.4342407145894516
6322,4.557736786648597
6323,7.5463274963052145
6324,10.752020748825233
6325,13.701215277079381
6326,16.595227611267877
6327,18.873510947330608
6328,24.44714218898161
6329,27.764822756551485
6330,29.925660423024908
6331,31.884492318444575
6332,32.79095369968781
6348,5.220555609471027
6349,6.478081815923585
6350,8.167597858505104
6351,10.129326470125127
6352,11.164474081908406
6353,15.397253848048724
6354,17.66063127535127
6355,22.375454995360304
6356,27.027124446677128
6357,29.999284251805015
6388,28.991758382387776
6389,28.66345099321764
6390,30.815250681831646
6391,31.682312490012595
6392,33.71964197519821
6393,37.47593768319036
6394,39.776998030547084
6395,41.117159817986725
6396,43.19037661938208
6397,45.51995330828804
6398,46.66077392315854
6399,48.45683036623749
6462,10.039345974401193
6463,18.47393325666244
6464,26.657740903776947
6465,31.685648145493737
6486,12.25268936670285
6487,12.809080646026995
6488,17.276768231401935
6489,20.139560748815086
6490,22.07060197274431
6491,26.410568029471754
6492,28.8491193546739
6493,30.004021556289455
6494,35.040242725039626
6495,37.31001421697904
6496,39.00932434919595
6497,41.7782559596009
6538,27.54704724078598
6539,28.764805738651724
6540,33.46853725931102
6541,35.782734770301296
6558,35.03560879604376
6559,40.70812524352093
6560,43.238375487131016
6561,45.9922808619299
6562,12.544937821489928
6563,15.359372903921065
6564,19.726646371350235
6565,24.59655465093102
6566,26.025835171446648
6567,27.356739804592387
6568,29.45602892841877
6569,30.835278391970427
6570,35.76538952861507
6571,39.289542314031785
6572,41.75353361813738
6573,43.254482490984095
6574,27.419741448387054
6575,32.8080405952128
6576,37.85730693831415
6577,40.13102859248382
6578,43.382677520690685
6579,34.05476058551129
6580,35.35936363312883
6581,36.41552553172956
6582,35.28758668505477
6603,29.020382718207816
6604,28.75741257760286
6605,31.430595194082805
6606,32.65994568805329
6607,32.41355360489922
6608,36.39093082299185
6609,41.404913764307935
6610,43.80023696158608
6611,43.96206194450656
6612,41.24887982960162
6613,44.158970022108306
6614,47.46798000145388
6643,5.648212040018947
6644,8.900806833017564
6645,10.827492154287182
6646,13.112105714795003
6647,15.67061412775504
6648,17.762323658052296
6649,18.65828557327157
6650,18.581204904534143
6651,20.55320024225755
6652,22.5391289039669
6653,24.98946830668384
6654,26.78443803322175
6663,27.553795750138022
6664,31.665100138609525
6665,34.815990184317336
6666,38.634763543416774
6667,39.23455157437003
6668,41.56284126741505
6669,42.805235504881765
6670,43.2695393823133
6671,42.44272950668344
6672,43.01946166093308
6673,44.41065250144486
6674,47.86563551849069
6675,23.52098345270742
6676,26.51208818679521
6677,30.539600841214526
6678,32.73174264163246
6753,48.81992152706261
6754,56.20372419885308
6755,58.34493319162313
6756,61.45060957452487
6757,38.81946760120992
6758,43.34544564994027
6759,49.704764455969965
6760,51.26211033373524
6768,44.223416376640316
6769,49.411743100553096
6770,56.693897919095505
6771,60.924234748493554
6772,63.27640947559418
6773,64.34354879485167
6774,66.26406429560647
6775,64.80656298849563
6776,65.64619481973052
6777,66.10915059855367
6778,68.56459341205688
6779,68.86143643436444
6788,11.226378104046237
6789,11.953088258673485
6790,12.776639147601248
6791,13.445516820238328
6792,14.433040976847817
6793,16.095413176378997
6794,15.681376801730892
6795,19.49869978497336
6796,22.25390554769478
6797,25.122835150052143
6798,29.89210325167486
6799,33.98523623289254
6842,35.35854794186664
6843,39.54849047554235
6844,45.8701867515716
6845,46.402707687708116
6846,48.24468309741031
6895,30.141452670052594
6896,35.33204997407563
6897,40.00214596799008
6898,45.38847894349773
6899,42.79498285069686
6900,44.27768517103435
6901,47.024595655556276
6902,50.2874364658053
6903,52.611022530228084
6904,53.46872502560065
6905,55.04519001656615
6906,58.57199617794273
6907,60.08898942624869
6908,59.99114083992701
6909,61.67889969372611
6910,60.320845252563025
6956,32.75212901846951
6957,38.8900023442052
6958,43.49351008065217
6959,46.48178043281049
6960,48.642148883765714
6961,52.127493380206104
6962,52.58146233303684
6963,55.19690244855404
6972,24.463832328108957
6973,27.681023600424094
6974,31.355402638919816
6975,34.44996542904166
6976,36.83147757758714
6977,38.81719741975283
6978,42.06246895689067
6979,39.73738886789898
6980,42.80685704363374
6981,46.16668220926182
6982,48.3234278371249
6983,52.11571232483237
7052,33.56154637187047
7053,34.97921269935493
7054,37.06696191057292
7055,43.4916032160986
7084,0.1497617609501572
7085,0.794487556717346
7086,1.135620647383627
7087,1.5573754397118693
7088,6.753850843827057
7089,10.315610548303466
7090,13.535251346361571
7091,17.08875031048131
7092,18.140944021647442
7093,19.444144277238546
7094,18.295149456854567
7095,20.13825195264763
7096,31.04959921243999
7097,36.36589309630483
7098,39.74698123508581
7099,49.695170734491064
7100,56.37914929329592
7101,37.5095061195249
7102,39.11706856559522
7103,41.31898817716981
7104,43.68567112253351
7121,18.61718730152875
7122,21.55916794373775
7123,29.66469970090365
7124,42.542372442041746
7134,48.33914542556459
7135,51.91554675236031
7136,53.72701926789684
7137,56.55833718402181
7199,21.37247735052773
7200,25.742404863779576
7201,34.687107020385625
7202,38.217093153801756
7203,38.804528940144564
7204,38.69506612444586
7205,40.92121518534915
7206,43.22245084846536
7207,41.925139210300046
7208,44.16900803115253
7209,43.8961979357224
7210,45.93385194733006
7279,16.530848350872752
7280,18.604235796622596
7281,24.04261266137929
7282,25.69574732059497
7287,20.012509927846413
7288,23.6416627788532
7289,24.246485850542022
7290,26.515161895437615
7291,28.254789018421672
7292,31.86866574186028
7293,34.66274333048305
7294,38.68082559378542
7295,41.287236083689265
7296,43.67569119368987
7297,43.16826242300348
7298,45.17266450448464
7371,4.849766628634787
7372,5.738809164493903
7373,8.407713029435467
7374,10.844317983993179
7375,13.616462528561883
7376,16.73738766943503
7377,18.93713869838872
7378,20.873525336458684
7379,22.299623365164628
7380,24.28137413280968
7381,26.175428380593633
7382,27.47815275411503
7510,41.3694954576533
7511,45.61287089452748
7512,47.803803508573644
7513,50.42982626134817
7514,51.64382789579232
7551,-0.05459664361206358
7552,0.812991204296794
7553,1.1644921933679877
7554,2.1252929178985807
7590,24.29738319684875
7591,27.399354191200153
7592,29.703320506812865
7593,32.07220777955154
7594,41.29685162384268
7595,42.528905418108785
7596,44.40630915171147
7597,42.48577184648716
7629,26.278593346112547
7630,26.86487976980514
7631,27.290925001373438
7632,29.68839273005588
7633,34.39191602773521
7634,42.11318517267016
7639,31.134842654573823
7640,35.12434540672559
7641,40.14172692193246
7642,44.61480977002318
7643,51.01001932083629
7644,53.0100052724401
7645,55.031286105026105
7646,57.94908620410704
7647,59.2625863525238
7648,9.392025765631306
7649,10.43277714573818
7650,10.980999370313985
7651,11.561068488833198
7652,13.015573689515335
7653,16.058698101989393
7654,19.070043226915175
7655,25.729008166545007
7656,28.01780140717173
7657,28.460977902533227
7658,28.344610100216215
7659,30.283595812902313
7690,13.7053658904125
7691,16.260295297202106
7692,19.46039441517786
7693,22.41302861849858
7694,24.294699903344753
7695,27.160848398626094
7696,28.373080512076776
7697,30.851821741776178
7698,31.763176161012638
7699,33.847114524669635
7700,35.48996612968422
7701,36.86289801523996
7734,10.778667028695656
7735,15.338279302028843
7736,21.886453989972907
7737,26.625563127673182
7738,27.615823841201006
7739,29.56278849336089
7740,33.63407589331232
7749,4.829453296491307
7750,6.769514768361832
7751,8.66443622996188
7752,11.539565500415572
7753,13.393025113647974
7754,17.63432572766718
7783,21.229543170268933
7784,25.58475022955526
7785,31.18255386218079
7786,33.827128801354455
7787,33.237320677276486
7788,5.978506028169069
7789,7.970887270866352
7790,9.167682822411935
7791,10.712786705201983
7810,39.825213278097635
7811,45.59289270852751
7812,46.928131878227575
7813,50.47663988922883
7814,52.1559027034579
7815,53.735258983779275
7816,54.41001181909312
7817,56.92504340362926
7818,59.477592816054695
7842,32.80853284519144
7843,38.262859667141335
7844,39.95900077874034
7845,43.697863148951015
7878,27.37895598653042
7879,30.4411717236767
7880,31.376041462040224
7881,34.35825094941305
7882,34.550202501300234
7883,34.524429680560004
7884,37.83256445471079
7885,41.749398010510646
7886,43.924016852511656
7887,45.982903717781596
7888,48.1944354625218
7889,49.508463170188925
7895,27.12418944064006
7896,27.196904642137405
7897,29.777437230628447
7898,29.6589469161201
7899,33.20023269237674
7912,13.475131737624645
7913,16.67440824117659
7914,19.440090665844195
7915,22.34561790968376
7916,28.43847960564874
7917,31.125227247068597
7918,33.452521843710315
7919,35.60352496385681
7920,36.777786963886335
7921,37.80193595039142
7922,38.76927393763643
7923,41.995535054165394
7957,34.147875909224275
7958,37.658360864363395
7959,34.96086554717062
7960,37.831448915790915
7961,42.05439020156531
7962,46.829847991651945
7963,48.828206657211
7964,56.21504783026394
7965,58.215120771099954
7966,61.1206468837099
7967,67.15016592014908
7968,41.761813755476226
7969,47.10296173708525
7970,55.039659348199635
7971,55.7820157563101
7972,58.4720576862877
7973,26.712361035916114
7974,32.058654519763685
7975,34.98384520156583
7976,36.69916054544228
7983,5.2216665718054545
7984,6.667053220144948
7985,8.653555511323512
7986,9.995623916390233
8027,45.68799629421869
8028,51.79631021017566
8029,52.046272287700525
8030,54.570866576116885
8031,53.936205888676895
8032,54.91921544994288
8033,55.163803208884886
8034,55.25710574474829
8035,57.893309953412924
8036,59.12461618701402
8037,59.81747717800987
8038,63.301983788755635
8101,23.448512213883458
8102,27.883566717957557
8103,29.609916157636388
8104,34.51715990291808
8105,5.69706340154847
8106,7.114679185550026
8107,7.878578324349094
8108,10.02857194975991
8126,41.847152565778536
8127,47.112803815731965
8128,52.00957693836508
8129,60.245444958717826
8139,34.425115610482656
8140,35.867104643869595
8141,37.23171123527138
8142,38.840126075855665
8143,41.52812971416856
8144,42.654943422396556
8145,46.67441394489737
8146,14.874126187136692
8147,14.47244177578155
8148,17.31037683974673
8149,18.017974161526933
8150,8.6355033156588
8151,9.747782559980667
8152,10.85961600300011
8153,12.772828446919686
8154,14.630752303668611
8162,43.985534871098935
8163,46.85790081729171
8164,49.31034099589626
8165,49.75864039979528
8166,46.751763983911744
8167,48.59841781556743
8168,50.12157085153145
8169,51.69262769900886
8170,52.19996356232575
8171,54.89466082239028
8172,56.75370174133927
8173,58.17982758737902
8203,17.179076726026217
8204,21.082075724270624
8205,23.918645921158475
8206,29.004590814759638
8207,30.61155991338096
8208,37.84201151771181
8209,38.89398893214867
8210,41.88351881506677
8211,45.403716994498666
8212,47.84742680221711
8213,49.67696532797591
8214,54.66975981616694
8215,0.3873145079621972
8216,3.054515522660002
8217,9.052954392331145
8218,12.20554458785925
8219,19.121242216075974
8220,20.823784505866538
8221,21.656731474817825
8222,22.221304361157653
8223,25.317168428230314
8224,28.843386672451153
8225,31.344545835331978
8226,35.42573048817707
8305,15.65074680037203
8306,18.74153102149112
8307,20.711760742599665
8308,23.213846760825657
8309,26.338949770165527
8310,28.97429705542201
8343,15.170245189147778
8344,12.771141105868791
8345,12.239640576677244
8346,10.835092082929183
8468,26.25564519435277
8469,29.22896792241565
8470,33.95747322113366
8471,35.52035568319736
8472,30.226423804918007
8473,33.839711924863344
8474,35.92346765206356
8475,42.40416118247761
8476,45.093629692417124
8477,47.52108177752651
8478,50.12985158762258
8479,55.1097096946077
8480,55.061475631285205
8481,57.19443883528491
8482,58.60345228510037
8483,58.0410711595953
8536,26.755719681055496
8537,33.561221099394075
8538,37.9036773911155
8539,41.52433133409695
8540,11.013955611454936
8541,12.111910683147286
8542,15.880463717747721
8543,18.057415632612564
8544,20.12183507828262
8545,24.750311108548836
8546,26.993118209908367
8547,28.552882484947595
8548,26.58705405363782
8549,28.865093725959525
8550,31.898443744827006
8551,33.22272681800897
8564,27.835463687439113
8565,31.779351153974385
8566,35.47664664880012
8567,37.62353776778663
8568,47.723716632742864
8569,52.478571474428335
8570,56.520378436876015
8571,57.55980841997837
8572,60.8397371888474
8573,60.91577655831892
8574,64.01108467243559
8575,63.94649220656366
8604,13.72224632028543
8605,20.995869472255812
8606,22.141503443715642
8607,23.895213721858802
8624,15.638968294031852
8625,15.262460996412335
8626,17.168352928046907
8627,19.06171319509877
8677,24.620321661568724
8678,28.511067330912574
8679,31.609314892146397
8680,33.24853153230912
8681,32.570789176540664
8682,32.93592551374284
8683,35.80613790190534
8684,36.826181495176776
8685,38.3191086729844
8686,37.30575635511716
8687,39.26728066055283
8688,41.213499868043456
8732,56.20345162773317
8733,60.28070956432716
8734,64.96260866450127
8735,69.16654635690617
8768,37.4943894334621
8769,37.04488665153688
8770,38.647027618576615
8771,41.71714624051793
8772,50.07559775742013
8773,51.998184170703965
8774,53.962766113229165
8775,28.90863502144294
8776,29.208405685217844
8777,31.832993039827016
8778,29.074652526948956
8840,24.245155008751745
8841,27.816247382455327
8842,31.163349151804994
8843,33.71552062010808
8844,35.246974160641585
8845,38.809753582876226
8846,42.45598514438025
8847,44.86185571635265
8848,45.99295920461883
8849,47.37966223676073
8850,50.41819109548928
8851,53.70380980929423
8852,34.31403243951591
8853,37.04889768843657
8854,55.26720922374467
8855,63.134822690355236
8868,44.888668733623845
8869,46.495474575950155
8870,48.462847935884824
8871,52.87032717494477
8872,54.671676189394496
8873,54.9448474680345
8874,57.07271799805244
8875,59.24204261096304
8876,60.33900593439438
8877,60.974687383099116
8878,61.81973183438165
8879,62.87646145400718
8898,30.058101941883287
8899,34.68067277634225
8900,35.27551343753582
8901,30.30681136523583
8902,35.058020291854234
8903,38.39081197076486
8904,39.4166789819232
8905,41.40707089693846
8906,44.19647549128741
8907,48.29814458536627
8908,51.0223149863099
8965,30.210589805717223
8966,32.35893089679531
8967,32.048644723051936
8968,32.33776111850555
9070,29.825914819085266
9071,34.854286725895534
9072,34.56568907278667
9073,38.3719771886119
9074,39.84347321093154
9087,27.663761953897342
9088,35.809266922913125
9089,38.87677544359108
9090,43.36808052126165
9091,15.304005977334423
9092,18.02629895049147
9093,20.490247820552618
9094,22.329528516165745
9095,23.173970944792973
9096,24.944542303278617
9097,26.710486929892216
9155,20.875228029493723
9156,23.90298239801256
9157,24.84916083961486
9158,27.641916132491502
9159,35.92456459282723
9160,38.104584824454854
9161,39.63367857715124
9162,40.124958410094436
9163,43.86511063782506
9164,45.62806922761011
9165,51.67892992998314
9166,52.06456930157991
9167,31.234760655047467
9168,36.05223570516962
9169,38.24019544260408
9170,41.43891997865986
9171,44.660708029917394
9172,49.60362299920063
9173,52.33421158440336
9195,11.818082126525626
9196,12.900371658372427
9197,15.343851887953289
9198,17.090319876844667
9282,25.1815352466382
9283,26.348201952816247
9284,31.891701709893976
9285,33.63026208253915
9286,35.09850526151739
9287,37.6318540123599
9288,40.269884213206225
9313,16.0459564392064
9314,19.79266913911609
9315,21.897931804430755
9316,24.084666020479155
9359,35.014847120705184
9360,43.92098066752557
9361,48.548703549176416
9362,51.64930092878376
9363,30.002918533327705
9364,34.65076538681634
9365,42.917466366679704
9366,60.1251596345236
9367,63.89758157391513
9368,32.829657501009805
9369,35.29934461487264
9370,38.715654706415094
9371,45.63834262018255
9372,47.63156372515397
9373,49.15966051075718
9374,51.898131186459956
9375,50.54456937976742
9376,52.98331837695921
9377,55.09258689891753
9378,56.13744719597962
9379,58.58260068170606
9380,26.93610140782112
9381,28.389036078942645
9382,30.337796512422507
9383,31.104468065693812
9384,30.596539273710682
9385,32.13902012124962
9386,33.80546485648091
9387,34.21479278739789
9388,37.286936294303004
9389,39.21577005335124
9390,41.228825789331346
9391,43.06256245684803
9392,23.73473002570516
9393,27.5123179730059
9394,28.04360959608102
9395,28.504990529524672
9396,31.452782900057638
9397,34.934047415378735
9398,36.04169079700085
9399,35.71081106475587
9400,39.02769229119715
9401,42.66733961927464
9402,43.638413454333204
9403,44.52100690616507
9502,23.7112099654012
9503,24.560787109287883
9504,27.793975338872457
9505,27.218420989921405
9506,30.13928822212129
9507,30.354586324253916
9508,31.436444780685243
9509,32.23344853651667
9510,33.69268155144188
9511,32.801057869240196
9512,34.293748703140295
9513,35.362564905480085
9514,36.48121336549536
9515,37.73299894150641
9516,38.50984421847869
9517,39.618440065034
9518,41.56533929300064
9519,42.992143449478945
9520,42.32503872296799
9521,40.67266966125728
9522,42.01464110734127
9543,56.65592973664728
9544,58.73962098074644
9545,60.09024263746112
9546,60.879690533490816
9547,61.48680932485265
9548,62.760908852013074
9549,61.57918117681724
9550,63.71832082842441
9551,63.90777616912355
9552,63.17572930145599
9553,66.2735562426682
9554,68.29597089798798
9724,26.02409628878889
9725,26.180814917095148
9726,28.879719060663216
9727,29.354884023744034
9728,30.422194909069123
9729,29.17824368903289
9730,31.866213232862826
9731,27.72342730975247
9732,38.973650755280325
9733,41.464715769500955
9734,44.33730358627196
9735,48.77683691989456
9778,25.773825415507105
9779,28.029908533764957
9780,32.87705716338345
9781,36.82141409616474
9826,29.615543720121345
9827,29.85719423280417
9828,33.2406856404463
9829,35.54962324671314
9830,37.55566367897927
9831,38.97228136594573
9832,39.769364096718846
9833,42.16996595199906
9834,44.655161457459236
9835,45.308520157697295
9836,43.40526740872165
9837,44.887377398263446
9850,29.815723355661362
9851,32.86972651075053
9852,38.215863609323435
9853,42.97920037814744
9854,45.402764199693465
9855,45.033389058132215
9856,46.947596493464715
9857,49.93398380773509
9858,51.555145825808495
9859,23.229113808247952
9860,30.891417872160652
9861,31.809281341155224
9862,33.86512673986347
9863,36.040194571200615
9945,38.02083576219063
9946,45.1624247563884
9947,48.97618985417619
9948,51.48080414765504
9949,51.440757263823
9950,53.29907053097927
9951,55.37626981687475
9952,56.60275430416224
9953,59.17387054482689
9954,60.89754498972095
9955,61.21978925913179
10058,16.316272317053883
10059,19.663608140650382
10060,22.674837865235084
10061,23.909908219007058
10062,24.055620191455535
10063,26.501602317938488
10064,28.998300088247827
10065,32.976452467012244
10066,35.261429967529715
10067,36.55833145158491
10068,37.996288257829576
10069,39.93030072610659
10070,42.372513135134895
10071,42.394841534423016
10072,46.83739930622921
10073,46.61067848092556
10074,51.99550436449973
10145,21.967194976334003
10146,24.19641384115352
10147,26.93857713631629
10148,30.279261607555686
10149,33.208159701641435
10186,42.39541838113264
10187,44.953909252479164
10188,48.111521782670415
10189,51.237457996372754
10190,52.61787356337978
10191,52.980971136890936
10192,54.91403499812903
10193,57.950593410522934
10194,59.0136430978273
10206,27.397285873638232
10207,29.266382374691187
10208,33.550002772229654
10209,34.27769347940027
10210,37.82502742600119
10211,40.409283074177495
10212,40.698011544148834
10213,44.99992493423672
10214,46.62062056518889
10215,49.50449189040472
10239,32.86331392610094
10240,32.882606880301424
10241,37.76320397404979
10242,40.223032771594134
10271,9.551573289771474
10272,12.432622328492169
10273,13.584480577396482
10274,16.55890476814856
10275,18.76551822606661
10276,23.77778006373731
10277,28.73245319999945
10278,34.03104829274065
10279,37.60263710661424
10280,41.03846395226571
10281,43.1819114838392
10282,43.71525146942748
10283,10.614106743278125
10284,16.50510191883083
10285,20.2089574998017
10286,24.18203834699745
10310,32.81672439019791
10311,32.611110651502585
10312,35.24922167186845
10313,35.842374032136874
10314,37.473665827336944
10315,40.09636320876606
10316,42.82617132534074
10317,43.071654880534204
10318,47.614843209359734
10319,47.99703776221945
10320,50.18351621268254
10321,54.46733636943302
10322,20.77783804369141
10323,33.16914508620916
10324,36.22469025587384
10325,39.50591210924024
10326,41.20202658045514
10327,33.56442102427552
10328,34.94441311176216
10329,44.101941452671
10330,46.036593919458625
10331,43.808748175270935
10332,47.01290947089284
10333,49.832511169327276
10334,53.219023577525306
10335,57.608739916951734
10413,30.458266821292785
10414,37.06943820817462
10415,42.56846648608466
10416,49.25323336789717
10477,25.97763265034182
10478,26.025029394877333
10479,29.158764826905582
10480,34.25381335333834
10481,40.81561828153259
10545,21.25990313661225
10546,22.692610241492027
10547,25.83082780280778
10548,27.9869365343273
10549,30.477548469233987
10550,33.39326394131838
10551,38.781765235232356
10552,41.236169931673224
10553,43.75897035810219
10554,46.79459865903142
10555,45.42546690176594
10556,45.210420105227726
10634,38.52777267126201
10635,41.43079126450376
10636,46.84389044098215
10637,50.97520601644693
10638,41.947270572183584
10639,44.389185902624206
10640,49.150703970576195
10641,52.353930922586564
10677,18.97939300461995
10678,21.184894582028527
10679,22.231991479516843
10680,24.82746171522292
10681,28.96119494406082
10682,31.03326165640368
10683,33.99061147017782
10684,34.336838579189674
10685,38.07595129069956
10686,38.72591476621449
10687,41.739107276023546
10688,42.73960760711804
10689,47.12366115060969
10690,52.04092686087804
10691,52.54111314044635
10692,60.75494682568508
10699,25.86253013034306
10700,30.065029172074674
10701,37.923403757323946
10702,39.55852696485397
10703,40.8393485828627
10704,40.824076064970086
10705,45.920492927743396
10706,47.3677426918253
10707,53.27448972917425
10708,55.193611738454294
10709,53.419144134715694
10710,53.81214129656344
10772,29.878949805298493
10773,30.5165750027352
10774,35.04161854261091
10775,42.842445124388036
10776,44.06226214784432
10777,46.88516917278577
10778,47.92456586122576
10779,50.322631843204604
10780,53.06562240811138
10781,56.07673319459701
10782,57.68548907976352
10783,59.666746367624036
10793,9.5527878644736
10794,14.133713471735678
10795,19.137627560422864
10796,24.556126578588025
10797,26.264288019099467
10824,47.2920049218166
10825,48.352198056015496
10826,50.107710720445894
10827,44.68334856348543
10828,48.528579313041504
10829,56.439287023647935
10830,60.80298267126883
10883,7.012233408423843
10884,9.992439286303789
10885,13.923004193522587
10886,17.77181618187527
10934,26.452379287375607
10935,27.689169203607747
10936,27.79596840019919
10937,28.17779613177625
10938,28.67132835693075
10939,31.667918030537958
10940,33.143257762613864
10941,35.616042490380664
10942,36.07173066046072
10943,38.72702438249688
10944,40.5425801559726
10945,42.77999554662604
11128,21.363115072026652
11129,25.10121216169508
11130,29.05025565765836
11131,36.12147619436895
11132,36.99130526524577
11133,38.79053458919269
11134,45.57097589024759
11135,48.67444632352528
11136,51.27257973921011
11137,52.38665791414542
11138,51.90310726733644
11139,52.47574481749264
11189,29.57033849849064
11190,36.356751146908856
11191,37.79745502358169
11192,40.520897163538685
11193,43.83528144580792
11194,45.8712085469508
11195,46.96138073612959
11196,48.897580014307195
11197,49.28815276651699
11198,50.70325438603801
11199,52.070718684491126
11200,52.143334001118525
11236,4.143547615297041
11237,8.783328500150354
11238,11.824540478880076
11239,15.080364727461554
11240,18.13286491634785
11261,3.078119895606389
11262,9.44414622261637
11263,15.171625415285948
11264,20.507444152586622
11361,47.53458969596706
11362,50.992437772746555
11363,51.64845558271708
11364,55.61232641067595
11412,11.144125375420746
11413,11.669176899697712
11414,14.989499911930832
11415,18.340018594761126
11416,21.007168379736136
11417,22.99817169372742
11418,25.19244098832621
11419,28.27982039767984
11420,31.054611561669425
11421,43.18313326758752
11422,45.15605380495378
11423,50.232938815225964
11424,7.713530521965511
11425,10.244382429135033
11426,15.743048778014138
11427,19.342001277002247
11428,23.462033144107803
11429,37.33233657440099
11430,40.71939801394029
11431,43.077890400943865
11432,47.1634729434283
11466,12.625654452589712
11467,13.448109311983368
11468,19.23921438488808
11469,20.746235329719166
11470,24.19061105132232
11471,25.737936155061824
11472,28.67574316742427
11473,30.067952697308094
11474,34.199320483093075
11475,37.90169216455057
11476,37.35067628813073
11494,26.546418116827795
11495,30.519638604623083
11496,33.57410019705332
11497,36.5509152264525
11539,28.054546476691637
11540,31.400623799065528
11541,36.65236804564954
11542,38.304947819624736
11543,42.235792869846335
11641,1.7330524790334525
11642,2.1856304362816994
11643,3.8555773711861874
11644,6.0696352326749405
11645,8.670386099667985
11646,9.895088759306441
11647,11.115363496700535
11648,13.139335458729818
11649,13.783147178082142
11650,18.73271097722499
11651,23.6104906352545
11652,26.509364500738137
11757,37.12315867834084
11758,37.28719951881631
11759,39.731961996093524
11760,41.59922657815361
11761,42.149505424306795
11762,46.727217343742026
11763,52.4691631906987
11814,37.530016862624315
11815,40.38126072294865
11816,42.36142810259462
11817,44.52945063968319
11818,47.331360501627124
11819,51.04752872981609
11820,24.8027474464876
11821,33.30243069989683
11822,39.32552262023812
11823,45.87999036004662
11833,3.5971747712360242
11834,2.791182194509784
11835,3.5667745646392417
11836,4.944764867455288
11837,7.849263452719787
11838,10.381480993302231
11839,13.33937041854901
11840,15.29960920242487
11841,17.21087474270131
11842,24.983254826107633
11843,29.85450535425902
11844,30.253070995076918
11995,0.737545117882475
11996,1.1174778297239514
11997,2.81821355049439
11998,4.365110273130933
12009,37.393359493233284
12010,39.35705521626054
12011,43.80776545854302
12012,48.36256289245044
12013,53.17989351377954
12014,54.98282928710588
12015,57.628245332264996
12016,55.785283338088405
12017,57.941785770918486
12018,59.82254343337331
12019,60.8850260417597
12020,62.237899289002584
12032,41.93140304904452
12033,43.695526528275295
12034,45.55971863520278
12035,47.784985981053445
12036,51.519080479868464
12047,26.44543362080923
12048,26.309531791673777
12049,32.840338412296504
12050,41.62985894007905
12051,46.74909698033632
12106,56.53220888144089
12107,58.633325467696906
12108,61.91504147054777
12109,62.029641795418
12110,64.5841462970468
12111,66.93312799853699
12112,67.67207671080175
12113,70.89249786611819
12114,73.86154083111103
12115,73.42870742686037
12116,34.90025770892967
12117,39.65290885215562
12118,39.600680564065144
12119,43.7171517214266
12120,47.34954554191579
12121,47.00671189884469
12122,49.93727981742834
12123,50.6199313505701
12124,50.35425387186241
12125,51.04648361268994
12126,52.33004191779095
12127,55.52389305286757
12132,53.24500496383113
12133,57.05336510661876
12134,63.536054337062964
12135,60.46464181607572
12186,24.009848892897843
12187,27.46765778334976
12188,30.344492362281535
12189,33.422508705793305
12190,35.12655784126345
12191,36.71886111637947
12192,39.069438830299504
12193,41.20971303747889
12194,40.16965902640793
12195,40.82441693083412
12196,42.52504647049476
12197,42.40675650919502
12210,35.40000275301836
12211,34.36337058562717
12212,37.54258729047465
12213,34.26714403464077
12233,10.720895148986227
12234,13.840406680021456
12235,15.234079232331023
12236,17.882576298993577
12237,26.271047155907013
12238,27.43582357379615
12239,28.664868303874766
12240,30.20063638350781
12241,30.79531987945706
12242,31.40997036179424
12243,32.27094199800938
12244,33.51731202828291
12245,43.66625029791663
12246,49.83508407165715
12247,51.64496337160286
12248,55.4628229735163
12249,53.89445063814975
12250,56.54717057466644
12251,58.010419184765375
12252,59.59749066023695
12253,58.52221340862648
12254,61.248143111752846
12255,63.81417366820551
12256,63.02414250739447
12269,44.80834441641596
12270,46.5895631234075
12271,50.04659926027123
12272,53.8827037599266
12273,56.02069556146347
12274,57.491233393292326
12275,57.581523504251756
12276,59.52979975433374
12277,62.50761422721878
12278,63.32245062037164
12279,63.392931830800805
12280,64.83049476154885
12307,12.870533310975059
12308,16.54221189998808
12309,19.63753784222715
12310,25.055799051285284
12311,28.749640424257915
12312,32.18452636061546
12313,34.56544263549274
12314,40.55415078942762
12315,42.23191063676201
12316,43.03394690291595
12317,45.07215876856253
12318,46.269528415594344
12363,15.715136069914326
12364,17.570161244171835
12365,19.81380073396273
12366,22.28958069961177
12367,25.94979562019295
12391,33.67868860267854
12392,39.35667878035216
12393,41.3565909547404
12394,42.341287688935
12395,44.3411291743689
12396,45.33382431859128
12397,47.7585072423153
12425,40.149384538446334
12426,43.54667402306521
12427,45.817079156275085
12428,59.05414647726902
12429,62.90174433894657
12430,64.27355753856729
12431,67.17446197758844
12432,68.36574349463974
12441,23.79241456395075
12442,24.28931817304787
12443,26.25562369029417
12444,27.84600761206756
12445,30.90416952787457
12446,32.71107710944519
12447,35.52477995327306
12448,37.91154349197363
12449,42.609768635458884
12450,44.364732061895644
12451,48.66293924626835
12452,55.38252574095152
12514,7.287887914858662
12515,10.142845964643405
12516,11.062435859437608
12517,12.112716759718094
12518,14.302952285839755
12519,48.376967052854205
12520,50.765814835364836
12521,52.353453919751495
12522,53.813956789037675
12523,55.21769088589677
12524,57.4185978486543
12525,61.542820547691846
12526,63.540586807511055
12527,62.705588665741594
12528,64.6519952344981
12667,32.31764225602541
12668,36.65227331555477
12669,39.888398648048494
12670,43.052820012519746
12671,46.735464202772775
12672,50.01466106618412
12673,52.68049413405555
12674,54.948781070619624
12675,57.308565628499174
12676,60.591877674069835
12677,59.150831599434504
12678,63.16379372580724
12711,33.30025942844044
12712,34.16392454885623
12713,36.667159302875035
12714,43.29336705452617
12715,47.87784196731144
12716,36.2469078982301
12717,37.25190538855141
12718,38.824557982432
12719,39.46250181868512
12720,43.41500166180741
12721,45.44874744714811
12722,47.76568466975311
12723,52.909128350221316
12724,54.30242902906339
12725,55.16822553918522
12726,55.86452050888194
12727,58.75066667296576
12733,12.350694473254325
12734,14.038860221129374
12735,16.282080280927392
12736,18.228334910030195
12737,21.537103117861705
12738,24.67772508600004
12739,27.7097113108641
12740,30.71408032592467
12741,33.52062020597792
12754,28.483146767436438
12755,27.95660772801865
12756,28.744625297295055
12757,29.73497164310877
12777,1.613737464542425
12778,5.465687745389912
12779,8.217972989787334
12780,9.871700759313493
12781,13.537485798069564
12782,14.866661219469432
12783,17.424649803455765
12784,19.30348699014315
12785,21.80742922366975
12786,24.161737931973583
12800,37.47957709530317
12801,37.535936268224
12802,40.70058347246007
12803,44.4223676283557
12804,48.63012135400165
12805,50.47972798336632
12806,50.61481135994332
12807,52.13387618850491
12808,54.28337728253532
12809,56.4557711412686
12826,16.142840754337072
12827,15.102865150774331
12828,17.790622178865423
12829,18.75407533443692
12853,6.1680559816040486
12854,12.91275459939369
12855,17.90452678429481
12856,21.781205376670634
12857,24.050377423062752
12858,43.71651670169452
12859,47.40483801905717
12860,50.78873592051806
12861,53.20013190003543
12862,55.08562492547078
12863,55.41186889535366
12864,56.68358431447105
12865,56.59543182409713
12866,59.53040251277334
12867,61.54021977086101
12868,65.30775601343433
12875,21.042811208731333
12876,24.56915307801473
12877,27.905108388109493
12878,35.47748507168526
12879,41.09072179375806
12880,43.65802120965261
12881,45.716697953940944
12882,49.57558046527946
12883,52.87036790539598
12884,59.82584662379604
12916,24.99087531356902
12917,25.72251406396877
12918,28.979199137616586
12919,34.149953929952765
12920,36.686520281369006
12933,12.077338345112784
12934,13.43275372421563
12935,16.073092918064965
12936,23.152682172352065
12937,26.416299427863358
12938,29.250754741215797
12939,30.730169630127904
12940,30.094710060928115
12941,31.893227384462012
12942,33.267679962897304
12943,34.43713094979107
13020,28.104351036366893
13021,30.539592278952767
13022,35.90422502755254
13023,39.59063160566933
13024,47.60650754369719
13025,49.838349072590596
13026,52.13292179591063
13027,54.260605164133395
13028,54.06077015515757
13029,53.9270634727038
13030,56.200263523145054
13031,51.84350492840474
13032,59.25124061827097
13033,61.790342070043266
13034,68.15535694394978
13039,13.588057997535572
13040,16.370986936318335
13041,23.206557168983654
13042,25.387355778785615
13043,26.335521969626615
13044,23.594893717007388
13065,9.63947355104077
13066,14.99694134846933
13067,18.559809547438746
13068,20.126857886519787
13069,21.292454387780168
13070,21.944426009077183
13071,25.546368355051918
13072,27.379033221762505
13073,31.23092601546138
13074,32.79749621081685
13075,34.59769510031172
13076,35.63393715332227
13077,7.490526394190089
13078,12.176833685950047
13079,16.56382104357812
13080,22.90416530080004
13081,26.129082107255716
13134,11.41280885620929
13135,16.307989071723274
13136,20.258426994599084
13137,24.719168742004843
13162,20.491126627991555
13163,21.407334522889123
13164,24.974390918970883
13165,27.97580141929206
13166,31.81767914046892
13167,38.90374875183362
13168,43.65936371880573
13169,48.65415160388153
13170,46.32144053466493
13171,47.79853930731528
13172,50.807559667535656
13173,54.30042327744951
13195,38.69485793540516
13196,38.671713572938565
13197,40.31293312882332
13198,38.4331186825478
13199,41.04227309853917
13200,43.11801735844712
13201,43.49186645925193
13202,44.46158951221225
13203,46.35434183819315
13204,47.52855221719574
13205,48.04369209020247
13206,49.95221126026778
13219,16.879588429913674
13220,20.912020362425235
13221,22.811997716255494
13222,25.800925129005197
13223,30.539321030043432
13224,35.8750803238086
13225,44.49126890588218
13226,52.428596672034914
13227,57.39572568859344
13252,22.186279150019807
13253,21.80101081918627
13254,23.915667082845054
13255,22.373162799090387
13256,29.227633142508246
13257,34.65003919996996
13258,38.326755398718106
13259,52.49404398393731
13260,54.43775178670511
13261,59.51332120666073
13262,61.83647724163215
13263,62.87455840186692
13294,31.20983043274965
13295,35.053239675103285
13296,36.43027374746064
13297,39.67177983235128
13298,40.693766815950326
13299,42.29391725234493
13300,45.4753223221541
13301,47.44011136995188
13302,46.08034387802962
13303,48.33491356581139
13304,51.221581308602126
13305,53.092395101938145
13332,43.70976520595118
13333,45.03786299969119
13334,45.95629847507513
13335,48.38510903621586
13336,51.31204359755593
13337,53.811574131126896
13338,53.509122859864625
13339,54.76757652254404
13340,55.52510689508804
13341,57.28354692813558
13342,58.18384154195098
13343,59.34094543126163
13344,1.0415219925523367
13345,2.5781381722922556
13346,5.327039998424609
13347,9.626290743858998
13348,14.505885933944153
13349,18.602267570208276
13507,15.407907608154861
13508,18.53463855821345
13509,21.366851296373472
13510,25.469325892382162
13564,52.49542835273976
13565,54.11255052825559
13566,55.666795804233246
13567,54.5224190978033
13568,58.385497591996796
13569,59.335749897953235
13570,59.62911251209982
13571,60.57665136936055
13572,63.711811652273965
13573,64.9438722129559
13574,67.05533260531872
13575,67.4264635165862
13674,8.865744942825945
13675,9.971148459667578
13676,13.008716536072821
13677,14.7254823742378
13720,11.366063516249804
13721,12.082118136590456
13722,15.01050994327909
13723,16.709781070211537
13724,16.82539014782799
13725,19.474045579516712
13726,28.900503363344
13727,34.987193360309135
13728,42.08232986861162
13729,32.02861734923269
13730,32.3714629014104
13731,36.38965614356173
13732,41.93183900213364
13750,32.588068011366055
13751,37.763338928073715
13752,41.7995704525101
13753,44.96773066827142
13754,47.5642545967662
13755,50.74995666597523
13756,53.32791332798111
13757,52.31116424826054
13758,55.14086836592851
13759,56.54365448306294
13760,59.36349483578069
13761,61.134292732412845
13867,23.15396706624438
13868,24.169564583610715
13869,31.252178554768374
13870,36.872525889345454
13871,37.96926885772724
13872,40.599929408741815
13873,45.66068976162742
13874,48.6027600826516
13875,49.195895020926535
13876,50.449918150392655
13877,54.960439661355544
13878,58.15547658823158
13896,35.281370022170336
13897,38.59415920888221
13898,42.17852284777399
13899,46.195188248307815
13918,35.560233120690725
13919,37.29107469728041
13920,42.66034305062937
13921,45.95893546259201
13922,46.691036386439954
13923,49.059546481300174
13924,47.74579495175171
13925,48.269162757252396
13926,49.64106956983168
13927,53.85840183347743
13928,59.054781861981006
13929,61.2857596103142
13946,14.193980835342668
13947,18.48592503269871
13948,22.12645661306242
13949,22.307266951584367
13950,20.127028994396593
13951,25.64592191963472
13952,28.111084853117895
14097,14.748304129586828
14098,20.399507302170946
14099,27.131340582001098
14100,30.349054342458306
14219,23.600754459750522
14220,26.31139018317968
14221,29.45817831039821
14222,31.749858311070263
14325,50.136568194559274
14326,49.96210959923908
14327,53.32648818286965
14328,53.922586567223426
14329,56.92893859440625
14330,57.19667356828381
14331,59.39107340873029
14332,59.60919764583836
14333,61.31041186756678
14384,9.956817229948133
14385,10.969549179514292
14386,17.624006476443316
14387,20.882253059116643
14388,22.53263273847181
14389,24.90736917489418
14390,26.93701059662316
14391,29.060427488747216
14392,31.1585156422742
14393,33.80852511117833
14394,38.01821495413061
14395,41.72313947297677
14396,31.73395727026723
14397,42.18863389247596
14398,48.61107524333267
14399,56.065123336272904
14400,5.81053241751994
14401,7.753844602305352
14402,9.653947248225105
14403,13.631837030654534
14404,14.525623658943653
14405,17.185772487062728
14406,20.308528943722916
14407,24.76139833177229
14408,29.320614494512494
14409,33.02985111259047
14410,35.476427722689444
14468,20.84716770495062
14469,25.09583008834496
14470,31.839538219208997
14471,34.02630786747929
14472,34.60474507572127
14473,35.80363024324229
14474,38.142246262354845
14475,41.496062190718646
14476,43.60265692921037
14477,45.61465904569675
14478,45.57001298664867
14479,46.89339229370465
14498,0.47331421463599527
14499,0.3235516942302282
14500,0.6159248065955617
14501,3.2987651895685226
14502,4.634660722655202
14503,7.506375620388738
14504,8.281350417219622
14505,10.980206682324583
14506,12.366066126777522
14507,14.243545124421075
14508,17.91305720192139
14509,17.26156738665123
14510,11.783509307079042
14511,13.663924722774476
14512,16.103012896722294
14513,18.15700162572491
14514,20.262312209658795
14515,21.493563677951208
14516,23.32726773114043
14517,25.151047173361803
14518,26.31785696306153
14519,28.13968430293152
14520,27.83036535030818
14521,29.652826307485043
14535,6.507207264935451
14536,12.322708585209899
14537,16.653850993327392
14538,21.929460800264224
14539,26.132087404485397
14540,27.926232091136672
14541,32.19583545142961
14542,35.13954786135001
14543,38.39312054856824
14544,40.02692040740219
14545,42.35810647781563
14546,41.18039291450777
14547,25.146308151175237
14548,30.539098924389627
14549,34.08535378839043
14550,34.34483865636203
14551,36.729568958153195
14552,41.752255442552034
14553,48.141819626404846
14554,52.687987381049865
14555,55.5731096911709
14556,59.02725581276353
14557,60.900410882672546
14558,64.06955254250094
14563,52.43046981961087
14564,52.99940684251679
14565,56.82026325073548
14566,60.282849563349735
14567,60.47689659741532
14568,64.16324413101434
14591,18.373304175913333
14592,23.104272588775196
14593,29.571271490452737
14594,42.64995248806389
14602,40.18733870656775
14603,44.271830381302784
14604,47.36113884640913
14605,50.21703656225468
14639,10.662766673263663
14640,13.882209533445467
14641,16.74391964369442
14642,22.393731559841626
14663,13.156490766551276
14664,14.801375585973215
14665,20.031141928036984
14666,22.280837523953448
14667,25.74626088587207
14668,24.808469424231617
14669,33.456595812148656
14670,34.68893496194623
14671,39.95986640757367
14672,39.68429276528879
14673,40.386273738227
14674,42.349404436833694
14675,56.37729208398501
14676,58.96700890453906
14677,59.730926825862426
14678,57.04455749721369
14679,62.97491351047394
14680,63.9223232246272
14681,63.61959882100391
14682,64.89675279003814
14694,37.40917537933592
14695,39.14081472258407
14696,41.006579127117845
14697,43.388688850192075
14794,22.954966131127996
14795,25.29255479490366
14796,31.1678802199334
14797,35.91038122322358
14831,2.575452622502728
14832,3.421643103488212
14833,4.177694578306471
14834,7.809928196602935
14835,15.19562080710161
14836,17.91166028054588
14837,22.966734645139166
14838,29.548549457204597
14839,31.841359699751955
14861,40.870478274636774
14862,41.438247792136565
14863,41.03067020936916
14864,35.653804420520295
14865,36.97033559423214
14866,40.42174467479612
14867,42.5424745868472
14868,44.484795700618164
14869,47.21877321714159
14870,47.12507560453029
14871,51.44161442667841
14872,50.29999158736641
14873,36.61808094697015
14874,40.97912556447436
14875,44.35377554879417
14876,47.402891285165104
14877,7.979411728761255
14878,10.064017040038484
14879,12.312294675017048
14880,13.285292548645344
14881,15.702636662903895
14882,19.27913411928386
14977,3.842701695856406
14978,3.7500246156169736
14979,5.648069775598936
14980,9.171750228872726
14981,11.539540629021982
14982,13.41987594298379
14983,15.043646304808593
14984,16.576974465997043
14985,20.3211256119198
14986,23.43231918927691
14987,25.652148126532957
14988,27.71240670905391
15001,39.88669002453482
15002,43.15447144298664
15003,47.49786031514431
15004,50.55125424284462
15005,52.788252119149206
15006,52.086844126945905
15007,54.00048946036105
15008,56.85445452387923
15009,58.32770412499775
15010,61.63887367936151
15011,32.777579672554126
15012,36.6501647047344
15013,38.53206236223275
15014,43.75394919384138
15015,47.41492232788361
15016,47.81989585653444
15017,51.4985072740519
15018,55.632666996491594
15019,56.10706500204479
15020,55.216160208677
15021,57.14494919456329
15022,58.990336155971576
15039,24.107001583909238
15040,28.2705269138191
15041,31.001374198013554
15042,32.50901014944259
15043,34.01731760317541
15044,39.36741823913006
15045,40.887058475070404
15120,58.32417231353821
15121,59.93139199316365
15122,60.52228459850643
15123,60.6977557972676
15136,32.94675927514252
15137,39.705046356628216
15138,40.497802947861345
15139,42.212021779613266
15140,40.229632916580314
15141,43.17166940034661
15186,9.710900195982404
15187,10.541437684165569
15188,13.456624029409653
15189,17.019039821922593
15190,19.73035901487384
15191,21.394342225459727
15192,22.988714385171754
15193,25.67609703848633
15194,29.20900328877617
15216,32.077014719250705
15217,37.976152829324846
15218,46.43460321749862
15219,51.703571925996776
15220,33.65704352321925
15221,37.66423168293779
15222,41.52926771398506
15223,45.30175819459382
15224,47.4185449048144
15225,41.74974478784219
15226,43.034524207746244
15227,44.916336447865675
15228,41.96130449258018
15229,42.88070577124158
15230,45.13143274035333
15231,48.827412671494905
15232,21.992525037063814
15233,25.473547267878438
15234,30.726437696622206
15235,33.42423001802133
15236,35.42828347724148
15237,38.685142833396874
15238,42.234120508336716
15239,44.874810532423695
15240,47.417797301509026
15241,51.267326747040784
15242,53.49429821789924
15243,57.224924312291876
15260,25.685995123319465
15261,27.813533944064307
15262,30.85127121501073
15263,35.177804165223165
15264,38.60042841395387
15265,43.84449706215439
15266,46.359324440668324
15267,45.65479806343899
15268,46.107292459885265
15269,49.65803330786865
15270,50.29504736162337
15271,53.4351371997259
15281,17.437515662537162
15282,19.364269201555835
15283,21.738812343817678
15284,25.123851644297076
15285,25.293334042689494
15286,29.83492588013336
15287,31.682805601954264
15288,35.0107110720745
15289,36.77193618652902
15290,36.878917016108296
15291,38.27932645141033
15292,38.96701406854396
15574,33.595117855321426
15575,36.97290055647967
15576,40.970450809931194
15577,42.831203658514944
15578,39.980050225879566
15579,42.158845152316516
15580,46.07095011233277
15581,46.242316128036734
15582,48.885453089169694
15583,47.961414041744355
15584,49.098462626539536
15585,50.66380080577105
15606,23.050444567857106
15607,26.14768858247927
15608,29.526780588419694
15609,36.46610152727088
15654,9.567668589717266
15655,11.784165403861591
15656,13.774359971283047
15657,15.49763022350933
15711,43.15715190910407
15712,45.17404060142649
15713,46.82492724391567
15714,45.5540247900006
15715,46.57747932962166
15716,49.29607537151843
15717,49.86888479605456
15718,49.1597155700644
15719,50.73118794468062
15720,52.99817013356757
15721,15.342359372992556
15722,17.603841965754874
15723,20.521076699272406
15724,25.425499560109404
15725,35.89807990400659
15726,72.38663770261901
15727,77.19871631333714
15728,79.68009344811276
15729,79.43890564814323
15730,79.92629567970144
15731,81.17589548633234
15732,81.85949122546158
15733,82.13598826743674
15734,83.71208324720281
15735,84.60387026677049
15736,85.01403660995437
15737,86.07610964980327
15762,30.13458072721205
15763,35.26677726452681
15764,36.28013813135156
15765,38.53059393818431
15766,40.28768789889894
15767,41.93149973560944
15768,42.828710470066554
15769,45.09442453794115
15791,33.15247755343167
15792,36.499301511518816
15793,41.86847260849568
15794,44.11811347322784
15795,46.55416273216601
15796,49.188625756588706
15797,51.99543867477595
15798,52.84315708320641
15799,54.20658273140121
15800,54.403629529099476
15801,57.183809000277776
15802,58.09417410699653
15815,19.053414390637265
15816,20.100786948100684
15817,22.827599801624046
15818,24.435346218044437
15819,28.530241568691157
15820,29.70605327530323
15821,31.501821043037335
15822,33.33481254291634
15823,36.287771483546116
15824,38.72984059254649
15825,40.69450994820007
15826,40.58821258994389
15882,1.0855688066239553
15883,5.802946041873065
15884,10.652886029250821
15885,14.807012928338139
15943,43.51903854886482
15944,43.621806476170306
15945,45.734352846503675
15946,46.78715743874818
15947,52.61729334645996
15948,0.7459167528756352
15949,0.8756465641231458
15950,3.791909454973736
15951,6.443560253142609
15952,8.567195761497347
15953,11.690805580224005
15954,12.044089300978708
15955,13.69867000387183
15956,14.496137394512298
15957,14.823057021165354
15958,18.093753653555826
15959,19.680349547065617
15960,32.525314116124505
15961,34.095872909154586
15962,35.2643467830419
15963,34.978733277978165
15964,37.27332746094556
15965,39.90837498210162
15966,40.987781558814916
15967,45.16337939915623
15968,46.84826987098188
15969,49.59640553468949
15970,51.94615239301045
15971,0.9356473204980901
15972,1.4876542730761977
15973,3.990347250841841
15974,8.139452565564294
15975,10.430866487532546
15976,14.348537191843935
15977,16.174577793135093
15978,18.67500995402988
15979,21.39064966718683
15980,22.71144996729806
15981,23.93302045551249
15982,25.120280586513836
16004,28.86753418073668
16005,31.455489845628204
16006,33.56023642248996
16007,35.91945575101496
16008,37.17945892433327
16009,38.20756607077067
16010,38.311742530928456
16011,43.63257327481172
16012,46.07832409594878
16013,48.20401674812996
16018,11.961913618631907
16019,16.20706867220008
16020,21.016553494483283
16021,25.21542626937624
16061,61.46753802189111
16062,61.97158471733703
16063,66.339748210017
16064,66.64748151807784
16065,70.14535121071535
16066,70.1181618589907
16067,69.85748219169918
16068,71.56074513008606
16069,71.52990805558893
16070,71.65264864987557
16071,72.75838994670119
16072,75.06418650549274
16073,9.860227041679305
16074,8.780153941504532
16075,9.891368492530013
16076,9.552381805090874
16133,6.672563360863566
16134,6.125821805083788
16135,7.92325873892859
16136,10.738037611683186
16137,14.519797207617334
16150,39.60564678871513
16151,41.70458589232015
16152,42.4341067134786
16153,45.405852394232426
16154,48.142000033754776
16155,48.96056117724534
16156,53.182006130262494
16157,56.36554628311511
16158,58.19156126311283
16159,60.81660366844576
16222,29.936976807132385
16223,33.28905651130953
16224,36.57314890242087
16225,39.06080942398292
16234,33.25356693624135
16235,34.5486396240956
16236,38.483664561228196
16237,41.87864248115336
16238,48.09096196058322
16239,48.30376952150794
16240,51.56221669245567
16246,24.032958255359567
16247,29.284619974445615
16248,32.77578374098575
16249,36.90792100142241
16250,41.939030403779135
16271,45.147481934079686
16272,46.76537470517543
16273,50.26842328473528
16274,53.40779265391643
16275,56.29824421455426
16276,55.42239424989119
16277,58.962857173405176
16278,59.49685605045414
16279,64.4066004023412
16280,63.394073022027406
16281,66.0737383902597
16282,66.8280784525048
16354,33.36792563465974
16355,39.302811936605345
16356,42.28870722611546
16357,44.732593753795086
16358,46.496042809330355
16359,48.58479158980921
16360,15.954859589951173
16361,17.706296642002318
16362,19.358708054967465
16363,20.73930902233952
16364,22.60712669277816
16365,24.778480899311496
16366,27.93509545003646
16383,18.94608245395464
16384,23.23886398139738
16385,26.635260569440014
16386,29.328770679213797
16387,31.735477308281936
16388,31.916566763152748
16389,33.696061775981796
16390,37.036610248843616
16391,38.564126007033074
16392,41.745448403630164
16393,47.22135785592579
16394,50.95076197887042
16395,55.60708128238865
16396,57.62679929201668
16397,59.2964502417657
16398,60.24134773390618
16399,62.83843814766495
16484,17.306975923318237
16485,16.266026696858063
16486,17.271536601286392
16487,17.815114824122933
16488,20.150525722570265
16489,22.539804571238626
16490,26.77264010779707
16503,0.20707560965326338
16504,0.7731978488778419
16505,1.6188591811091873
16506,2.6540321515761414
16521,13.684229545266234
16522,16.090134536070888
16523,18.461126166902794
16524,18.55231552693775
16525,20.29993760615003
16526,20.366948036614357
16527,22.761321132390698
16528,25.502258181459467
16529,31.00503161319324
16530,31.417035337653942
16531,33.30154726039185
16532,33.969604995424014
16538,23.273329046838228
16539,26.061835654493603
16540,32.0918737563603
16541,34.938841440974905
16542,39.751636004862824
16543,41.969609006570906
16584,1.111603503360892
16585,0.8720916951773097
16586,0.9710381993912556
16587,1.8059182093461341
16588,5.71774933926588
16589,10.031400684695905
16590,12.257089056336222
16591,16.649350353579386
16592,21.4971023905158
16630,28.450537260843237
16631,31.733568353433604
16632,32.702733534731905
16633,32.70633252071251
16634,33.74901679511906
16635,38.87732052577151
16636,40.92775952906674
16637,45.16058020791942
16638,45.4853430807285
16639,48.40183881155939
16640,49.91008943875104
16641,51.40263916470516
16676,36.541204604335
16677,42.610317194411024
16678,45.88804566137743
16679,48.68076286099144
16680,54.62260838364979
16681,56.54289535571438
16682,58.51499403053545
16683,58.88621915049356
16684,62.14388376947166
16685,61.6244265095806
16686,65.17513501935974
16687,67.24067862234673
16712,45.69069129134877
16713,47.599616217699634
16714,49.551732113084796
16715,51.906420069474635
16716,52.609274073836175
16717,55.225920756577466
16718,55.49704144161457
16719,57.104245414487
16720,59.39003246311891
16721,59.83100203000947
16722,62.55706687501898
16723,64.91946859635868
16743,50.815113686118
16744,47.90278962387545
16745,49.17145224066731
16746,50.80305191856964
16839,13.230754120789651
16840,14.193205485576494
16841,17.972507614727075
16842,19.777982454538993
16843,21.04553788394344
16844,24.541503560137965
16845,28.736389002562067
16846,32.46034327436261
16847,35.6920538778772
16848,38.602179256454534
16849,41.15613033919074
16850,42.893416917923
16855,37.93211751666508
16856,39.60396221732242
16857,41.653378281323654
16858,42.51310020134353
16859,48.99695098349425
16860,50.886511349593945
16861,53.0619897283601
16862,53.48808588416
16863,57.149073038037955
16864,60.28485509027424
16865,60.68719363396407
16880,40.935680828520745
16881,42.53529346179725
16882,43.239013396330314
16883,45.823684823808094
16884,47.403919223171414
16885,48.035295700271455
17000,19.982050741242354
17001,23.551069781834496
17002,24.437171470368963
17003,28.206631034898304
17004,30.591759091917318
17005,33.15701912392406
17006,40.62822605740186
17007,43.706043920773666
17008,45.83041203472733
17009,48.66589175474197
17010,50.95039860527463
17011,55.71800785357667
17072,41.31713660976001
17073,47.504293584066005
17074,53.895442241587546
17075,59.72306958750828
17076,43.00144292484937
17077,43.42737830765444
17078,42.55847220860268
17079,43.298663552987634
17162,14.617161429841968
17163,19.93262215659081
17164,23.330554469580065
17165,26.05003806204538
17166,27.902014932736783
17167,34.87328283806663
17168,38.17563929806738
17169,42.84461249077468
17236,8.337146934801307
17237,8.99910198453687
17238,11.590532755275865
17239,14.271187085863806
17240,18.499535796409155
17241,20.85473306091749
17242,22.571351517886782
17243,26.596369790142962
17244,23.308845524870215
17245,25.027213779229804
17246,27.113137362951214
17247,27.737752644559926
17248,30.013911120417646
17249,33.42964023648181
17250,34.972320637734235
17251,37.84665686024592
17252,40.04790115789625
17253,42.11271852734428
17258,37.99775610863533
17259,43.57767286214598
17260,47.72069830997751
17261,50.45439910063621
17262,57.803940752074865
17300,24.245367121552533
17301,27.180859532259205
17302,31.909145231993914
17303,32.968715998724036
17304,34.05457352884096
17305,34.631901503195955
17306,36.81702660954279
17307,38.83513215176412
17308,41.47246433737659
17309,46.20756588253536
17310,47.602628110335296
17311,49.644139465827394
17324,21.467134135695254
17325,23.51137856372036
17326,25.62522600730506
17327,29.45420956395704
17328,31.586610414191234
17329,34.249691241614975
17330,35.913845691345045
17331,37.32151129044149
17332,41.17593494175857
17333,43.69355819109739
17334,46.40653548674052
17355,6.058802640118505
17356,13.761708967403234
17357,16.3394119838052
17358,18.734982656948024
17359,20.816847457889583
17360,23.466620284067375
17361,26.79513293340566
17362,28.506550116020314
17363,29.16032908943878
17364,28.90405044214806
17365,30.115919554288343
17366,30.948508930037264
17371,7.225511647170663
17372,12.487863424493481
17373,18.109226042690555
17374,22.080316912031
17541,19.123478948854515
17542,23.331923890682283
17543,29.422279040925254
17544,33.88878245047351
17545,36.03214046768873
17546,38.008619979600894
17547,38.301401449456776
17548,41.36200006740957
17549,43.66866385890253
17550,44.97721648866848
17551,47.00930650858376
17552,48.32885533395715
17557,19.915479634223054
17558,22.086281896379216
17559,25.626706216758485
17560,29.112799406973448
17561,33.462829822878085
17562,36.526938114592916
17563,37.893640173670725
17564,42.80111017595242
17565,44.618866351541485
17566,42.25354873908411
17567,42.964868591639636
17568,45.01719891197819
17653,6.190474046467642
17654,9.254540447069022
17655,11.238721270994875
17656,13.662310531014896
17657,17.4589614360914
17658,21.22419120571249
17659,22.751676715447672
17660,24.941412544244244
17661,28.392321048200206
17662,31.605025282052043
17663,37.53865917795614
17664,41.362036461759466
17681,29.162019657925793
17682,32.53303244121182
17683,35.27483683017639
17684,37.2597741204389
17685,38.79146525731738
17722,11.615175546701721
17723,16.46139250322099
17724,20.71875721850821
17725,23.624985780755104
17726,26.085033765149625
17727,28.581904717008477
17728,33.936108108947245
17729,35.744514836156675
17730,36.91749477949446
17731,40.46112228006124
17732,39.53276774691182
17733,42.50761289048647
17765,4.2695720700019235
17766,4.938961528638477
17767,12.295498204128675
17768,14.035933523691032
17769,19.165718123171455
17770,20.69244885074722
17771,23.46430850091336
17772,26.237086066743284
17773,28.61850863939315
17774,29.878699066846202
17775,34.491849624539
17776,34.78788614718792
17797,26.772232769107497
17798,31.25864012934759
17799,34.868557488445816
17800,38.0805958269057
17847,27.76596422661072
17848,28.704815240524056
17849,30.88990723326479
17850,32.26652978868607
17851,37.84157485271411
17852,42.069462010828374
17853,46.19730320891789
17854,52.62184698481351
17855,62.22284149973915
17882,25.827474113820575
17883,27.7079784588814
17884,29.8087452610416
17885,34.72982500306263
17886,41.49714175925142
17936,7.9956634364708155
17937,13.156495650331612
17938,18.67751354655564
17939,22.409085911562887
17940,26.357978038721864
17951,31.623859934102406
17952,38.23381779189434
17953,41.20449504874577
17954,43.13205807775448
17955,44.3201065913237
17956,46.252504541181864
17957,48.44937788576592
17958,49.782455128591664
17959,49.548622103366384
17960,50.23800609394256
17961,50.23626536132921
17987,28.16176265110472
17988,33.39268804746032
17989,35.01132339494282
17990,38.41476935043817
17991,43.281783653993784
17997,33.37519949839971
17998,36.1882360225581
17999,39.742375215998514
18000,43.639883494436596
18001,44.5224518399602
18002,47.5415719838491
18003,47.43502697130869
18004,51.91581936315855
18005,54.80399767236545
18006,57.33913451886591
18007,56.52145594929116
18008,59.70505239344734
18096,20.806289548297368
18097,23.687499280681045
18098,27.25563219863424
18099,28.640040553892725
18100,31.745588281030592
18101,31.84448085142849
18102,2.545910931369293
18103,3.2641277957702437
18104,4.762013015673355
18105,6.688933890607831
18106,8.10581381195572
18107,11.600895586894277
18108,13.212545500904483
18109,15.280102040001037
18110,17.528401984941304
18111,19.309623090487385
18112,26.626634662402303
18113,27.77986914730659
18124,14.387898664611702
18125,18.44302630460222
18126,21.164261362282367
18127,22.656979400666955
18128,23.87559154786252
18129,27.899420459877994
18130,30.392974012253127
18131,35.673703814929155
18132,39.5784275142892
18133,41.88234221544831
18134,43.73111196381074
18135,47.29893772749853
18184,3.844127041028051
18185,3.7480672158445145
18186,3.5842882813975323
18187,5.5634522641780535
18188,7.59377637282915
18189,12.845170101083989
18190,15.698010583144713
18191,22.600694094668995
18192,25.687927983399117
18193,28.37789118872317
18194,30.127711683145264
18195,32.3899881112164
18221,32.17021291283197
18222,34.44820477979418
18223,38.810665886417304
18224,44.747303546042495
18321,15.555262776340928
18322,19.274893777547028
18323,25.676315452836512
18324,28.52266855195837
18325,30.43688128970154
18326,29.0301791052079
18327,31.39020040910018
18328,34.159511862811314
18329,34.727982177659094
18330,36.61574798840131
18331,38.70953692050341
18332,38.87391671874863
18391,33.79121182666151
18392,33.7432361614487
18393,35.514644836532526
18394,35.993908168252545
18395,38.21528324602623
18396,41.06171170179832
18397,23.759369672585375
18398,24.11808630156681
18399,24.840889391356804
18400,28.517372442080557
18401,30.058571627600607
18402,32.52041351383357
18403,37.63368057474383
18404,44.7884382214724
18405,47.30934730882117
18406,51.209828522454416
18407,52.845408336795046
18408,51.57671850879931
18479,0.550184327797981
18480,2.326871764810753
18481,5.414392639626032
18482,6.439771098509846
18483,7.652214483002657
18484,12.844813470995353
18485,14.784518616004263
18486,18.19426916126634
18487,19.07756561571274
18488,20.576177822256323
18489,24.862580078507367
18490,27.443374342176647
18566,12.58880948166369
18567,16.992053628014396
18568,20.041044730374267
18569,23.00066223898391
18570,32.04451368323768
18571,35.00834381840144
18572,35.65128198095677
18573,36.47450426684238
18574,38.008450707895335
18575,40.78441761040388
18576,41.942344983292045
18577,45.34646764884701
18578,48.460917837615035
18579,50.915828541626965
18580,54.58510390387842
18581,55.37675018577945
18653,34.239064948396425
18654,41.36471766325938
18655,43.57254624568379
18656,53.24062035584783
18657,54.13239010744229
18658,57.31612972022035
18659,58.969664272563215
18660,63.90022921285545
18661,64.70091384183554
18662,65.14332086960576
18663,65.99941854412477
18664,67.23982200429667
18665,26.30070285445985
18666,28.43647931790799
18667,30.883369665825704
18668,32.82260422680406
18669,9.029215294528992
18670,10.07275116338873
18671,12.510398083442263
18672,14.985236829150441
18673,16.586676482831614
18674,17.55420055290798
18757,24.50689165785299
18758,31.04845852737886
18759,34.476784767672726
18760,36.806113352759624
18761,39.33799472659485
18780,16.411131705490565
18781,19.980537688483107
18782,23.37174331793396
18783,26.973825103184033
18816,16.13786243044562
18817,21.84890519072144
18818,26.37079271472794
18819,28.90265723062322
18841,38.08212710082266
18842,38.05374515828372
18843,41.22401002696261
18844,43.04192247196415
18845,47.64654748470345
18846,49.448266854836255
18873,32.762905776333604
18874,43.98701534900823
18875,46.00676626080537
18876,52.274734946463624
18947,28.794521771755463
18948,29.959195204794913
18949,30.510736395932735
18950,31.51460745289055
18951,32.72113205043682
18952,33.70155310861151
18953,37.15872113049658
18954,37.77140810673596
18955,40.9828420875063
18956,42.05992373376089
18957,43.73457044028673
18958,45.6627796624082
18979,37.58776023046537
18980,42.15223687660658
18981,44.67739034310302
18982,46.38272798879811
18983,41.86164010511514
18984,44.460917707888385
18985,46.56056176695833
18986,46.82994652074454
18987,49.482709904536605
18988,51.23089930997546
18989,54.14690318905584
18990,53.312897931820274
18991,17.536133969331864
18992,21.593808239509485
18993,24.943661736185035
18994,27.47142492619468
18995,27.482327812848496
18996,28.493075491396837
18997,30.200959830429486
18998,33.0038195555978
18999,35.780433260275714
19000,38.57053847601477
19001,40.28812665745711
19002,42.55764430700394
19003,48.35990858864089
19004,49.00110092100471
19005,50.304118035181396
19006,54.94771882955308
19007,54.98713861863587
19008,58.71328482454983
19105,3.56622732912797
19106,4.478322314618102
19107,6.738879051764862
19108,9.864921017446566
19109,12.129854698003854
19110,17.55362293593987
19111,19.36302883586831
19112,23.106715900128982
19113,25.004738441468966
19114,26.95722572044867
19115,29.31141984085602
19116,28.298282460717992
19259,48.62182075768821
19260,51.24420344579221
19261,51.60321907146429
19262,52.456604898709486
19263,54.5640377686417
19264,57.19231586858156
19265,60.82453342215011
19266,60.22021110480748
19278,33.94388144517279
19279,34.60762863869
19280,37.68332466781245
19281,40.6625001569805
19312,22.378986434395536
19313,24.036554549166382
19314,26.121081590484106
19315,30.076764134638534
19350,49.70901938993645
19351,52.72529423876517
19352,53.127204824681726
19353,52.01811695015256
19368,23.79110058611225
19369,28.387815490952317
19370,30.354316868889384
19371,34.081736753392434
19372,37.179065031312426
19373,38.13435260277994
19374,40.56260660486995
19375,41.397955925614156
19376,41.96146035775211
19377,44.02352025596943
19378,44.642247570170866
19379,45.59611827575349
19397,16.551433187871105
19398,17.706126292907655
19399,20.402090167495636
19400,19.468468683689604
19430,17.02054632955505
19431,22.313775249447435
19432,24.99312656006763
19433,30.51460206351525
19434,31.970396739701595
19435,33.24335481128877
19436,31.160449846136395
19437,31.315016661591745
19438,34.82688893689554
19439,34.492115936025435
19440,35.87410578240996
19441,36.695084828531506
19454,16.320931564705823
19455,20.84402816425969
19456,23.117019916742024
19457,25.56329099113214
19458,29.644278253657802
19459,31.74148947169349
19460,35.21505071434292
19461,35.644333792681905
19462,39.96489504226158
19463,40.3079460723642
19501,30.429112500917768
19502,32.425896627915755
19503,38.865506069186004
19504,43.51775378063595
19505,45.68242495008485
19506,48.432291131880014
19507,47.075479113983775
19508,48.28706339150331
19509,50.27104118883655
19510,51.894284361758125
19511,53.7388325687239
19512,56.1508097273746
19566,1.8748490062316556
19567,2.5641205774639495
19568,5.288224673141299
19569,7.636870442404289
19570,11.462197578499431
19571,14.41939163084013
19572,15.930396749172639
19573,16.93706530018784
19574,19.83954139853572
19575,21.753181701673046
19576,23.57229244242611
19577,26.65783242610978
19590,5.950514965287233
19591,7.635863118164499
19592,9.342002065143669
19593,10.667905915619368
19687,15.642211151368912
19688,18.845211601309828
19689,20.36457524961437
19690,22.644376041155343
19691,25.433481139345673
19692,27.877874136867707
19693,31.653917729777987
19694,36.09396077745992
19695,38.45388970742348
19696,42.188337206439435
19697,45.45056744853785
19698,47.03219737827046
19759,45.7012856153663
19760,46.310975355503
19761,46.278626528600334
19762,50.215432748564766
19775,48.47529462064858
19776,51.78883704539332
19777,54.6181029928699
19778,55.85030572287724
19914,3.6061576078637048
19915,8.080578061407211
19916,11.572465915760121
19917,16.35283462090336
19926,25.97429612426246
19927,34.415044862727775
19928,38.4287190579272
19929,41.65162982050365
19930,42.068263627714394
19931,44.499596450252895
19932,44.93476989694996
19933,48.82454585052465
19934,52.427529206907266
19935,50.18641024536984
19936,51.500635143700265
19937,51.98145802192069
20000,22.709903358491353
20001,25.818079715374427
20002,33.90664135510412
20003,37.84145825338427
20004,40.64917402740953
20005,43.56748646472556
20006,47.16388538536377
20007,48.108237457439415
20008,49.04434846518872
20009,49.72563780100772
20010,51.62853336522535
20011,53.5229922334053
20012,3.2518327752884133
20013,7.233454999167205
20014,9.75700499466627
20015,13.372846268938554
20016,15.796435117423584
20017,17.823077621452857
20018,19.8037342176009
20019,22.352202416752405
20020,26.615452845104393
20021,29.114029227303377
20068,22.503470326213325
20069,28.517029211513904
20070,33.521978236709366
20071,35.32965752677715
20072,37.181572289118165
20073,40.006208993933235
20095,14.238179551300195
20096,18.032688736453753
20097,23.839405147937804
20098,27.0568915765004
20147,44.795297915702164
20148,48.74099620155303
20149,54.62227356199996
20150,56.994434152811344
20151,55.143127571488776
20164,23.110217392989
20165,23.78182457066032
20166,25.71036196688481
20167,24.16640582489771
20168,25.696601583652022
20169,28.522727188235233
20170,30.197636012383562
20171,33.093544937420006
20172,35.04153810452683
20173,36.27878286728065
20174,37.86950066483124
20175,40.21187939660108
20245,7.909657873983903
20246,9.544874940570056
20247,12.623545205640017
20248,14.259379471966941
20249,15.098426222171122
20250,15.340423582086805
20251,15.71029548910738
20252,16.816290204114456
20253,18.41918773449053
20254,20.38330513702835
20255,21.762752281985733
20256,22.924768534346395
20285,18.891723429165374
20286,19.358586345097727
20287,22.006154857750712
20288,25.593736085320632
20289,29.02888083067449
20310,12.089435342487242
20311,13.882115631476193
20312,15.08751026512758
20313,17.257643830260836
20343,4.456102683762784
20344,4.590522990686155
20345,6.097490461644366
20346,7.1697282566741505
20437,0.6111259976727246
20438,1.3208038271210616
20439,1.126709507839627
20440,0.9057827112565053
20441,6.878793132224549
20442,10.584635961479691
20447,0.14366115587478895
20448,0.6645656935636914
20449,2.8470721806663684
20450,6.3119476453888685
20507,9.848430437704327
20508,9.751980158230719
20509,11.38486306056902
20510,11.7328814187326
20557,30.568039365761177
20558,32.49511176875221
20559,34.68446582909759
20560,33.02899288765915
20561,40.32977272124599
20562,44.830190907296256
20563,48.9632993067266
20611,42.028971939648514
20612,39.59404700333677
20613,42.691806712109695
20614,40.38914325202595
20615,43.13231852707803
20616,44.77347578403623
20738,22.333605195299292
20739,23.093485579254953
20740,25.919722195987095
20741,27.73800047771926
20762,23.049700465691767
20763,25.865255966918784
20764,27.676667566056913
20765,29.426377425606212
20766,27.78700633458841
20767,27.52820900993292
20768,31.327952836201142
20769,34.823357307005224
20770,38.19062280382995
20771,41.34103988498486
20772,39.789508523930294
20773,43.211499503270446
20790,49.93035804150054
20791,54.908180773098465
20792,59.32663213145124
20793,63.44816973355163
20888,9.853234081529118
20889,13.656598422245898
20890,18.279581308728147
20891,22.25145298699544
20892,43.43359866938366
20893,48.3064638287257
20894,49.65354906059643
20895,52.40672347497855
20900,13.58017668499503
20901,18.549481873287828
20902,23.263934349616193
20903,25.9169140056163
20904,28.635517483182547
20905,32.738371981531316
20906,37.204538831812634
20907,39.83570842505402
20908,42.52166847956657
20909,42.53499269516489
20953,9.281189875463646
20954,12.140536251285507
20955,17.071034807390678
20956,21.95738868485568
20957,25.60055004915543
20982,28.97150962004945
20983,33.44056055419291
20984,36.626485266019664
20985,38.50130892500412
20990,20.3104656802113
20991,24.087659575512184
20992,26.16709295850556
20993,30.2935101791817
20999,53.08330224395142
21000,51.872853282622955
21001,55.026646386320785
21002,56.46392183832749
21007,19.871623946216012
21008,22.276452662255764
21009,24.29589249059448
21010,27.975842147652735
21047,31.905128833543905
21048,33.4763097761935
21049,35.29218815843554
21050,37.79454819831449
21051,40.49164053641225
21052,41.31462478058563
21053,41.42528844640838
21054,5.908177048772805
21055,7.561798228021011
21056,10.115925775165703
21057,11.986763805403038
21058,15.477056508875776
21059,18.0446492945316
21060,19.668313683696425
21061,21.054749396450426
21089,43.874769096446414
21090,46.737269609579315
21091,48.719098823053926
21092,55.00178767454305
21093,58.52003009322833
21094,60.82479707690506
21095,61.376587661029305
21122,15.422347766341309
21123,18.869643888295876
21124,20.814490473969535
21125,23.61309903391224
21126,21.952458206830705
21127,23.574694276787877
21128,24.824041958582807
21129,27.416152200040717
21130,28.19100661752775
21131,29.523575635128743
21132,30.28716798559656
21133,32.39797714330907
21189,19.748257117089167
21190,22.65988354813004
21191,24.36390709936061
21192,36.532351199621885
21193,38.17916391320499
21194,40.96522111569781
21195,42.39590207446731
21196,44.81035676760041
21197,47.77816411202216
21198,48.5697991104491
21199,48.149116177417774
21200,50.85388203673631
21234,20.960560631593815
21235,23.886464929479473
21236,28.542022767158507
21237,32.600469153046916
21238,35.50092182273797
21239,38.908967985379135
21240,39.06069695345265
21241,42.899774841507494
21242,46.30753248971836
21243,47.85942481886868
21244,50.64010453697047
21245,51.077886714442776
21246,26.274974669828083
21247,25.724024175928417
21248,27.303729753489563
21249,25.234219294171705
21250,24.950533299585384
21251,26.4254644402626
21252,29.110877305550552
21253,30.544965128276043
21254,33.14973973172593
21321,39.293393285037
21322,37.90053090587786
21323,42.536078244213776
21324,46.84294163254991
21325,52.043345185127876
21326,53.56241738060021
21327,55.30629970734218
21328,56.623970072990616
21329,57.140693454763664
21330,58.01745920270429
21331,58.5403730934667
21332,58.70129145202935
21421,28.165318097875648
21422,27.923183011103895
21423,30.730881707893083
21424,33.37411559764358
21469,20.51907852332327
21470,23.017612315603678
21471,25.109264231431073
21472,28.516829724786692
21473,32.912910534660305
21474,34.72868681919853
21475,36.671167977787164
21476,39.217458553021
21477,42.74847162127642
21478,45.658999667793914
21491,25.04583336397992
21492,26.277176198667963
21493,29.713693830608452
21494,31.16004961776534
21495,32.04454206742904
21496,35.58740097885234
21497,38.01281696722774
21498,43.241349517258
21499,48.61870553014583
21500,47.98586588531378
21501,52.62068849843949
21502,55.211978518799
21553,37.469115881108735
21554,35.731208941192975
21555,41.745099493489334
21556,46.915465819670544
21557,47.4014896787133
21558,51.73057283109422
21559,52.12311160499892
21560,57.32081436901602
21605,59.59181585577335
21606,63.14360375498559
21607,64.7561730249976
21608,63.379134958195166
21609,66.71692635678176
21610,68.93514363588353
21611,70.25578455475583
21686,22.12610535577909
21687,25.419856488247135
21688,26.612203833191256
21689,32.41788976740862
21690,26.02695226312698
21691,36.77185582773242
21692,40.66640497863094
21693,44.95188941944138
21694,49.497416430871695
21695,52.8229928441409
21696,51.38484016116856
21697,54.251337536829325
21698,53.22568071960925
21699,56.513304973493135
21700,57.74759679034632
21701,59.35148451629616
21735,15.53222729882135
21736,18.244668500110507
21737,21.244405369131453
21738,24.04299052452576
21739,27.06582018672733
21740,27.814525690630557
21741,29.57878172901693
21742,30.65979825166796
21743,32.66334394098722
21744,33.87248302049376
21745,36.16967707928242
21746,38.26888376902541
21840,25.75916176689057
21841,26.846279559656466
21842,29.73568257080812
21843,34.68819550942233
21844,39.11469737041493
21845,42.25327690534148
21875,8.50675088766653
21876,10.101369269706655
21877,11.45980770243835
21878,14.17400003578378
21879,16.40641059261233
21880,18.358790722342796
21891,15.381617617984201
21892,21.85320385597184
21893,24.340184932600952
21894,27.6736794154496
21934,28.442185624584635
21935,35.12851350239282
21936,36.33253329191979
21937,35.99919658834987
21938,38.0411395698578
21939,41.701739373248245
21940,44.012170068083684
21941,42.61157989197867
21942,48.49384932161252
21943,47.123191661575554
21944,51.62169398539324
21945,53.97165427110629
22029,65.06989100021435
22030,66.15977023443199
22031,68.54751730414795
22032,68.47906439691303
22033,69.60263495808563
22034,68.06377349535816
22208,36.41836255009042
22209,35.796869648277784
22210,37.58501291335891
22211,36.984316487353155
22212,40.216324655578696
22213,42.209987302036794
22214,46.698326009608095
22215,51.593675218835344
22216,53.87795215896428
22217,58.020327500433176
22218,15.619861809334347
22219,17.629746157656495
22220,24.07999299302905
22221,27.796265204074835
22222,30.602089489307463
22223,34.43543295998002
22224,35.272147038627324
22225,39.56416016768893
22226,39.629435286785636
22227,43.119076064051534
22244,32.42317096172259
22245,36.368726583329156
22246,42.84962080013271
22247,43.832267755375014
22248,39.52658689556512
22249,43.06609376436874
22250,45.347002810940324
22251,48.68340124746372
22252,49.981141068630805
22253,52.26416081799897
22254,54.519815114749726
22255,56.61044666692042
22256,57.72193253242931
22257,59.430553257227054
22258,60.22307637813988
22259,63.312481693529776
22296,0.5528691799150539
22297,0.8790434179291637
22298,2.0923783194052854
22299,3.8630275004400416
22300,5.9112319813995855
22301,8.39712101347163
22302,11.504894448398172
22430,39.694696016940405
22431,47.16807225980065
22432,50.43037013307967
22433,53.27716415515679
22450,9.526609902416018
22451,10.28849330941607
22452,13.869384471607063
22453,15.72702653182397
22454,17.834352661579164
22455,24.4792462437208
22456,27.22665464442653
22457,30.065656249341554
22458,32.69402346296928
22459,36.41950952167272
22460,42.18012855575464
22484,40.552474333707224
22485,42.434073769924794
22486,43.27287763694819
22487,45.3057567444905
22488,48.63277512796449
22489,50.92620468732404
22494,15.747557984162185
22495,20.804757885717173
22496,22.143916333033307
22497,28.279320712978482
22498,33.31932813589356
22499,38.6941841977566
22500,39.03378518521769
22501,40.83692984001508
22502,42.60845253626236
22503,41.41471024676228
22504,43.83854100497611
22505,45.003174596304724
22518,7.567985747851209
22519,8.675941704906155
22520,18.113605672374074
22521,21.805873132243082
22522,24.24728371183297
22523,26.00438272627816
22524,30.33983897688995
22525,31.60566320923369
22526,34.12353048326198
22527,35.796667175148826
22528,37.55639242023227
22529,39.9161720427706
22681,7.293655192832611
22682,10.199661022411902
22683,13.674308278154305
22684,18.2266232337569
22685,25.170979587164762
22686,2.205711642552834
22687,3.6551112479735197
22688,5.051931082166236
22689,5.626037617134064
22690,8.222247485746406
22691,11.529000666018561
22692,14.12443875365177
22693,15.7204022462507
22694,21.762107823994008
22695,24.120759971535218
22696,27.318039037972266
22723,31.372428064409725
22724,35.77046810730788
22725,38.42620136447675
22726,48.15514994593242
22727,53.19963782029993
22770,41.1863367895134
22771,42.84309533515047
22772,46.25796663100695
22773,48.736323021492964
22774,54.28732941172608
22775,61.34380337498705
22780,27.53293101918566
22781,33.172750176300006
22782,36.06908080757835
22783,40.6015735368985
22784,42.478857082663566
22785,41.55710105611741
22786,44.57597428870613
22787,47.83904615836678
22788,51.64692113912266
22789,54.27844220659343
22790,56.25758581447703
22791,57.51234625912271
22792,52.912074192202944
22793,55.05782124687634
22794,55.38049307493675
22795,59.73496885710635
22796,63.576434342937645
22797,63.65642519024739
22798,62.69807850916455
22799,64.5547265065641
22800,68.21380977525368
22801,69.31408032560418
22802,71.93108999214482
22803,73.98247835186321
22839,32.51218210942656
22840,34.70357199219377
22841,35.67132709651319
22842,38.283072453869494
22843,41.02998987263966
22844,43.78322457652338
22845,46.53031258488558
22846,48.5239989831201
22847,51.188095507938684
22848,54.71625727578375
22849,54.87484409381833
22857,21.869438261221028
22858,26.343462119457065
22859,29.47359051113417
22860,33.11920652440042
22874,23.852920081100905
22875,29.694088817418493
22876,34.75332991655013
22877,36.510309618832785
22878,41.56199436069102
22879,46.053695475318214
22888,43.5139881466113
22889,47.70764372965936
22890,55.80213797437684
22891,59.147301478846565
22892,61.99994727345292
22893,65.17496454804044
22894,66.1621499506377
22895,67.34993685441111
22896,67.98992247777726
22912,40.11721524961483
22913,48.87575412519142
22914,49.90015133196757
22915,53.10373911954989
22916,55.97956237740539
22917,58.13301492543409
22918,59.29260348890629
22919,63.000136860985734
22920,68.4817853134463
22921,70.04058147093892
22922,70.90520240796111
22923,72.57117269698847
22964,40.5695129574907
22965,41.030289052478324
22966,42.02943232258192
22967,42.86141079234535
22968,43.54950729991067
22985,34.14265448268217
22986,40.290243697940255
22987,45.46695962046436
22988,51.03114236854075
23022,18.32497866806423
23023,21.932483226173666
23024,25.670348058399327
23025,30.872584935844554
23026,32.72272112437076
23027,45.28800248011848
23028,47.43853785435842
23029,49.15188412445937
23030,44.208204691808405
23031,45.38381941342575
23032,48.64146952651498
23033,52.14203878685511
23034,52.96980661690726
23035,52.96739911545901
23036,56.79827838690568
23037,56.899494897565354
23038,58.64806417433317
23112,9.610390733507405
23113,11.59353755402641
23114,14.107151337646737
23115,17.00572247784114
23144,24.144471620796242
23145,25.986308128060234
23146,28.052878678117423
23147,31.391267195709947
23148,33.76954096110859
23149,36.74645180664338
23150,41.540492661417005
23151,45.505446090372246
23152,48.34458539523452
23153,51.558378063129
23154,55.734198527749946
23155,59.99180305633081
23178,32.10866635327802
23179,38.459423442497155
23180,46.01948648542352
23181,51.2754726422654
23182,53.233786987321764
23183,7.1648808844861565
23184,8.428914425641874
23185,9.304480335105989
23186,10.117759545742846
23187,11.235707884581348
23188,11.864874993073677
23189,11.090954451606176
23190,13.809995747378892
23191,17.596715798913145
23192,20.98146874202381
23193,17.098433124062808
23194,20.29035682268143
23195,26.96100042892676
23196,32.26353610209447
23197,31.537333858121407
23198,33.23686047527043
23199,37.68219169144728
23200,39.19125670576486
23224,18.630615267578726
23225,23.481020828162293
23226,26.572606872983464
23227,27.228129379489236
23261,31.67031288989657
23262,37.56697042998951
23263,44.51825229229656
23264,46.0448823665036
23265,50.96243841816753
23266,53.027593572531565
23267,56.61406195010885
23268,59.5563137664486
23269,59.18273336334651
23270,60.63409422585899
23271,61.55973334341924
23272,62.93215173391542
23301,3.5173231158770593
23302,5.966866929644991
23303,7.913459476930564
23304,9.143085499683943
23305,12.204471323087095
23306,14.280239154085038
23307,15.860086011014005
23308,16.82315609567071
23309,21.609248889119062
23310,24.169431429181856
23311,27.12805654711632
23312,29.586346240298532
23313,34.815757626250004
23314,40.649653116434905
23315,42.62134945081662
23316,47.20663774659959
23317,48.95346445285702
23318,49.047199888223176
23319,51.349621298912005
23320,53.42083250898308
23321,53.81417653148602
23322,52.576739156152755
23323,51.50005643674317
23336,58.17234808649928
23337,60.15775842588098
23338,62.688457946383245
23339,64.01383750301561
23340,64.88603268380442
23341,68.3495002319632
23342,69.21758252424596
23343,71.71407948503085
23344,71.51034169792095
23345,73.55198305700858
23346,74.70792330511763
23347,75.63970624218891
23360,8.603182982232926
23361,9.725048044118846
23362,10.481955038054299
23363,13.543641363451599
23364,16.065933962594038
23365,17.03201448710387
23366,20.394596440172485
23367,25.297018827873693
23368,29.029619153504303
23369,31.047741542146248
23370,34.830765601859824
23381,17.678754835832773
23382,21.36908486419417
23383,25.645487555751924
23384,30.596034274187662
23385,31.18069407484998
23386,33.952477316668315
23387,33.82820963116846
23388,36.923327297282704
23389,38.69955141751659
23390,41.199754707350515
23391,41.16280294706498
23392,43.40708560143526
23442,47.17459573449935
23443,55.14577211520773
23444,56.73817706877185
23445,59.88872935147416
23506,20.85195345292042
23507,23.673227125286893
23508,23.395672129436726
23509,23.653690656301436
23510,25.27658817484778
23511,27.526488329040365
23512,29.291149043221377
23513,35.60545559688972
23514,38.78472638562395
23515,42.60533994331318
23516,42.45211091854275
23517,50.43163102668268
23552,17.347906182903166
23553,22.11240213532293
23554,25.901954830837973
23555,28.31226481002534
23556,29.307416533603025
23557,30.685838891561225
23558,31.887965211754512
23559,35.23388069361764
23560,37.01061335438493
23561,40.316255816683295
23562,42.503481502359435
23563,45.531458320827234
23564,55.93660126836373
23565,53.563802067534745
23566,54.74453907036841
23567,53.191263800555156
23568,56.35109010709201
23569,56.620136523614725
23570,58.09178351559002
23571,61.79788256987753
23572,62.34188192456651
23573,62.67570509303414
23574,65.59492324144728
23575,66.52027511895406
23604,15.930703192120802
23605,17.261179342167686
23606,18.377026171673833
23607,20.948877733140897
23608,25.384888420849762
23609,28.623835127628276
23614,29.938125208147603
23615,34.396403148061
23616,35.63265253831302
23617,39.75033548835326
23618,46.01670908850913
23619,48.874304654525346
23620,50.87538027838055
23621,49.14194916606343
23622,51.69155210669707
23623,54.41459949426034
23624,55.391107939999394
23625,56.282806711459486
23655,47.35195042934519
23656,49.91942641319895
23657,50.99630621925954
23658,45.796008793652895
23659,47.28149877070108
23660,48.30442795022039
23661,51.17492798610413
23662,53.887427003203314
23663,56.295003895779324
23664,55.88217934536834
23665,54.9873348681783
23666,56.15479547442912
23667,24.060485260038472
23668,24.614606497573515
23669,24.749914768333852
23670,24.80601675246724
23671,28.74339709735518
23672,34.07782268458859
23673,36.83828635786717
23686,33.8528338711413
23687,34.00519969763713
23688,35.59391509854925
23689,37.55755373975786
23690,39.65287207565582
23691,37.82525004058756
23692,39.571669872379665
23693,41.440523958857185
23694,42.49243926317225
23695,46.07381887607637
23696,47.75146641695044
23697,50.16152631949282
23711,49.04147443321429
23712,51.26313099631292
23713,51.21212026199178
23714,55.736077444997974
23715,60.793834134547545
23716,60.77374482697712
23717,64.8225766605908
23718,67.41734726942886
23719,69.32153859454084
23720,71.06953640476202
23721,72.64657546910473
23722,74.35799445311619
23809,39.558116688973044
23810,46.980377492273455
23811,49.927723838176576
23812,51.60679091821315
23813,57.04376386999377
23814,55.377937467296306
23815,58.65589769946513
23816,54.08172741247531
23817,60.005616883403945
23818,62.87799486878167
23845,34.34981567433091
23846,36.90811141929875
23847,39.41314715036939
23848,42.10635408168264
23849,45.54047633050891
23850,47.86179976483585
23851,50.89896030348109
23852,51.39943096479826
23853,55.72788244993128
23854,56.65734768146181
23855,58.85588206517102
23856,58.72410941026999
23890,21.4432704216135
23891,25.51293092597337
23892,28.07679603348082
23893,30.5338446122765
23894,34.54261726150262
23895,40.13985543768713
23896,47.59453005961435
23897,50.745199640987735
23898,56.37975827859236
23899,54.02764550600116
23900,59.267117784399055
23901,61.497218761404135
23946,42.70763708826413
23947,44.501258244570074
23948,46.320981710835454
23949,43.5064617732957
23950,44.242988448072
23951,46.70969443708144
23952,46.831590346513394
23953,47.3528967040745
23954,49.70592482338858
23955,48.99292134129199
23956,51.344052499443876
23957,51.49283124104299
23958,13.304729815993962
23959,17.097700533382913
23960,20.238441438098157
23961,24.014718633425634
23962,26.17201453497365
23963,34.21137020013431
23964,35.38851144320828
23965,38.71420976399452
23978,17.377076319461022
23979,20.901066957559856
23980,24.723554216049756
23981,27.013605482328774
23982,29.58569875486625
23983,36.73006288072371
23988,19.27898022548203
23989,30.91157714966601
23990,33.56353005828304
23991,36.09222959944374
23992,39.57419194781537
23993,42.74054664189024
23994,42.04104317828974
23995,43.12604731670393
23996,45.2693722480736
23997,46.15664686974539
23998,47.95130925889596
23999,51.156854477407016
24034,19.042740639604784
24035,22.847208468603306
24036,26.45555597617515
24037,29.21890274739449
24047,26.6227244305569
24048,28.72564716835824
24049,29.807927020085145
24050,32.54355424940691
24051,34.510677517127384
24052,35.91211720415058
24053,37.77197609711443
24054,39.30884027932433
24055,41.16624148381178
24056,46.404913763042906
24057,46.5472646921523
24058,47.89279106926557
24147,20.70247931654645
24148,22.326623493555026
24149,27.30828234559986
24150,31.83138017983069
24151,35.311371888958874
24152,37.57160133775765
24153,36.683174399902946
24154,37.78183537262921
24155,38.57406171909589
24172,25.327328143151966
24173,29.17268266312239
24174,32.636149898161605
24175,34.857025763056505
24176,37.88037958852937
24177,40.94211970218305
24178,42.96128320112051
24179,44.21200137762047
24180,43.25860391440971
24181,44.99531464200809
24182,46.42906479046862
24183,49.04438596846532
24184,27.924127303923
24185,31.10900917976192
24186,32.69402354720709
24187,36.35854206750179
24188,39.68571664076099
24189,41.64677682042734
24190,45.577132125358276
24191,49.90253539782913
24192,49.19951788614112
24193,54.496880775795674
24194,57.23332440471878
24195,57.51783778498352
24201,7.391671488107583
24202,10.352645447768865
24203,13.045388151296013
24204,16.07853276482691
24224,32.1634706234721
24225,36.75528512168695
24226,40.5041704933225
24227,43.631100275105474
24228,46.03198527420883
24229,48.54700808903945
24230,50.55424539795511
24231,52.48675348563792
24232,53.15373201839647
24233,53.4710629110138
24248,12.828355270870892
24249,13.952568062611807
24250,19.69752428803193
24251,21.090970800926907
24252,23.583037286005943
24253,28.31077750748043
24254,35.80443985833565
24255,28.198993361783444
24256,34.371463829975156
24257,38.70026469833652
24258,37.93941444832309
24259,42.96957692074325
24260,48.23591430731791
24261,53.44599634932681
24262,56.10818432218066
24263,53.06894919884577
24264,55.082981287331094
24265,56.53041380382283
24266,61.595837963553
24303,9.554153418579412
24304,11.336229548475089
24305,13.464926460686424
24306,18.5264467869863
24307,20.931915414222324
24308,22.48489569746146
24309,25.76703224723367
24310,30.025900397947048
24311,33.92813767172325
24312,39.12203571345557
24313,43.426093693851655
24314,42.8813330606906
24315,48.42547095640346
24316,49.94738252252838
24317,54.98347462110826
24318,60.709695443522854
24319,63.28477152925998
24320,65.78595071560456
24321,66.74595501093579
24322,15.56776641089479
24323,21.73602618278749
24324,24.733965239757715
24325,28.050635033587174
24326,29.682012032937386
24327,33.03157288808136
24328,36.85496934332206
24329,38.81107690255034
24330,30.79526999152244
24331,37.18006550375709
24332,39.868421096973975
24333,40.893038549064144
24334,42.81009319294884
24370,15.26953794288261
24371,18.40506229585315
24372,20.633585072595345
24373,22.077766843196553
24392,29.908133817632642
24393,35.00289094182291
24394,38.00346620666665
24395,41.34172398711813
24436,26.596408037293156
24437,33.48271695822954
24438,39.71544771778072
24439,41.31137354429323
24456,29.240838201402607
24457,33.43474522635127
24458,40.520401546461436
24459,44.41430015240793
24492,24.334649572236202
24493,31.34172601324513
24494,36.20771380639259
24495,37.746779091282555
24496,38.034834371044674
24657,51.284950028149446
24658,52.60923229187131
24659,56.73990391545859
24660,55.85024941327639
24750,16.790059696073833
24751,19.119634201769973
24752,20.55514316460243
24753,23.547590551013222
24754,26.22001697585635
24755,28.48510548880023
24756,26.892518274409248
24829,14.240459886726281
24830,17.35988567825881
24831,19.788513984388803
24832,23.99415336960427
24833,20.23087370350853
24834,23.932849545569518
24835,24.75258274378507
24836,26.403792680796936
24837,27.492917511433205
24838,29.17711007078975
24839,31.156284213401438
24840,32.60519123315641
24841,36.4383590565137
24939,32.57856097351914
24940,38.3933858669205
24941,39.55293862691454
24942,42.91085521030159
24943,45.58352077419219
24944,48.10015026467672
24945,45.51248327309936
24946,47.40292420931759
24947,48.66335815907986
24948,51.45269457770347
24949,53.6005322504304
24950,55.07308998116643
24989,30.6363445070279
24990,33.75256258422038
24991,32.1018475792414
24992,35.571603685423725
24993,39.59711835630618
24994,42.4779938440529
24995,40.39128638113361
24996,41.94356390365526
24997,47.9256608769421
24998,47.02969867811484
24999,50.39110868992162
25000,53.03706270243591
25076,57.94758116111361
25077,61.10657820119876
25078,63.107227048002336
25079,64.41089016204862
25080,66.85721088273417
25081,69.42785202987056
25082,68.62246956818497
25083,70.5590702744248
25084,71.36128120771336
25085,73.27311197905617
25086,74.13383188428293
25087,72.61868174326897
25144,46.20025899233041
25145,49.16899674908933
25146,51.81702538011366
25147,56.04432156787383
25148,58.86051507424399
25149,59.183296871022506
25150,61.31705068229981
25151,61.28755103271035
25152,63.55596076049453
25153,64.47838918642769
25154,66.23948257953919
25155,65.37022092556735
25182,30.958060550352617
25183,32.26264808143835
25184,35.69470228901203
25185,35.05750751194209
25186,35.88947392658109
25187,37.282693610349746
25200,31.668099781421983
25201,44.661453205568186
25202,49.86451705504236
25203,55.932097396089546
25204,60.62962727337433
25205,62.6579449027205
25206,15.125865204946232
25207,16.67069332798698
25208,18.853370762279564
25209,18.860936918645944
25210,20.753254907045307
25211,24.069357878738543
25212,29.01196462681283
25213,30.51079565526377
25214,33.91261155294539
25215,36.059776316604044
25216,39.00311933085709
25217,39.69519030959224
25218,12.394442484815176
25219,14.261587640029017
25220,15.83209488498442
25221,18.507498844976528
25222,18.78971078912708
25223,20.325160746098742
25224,23.40155375418643
25225,25.876188547187166
25226,29.471897087403846
25279,-0.030669675574689637
25280,0.6212684487133187
25281,2.4591040549692273
25282,4.328368000954783
25283,8.31817697823107
25284,11.083528326724698
25285,14.989617357006617
25286,16.331576368645003
25403,26.65500114745347
25404,26.870665517855127
25405,28.7038063041479
25406,28.955511262609974
25407,33.3259010370126
25565,29.12350163573645
25566,32.85830378515211
25567,36.593210467588065
25568,39.157501838674385
25569,38.4502612802267
25570,42.50846659228752
25571,44.13075188004028
25707,14.347156760492947
25708,16.493239756245647
25709,19.40210398023691
25710,21.7650110639541
25827,15.377074644770232
25828,15.965417288650542
25829,16.982298440133007
25830,17.264191711699617
25831,19.260451675702985
25832,20.195110976396656
25892,26.13417560363706
25893,28.6574366548377
25894,31.899430515646003
25895,35.62758956855421
25896,23.54642579176517
25897,24.802864082474315
25898,27.995769324021193
25899,29.92462134200761
25900,34.00127204842602
25901,34.50289996086245
25902,37.58462279205379
25903,38.984197105693646
25904,43.605228883777535
25905,47.71232824105561
25906,51.97506840060233
25907,55.52459912338028
25949,38.36230913448806
25950,38.48853975315332
25951,40.44160852404733
25952,39.32628732622609
25974,14.646862049346868
25975,16.288062347951673
25976,19.951422147747213
25977,24.509545681195625
26011,29.763620134108187
26012,32.26999751289584
26013,41.17797500066521
26014,49.59929822427897
26113,2.4626245100338378
26114,2.9823223027214962
26115,3.971582769709665
26116,6.187271873429131
26117,9.814352664241238
26118,11.948513743443002
26119,14.411636350401281
26120,16.015534964738613
26121,17.839269166775303
26122,21.546174896328843
26123,23.292146116183012
26124,25.086675171667096
26140,40.89100128424168
26141,45.0757804327287
26142,46.954009209663035
26143,54.574950736800645
26144,55.13844687048945
26145,57.05558881834396
26146,58.82752805345658
26147,62.006169487822774
26148,60.850674661732775
26149,62.941244061262275
26150,64.6074024092059
26241,46.29241235684739
26242,50.64417744098488
26243,55.634388038661356
26244,58.05376398473193
26245,58.493811316165555
26246,62.057596221619505
26247,61.627520794152716
26248,63.04934724763026
26249,64.50101797506207
26250,65.78564022637592
26251,67.31832812091139
26252,65.43443689069525
26289,16.15678977080137
26290,18.409635923413358
26291,22.15238865993856
26292,28.149428200240436
26293,28.721499359416136
26294,30.261195111488245
26295,30.317732052248214
26296,36.1411669079596
26297,35.606674879207965
26298,37.203057148905
26299,38.17087191593306
26300,37.787537490466796
26315,30.530776955828316
26316,31.682927009883706
26317,33.78767542958925
26318,36.27927222407582
26319,40.021048340970296
26320,43.09826312596441
26321,44.34739310286326
26322,46.39318017029704
26323,49.35597975208928
26324,51.73099835577051
26325,54.41391055156978
26326,57.2737073989505
26455,28.62272131385501
26456,32.43664210447943
26457,34.37847579348041
26458,41.889850697913246
26459,21.69410370796327
26460,22.973299525225496
26461,24.38888766376981
26462,28.575440300778673
26463,32.91550735339098
26508,19.65814896185686
26509,21.391223992657423
26510,23.119941477335374
26511,24.218685980005702
26512,23.40855629761339
26513,24.384909214092975
26514,26.17796233102566
26515,29.45704608675975
26516,31.223739989300594
26517,35.07663903186436
26518,35.66572271188498
26519,35.93139049842945
26520,27.83882052224334
26521,30.557489693924946
26522,34.818502837907616
26523,37.21668158846124
26524,34.48258830674484
26525,37.021803734681455
26526,40.097911940107096
26527,43.77417887851527
26528,44.440578051028425
26529,46.87131862994279
26530,49.34843151487324
26531,50.66865943850676
26564,19.681191420551876
26565,22.662589472786074
26566,25.96601407405344
26567,25.84708504465692
26568,30.171033580270695
26569,30.562278300908257
26570,33.2456557901291
26571,35.79984708326138
26572,38.2494725803698
26573,40.490929610136696
26574,38.79821768636994
26575,42.47130336689844
26576,24.730967969139545
26577,28.366028891237953
26578,35.050660565673944
26579,37.82739831490049
26580,43.46424303986967
26581,47.24258129534371
26582,52.522039732485496
26583,55.7785499333369
26584,16.628178407988898
26585,17.90283971309028
26586,19.38356437201736
26587,20.32735972006892
26629,15.13209620010016
26630,16.74108114891566
26631,18.43114931683147
26632,17.25107837856919
26633,19.759021163605674
26634,24.16100444009256
26635,27.388262335103867
26636,30.682476571245797
26641,43.38077686254396
26642,44.94323246127725
26643,49.434825697067325
26644,53.088627247168304
26645,52.642363937141305
26704,17.096737708789778
26705,19.111059382879482
26706,22.996411991584612
26707,31.79392832665021
26708,41.239876013044864
26739,58.8936311571298
26740,58.877475483708295
26741,64.13106415605746
26742,62.95701712977895
26779,19.151055269015153
26780,21.68695228782388
26781,27.044284077032
26782,31.014486142275132
26783,35.114060447990255
26784,39.37033511569049
26785,40.64080526710782
26786,41.6911200704672
26787,42.29598519745975
26788,41.79595053371666
26789,43.882237363449114
26790,46.47911679205403
26819,48.562559205572136
26820,54.17258627594141
26821,59.75777077090423
26822,65.79375083406619
26839,40.488840636735816
26840,40.028551046932705
26841,41.005841243559445
26842,44.42242587046648
26851,25.950890315822427
26852,26.74322679825509
26853,28.81441242889813
26854,32.33554712490947
26855,33.65362105661295
26856,36.44315979190189
26857,40.715876874646256
26858,42.60945021703793
26859,47.47092364274312
26860,52.9353298333715
26861,54.801372553134684
26862,54.26356560080516
26863,25.227511451414667
26864,25.811471630887844
26865,28.698663101284
26866,31.237003801178673
26909,6.296466203668518
26910,7.478265588230608
26911,8.516699941735002
26912,10.426357111899156
26913,13.150945732161555
26914,16.26306721743313
26915,17.81958472769748
26916,21.010103535002095
26917,23.369987827091638
26918,26.76529185106911
26919,30.168142414626885
26920,36.05222030038539
27006,32.50134033567081
27007,35.33402546041064
27008,35.55151388223844
27009,40.444059249515206
27028,16.357992512923666
27029,20.53587742808876
27030,25.23226084262055
27031,31.46426511823133
27047,29.442274556667996
27048,30.691611089754907
27049,32.9699656566342
27050,36.653919123547624
27051,39.424941213266465
27052,42.03130610671925
27053,44.984225304473696
27054,49.5850956010252
27125,58.01793046703965
27126,60.89610442326703
27127,63.16884140351401
27128,64.55680171346526
27129,19.06802408272386
27130,22.459079993925133
27131,24.75736186604
27132,25.62388501740109
27133,29.895095202381327
27134,30.57952755801341
27135,32.80737159175546
27136,36.63556459825693
27137,39.44230215258682
27138,43.60467621525911
27139,46.76471650720306
27140,49.17336366040248
27177,34.47339150272184
27178,37.79372187805568
27179,41.1924274628337
27180,44.2715999241052
27181,46.36208073453862
27182,46.70732560273949
27183,46.94991770719447
27184,48.01673845269127
27185,49.542157266899544
27186,50.717946335845106
27187,52.37788501781307
27188,52.72375348589367
27189,25.449648317414788
27190,28.664155089185634
27191,31.82336007633422
27192,33.786676356342575
27193,32.727156353922126
27253,20.079219404461927
27254,21.587554852898545
27255,21.785915859996997
27256,25.35702010668152
27257,26.723044762022987
27258,29.27779827793541
27259,30.938746784320443
27260,32.243283619969475
27261,24.258885133366967
27262,28.767812988929677
27263,35.095788783969816
27264,41.17978437997003
27285,45.054715862647456
27286,48.735538105002476
27287,50.05825076577936
27288,53.569377796953475
27289,53.85377551012293
27290,54.36959765815684
27291,55.819445756450875
27292,56.273613695599956
27293,57.39480889349661
27294,58.604619346989885
27295,61.61969022188011
27296,63.7261044201348
27349,21.95076675479175
27350,22.81084453761118
27351,24.41156894759481
27352,27.033539133693903
27353,36.52352232829346
27378,34.22733710703717
27379,38.69151568071842
27380,43.69228748780402
27381,48.227155311993194
27382,49.895207361791265
27383,52.39733403251321
27384,54.24796840244949
27385,53.684953043489564
27386,55.60134452422908
27387,59.95215071283561
27388,61.57165439428452
27393,44.7893692277528
27394,49.25915188204479
27395,52.11981425032498
27396,52.45506186245408
27397,54.32942297130073
27398,55.13007149813512
27399,54.47061710498842
27400,56.93109725819321
27401,59.35028271858554
27402,59.25517125819685
27403,56.87329896867233
27404,59.16041130408085
27425,26.4072474792517
27426,28.786363695318904
27427,33.02994739434667
27428,35.880511273501654
27429,38.95539942827205
27430,40.814631136461585
27431,43.079351702739714
27432,43.881575211315706
27433,27.11265285365414
27434,30.344828249971272
27435,33.959756153489806
27436,38.086754629535676
27437,36.50024149236526
27438,39.20460560895594
27439,40.36601164568955
27440,42.055594443897455
27441,47.29824472308398
27442,40.046523086936915
27443,48.90780455005893
27444,49.33052380490115
27445,48.446371311846725
27446,49.5657593856331
27447,50.618975154912214
27448,51.18649335027011
27449,52.358472875553936
27450,52.616370282478464
27451,55.31385604462255
27452,57.09704645031561
27453,56.76952341867782
27454,6.816889168632852
27455,8.115602479563313
27456,9.075362077018998
27457,10.733401379561872
27458,11.56914041992914
27459,13.968015982035809
27470,26.72313108428105
27471,27.37724244773951
27472,30.177366188431687
27473,32.77725620882603
27474,36.42588716098812
27475,40.35157442951303
27482,39.478431282583884
27483,49.35522801437937
27484,53.35780960465983
27485,56.0690826147091
27486,58.49470204591637
27487,58.19901047110741
27488,59.87143085782236
27489,62.50929889987104
27490,63.601918762902145
27491,64.23689189726024
27492,66.64590377670967
27493,69.61342164832051
27500,35.48245312341485
27501,45.70727607460382
27502,51.586618536418925
27503,55.56850557721564
27504,60.411243314016005
27578,23.9055440259732
27579,32.02273122895325
27580,43.44978534421061
27581,45.473952973292604
27582,47.04929217608069
27583,47.04780782322254
27584,47.25621592733902
27589,59.326418517055274
27590,60.063106589605965
27591,63.392275116376574
27592,62.186117882409896
27593,63.88506071566722
27594,65.64574912668691
27595,66.5886863381003
27596,66.82326027922576
27597,67.86496775590885
27598,68.96041531499156
27599,70.45411576796275
27600,70.80064640153623
27719,20.5643976847322
27720,22.64620397915764
27721,27.73042042700201
27722,30.47095165320395
27723,32.55691291321781
27724,34.98851270162874
27725,36.850517437410346
27726,39.960667868763906
27727,42.56132556853318
27728,43.939554203953534
27729,45.306060762180905
27730,48.42411940289251
27795,42.071993213187156
27796,47.35726020856059
27797,52.95745583215519
27798,57.44533820850993
27799,59.20960866127119
27800,60.747312398484226
27801,62.5680895515175
27802,64.33830890557417
27803,64.45820062355902
27804,65.32779085124805
27805,67.89766985998935
27806,68.14854925547212
27807,21.089080235945005
27808,23.493692090103472
27809,27.36762292014482
27810,31.065351327514627
27811,33.06974331174973
27812,36.95812664928043
27813,39.727508532243924
27814,42.0817417870541
27815,47.12172419608188
27816,48.47752070262733
27817,51.081054272948926
27818,50.0368438696216
27848,12.56999841191992
27849,15.807084018847561
27850,20.39763219907605
27851,27.081616816625218
27852,35.410494649148255
27863,46.26963379042691
27864,51.06618969627855
27865,53.55214595150136
27866,57.49299380750195
27867,59.65881505423729
27868,60.26350399533853
27869,60.68029368563781
27870,62.21908239003646
27871,67.5136584408348
27872,68.2110868336234
27873,69.59537955093583
27874,69.93484656691308
27898,24.591839320444034
27899,30.516913352377752
27900,32.65641522113602
27901,35.98504067402847
27902,35.20280277318945
27903,37.823724365846815
27904,36.56153832549611
27905,41.18521264677899
27906,42.930927643822564
27907,44.86332785106394
27908,44.54806059835498
27909,46.24787215063441
27933,4.38586292711865
27934,7.726358650712811
27935,10.578985888442748
27936,13.751808617769015
27937,16.301345256960424
27938,20.23735962188905
27939,23.593776801582425
27940,25.977196569115176
27941,31.631728704403343
27942,31.69124747331797
27943,35.18710585840621
27944,34.919170482381915
27945,41.971840141188316
27946,50.474499945931015
27947,53.14635466829891
27948,57.06870556077032
27949,42.01659494946182
27950,48.476144883023245
27951,49.63517607104107
27952,54.76962833588955
27977,63.63634958713768
27978,63.756506097001406
27979,65.57034017491792
27980,64.93794142713989
27981,66.12745839205024
27982,69.033180564121
27983,69.97812254824201
27984,72.40130289589112
27985,74.04826337980508
28002,37.825084646428635
28003,42.90396417632179
28004,42.66852211991455
28005,41.3600143669827
28006,44.7534931619573
28007,48.25150417359435
28008,52.53955828975178
28009,54.54904518342558
28010,56.450012876571655
28011,59.38424223015041
28012,61.02184968787619
28013,63.26008879744487
28037,40.03466711291289
28038,42.91446339759263
28039,45.8341724689506
28040,47.71254330164407
28041,59.579369171227064
28076,24.919739168478138
28077,31.72802499367242
28078,44.33361933084181
28079,47.81128316114267
28080,50.08535272303244
28081,48.83364339157102
28082,50.593927544529336
28083,51.085415387288336
28084,51.66016309888015
28085,54.402689736937724
28086,57.17539116740767
28087,57.17773522721619
28124,35.90691269687335
28125,40.59646582793612
28126,43.27247138919634
28127,44.50394280592515
28128,47.427089442216996
28129,50.18562892088895
28130,52.49242851063432
28131,55.94254055390894
28132,59.8283360166036
28133,61.94365728040177
28134,61.80963517123704
28135,64.02666274027581
28169,26.811270683513754
28170,30.866613760940755
28171,33.98278548964283
28172,37.95302368641437
28173,40.14027800823261
28174,20.982078583364213
28175,26.383970737402063
28176,32.98679236925737
28177,34.700085464776876
28178,36.79370026752262
28179,38.252417568728006
28180,40.727401571777406
28329,20.85855386785135
28330,23.085666222045973
28331,25.895452089103806
28332,29.853330783249255
28371,61.67571255412067
28372,62.365886670317494
28373,63.81557591443875
28374,66.19097556407134
28375,69.21592668341017
28376,70.12272239578319
28377,69.12125892967975
28378,69.89064174479142
28379,70.38471970296598
28380,71.57883813407975
28381,72.79295789624149
28382,73.11367007876655
28399,51.25479602898724
28400,53.276762017553665
28401,56.08069855876896
28402,59.73451296535673
28403,63.30446502600042
28404,64.54019250538968
28405,68.06076669008041
28488,48.32665945622743
28489,55.20726117292006
28490,60.699757647275035
28491,64.72417341506431
28594,27.20161907606759
28595,30.024125737335112
28596,33.19446283249611
28597,35.80240818374891
28598,36.07929674914914
28599,37.96807444473431
28600,40.417686942864144
28601,43.23955588315026
28602,45.60021023073955
28603,47.47403575157608
28604,50.50548863770964
28605,52.8886704814084
28618,25.401861512767248
28619,26.95833365302886
28620,30.105748992951852
28621,31.761127226507476
28622,32.562808029187224
28623,0.8156845259694906
28624,1.082521997043818
28625,3.779399981410066
28626,6.544319107941655
28627,8.935647008223485
28628,11.59194820047476
28629,14.481514417336214
28630,16.062724519932758
28631,17.837371959032147
28632,20.87358425130199
28633,26.603100347283423
28682,11.011222168968544
28683,11.305819996682224
28684,15.807458497558752
28685,16.416712578951564
28686,17.540119019481004
28687,20.515360474448187
28688,24.25048190640403
28689,27.548142581311787
28690,32.139945573940935
28691,33.85074944108966
28692,36.5929128467084
28693,43.10860501352818
28711,5.613756214449109
28712,8.281392009805746
28713,11.118338557770233
28714,13.844656006070087
28737,18.896894512275917
28738,23.515724865920966
28739,26.631800804009572
28740,29.358336223729964
28741,0.6903384939059276
28742,3.497747793891807
28743,6.723008930631235
28744,10.639173102085639
28745,41.27200609529497
28746,45.41631787840879
28747,47.098694368259856
28748,51.52577724996412
28749,52.828686098150115
28750,55.65360524098138
28751,56.775995323886164
28752,59.30165877400706
28753,60.38927536753372
28754,62.05012093422671
28755,63.69845682704314
28756,64.5472567660961
28761,29.814353360098778
28762,30.862893986344073
28763,33.2563323632567
28764,35.16803530335928
28765,37.17047033785805
28766,39.7616023987517
28767,42.54080085596793
28768,46.65275232816812
28769,49.33937297008335
28770,50.798730263195935
28771,53.14397394262551
28772,54.47058532963115
28825,19.004391276487393
28826,21.570889337488445
28827,23.668212703282364
28828,28.050019060412712
28829,34.643622144515994
28834,27.16848889214258
28835,30.21419602070845
28836,32.97459593529958
28837,38.07920392001784
28838,41.14583172598123
28839,43.85910781497208
28840,46.65091771831095
28841,46.833459053424995
28842,50.01935742869749
28843,53.12186808878872
28844,31.352748272631565
28845,32.84109999820788
28846,36.752390970408
28847,38.8221022481358
28848,44.99140332015094
28849,47.63148864516572
28850,50.82272864882175
28851,48.509507047023135
28852,50.36784937108017
28853,52.68773285343076
28854,56.02781481567581
28855,58.089377128971854
28901,25.59356292101021
28902,26.408212780279364
28903,28.683180784254272
28904,25.124157430399766
28905,26.687253775927427
28906,28.616414717347833
28907,31.544316940295793
28908,33.52636234117492
28909,34.99971457246437
28910,38.397247668855066
28911,40.624276153392664
28912,42.5600783157347
28913,22.84349792434876
28914,23.746525980926766
28915,26.066207691394617
28916,27.829010901194863
28917,30.255831795770103
28918,32.17510925651809
28919,35.093047480149025
28961,32.910073812515314
28962,35.90126379717758
28963,37.615533430674
28964,39.20816854080324
28965,39.89123021659553
28966,37.99011287855386
28967,39.82569328951075
29047,25.60638821036563
29048,25.913813851432234
29049,27.5748170375916
29050,29.740956406763644
29051,27.095226463456903
29052,30.412058824332423
29053,34.3120425547781
29054,37.90415732606958
29055,42.94236802853717
29068,14.913798526823715
29069,18.175478888182695
29070,20.50607647614499
29071,22.503431410507822
29072,28.482111509438777
29073,29.826429369365137
29074,30.070417077964954
29075,31.386003133549234
29076,32.47203031373327
29077,33.52337081550889
29078,35.42341828542825
29079,36.08132964134764
29221,10.497529656193013
29222,10.342028840857633
29223,11.618439654863485
29224,14.974914065006454
29225,15.77782595824001
29226,18.649008994372394
29227,23.71201889968227
29228,26.392961219477503
29229,28.377934963197056
29230,30.562746331896562
29231,33.046478729375664
29232,37.594528768900815
29341,13.035450513826635
29342,15.504743306138078
29343,18.80567936873254
29344,21.590161415336702
29345,22.6939119517552
29346,21.472465653899583
29347,23.204641695970615
29348,23.90428217764837
29349,26.52426213550202
29350,28.533249814870608
29351,31.01960033742971
29352,33.604442571545555
29384,54.744498790943325
29385,59.88395961984495
29386,60.882637282600435
29387,61.27312560887174
29388,61.65205858286623
29389,63.20209661676031
29390,66.34629595657168
29391,67.15396755425427
29392,65.99724344954461
29393,68.50839953936199
29394,68.15955507137184
29395,70.02789446621064
29417,55.64905794628178
29418,59.64622128037077
29419,60.7406822530876
29420,60.29034073771292
29463,37.62862741212293
29464,39.76784941508848
29465,41.40370990529692
29466,45.741756795408
29467,49.92666980364224
29468,51.42984769762229
29469,53.5142617697879
29470,56.5203831308673
29471,56.97902939562052
29472,57.22768958865095
29473,56.48710854467272
29474,58.15925124320519
29475,24.504527405782497
29476,27.448233121724876
29477,27.44826750772942
29478,29.535475003938416
29479,32.023870108041436
29480,37.337400306844216
29518,54.41453193742457
29519,58.53147050958464
29520,60.96543405644245
29521,63.57087273730211
29522,66.01961751831307
29523,67.42474473309957
29524,70.26778344760336
29525,69.95616176598449
29526,72.17130628796002
29527,73.35940562623826
29528,74.26794895535788
29529,75.03087446458154
29557,30.39188869851215
29558,34.4642296194026
29559,37.91037929215114
29560,43.48313807567114
29561,47.68101052726453
29574,22.401034703918015
29575,34.02273403658197
29576,39.798265010581744
29577,44.21716174970899
29619,45.79209859276358
29620,45.47474885514005
29621,47.485286551489324
29622,51.210798643540954
29623,42.915633909188834
29624,42.42300659925273
29625,43.82739615737088
29626,48.85030885347195
29627,49.84436536632213
29628,54.91568621004926
29629,56.24227168800221
29630,58.84556343712444
29635,20.455158577290135
29636,23.92289180539217
29637,24.788034775144983
29638,27.147588672003668
29639,29.385671197712448
29640,33.28168187322757
29641,34.67751968117936
29642,35.95905577883617
29643,38.07036806368565
29644,41.82621744700274
29645,43.562996543016354
29646,48.65224547436878
29687,52.83674392393904
29688,51.59793403513679
29689,55.12059359193496
29690,56.667255648242374
29691,59.67089365734339
29704,27.492067196192018
29705,28.356106568522915
29706,31.763264527686896
29707,33.73472745846209
29708,35.41006629354805
29709,37.162053448301286
29710,40.74293345801517
29711,43.62174689357606
29724,7.935523485174568
29725,8.487956234879961
29726,9.281699252213542
29727,14.024545863897014
29728,18.403101668124766
29729,24.130896036547362
29730,26.873260203884534
29731,28.349945863784388
29732,30.69733288972383
29733,32.96001815565685
29734,37.196606654634316
29735,40.173182236598116
29736,20.270788352873662
29737,22.717534526784124
29738,26.452182331006945
29739,27.24015975974204
29740,28.41326568022045
29741,26.861084115411337
29742,30.756339403648013
29743,32.364198700586115
29744,35.34448762158631
29745,39.69778658832224
29746,43.85158801820024
29747,47.42572961077831
29796,34.4795642522884
29797,40.95494491332278
29798,43.734627240377975
29799,48.058490290526244
29800,51.70279811649611
29801,54.289620042762124
29802,57.57430618276901
29803,58.60753402787602
29804,59.99197306313833
29805,60.49552941389476
29806,61.91089613552297
29807,62.55863648818355
29817,1.0308076693527974
29818,0.988665736022363
29819,2.542242595270536
29820,5.608308122639717
29826,37.89227239189795
29827,41.2336276273568
29828,44.59674381346566
29829,49.47314921920187
29868,0.38113029618140254
29869,0.5135509617907213
29870,1.864352827575781
29871,3.496775169774446
29913,22.05364618191488
29914,23.252756749710063
29915,24.769701609954907
29916,24.816871399625505
29917,32.780331241775336
29918,35.17378091706383
29919,35.29341555351657
29920,37.17558188591105
29921,41.498993645256874
29922,39.98941877095578
29923,42.27022166517298
29924,44.34970589697139
29998,26.797302038683142
29999,28.49638040274625
30000,31.438754079702893
30001,32.09677859500353
30028,7.381160520215369
30029,8.874530314753617
30030,13.043569435786003
30031,16.63609175451942
30056,2.8395793840395087
30057,3.279608550684783
30058,5.338214160293395
30059,7.2680523758291455
30060,10.651760863353143
30061,12.514395618516101
30062,14.323366353316155
30063,18.8939948928844
30064,21.557784409981178
30065,23.838742766837715
30066,26.09229919503398
30145,30.058745736494206
30146,30.929220741427827
30147,32.9174741137064
30148,35.11121821657709
30149,38.962450032094225
30150,36.74462915827687
30151,41.80487617437636
30152,43.13730621630783
30153,48.224554227653606
30154,52.77785875640112
30240,26.98352476603722
30241,30.223721613627657
30242,34.089737319944966
30243,33.46073705084686
30244,28.07316838263103
30245,35.75791663846219
30246,36.48492725615793
30247,39.14588151540138
30248,40.92429520945929
30249,46.80088825493692
30250,48.68884638454963
30251,52.10741756850918
30252,18.93875489378244
30253,24.042395102815306
30254,26.941982839081895
30255,31.52224437535882
30256,33.57188566739846
30292,10.948613031586094
30293,14.061443932698115
30294,17.784837842076236
30295,21.581854070025365
30415,20.330209461045712
30416,23.734049613352976
30417,27.224312491587426
30418,28.657828265839395
30435,10.886476508289057
30436,12.811424805955898
30437,15.430780780171144
30438,21.185481014789538
30439,22.68079211019802
30440,24.877002618360788
30441,26.065041328768963
30442,28.544256873438577
30443,30.353123466677765
30444,32.59452761779515
30445,34.92773395713778
30446,37.64260210099103
30452,57.00295986992118
30453,60.00888316329756
30454,60.62940004811418
30455,63.94867564668027
30456,67.93103316385714
30457,68.4144382159188
30458,69.31406954831498
30476,0.688357471156564
30477,1.8766564698933776
30478,3.744181631956825
30479,6.746241226560724
30480,9.1599138244232
30481,10.68179561121924
30482,11.5778821394516
30483,13.607505280817861
30484,14.99096498829508
30485,16.556396357219032
30486,17.650077965252496
30487,21.104379796932268
30500,35.74974811936329
30501,40.38836141168531
30502,43.511996843024335
30503,46.378202855224814
30504,47.3565403773729
30505,44.10703254033016
30506,45.11836738546871
30507,48.05216313634459
30508,51.72139371595728
30509,55.57898355215349
30510,56.52029729764986
30511,58.288129977341995
30517,18.4513316979559
30518,28.485654550411784
30519,32.61421261901099
30520,40.497356779177025
30590,30.386402654426536
30591,36.42790190405901
30592,40.27874051949732
30593,46.2374748367047
30594,28.292261886863436
30595,32.89120843089999
30596,37.798488028654326
30597,38.54611836527262
30608,37.82496800195024
30609,39.43277424617613
30610,44.9718761078213
30611,45.13252532679227
30612,51.1171207027795
30613,55.04233630692873
30614,56.990765912424
30615,56.91118400322129
30616,60.29529595492353
30617,60.104177536271735
30618,60.56731132433625
30619,64.41207036619926
30655,21.72629798648001
30656,28.10355574054493
30657,32.36423921439699
30658,45.26632982852223
30769,7.27804019410968
30770,7.695144154751295
30771,11.530891803572485
30772,16.632850120260507
30773,19.70775685868247
30774,22.87948048741088
30775,25.433344168413434
30776,26.527916756686533
30777,28.454554164633947
30778,31.07223977133277
30779,33.10113552679508
30858,2.522285051264608
30859,2.908990778944149
30860,2.7893494563764265
30861,6.0762509494443915
30862,8.900009605365542
30863,10.162052021672901
30864,13.09662894675435
30865,15.34444181931299
30866,18.01781256263318
30867,21.23171026828256
30868,24.790936951198074
30881,33.336086676163305
30882,36.68784686513684
30883,41.01807879048548
30884,43.26319080350527
30885,45.40655153303736
30886,49.65587841985002
30887,52.679414099550414
30888,56.23617025513145
30889,59.75931398331194
30890,61.7976054224456
30891,62.087828799420244
30892,66.84863259787039
30893,26.473491712910306
30894,30.649050076350466
30895,39.21020501859522
30896,40.70546879085306
30897,45.09459178531638
30898,46.391893403372734
30899,50.29764469925423
30900,54.74987241204097
30901,56.0566028692817
30902,55.134183315828736
30903,59.16041460414037
30904,59.02276060686491
30993,30.045477251971374
30994,31.516516196429855
30995,31.10852518661914
30996,32.99997276945476
30997,34.78506914337968
30998,39.63908592955829
30999,41.99722839178234
31000,42.36334010067007
31001,43.5152609028126
31002,48.619712679007165
31003,50.02361440183505
31004,51.82469605003729
31005,27.204135133478417
31006,31.727037174152947
31007,36.49547558050535
31008,37.56081035273375
31009,2.936696499468078
31010,7.0615592263603535
31011,10.0607645614739
31012,13.046214246865635
31013,16.440573874357902
31014,20.232523231317856
31015,22.310542651224782
31016,24.578294899168508
31042,28.94140035422746
31043,31.284668237474893
31044,35.85170051764813
31045,39.2908612505788
31046,41.54231181085044
31047,45.283472179985026
31048,46.28110573859753
31049,49.59464774608855
31050,51.7052489732637
31051,53.09950554083819
31068,20.52027976234906
31069,22.09051169970857
31070,28.940377547006648
31071,32.350048035356224
31072,36.09149380509133
31073,40.229275680561315
31098,11.269188936918685
31099,14.519870644738058
31100,16.74788712440061
31101,18.85858422563841
31102,21.469744740992773
31103,25.342791445434138
31104,27.96016974484287
31113,38.2365613341561
31114,43.12552782177147
31115,47.418186002905536
31116,49.06676298038366
31117,11.684064270195307
31118,14.99401576130048
31119,19.91381222588661
31120,25.272387718583854
31181,5.074499014425867
31182,8.458724516407294
31183,11.115215636037686
31184,14.10806027830103
31185,15.997498735051007
31186,18.28860125363809
31215,22.163956255257936
31216,30.794249324794812
31217,36.32271210465875
31218,39.145005101476684
31219,42.66226801432806
31220,42.69589026013691
31419,24.847950749127836
31420,28.158161940728128
31421,32.20573173928541
31422,40.0564610459704
31443,39.03108479624322
31444,43.58839309243179
31445,48.72388854843016
31446,51.07629441157547
31447,48.86834477012182
31448,50.29668389959294
31449,51.34016898142844
31450,57.430527679356295
31451,55.975074493854684
31452,59.43173329875943
31453,61.02265495061113
31454,63.5090921366682
31483,49.664537771810444
31484,51.032925729752726
31485,53.512453629224055
31486,56.335529989007966
31487,59.85698539294617
31488,18.25920339897289
31489,20.573446862206445
31490,25.91664987784074
31491,32.95464343025627
31492,36.55015382994346
31493,39.480253315319686
31494,42.73400310721125
31495,44.973048288945776
31496,49.544284085444104
31497,47.29147169836521
31498,49.60612130752406
31499,54.03146959087454
31536,38.96028231231509
31537,43.615335469949414
31538,45.9133874194433
31539,52.79633942497018
31540,56.3428096630787
31541,58.935170996762885
31542,58.725515292174784
31543,60.45227628836956
31544,62.16138154815783
31545,63.61020648448361
31546,66.13491073632773
31547,67.45776731491661
31548,21.107121493548217
31549,26.427422155908495
31550,35.757790378872116
31551,39.27087243619242
31552,41.336855543177364
31565,28.93844663413993
31566,29.988789729769014
31567,33.852660895469306
31568,38.11482713436531
31569,42.34035929008026
31570,52.259382597524585
31599,20.02347484378941
31600,22.53169425652294
31601,26.694849558188242
31602,28.319166183048402
31603,32.121516644551285
31604,32.267216080888495
31605,37.20981368757021
31606,38.18735159492167
31607,38.91069854808036
31608,40.360103451115364
31609,41.76999674068211
31610,42.394888442359374
31627,25.059184799559457
31628,30.75375178034642
31629,32.20607304112119
31630,34.34734647165756
31631,41.178090600416716
31632,50.18478757690122
31633,54.594874572521846
31716,17.462622683045158
31717,23.52690368461639
31718,26.30168650922251
31719,29.70999457593096
31720,32.41238374077225
31733,2.3443542446604178
31734,5.168507273507328
31735,13.938471032820829
31736,20.476230462783697
31786,5.693941940763175
31787,9.810947137916738
31788,12.684154688205194
31789,16.24587984493774
31832,56.15298936238668
31833,57.81881127078967
31834,61.52377830471738
31835,62.991188756424414
31836,65.03169838616901
31837,66.48570479689333
31838,68.29880314158825
31839,69.79185889723561
31840,70.76967871749392
31841,72.13910179194477
31888,33.675290283688106
31889,38.02580331447655
31890,42.58110120650606
31891,46.76142397037721
31892,50.04349750206917
31893,50.145524234983114
31894,53.87638586544516
31895,59.05659577466505
31993,33.66588897154038
31994,37.84483358397243
31995,41.346758359157505
31996,47.62648959770951
32014,17.747974812664673
32015,19.515637071328165
32016,20.95040569466891
32017,23.060000152720384
32018,25.061376453748604
32019,27.41886138463193
32020,28.82580538741768
32021,32.27730183770492
32022,33.57834533283152
32057,26.30214494921973
32058,25.432886065680982
32059,29.133587793473435
32060,26.854606797559217
32061,29.86950290172312
32062,28.09718386669639
32063,32.502396823496625
32064,35.57526318173236
32065,37.53796436312588
32066,41.44762430492275
32067,46.82526640352315
32068,50.783294243255746
32119,0.8356121778147468
32120,1.0538460102846818
32121,3.922381000767299
32122,7.459597551817568
32123,13.56457975748503
32124,16.43169194609368
32125,18.822382893388873
32126,20.668004678730007
32127,23.384823710949657
32213,34.567595450106424
32214,32.799004719386815
32215,35.38283525481523
32216,33.91357477330056
32217,37.37517570893744
32218,40.69342001616003
32231,23.961980509461846
32232,33.5056692502876
32233,38.71929566353019
32234,39.464112187791876
32235,43.69789005412236
32236,21.160941586839417
32237,23.529169063524034
32238,26.731367809702228
32239,29.35599600402025
32240,32.83832765452507
32241,35.493923070161195
32242,40.52540289953198
32243,42.24768115982101
32244,39.05036918752796
32245,41.48872000789818
32246,45.58204940930351
32247,45.68462065227462
32353,10.040944840279375
32354,9.980199999579114
32355,13.164941677262657
32356,14.354236397985336
32383,0.08478476112707618
32384,1.4666932662241303
32385,1.9381536250933267
32386,3.8666989434679224
32449,5.866822742770121
32450,7.362490858229035
32451,8.509177073873076
32452,9.969418600576118
32453,10.269894344457805
32454,12.01280968725877
32455,16.33128403886624
32456,18.85438738947728
32457,20.63970524068376
32470,31.992312162082776
32471,36.684812415480366
32472,39.15250521793358
32473,40.67788950546657
32474,45.689422303417224
32475,50.13995152135867
32476,55.13759955377111
32477,59.92229381675518
32478,61.339080363263484
32479,63.846339595471576
32480,63.63764224558115
32527,37.5588286025601
32528,39.24321239727972
32529,41.044660027254125
32530,40.15739423354367
32608,6.509726916688493
32609,6.951497505606217
32610,10.521456995679848
32611,13.571257370327782
32627,16.038908103207746
32628,20.769567826806917
32629,26.785671865242243
32630,30.10688225907444
32713,25.37792296769573
32714,31.213943331183934
32715,31.982283278622276
32716,34.624774669746714
32717,34.33212053858907
32718,35.997576630143286
32719,39.41376183611716
32720,40.16555099476811
32721,43.903912666337966
32722,46.73750256585095
32723,49.09788297210482
32724,50.73910973209773
32725,30.396541112893555
32726,30.368918182018298
32727,34.70416901942178
32728,36.79162514842628
32729,38.66858576938639
32730,40.48562542487489
32731,46.072697065471516
32732,51.49322248149821
32733,55.92194411318299
32734,55.39199991872401
32735,60.056621013856294
32736,61.23691285317459
32741,13.758986441188005
32742,16.277984913248176
32743,18.052345938177304
32744,22.19772157060039
32745,29.709625755997546
32746,34.37538919181713
32855,26.600376320056448
32856,25.89975424836022
32857,26.255344963116613
32858,25.00661292610511
32859,27.703157432247032
32860,29.37008029311748
32871,0.7341562319753989
32872,1.1738915092630335
32873,1.9721485841018733
32874,7.326368985270865
32875,10.277663177193872
32876,13.954499683701096
32877,16.814926848581976
32878,18.62922604062393
32879,20.880680811585815
32880,22.170656983541228
32881,23.678150516510676
32882,26.532236165110003
32901,12.12815510710727
32902,12.92204624119139
32903,15.025263846031212
32904,15.722971775431294
32905,23.53374289330284
32906,23.970764317455725
32907,29.244976238401676
32908,37.24431479832009
32909,47.548310308942675
32929,47.62972224396547
32930,49.8900304035659
32931,53.89798798345328
32932,55.10024437116601
32933,57.073283869618635
32934,58.564132488660654
32935,58.25187878723125
32936,60.28079919826123
32937,64.2824105839864
32938,67.11280439026707
32977,0.20747409802410535
32978,0.8812272596087853
32979,0.9919467306139647
32980,1.6557705714012898
32981,3.3108449014123806
33029,37.12398423611242
33030,37.39580943695692
33031,41.11209615694627
33032,42.86942472310106
33033,45.36167560370372
33034,46.604677779187185
33035,48.547870863051294
33036,50.25250026086154
33037,51.264453560071146
33038,52.582179218624105
33039,51.49509600683731
33040,52.999465297875716
33107,43.72895261390339
33108,46.14376527663967
33109,48.62820605854754
33110,50.38205289972751
33111,51.086293899668206
33112,53.50548032904165
33113,52.62542476435831
33114,53.16409845968317
33115,56.3690280090604
33116,56.75936424048818
33117,58.543708202904305
33118,61.13057959867422
33119,27.706001821908966
33120,32.753765671785125
33121,35.673394640911575
33122,37.72593155119375
33123,39.292814064772614
33124,44.452278859799094
33125,46.22178907821865
33126,48.515217340622726
33127,49.71139023055171
33128,50.64099757497611
33129,53.5621654307713
33130,53.27853607350479
33135,26.606465492727274
33136,28.433695069974192
33137,29.298389761239672
33138,30.919995218078686
33139,32.26098479186472
33140,34.49661170060104
33141,37.073166682207656
33142,42.93764390607818
33143,43.83892223999478
33144,46.11665958368931
33157,27.430393877379753
33158,29.99800231095677
33159,30.978852018014216
33160,33.92728892450985
33161,33.53314119485973
33192,10.522047639968255
33193,12.789283359168875
33194,14.398670638430792
33195,16.108832990724075
33196,17.678056743924124
33197,20.51542972437892
33198,21.699488907076628
33199,27.620879547409665
33200,30.545301210320826
33201,31.34270577861878
33202,34.52929108217919
33203,36.88111699388495
33204,24.22474210655073
33205,25.670888584204732
33206,29.65469160872245
33207,32.087899569844616
33208,35.007905259489334
33209,37.402663906809366
33210,38.64833591310352
33211,36.80721484518401
33212,38.19879218417847
33213,39.713019523162
33214,41.26629750857583
33215,42.23601284069409
33228,13.650376451332942
33229,14.801715235204313
33230,15.410104906124204
33231,15.879151222469
33232,15.636596690264792
33233,15.511974524020502
33254,17.01819947408566
33255,22.287014055137597
33256,25.423620980007
33257,29.58181242148471
33258,-0.19438724795208634
33259,0.6506428232646126
33260,1.5955441192400341
33261,2.6922621061045175
33262,12.575954421069849
33263,14.01542613136121
33264,15.183712521875268
33265,16.247668977297
33266,17.493678166694686
33267,19.024742100708274
33268,18.03888637044611
33269,20.400806276067456
33270,22.729595888615723
33271,25.65593642039108
33272,28.388029126101316
33273,29.180954632427035
33274,14.365144118964803
33275,16.770675576697638
33276,22.99040503897467
33277,24.231255829572053
33278,25.901671419013486
33279,26.294365206188285
33280,28.673800977791906
33281,30.361079773433268
33336,37.14336948259475
33337,41.13885295467945
33338,42.07270636818636
33339,45.983633299905385
33483,3.6624983577992856
33484,5.392996872432326
33485,6.873445084858568
33486,8.916344598779382
33487,12.721109306081633
33488,14.708728380997915
33489,18.674118817313975
33490,22.250947780920924
33491,35.748231555903295
33492,39.79233123998022
33493,41.055013430566376
33494,46.23483208326606
33495,50.54707162357065
33496,53.97982332488739
33497,52.67980909343349
33498,56.037711587371724
33499,57.26826358578097
33512,28.49727116251953
33513,29.67263298858387
33514,31.751679089148638
33515,37.01083651002843
33516,40.20930774650384
33517,41.6709809241181
33518,46.26049687139097
33519,47.5744294935548
33520,50.224904834368864
33521,51.54269887164154
33522,53.9420775178157
33523,54.31398316932193
33528,30.63669147115694
33529,36.49079435735433
33530,48.59373284829032
33531,54.787687536624375
33639,4.97796448105091
33640,7.53144875792381
33641,10.826757408463104
33642,14.352746125029322
33659,40.064633937273584
33660,44.83865979498674
33661,49.55475737351081
33662,52.17334621108843
33716,34.04338302710513
33717,38.35694337040084
33718,42.881082640995714
33719,44.45116728624805
33720,43.84555883109605
33721,46.10456579960351
33722,52.73538320287876
33723,55.97838578669183
33724,58.11220853608984
33725,58.33077117520658
33726,60.50990586959593
33727,63.21417936381423
33958,14.169173995714027
33959,17.271061971460547
33960,16.94320997100187
33961,20.38206552284169
33962,19.988619196033504
33984,10.071631895151825
33985,14.732252220569166
33986,17.000667436792885
33987,19.80674505218874
34035,0.7463723839948682
34036,0.8197078322971054
34037,1.2441631227180303
34038,3.159738173756714
34039,5.6848191825466765
34040,8.440826729629467
34041,10.942053034901216
34042,12.258855495090573
34043,13.892766153573623
34044,17.182205960676317
34045,21.45856717717313
34046,26.70329237025377
34047,56.352007785954996
34048,62.1298119627087
34049,65.7113242488143
34050,67.08197717546298
34051,67.63801347886479
34052,68.40177019121673
34053,68.20314304122442
34054,69.72314225222502
34055,72.70889952707027
34056,74.79385130460547
34057,74.77563585135138
34058,75.58814576361364
34063,28.869183074764436
34064,33.63941597796334
34065,38.320620270992436
34066,41.2909603192633
34067,45.12136867260698
34084,8.972275300324506
34085,10.226338021548338
34086,13.704252872382938
34087,16.510417643361716
34088,19.259847694686567
34089,21.063741009883497
34090,23.745793392959495
34091,27.766296205956234
34092,31.3026782813155
34093,35.35852169407785
34094,38.17602935013092
34095,39.935390597135985
34108,26.487982593618305
34109,29.70436539070446
34110,31.21687584261527
34111,43.502464955043216
34112,45.611516422856894
34176,16.583932482824345
34177,18.34004583475852
34178,21.110790525575283
34179,23.540301433875616
34180,26.84148080517337
34181,28.223854280670714
34182,30.78996924703217
34183,33.320716250298425
34184,35.69121944908299
34282,13.86493180697559
34283,13.766853414741675
34284,17.33601810566868
34285,18.920784397448948
34334,7.923851075234812
34335,12.772754410531867
34336,17.148425068197987
34337,21.462126552196697
34427,45.00161201180212
34428,45.852945206522136
34429,49.602865946420245
34430,50.52921865476423
34431,52.035382101707356
34432,52.30082807907329
34433,53.78648863325601
34434,30.58544481096151
34435,34.964933536293515
34436,40.17412656866537
34437,47.85575409220646
34486,30.165546788817103
34487,33.601787093386996
34488,36.28426918159382
34489,37.9384521884284
34490,38.027450016909924
34491,39.81076380947925
34492,40.6385004185874
34493,42.620047360531295
34494,43.30951713251354
34495,41.345797905409164
34496,44.95935961671441
34497,47.11788565502542
34538,0.17005151649060907
34539,0.5743623532999733
34540,3.6960280231024365
34541,6.721813513063841
34594,36.000182765160375
34595,38.92816027772237
34596,43.12308545177402
34597,44.23174268036918
34598,6.285457309992571
34599,7.666040880304958
34600,8.814833181388915
34601,11.821378042348258
34602,14.774778020720882
34603,16.547427573030575
34604,18.467419779308756
34605,20.559116565379185
34606,22.853720193672654
34607,25.82818263800965
34608,28.62602605314472
34609,35.1064656864351
34610,24.568996028799305
34611,27.902799566660583
34612,31.282039438235415
34613,34.57969078761359
34614,36.01563521980656
34615,37.909912621063555
34616,37.87789135728548
34617,10.181964882836482
34618,13.902735352251025
34619,17.406323710057485
34620,21.203335491664404
34621,25.2615876954438
34660,10.866902467515498
34661,10.488438531698709
34662,15.816259358005123
34663,17.363433628567257
34664,23.725874543711335
34665,29.273078769741545
34690,4.2244070546418175
34691,6.567514990983275
34692,8.764041072001078
34693,10.555596907802757
34694,11.55786444135522
34695,14.986749514105105
34696,19.64486474745619
34697,25.116289219280198
34698,27.220752514852034
34699,30.07447149410251
34753,7.5900125383594315
34754,13.7704627785332
34755,18.27133013153928
34756,24.986504384549967
34757,24.739372620697754
34758,27.488343293179433
34759,33.324637299090895
34760,32.85356728963791
34761,37.020330710496346
34762,36.380676705062974
34763,40.19120715012885
34764,38.733081874385604
34806,11.554324384192608
34807,15.448336962270622
34808,19.279093578478445
34809,23.566764325547226
34810,27.533801744975058
34864,19.7420462879414
34865,23.610104225532464
34866,25.760562699940532
34867,28.47026588035426
34874,21.12613837326608
34875,24.382755147209206
34876,27.930301616059076
34877,36.21114002937606
34906,27.215193132513413
34907,28.455614514058134
34908,29.35343847689294
34909,29.734522260260455
34910,31.92134494002058
34911,33.5961339146417
34912,35.22695997331603
34913,38.27882624709815
34938,38.59549476864261
34939,43.46447134156658
34940,44.56167539459968
34941,48.942971446892116
34942,54.85879089498907
34949,17.94240522477305
34950,20.778255182728422
34951,23.320306118224877
34952,24.371073000585312
34953,27.059907192056393
34998,38.683390862180076
34999,37.25426153934219
35000,39.52268121532576
35001,42.67480723430176
35002,45.03331286790094
35078,45.20782086165004
35079,46.07223068820963
35080,46.099480542856064
35081,47.81563988710757
35111,9.39845001996709
35112,14.238714540410575
35113,17.750508714643196
35114,21.23754209252422
35115,25.44700078231531
35116,28.803902417909477
35117,31.884295722767085
35118,36.771985736239216
35119,40.126979957029775
35120,39.9774861716624
35121,41.98155470656784
35122,45.15894651252281
35177,34.41524160798565
35178,34.37307914951388
35179,38.808336839102104
35180,42.12931022010846
35181,48.71286736681197
35207,22.800576089763428
35208,23.572398410498806
35209,27.74581689395949
35210,28.421697748632262
35211,30.9633618508441
35212,33.002691514143535
35213,36.03558953671141
35214,40.01110411037303
35215,44.87445811618836
35216,47.59926851984339
35217,49.09462811696701
35218,49.537584743133266
35277,44.94584418873019
35278,48.256038111071796
35279,50.90628896848498
35280,51.396250850509226
35281,54.83899301638989
35282,58.12250848507462
35283,61.19820222029117
35284,63.259925024243294
35285,65.30764629437738
35286,46.0663281551461
35287,45.42305441577693
35288,46.43899063928133
35289,48.891411929452346
35389,22.57773635519354
35390,24.091828119091044
35391,26.06809360628722
35392,28.22336880577948
35393,31.29587439144533
35394,32.04014053496424
35395,31.695359059924034
35396,31.3622006362318
35397,33.033325290647056
35398,33.288986356268595
35399,35.28851783848207
35400,37.56858101663833
35401,28.39266975154452
35402,32.46427595768001
35403,35.181795099971865
35404,39.94219876005633
35405,42.91944389766763
35406,44.972395805944664
35407,46.85876026277362
35408,49.511914002360115
35409,51.452561557338825
35410,53.1824323129483
35411,55.86373432028385
35412,56.112540073380714
35438,31.891831250627217
35439,33.83950722661077
35440,37.37844040874516
35441,43.45092061234114
35442,46.48518644499546
35443,42.322815347185255
35444,44.011904973183775
35445,44.283872193521454
35446,48.00652350852446
35447,52.00700052072904
35448,57.75999823740591
35545,56.35173071026772
35546,57.037435823237175
35547,59.68774989013038
35548,59.219906568422665
35549,60.902249306609306
35550,61.80901429030295
35551,62.966848703320395
35552,63.13815118526327
35553,63.114829116841385
35554,65.11959199759845
35555,66.83955362798672
35556,67.59955726746986
35557,30.13608394440437
35558,40.33642311216802
35559,44.622388724708124
35560,46.47679553337574
35614,38.123719708320586
35615,48.807782556600536
35616,52.22128435723643
35617,54.67807740499543
35618,51.84768062722473
35619,52.194633531168314
35620,55.25016608384921
35621,17.089552198821174
35622,19.539673701238183
35623,23.180403340318218
35624,27.63725188249567
35625,29.07007931811679
35626,27.814307060821438
35627,30.840459868590777
35628,34.76712963561843
35629,35.81738285858589
35630,37.094951928176236
35631,38.853806511196176
35632,38.68664722321144
35676,48.313680199181064
35677,50.54787231981989
35678,53.920458138574034
35679,55.22457422151465
35680,57.91310887479638
35681,57.808825566974086
35682,58.982746027048925
35683,59.77508225605817
35684,61.70012624878889
35685,62.63118429761774
35686,63.99595863094542
35687,65.2738981621341
35706,24.25187583253151
35707,24.885627262850274
35708,26.120668542873137
35709,27.858924711800274
35710,18.03613595671238
35711,20.976783641026923
35712,23.971964463061678
35713,25.544063798056662
35714,27.54125102535985
35715,28.829640712717755
35716,32.22538760910333
35717,36.46169536129979
35718,24.499723504528188
35719,28.85065221012876
35720,30.842604967739486
35721,33.41031944792419
35727,18.167690398211928
35728,23.133243007809817
35729,24.263785177868108
35730,27.505669330839293
35731,30.21627379931521
35732,34.505878114822345
35733,35.58705843103731
35734,37.31889260528399
35735,38.14889710971227
35736,39.877862059498945
35737,41.53575211934141
35738,43.26474276485003
35745,13.60057493462688
35746,12.574723919350294
35747,12.191342201803474
35748,12.915029082148411
35749,12.814580780150536
35824,18.60287809055681
35825,16.28776750178212
35826,16.40455686535415
35827,14.72582018202364
35902,1.3295854110960001
35903,8.783557832004112
35904,11.86575309500109
35905,18.825778420436393
35922,19.04096233665668
35923,21.549121134090775
35924,23.469765158090063
35925,25.572677540154803
35926,28.938385047361294
35927,29.889043150972064
35928,30.750674384604388
35929,34.49887540439013
35930,35.5826560414239
35931,36.51198567798387
35932,38.173921644438835
35933,38.32933030777549
35974,16.719367063636014
35975,17.01094061165768
35976,19.74545514174073
35977,27.279008221250695
35978,28.80421241247103
35979,32.03080729880399
35980,34.88484405385967
35981,36.907453240972174
35982,39.098511978160616
35983,42.559756160936196
35984,46.687345522071006
35985,45.74525132423251
35986,13.23369779227996
35987,18.245056128925317
35988,22.668181490157256
35989,26.372495932837523
35990,32.96610131592224
36068,21.706902577981488
36069,23.889233247168434
36070,28.522402943770043
36071,32.20690147056284
36120,33.73273230017698
36121,38.80828338964981
36122,43.98729877562632
36123,49.96421720136063
36124,55.376235374336076
36137,18.83030643184146
36138,23.872926403348036
36139,25.703174602891416
36140,26.476416485321675
36141,31.112605983800584
36142,34.00295269100002
36143,36.993782735283325
36144,38.3961564679933
36145,40.333015604886256
36146,42.26022795947729
36147,44.133896219208076
36148,45.590383304444074
36192,37.49844158643536
36193,38.34215419561117
36194,41.27018687013536
36195,43.740093242851636
36196,46.09886515211916
36197,59.16823002427136
36198,58.30518447966165
36199,61.09083620591131
36200,63.231072121806946
36201,63.04425022770977
36202,66.62873801980507
36220,25.15006725556803
36221,25.43348908446955
36222,28.5256571477521
36223,30.216823794303565
36224,31.788116393724835
36225,36.055710174107446
36226,39.29718736318361
36227,40.22102750732193
36228,42.1833724841539
36229,43.707885624400646
36230,47.961053045533205
36231,52.811009210626494
36245,43.996431553525525
36246,42.942428639774576
36247,45.503386365732965
36248,45.30366081188277
36249,44.94373996138364
36250,47.307777259588455
36251,47.52551302096525
36252,50.3950115860713
36253,50.659832837539895
36254,35.14540743290216
36255,38.13578780471643
36256,40.04882243849667
36257,37.53803565701762
36258,38.62674020408417
36259,38.873334580673266
36260,40.21634451907586
36261,40.567189951190855
36262,40.35890465434154
36263,43.00657291092237
36264,45.046491094239556
36289,0.6436518019521031
36290,0.38180859127730515
36291,0.9554452127686268
36292,2.3535111850044856
36293,4.27054579121736
36294,7.820606255944969
36295,9.01411577986757
36296,11.504845161533222
36297,13.664016705307034
36298,14.862980093388382
36318,24.129239732874918
36319,26.061343692914953
36320,27.236987896973467
36321,30.942802499995157
36322,32.195926689818826
36323,36.471792373232674
36324,39.433202954095194
36325,43.6836832270229
36326,46.16105246409528
36327,46.7169958011972
36328,49.68063196966103
36329,50.95937140145546
36330,52.55414450495768
36331,54.7578326217596
36332,56.23901453170007
36333,60.68468940757788
36343,19.340442174372964
36344,22.386907553880718
36345,23.175097281375606
36346,25.593566530425583
36347,28.871982559002568
36348,29.992239153909548
36349,31.933408332666573
36350,36.38968307991695
36351,36.95872569318765
36352,39.53579065092681
36353,40.40823722483178
36354,42.901922355341995
36367,17.615738000241183
36368,21.533488332695782
36369,23.881322111989515
36370,26.077703741052925
36371,23.74584126749669
36372,25.739853078801104
36373,29.626711649121045
36374,33.900143453746054
36375,37.9451042666727
36441,37.93480862917937
36442,41.708529491473925
36443,41.90911581479956
36444,46.594655797761945
36445,49.63763961635565
36446,51.76169045746163
36447,55.2213059492575
36448,59.885852024191806
36449,60.7228670698096
36450,64.15700352780382
36451,65.08292655458993
36452,69.45427964946097
36453,22.92569263471365
36454,23.771672216240468
36455,32.30968894185873
36456,32.77607348933871
36457,36.39537318260407
36458,38.73318005193595
36459,44.6331454778698
36460,50.88776779632924
36461,52.665194013402825
36462,53.59223524609545
36463,56.38495545102724
36464,56.86401481057046
36523,1.6418155273189334
36524,4.538289759778546
36525,7.497474857333311
36526,16.65502617084166
36601,22.30248493715012
36602,26.10675750770809
36603,31.81805220353913
36604,35.12851351461578
36605,34.71637108814873
36606,35.107046972850085
36607,35.678988761415425
36608,37.21862945211879
36609,38.20777132369548
36610,39.53412956117848
36611,41.3219297442041
36612,42.676550563453134
36618,36.077071138254844
36619,36.16340993545653
36620,38.63939902049339
36621,40.721051135815834
36637,40.8154928365735
36638,44.82095213088586
36639,47.821497518267
36640,52.01497496882631
36641,54.97551478115552
36642,56.2474624482076
36643,58.4977598870319
36644,60.018721293407204
36645,57.62342408061725
36646,61.972748821515765
36647,2.6681722819595324
36648,5.919949443716989
36649,8.090158452845547
36650,10.223342826534438
36651,13.247184068285463
36652,16.209474512864062
36653,19.017347150931467
36658,44.32163182972009
36659,45.77161211822588
36660,47.4269153487246
36661,47.06648368473772
36662,51.2356607327049
36680,29.33322014324952
36681,34.58393081753369
36682,38.90004387020013
36683,44.17548730674563
36714,13.134499765382676
36715,18.00521275100623
36716,22.638732941467236
36717,25.705204316369425
36734,45.96127215423598
36735,49.30258340561899
36736,54.83971981136235
36737,56.55838499093958
36738,58.80463112061754
36739,61.40803213523193
36740,61.09163697621703
36741,64.65699174556727
36742,65.78436950406447
36743,66.4896572645054
36744,68.63500663496038
36808,28.21058748563241
36809,30.69712562073451
36810,33.195659126129854
36811,35.41711548942568
36852,19.80849631251618
36853,23.267759281701654
36854,25.35779303909327
36855,28.713488391084677
36856,30.72654545628876
36878,5.5076261127352195
36879,8.497448148972179
36880,10.488718176334457
36881,14.489094191354488
36882,18.60451375171899
36883,23.056923672019725
36884,26.74814042954597
36885,28.138864856668114
36886,26.752876382351623
36887,26.133600960989394
36888,28.60758642590067
36889,31.70285387702416
36890,39.29841907680206
36891,47.295914562281865
36892,51.940408428021
36893,53.947033945815335
36894,53.695578984497914
36951,27.648196627826024
36952,29.97232003763717
36953,34.20958635344943
36954,37.904617515257655
36955,39.68125910607894
36956,46.15405132898071
36957,47.22056626654071
36958,48.99060577984826
36959,47.371093252132034
36960,48.36351445431485
36961,50.71609857160762
36962,53.13664954467443
36975,35.89363953814852
36976,45.33257709202198
36977,50.532072467212316
36978,54.73493351996534
37010,3.4894446661670258
37011,4.362508814571528
37012,4.667436893159002
37013,7.040829843402108
37014,12.792835741482829
37015,13.99427256892244
37016,16.09671857357673
37017,19.839631659334923
37018,23.56060056740922
37019,24.95491902386711
37020,28.38863110300222
37021,30.733549264148813
37022,47.6619564085797
37023,50.965888135470614
37024,51.60757065632638
37025,51.92458857409228
37026,52.13590132128932
37027,54.078471093337825
37028,56.49074434852249
37029,57.66800835477909
37030,59.11491906139103
37031,61.22721371575686
37032,62.02936456184169
37033,63.0754122929417
37034,25.277175799549255
37035,26.06532595717014
37036,27.756403666656716
37037,25.381700487632862
37038,26.612542024633893
37039,28.000143863691655
37040,31.749532641653712
37041,17.067532278576294
37042,18.78819824750907
37043,21.780504765605606
37044,21.83371616034458
37045,24.96479228547569
37046,26.564161583510707
37047,29.79252789965758
37048,30.59612826054099
37049,32.76629709023233
37050,36.85198561528606
37051,37.725208591781936
37052,38.78946228894708
37053,34.89019624807657
37054,39.23951769109315
37055,43.66169493298343
37056,47.48157565037627
37057,60.858919137318686
37058,61.61730336467592
37059,64.54378420005773
37060,66.79199449205628
37061,68.17658088295936
37074,28.3152454488653
37075,35.10188737953956
37076,34.97857491476592
37077,35.721475957936335
37078,28.88477477000859
37079,32.84224741233245
37080,38.871622745095344
37153,21.374653820018576
37154,25.093275473177556
37155,28.463043489869314
37156,30.937620384994545
37157,33.54213548090611
37158,34.44471646508175
37159,35.854377447665414
37160,36.92526532208943
37161,38.11384182654276
37249,20.715922005868073
37250,25.480742925280428
37251,27.240936413306418
37252,32.169830952410464
37253,33.021234551575674
37254,37.50600947275232
37255,41.10391417756777
37256,42.874547176848054
37257,43.60888578922955
37258,46.094827433051684
37259,49.34354225585473
37260,46.92358986777587
37261,7.407470523736237
37262,8.269127185822445
37263,12.17955974834711
37264,14.27747670769418
37265,16.012423150830394
37266,18.595965406134887
37267,21.41566084080558
37268,24.438819230568136
37269,27.05906190860592
37270,30.534872489674797
37271,31.679710539713398
37272,33.01465162541465
37308,36.04796508973614
37309,40.114391948268135
37310,43.4844803220005
37311,45.836340225528645
37398,34.10730692325781
37399,37.70768289239885
37400,43.4296727855877
37401,46.72361171196811
37430,19.701045855255977
37431,22.938840788500826
37432,25.305727591477982
37433,27.60504345831817
37434,29.302179343793682
37435,32.14302912381672
37436,33.57225109415608
37437,34.763519626814386
37438,38.36382899118273
37439,42.701570353040665
37440,46.023021963789915
37489,34.632287647818714
37490,47.81504086123343
37491,51.88963060958893
37492,54.820280415411524
37493,52.699848814889904
37494,55.626026224593815
37495,58.02798232142318
37555,15.195264397896477
37556,14.215819292568813
37557,15.442323713693039
37558,17.74976696979075
37559,20.481414410364227
37560,24.119698465902722
37561,35.38681039417982
37562,36.34832764117449
37563,42.00770644573838
37564,52.86808999342675
37577,28.812131411202948
37578,31.35943280767873
37579,31.230758414440885
37580,34.93308874122941
37581,41.291075778484036
37653,22.882164228749502
37654,24.777379983677243
37655,26.68995116241569
37656,28.80108814206177
37657,31.979950125878087
37658,37.493706448389844
37659,48.77390686570552
37660,51.77958739723631
37699,43.645580664682846
37700,46.306092967446766
37701,48.56513763208939
37702,50.47172271448653
37703,53.42087211120522
37704,55.16925965497046
37705,56.952639244400494
37706,56.379739129716256
37707,57.79648136823896
37708,59.46233577075493
37709,60.78795603974347
37710,61.54368320256422
37756,46.83815037261819
37757,51.05275898586081
37758,53.712854402039966
37759,56.77002437710267
37760,56.96394650805369
37761,58.191860249229684
37762,59.06438674112708
37767,33.887044885395824
37768,36.737068220606595
37769,41.9002952246791
37770,45.36044137299743
37771,46.27917225501724
37772,51.49149305302717
37773,51.93632643824141
37774,55.82946075791902
37775,59.32860621501195
37776,62.30907429971329
37777,64.16056010450106
37778,66.76595723413223
37816,12.329111814073695
37817,17.125034940224655
37818,21.835903970864294
37819,25.263904407171157
37862,19.728961053514016
37863,20.384156911955465
37864,22.24517224369572
37865,22.706531465186355
37960,22.01759350659914
37961,23.733076658200787
37962,25.725239767674605
37963,29.20918732980765
37964,30.42661143707926
37965,33.87757735424193
37966,37.4239604552467
37967,40.91167588992148
37968,46.08249501171248
37969,53.1719648300083
37970,54.17750208946277
37971,56.68815578721815
37994,29.896502729020103
37995,32.52527310552448
37996,42.052387939695855
37997,49.48269044911505
37998,57.03854018027304
38021,27.604036538143305
38022,33.582589573870166
38023,34.450690781651176
38024,34.60337928524909
38025,34.75484377021793
38026,37.3251598152322
38027,41.70682315647555
38028,42.7728912755863
38029,46.68632449045342
38030,48.0484752663883
38109,28.099210919218468
38110,29.37314143725984
38111,31.57184797811209
38112,32.02553797584679
38170,23.324915864740063
38171,24.42894183320314
38172,27.75865503788351
38173,30.785048161987742
38174,34.31191259478324
38175,35.81091047382688
38176,37.90638131749809
38177,39.21535793584225
38178,42.74089931533155
38179,42.826185819646504
38180,45.18518895772904
38181,46.797448242278364
38197,29.184695861760776
38198,32.424114904779984
38199,34.41900439782781
38200,39.71415734689475
38201,41.71853081026544
38202,42.30267237149502
38203,48.956914270989785
38204,52.38449731132853
38205,55.827354967785105
38206,58.95469493214855
38207,62.467522385749206
38208,61.47745588158817
38209,63.8188018259075
38210,66.02171803753654
38211,67.5189933004332
38212,69.40277346073482
38213,69.72967879244474
38214,74.19859007330248
38215,43.284134047656615
38216,52.00520922578877
38217,56.60541271213181
38218,60.527845819570004
38239,15.12663254388625
38240,20.248298117783566
38241,29.46401633187577
38242,31.35604845491908
38243,33.143581841844046
38244,30.482952068667565
38295,16.697732231027416
38296,24.909532458471183
38297,28.354395861242846
38298,29.734899962112554
38299,29.784566744917015
38300,36.068016889371336
38301,40.079656240892476
38302,40.07155921208678
38303,42.23733468515121
38304,44.93463427169627
38305,44.1722759137357
38306,49.11069429579415
38307,50.74842644410231
38308,56.228771494431456
38309,59.221755896700834
38310,62.59717358607103
38311,64.90830983273764
38312,15.652900455827629
38313,18.351070168970136
38314,20.258229823731998
38315,21.810365048931533
38316,20.9905380861051
38317,22.742309923117404
38318,23.41754663786175
38319,25.4089671053378
38320,28.429626553813172
38321,31.28310060623947
38322,32.608414412965644
38323,33.88554976621791
38324,28.128790465416266
38325,30.226578364703283
38326,34.28025338307644
38327,38.46922555136054
38328,38.69266075595844
38329,42.4997729685943
38330,45.80055289254625
38435,28.7491190579874
38436,28.309445797048994
38437,29.771690907548525
38438,30.607602475316366
38439,33.3411969462379
38440,34.86592529457971
38441,36.131381737233845
38442,38.51742067795199
38443,39.770922953978875
38444,40.79063440226922
38445,44.588483928772845
38446,45.79981283184801
38447,34.93900512674409
38448,36.43315433396107
38449,35.72535652802382
38450,36.08773618446742
38451,38.002394301673476
38615,28.44185865537802
38616,32.65402437816353
38617,34.215813467119695
38618,36.293092101228375
38619,35.05484363382322
38620,36.512480969869536
38621,40.11791434202395
38622,42.550038599110806
38623,45.01349853352982
38624,45.79266454818416
38625,49.16031794572027
38626,49.553997524423195
38627,20.403132778610786
38628,22.137287184782913
38629,24.89532456915499
38630,28.733510149494663
38631,17.271478026673524
38632,22.396239721059896
38633,29.39554383687571
38634,33.59224860130689
38786,43.94801740227261
38787,51.47931495931327
38788,58.54839539003096
38789,64.61127883730225
38790,67.07219195415675
38853,32.53583816355307
38854,37.462535841192526
38855,37.51599804005679
38856,44.496055554808684
38857,48.8659559261347
38858,50.54075828121074
38859,52.87275370062239
38860,54.44460544613014
38861,55.27034635203087
38862,55.74814693709827
38863,57.90148548632593
38864,58.805006817163246
38869,30.781935008011782
38870,36.76097648390952
38871,44.27690868039696
38872,46.03635478154636
38916,30.171833835759845
38917,32.61609161953163
38918,32.4960756800636
38919,32.513869948395254
38920,33.46768225648041
38921,36.56686919289535
38922,35.95753344039595
38923,37.032271670676565
38924,37.738252858766614
38925,38.77499794797883
38926,41.00492220105811
38927,43.047053771168116
38936,40.51651038305867
38937,44.413191926794084
38938,48.16651723278207
38939,54.702058395594484
38969,20.564476389400156
38970,23.16615437312094
38971,23.796698098286676
38972,23.224780253150414
38973,25.05918141505706
38974,26.804761330029987
38975,28.43726130504701
38976,29.48946341144154
38977,32.43832840034042
38990,4.873414516737301
38991,9.083999593040641
38992,11.930737777936663
38993,16.36080138767445
38994,21.952203656411466
39004,37.0093795415535
39005,40.067075755073525
39006,44.31974137493163
39007,47.22912189309292
39008,50.34347956760244
39009,52.831506306157145
39010,55.04825221407403
39011,58.315871977975505
39012,59.087476914847095
39013,59.54879628762207
39014,60.192480005222805
39015,59.87241776531615
39040,20.61667558892069
39041,25.52828221147417
39042,31.46097585588682
39043,33.14539634220755
39089,32.917546351087005
39090,41.25056919933817
39091,48.88420953000222
39092,52.68351562235379
39222,18.32374350527545
39223,20.036630309025163
39224,27.398981481789747
39225,31.613580722533452
39226,36.56103783061921
39227,39.69085409759269
39228,45.116984670824124
39229,45.4614666659083
39230,47.041362624485274
39231,46.01024819951083
39232,47.17099090975297
39233,47.68237573162678
39252,35.30100734561337
39253,37.560578232807266
39254,41.979069190205635
39255,43.1226792509881
39256,43.771045492806465
39257,49.4384482489247
39281,11.627199531275355
39282,15.719002811764032
39283,18.851223286169596
39284,21.45109644320241
39285,23.30871905361992
39313,13.832553162283224
39314,16.05404364896282
39315,20.27457765778334
39316,23.208956065747767
39338,26.973481520095667
39339,29.222336962509395
39340,30.70049055850318
39341,30.886240085533814
39342,34.07569088153107
39343,36.685440631991234
39344,40.131426183119615
39345,42.7077104028008
39346,45.71209181752967
39347,50.1030934180607
39348,53.948674939595854
39349,57.55762705217451
39408,20.367510452239866
39409,22.938712972837358
39410,24.974828154689828
39411,27.902562729938325
39412,33.897424763528065
39413,37.39981557784999
39414,39.14009706342813
39415,42.99923078013965
39416,43.629680596610115
39417,44.822393991285836
39418,48.52125265354836
39423,20.63021046574723
39424,24.336399684400853
39425,26.990396590669057
39426,28.208992667716558
39427,30.94922687742984
39428,32.85680444711251
39429,33.968352323309915
39430,35.53930916397367
39431,38.59670632707421
39436,27.590772670176744
39437,32.071426002936086
39438,32.6879018873991
39439,38.9713913035558
39440,43.79968013212154
39441,48.15839705734688
39442,50.25594151488754
39443,51.33351989142208
39444,54.33971512858186
39445,55.976266499875145
39474,15.20737424203441
39475,18.261428374177417
39476,23.48602930242702
39477,30.417744916445695
39478,16.392633485537804
39479,17.15215862074625
39480,20.12457099169295
39481,23.268000087798598
39482,25.153464532842143
39483,28.200198388176698
39484,31.93093581784107
39485,34.71395664950046
39486,42.25782972223931
39487,44.56488947488741
39488,48.31420488815057
39489,49.98256833586421
39522,46.4596197324644
39523,47.241358122898326
39524,50.542181955425995
39525,51.60070244286929
39537,16.542724985193974
39538,20.306081936177918
39539,24.873360502781765
39540,27.15075680548303
39541,35.30860346604426
39542,39.12947215936784
39543,41.68345001022506
39544,47.441337807470354
39557,25.08648348584088
39558,25.129428381055845
39559,28.414253739160767
39560,31.22326231978703
39561,34.23173114927705
39562,35.263700592942506
39563,38.62478265522012
39564,40.93131183883389
39565,44.8350133768421
39598,22.105417309587928
39599,25.606881285236092
39600,31.37666671938724
39601,37.9500589274954
39634,9.89631621694179
39635,10.989383739712306
39636,13.566237474925416
39637,15.58949290567413
39638,17.08460125048806
39639,19.186601468128043
39640,21.396388589066348
39641,33.23521024355911
39642,37.674096504551386
39643,43.18334307679254
39644,44.56868607290487
39645,51.52789796318255
39708,46.92590296957013
39709,47.47428203892857
39710,53.1780629278911
39711,58.10599990316199
39724,30.717124877353523
39725,31.84292001728702
39726,37.841313738545225
39727,40.05282122392876
39728,42.02840764863008
39729,43.586722311476606
39730,48.73113048783633
39731,51.91834512138746
39732,53.72518020060933
39773,39.20748104143077
39774,37.00468804887525
39775,38.92067183699042
39776,37.87690068297187
39777,39.89749660274694
39778,44.35585715066678
39779,14.61528933302275
39780,17.77049393047634
39781,23.382427915707012
39782,20.48697310508845
39783,25.238836900358532
39784,25.42702436009335
39785,29.346316105869978
39786,31.681249852419835
39787,36.52843372875769
39788,41.683763638365896
39789,47.29046658141362
39790,52.36224017873055
39803,40.356570083660785
39804,45.57675506996052
39805,52.93766995572753
39806,61.565712859618245
39807,63.151634873263504
39808,62.22934304104226
39809,64.45502146175976
39810,66.26488176495681
39811,67.5650697022971
39812,70.32191265167393
39813,72.18651919685486
39814,72.97329041890819
39815,75.4475194618288
39816,75.39002730511994
39817,75.57338131943872
39818,77.51018606651934
39819,78.03774822847632
39860,34.6593698229206
39861,37.17468947880038
39862,36.20989079140594
39863,38.44020842415321
39864,37.164543593633546
39865,41.508803518907364
39894,29.107497331399646
39895,29.349629314226057
39896,29.764794953674492
39897,30.538689693035348
39936,11.612056625833944
39937,12.153566587152202
39938,14.689832489869957
39939,15.93313668815403
39940,17.995820000923583
39941,17.300846017285913
39942,19.350827211638528
39943,20.72123085764171
39944,22.962865577518713
39945,25.751653569425798
39946,27.595182078304283
39947,37.872608332657364
39960,18.203939140537297
39961,23.990789403845373
39962,31.923726550103925
39963,37.879438250172974
39964,40.98930335203963
40034,33.896857676949864
40035,38.24806181071243
40036,40.99554219473984
40037,46.121535506155176
40038,47.171195527985
40095,34.70903025160051
40096,39.18258534414438
40097,41.69262164191144
40098,43.596781937448625
40099,45.52119728836698
40100,46.8858725786086
40101,46.29233502332456
40131,8.958154191867669
40132,9.025496851102996
40133,9.42576150125615
40134,12.331596064488439
40135,14.075152278325671
40136,16.510338935146276
40137,19.564679381315024
40138,25.600453730215385
40206,7.30434020704177
40207,7.90639900809104
40208,8.286382511553395
40209,9.196792771556236
40210,8.88378071868802
40228,9.416013968810413
40229,11.438320754826865
40230,13.485281205821693
40231,15.722494197912175
40232,18.44874872430798
40233,23.831691017627474
40234,27.011924212054073
40235,28.245275486702372
40236,30.198280228675902
40237,30.994435405236196
40238,31.902412364802785
40239,33.00652119523311
40252,25.381374112015816
40253,29.562427981634112
40254,33.1195880478067
40255,40.87003349252632
40256,44.71438844950147
40257,53.19702373204909
40327,27.960783085954553
40328,32.36145610407566
40329,36.11873251483088
40330,39.14922444527075
40331,43.2196602385975
40332,48.753376368870164
40333,50.9396935961852
40334,54.71953420580095
40335,55.882453771766166
40336,57.98117403504434
40337,62.700340273497886
40338,66.21070226773318
40394,27.222476644564995
40395,31.060019687377935
40396,33.12156513876463
40397,34.699452927500744
40414,46.45970238029869
40415,48.65983135753422
40416,53.489796995917956
40417,54.600089343912124
40418,56.80076690807912
40419,58.421293047575816
40420,12.604676816724183
40421,13.53009354806998
40422,15.943974900960693
40423,18.480032711906347
40466,23.6803366144355
40467,25.05319049296387
40468,27.298561288370756
40469,30.7080735475722
40470,33.52662335251719
40471,38.134910529092934
40472,38.75157215702667
40473,39.51159429380026
40474,44.17748934715331
40475,48.55231738194409
40476,50.70022947449458
40481,38.31516264881809
40482,36.96063149810034
40483,42.9171730191603
40484,44.195303034766745
40485,47.7073365270027
40486,51.96914916721899
40487,54.030063039546214
40488,56.73516466780451
40489,59.782250400767374
40490,60.0202371959906
40491,63.216204685687195
40492,64.00023414451053
40493,28.22387752932074
40494,32.215152846171904
40495,40.331815676055264
40496,46.23348863150479
40497,48.99621430999641
40556,37.790366678853594
40557,38.3490080281833
40558,40.80609990783567
40559,43.497375961745114
40560,45.86898310852921
40561,50.068836996594015
40562,51.38755418571659
40563,51.79864201051546
40564,53.068838237899385
40565,53.38669256716431
40566,54.584885442786415
40567,57.104449535373405
40613,26.01095336960666
40614,32.46665656110164
40615,34.9196570261141
40616,38.057818810868554
40629,11.375131947336971
40630,14.217322483353584
40631,16.901818788341135
40632,20.512553138036697
40633,22.55747592578779
40634,23.199481959283922
40635,26.85192345492127
40636,29.48264600296609
40637,30.575252867661646
40638,31.94481146190636
40639,35.020039618347916
40740,7.5295330193852354
40741,9.558335779638384
40742,12.733711023795033
40743,15.061240576472105
40744,16.919467619279835
40745,19.829364073806456
40746,23.423488155285305
40747,26.423398760664988
40748,28.50746809210607
40749,31.690716282004065
40766,49.50526332371093
40767,51.76660057173433
40768,53.231389067082716
40769,56.24041667803616
40770,37.558113403248896
40771,41.658350537229374
40772,42.664329769569406
40773,44.8576895131249
40774,48.789226058970726
40775,53.21718236177018
40776,55.72687529897145
40777,55.827950903268686
40778,57.269778418908814
40779,57.19511028590559
40780,58.89766250648328
40781,61.24077172246232
40837,18.616701076304846
40838,22.21119016571527
40839,25.313745268787848
40840,27.696970166451138
40841,29.625544052469785
40863,7.612626727992148
40864,8.86442530327181
40865,12.899253426663615
40866,14.152782369291202
40891,16.162450654343587
40892,15.655672210803726
40893,19.00496200901582
40894,18.33058133951159
40903,31.82145623706735
40904,31.877383913095287
40905,35.046613248240284
40906,36.69474410781824
40925,3.9509892256452717
40926,6.501079361017739
40927,7.925948449757039
40928,10.940355814453191
40963,27.57150692580263
40964,29.30472850674034
40965,31.961790575072815
40966,34.51715434880339
40967,34.220569255302884
40968,34.85284547409596
40969,35.11064015650127
40970,38.07012272667579
40971,42.4700899417508
40972,44.93809653803533
40973,47.29248126368588
40974,52.111283316963636
41003,26.797251781482665
41004,27.96689417665351
41005,31.551841379966902
41006,34.57550147040345
41079,46.808479735676535
41080,48.70432234936849
41081,52.234271761405054
41082,52.94728464298241
41083,53.78218700323724
41084,54.770627387808034
41101,22.494737147526
41102,29.433927288586137
41103,31.75635170144191
41104,33.27688905110555
41105,36.441701060947565
41106,38.57736726380872
41107,41.56897025604298
41108,43.99731383143181
41109,45.67764879689707
41110,44.76719724101887
41111,47.92887969544067
41112,47.417209907462144
41129,33.20952748051495
41130,34.9789078327149
41131,41.518922622516925
41132,43.77740070843747
41133,45.81056693623068
41134,48.73191065684764
41135,48.054260080048095
41136,50.612345038886815
41137,52.994912777255436
41138,51.632406835819
41139,34.127388732294285
41140,35.02491841707092
41141,35.87389249667957
41142,42.26830893136077
41143,44.73861136879928
41144,45.2914147057797
41145,47.172036948804156
41146,50.67509076695646
41147,53.58661330736828
41207,11.699667722323323
41208,13.790937271816514
41209,16.101772219077045
41210,19.63002445752682
41211,22.512008037808116
41212,25.02768368287851
41236,14.865683884901127
41237,15.885488740585222
41238,18.513773399355323
41239,20.724930001395336
41268,28.424363660489348
41269,28.771714537531302
41270,33.61918364334466
41271,36.65497199505215
41272,45.80359159656323
41339,34.15943817809483
41340,36.11620166066734
41341,37.57341586070381
41342,38.766203230431074
41377,27.547879535871857
41378,31.849283104468828
41379,34.39062566562566
41380,40.28326992979028
41381,45.212060912551735
41382,48.40328810149005
41383,51.63605616515957
41384,49.55664168081313
41385,52.492139583384834
41386,56.08653463298659
41387,57.99505154303879
41388,59.092645878484475
41401,22.400975434122113
41402,27.74917733369612
41403,35.09980122781141
41404,37.424283830263015
41405,36.778758679547664
41406,39.07325903362009
41407,39.29379440201337
41446,51.70890556374725
41447,52.66717904925522
41448,54.81911851153527
41449,55.066164844795445
41450,54.2130278033658
41451,54.882368542515735
41452,55.521999195240745
41453,59.8188757642494
41454,63.24401881769499
41455,65.9836053397249
41456,66.76058395412021
41457,67.6979816327116
41484,29.743498552553355
41485,36.44719677314633
41486,45.0097579863719
41487,48.11008543101956
41488,52.395518833753535
41493,14.439232804618342
41494,15.738043404933228
41495,18.877758328714357
41496,19.747993275142864
41497,23.59553734049658
41498,26.65202077117657
41499,27.69488099455208
41500,29.302044123004475
41501,32.16621221401116
41506,31.886200728118375
41507,36.48428915137259
41508,40.448988807325165
41509,42.22765264479061
41510,2.439491786392167
41511,6.1355723345749436
41512,8.631216813675337
41513,10.226631613297965
41514,12.40803479418594
41515,14.459817281805806
41516,16.211238352578512
41517,20.03838132929997
41518,23.107881093129578
41519,25.08469473677793
41520,27.614677910041586
41521,28.573795737493885
41530,2.219436767343389
41531,2.74597170030846
41532,3.7673565202476262
41533,5.300126759272006
41534,8.70499246793504
41535,16.014793584810874
41536,20.305679899931867
41537,22.330501905871337
41538,24.239193290331873
41539,26.523338643403445
41540,27.755825869446035
41541,29.224436739196864
41559,31.834078599619613
41560,37.6511006066105
41561,39.82015411216314
41562,43.46400290287871
41563,47.694696868633756
41564,50.622183796356474
41565,53.40658122998489
41566,56.320612251995385
41567,55.995061176306116
41568,60.62432513543629
41569,63.7897727554931
41570,65.53998938906867
41579,34.9804573561775
41580,37.3563063614892
41581,40.90654767366915
41582,48.23947765788849
41595,23.51532473679815
41596,26.758218857463895
41597,32.05599993412052
41598,32.47954767915654
41599,33.62418983861546
41600,34.30999627154146
41601,36.06845641267588
41602,38.73398847994459
41603,46.60442335107475
41604,46.48988263098959
41605,50.19038628233559
41606,49.74974334119312
41652,52.076029151527266
41653,54.89915174736562
41654,56.55866097430443
41655,57.32125793323333
41807,17.47108381484013
41808,20.051215178798014
41809,22.59072609426832
41810,24.331108600034433
41811,25.928422409677943
41812,26.01976572740016
41813,28.687445927337613
41814,31.55100170900161
41815,33.364746767614406
41816,35.30791483593684
41817,37.674269458064195
41818,40.269089009699734
41856,1.1425871887209098
41857,1.2345816668808154
41858,3.7523486186858803
41859,5.976000584449524
41860,9.852190636713125
41861,1.795026341029315
41862,2.167354223002279
41863,4.282274012444814
41864,7.655839731015033
41865,9.214906206718727
41866,10.63861667180958
41867,11.601514268569058
41868,15.436457881467428
41869,17.853234320875167
41870,20.72045695706574
41871,22.515772145976715
41872,26.855369710104856
41901,12.842410560858093
41902,17.24941783128202
41903,19.300318871336682
41904,20.11865927867397
41905,22.92047212249679
41906,27.75550654565415
41907,30.063624998787468
41908,33.81941495047727
41909,35.14657585246236
41910,37.55768328742916
41911,39.00528584934109
41912,41.77803542781329
41929,36.260527015986625
41930,40.09976450812515
41931,46.30608114666416
41932,55.05248430094355
41933,29.873124199420708
41934,32.485120225629124
41935,35.14691268272357
41936,36.3553004006512
41937,36.800581660538526
41938,37.70883469244668
41939,39.429796332904424
41940,42.182309101857086
41941,45.5110417631248
41942,47.43443904329602
41943,50.019595987224456
41944,50.63568524891175
41972,25.378409056788055
41973,26.257703546029386
41974,26.39722206333578
41975,28.50404784384269
41976,32.738131887889914
41977,37.27502609238813
41978,40.74678909540949
42010,41.78926413933688
42011,48.430606534444024
42012,48.46453325374161
42013,50.607615938070246
42014,53.52998981808887
42015,57.54591896154076
42016,60.335274863456334
42017,60.916337417591215
42018,63.49556901196657
42019,12.339365768493767
42020,13.614238737862644
42021,15.18674054616252
42022,17.46549070085519
42023,40.03161931152195
42024,43.031160779494954
42025,44.69778502149917
42026,47.13378185420896
42027,48.80904304821266
42028,50.289211477750925
42029,50.03542862772561
42036,5.928747426882599
42037,8.408392070366506
42038,9.965065582136805
42039,13.425363809508017
42040,15.147488810233929
42121,20.69601858949851
42122,23.66803615711722
42123,24.341256434945315
42124,27.018223290499918
42125,28.91738200270501
42126,31.35898512650231
42127,34.63882219112448
42128,38.40206643809074
42129,40.45828146997725
42130,43.0594161662918
42131,45.85827672158989
42132,46.8013786018832
42133,17.974178817673614
42134,19.738624959331595
42135,23.987305566350834
42136,27.12139896866767
42137,31.06267730108314
42138,32.93197569314385
42139,35.56048563834496
42140,36.18367757352411
42141,37.9077430326013
42142,38.22549163571442
42143,39.28487069588539
42144,43.54358321345272
42181,7.381664060128718
42182,8.13023451983917
42183,9.200830707480566
42184,11.557232885402062
42404,38.17673530835731
42405,42.2937761094541
42406,45.2637977270616
42407,47.64566017117941
42408,50.900898861584
42409,48.954058018274296
42410,52.0114853295726
42411,52.68619237091868
42412,53.220489204016246
42413,55.885904070440986
42438,16.971695659868498
42439,19.895318239896994
42440,21.604244593695245
42441,23.861323857527097
42442,24.98222421177524
42443,27.52220624566352
42444,29.640832189443785
42445,30.673499584921597
42446,35.41462246949184
42447,35.604302637718504
42448,37.33979753412113
42615,31.084799708331683
42616,32.946229748912344
42617,34.945177983799596
42618,33.87321969257506
42619,36.854444320009115
42620,42.34149586818419
42621,45.37024237900627
42622,44.69039594430153
42623,46.92465998553074
42624,50.71972409931573
42625,52.60050607748085
42626,55.48083600499699
42639,21.21036236294001
42640,25.12494134469055
42641,26.447357471304286
42642,28.296606383847198
42643,30.678780583202165
42711,6.760496960167797
42712,7.778761770744228
42713,9.295946997122856
42714,11.522929880887453
42715,13.673976564095152
42716,15.496067330758601
42717,16.542227729535284
42718,16.946414258963927
42719,19.71269452447499
42720,26.84203169199163
42721,29.793193700433285
42722,32.17366989107131
42749,28.632297581833473
42750,31.415784350557555
42751,34.73225610538702
42752,44.2825464633802
42778,27.23293655226765
42779,27.6595050302932
42780,30.01905216082132
42781,30.490985527598774
42782,30.892387901097113
42870,5.040440036228263
42871,7.022405113146746
42872,8.542710877887021
42873,12.50167824844699
42874,15.920722916796496
42875,18.4602089639148
42876,20.829688924977166
42877,24.3196199248249
42878,28.072887414393428
42879,31.95940771326563
42880,32.84835550785795
42881,36.64664000773762
42977,2.681908747539439
42978,6.05767517022094
42979,10.957880079332146
42980,12.680905920173496
42981,17.65675293869652
42982,20.051712622441766
42983,23.50874127389515
42984,26.982272241262685
42985,31.603583007028796
42986,32.828850004849905
42987,34.20662517519035
42988,36.98256808945007
42994,51.140179164416324
42995,51.40283531648508
42996,56.076478436602045
42997,57.463636293401066
42998,60.09455932497681
42999,62.387435881733516
43000,65.47553291943227
43001,65.06944466752714
43002,64.98507526944208
43003,65.97983922145195
43004,65.76272754464841
43005,68.3268338237646
43018,16.828949726539623
43019,20.820785685745296
43020,27.487871579164242
43021,33.215404485603024
43038,20.019638137844925
43039,22.13297195076713
43040,23.051760179190143
43041,25.149875416158466
43042,25.953297397133518
43043,31.076100584944363
43044,32.80722484851145
43045,37.72013628742165
43046,39.89490683485852
43047,42.324469510678625
43048,44.46680374194298
43049,46.800651915702986
43050,34.82802708438891
43051,32.19263554082203
43052,31.939583222279147
43053,35.390575183929876
43058,17.666319476036442
43059,20.523456552833775
43060,22.348555745249122
43061,24.4987463311769
43062,28.84787572654548
43063,33.078488140211
43064,34.79650307602643
43065,40.624482485716285
43066,42.519281982602266
43067,42.53790915721327
43068,43.101218241966414
43069,44.991549577967064
43120,18.36879842948067
43121,22.400663810046034
43122,25.02028872137507
43123,28.42593793057996
43124,28.06311340498138
43125,30.700263992461846
43126,33.23556545884468
43127,35.63265911441202
43128,38.538016620130804
43129,40.45040479534752
43130,41.52116672155015
43131,41.802669496944745
43132,14.96388506100416
43133,19.668408655621555
43134,26.4575109399276
43135,28.883986476557386
43145,33.98866629127812
43146,35.9452359674314
43147,40.975466278674084
43148,45.84150286027453
43149,47.33595262390587
43150,50.01232959814417
43173,23.183831149190105
43174,25.687438796111326
43175,29.620161449186867
43176,31.931039188008633
43203,41.6867027917424
43204,44.21749355087938
43205,50.074739181793
43206,52.01573853400148
43223,21.366127939429923
43224,23.32948102375678
43225,26.71269572367717
43226,27.17898065323065
43227,30.607508399506354
43228,29.819989372236513
43229,32.89506403626715
43230,35.41505997233131
43231,34.8679120740692
43232,37.8734208162315
43233,40.541364464233894
43234,43.87447629071521
43279,24.26993701676803
43280,26.022620078237292
43281,29.631075442480874
43282,31.73728441621342
43283,36.96963657712393
43335,24.34836755769679
43336,28.15187756306359
43337,31.83101050082803
43338,33.004302454251864
43339,36.63873789312466
43340,39.73751109626888
43341,47.52122159688294
43342,48.311784834902554
43343,51.06661577355974
43344,50.57189773139373
43397,34.84903782745097
43398,37.589020190520294
43399,38.254233811192975
43400,33.42804007627895
43401,36.467963470132716
43402,40.42451070705609
43403,46.94499652312861
43404,49.16757400007769
43405,52.05974616704682
43406,52.29924716950195
43419,34.07498578512906
43420,39.14994603652987
43421,41.301225652368935
43422,43.057233826995606
43423,45.73948485972134
43424,47.03850459957961
43425,48.605742569144624
43426,50.8761244845747
43427,52.94774430665153
43428,54.30996529914806
43429,54.47846512888832
43430,55.40631412344825
43457,17.641547370977147
43458,20.093613848257316
43459,22.757384271838703
43460,25.150460144672955
43461,27.95738479212934
43462,31.905272394748884
43463,33.456746375726276
43464,36.18673141741474
43465,37.55435040066817
43466,38.590147853642456
43467,38.57525837293437
43468,41.10330317543067
43506,55.04276847641181
43507,55.968531376699275
43508,58.51416754104273
43509,58.73897838164876
43510,60.67404175411484
43511,62.11714573377519
43512,60.87217241020096
43513,62.87900259828623
43514,64.6655463630375
43515,66.63726593629188
43516,65.3254655351054
43521,2.71100790426886
43522,4.233903285289951
43523,6.512300669183712
43524,9.01177334222029
43532,24.1056408842687
43533,24.7969500425609
43534,27.565222782289716
43535,28.670399083536445
43536,30.722558182357396
43537,31.92732188068414
43538,32.53709472084317
43539,33.67790102716658
43540,34.36638284861205
43541,37.48850694216044
43542,37.372143136244006
43543,39.80524072010708
43616,28.242429180609587
43617,28.770132832715582
43618,31.547775071553485
43619,31.327847496838444
43620,33.985125821856776
43621,35.78238524675281
43622,36.895039147613815
43623,38.54374065479946
43624,40.8152854347471
43625,42.05571534116897
43626,43.01585307430453
43627,44.21789730667916
43776,14.248158753153552
43777,16.030077498663314
43778,18.379558787440764
43779,21.505027269622303
43857,29.649113474295415
43858,33.652272529161515
43859,35.530672645976914
43860,36.558147578962405
43879,0.7062223700487203
43880,1.317340672888594
43881,3.4901941082878607
43882,5.25568720330278
43883,7.866116236299277
43884,9.754162381910113
43885,12.98757762369181
43886,14.723582896397847
43958,46.155336435127296
43959,49.580634009810026
43960,50.885001607913374
43961,50.463302941770294
43962,52.76718941576918
43963,54.481386713236915
43964,55.90958386416396
43965,58.25612651031249
43966,58.489209129963264
43967,65.04497153792984
43968,66.18760667449928
43969,66.86400877695725
43970,16.067690785834458
43971,20.084631699697375
43972,21.971175781494296
43973,27.499299939815934
43974,32.15980778367362
43987,22.157301215451376
43988,27.228108295018707
43989,43.38608966401527
43990,51.25874739219121
43991,33.86865362102104
43992,35.29963948992888
43993,38.3317098194391
43994,41.937975292225005
43995,45.39536554872039
43996,46.406436529359844
43997,48.01479526772754
43998,50.75109270860006
43999,52.179613899286565
44000,55.16676356943641
44001,57.09688340250585
44002,56.09147732600286
44074,30.41741189292594
44075,33.03493470174941
44076,35.2997154930217
44077,36.365973319454156
44078,37.18914146542404
44079,38.77813547831654
44080,40.69560762742513
44081,43.12917282901903
44082,46.188060376090135
44083,48.49765951633607
44096,41.43424576966678
44097,46.18876730485216
44098,49.277161924941424
44099,52.51318926904425
44125,23.717719069498987
44126,28.24337884827143
44127,30.20149935150578
44128,32.00850520138249
44129,34.06818881644057
44130,38.18942951453526
44131,38.1193564182335
44132,41.60360493607798
44133,43.41153420281017
44134,47.498346533427956
44135,50.11010713678985
44136,53.979820182802484
44188,9.725816991918128
44189,10.014064286809349
44190,14.16914650042915
44191,15.248737283343894
44192,17.250727347007718
44193,20.761390463710228
44194,28.112356119511468
44195,28.573141680287932
44196,29.896668979798267
44197,30.497870005518827
44198,33.387990074116246
44199,34.81943115856418
44200,5.7121164112686635
44201,9.151976904996662
44202,12.650867251248233
44203,15.474099853640604
44262,9.620936824941808
44263,10.930441758271048
44264,13.472754911388808
44265,17.13655823531443
44266,18.85512802039914
44267,21.795181920974454
44268,23.174467898053077
44269,24.260752452914424
44270,24.231060667631574
44271,26.287215103217857
44272,27.928982090990804
44273,29.544666182104873
44274,7.276833383191976
44275,12.469145727855338
44276,14.56540810117571
44277,18.483916757047293
44278,19.734189378680963
44279,23.295648487973914
44280,28.576360991067265
44281,33.50311598153258
44282,33.92152680690975
44283,34.7880766941348
44284,35.66284322909198
44285,41.60229659457453
44286,49.47702143904294
44287,50.41418604474434
44288,52.82561027545594
44289,53.82172914621634
44306,32.750515783401354
44307,40.059331576899126
44308,40.279867595349934
44309,44.218253326218544
44310,49.05085886911039
44311,50.04826317361545
44312,48.2013000048589
44313,50.29619849515932
44314,55.36182101586324
44315,54.55705986353945
44316,0.1487703867270525
44317,0.48044627645036486
44318,0.907016208597512
44319,2.257054964709165
44332,23.686492470931256
44333,27.59432404004096
44334,28.14195686036245
44335,30.031472187951703
44336,31.227765384463396
44337,37.944159469809584
44338,40.932077906393
44339,42.61125218378716
44340,46.466216064928965
44424,45.579832184529515
44425,48.73154452398063
44426,51.103793409651175
44427,55.201575918471825
44428,58.052721715273336
44429,59.40941657410597
44443,38.02943260383249
44444,42.01520129749335
44445,45.537191809292935
44446,49.16134906908531
44458,4.369607582244318
44459,6.309476282815434
44460,8.672949753649238
44461,12.675079254586041
44474,51.83786506628419
44475,50.96854677735197
44476,52.62264099716687
44477,46.598324509938024
44478,49.468835551188675
44479,52.38637382182994
44504,52.493680242993335
44505,50.977663008032025
44506,56.10760847699303
44507,57.22152532883338
44508,60.071733396667256
44509,60.58694461229783
44510,64.22031132382146
44511,67.38812859012576
44516,33.10014703846553
44517,37.97333606749866
44518,45.01280557026631
44519,47.791133655258164
44582,7.1526411379801615
44583,11.756653083520995
44584,17.603467937222927
44585,21.21195786119903
44586,23.41743099659339
44640,48.98180563395469
44641,50.06774137245435
44642,53.26162889516562
44643,53.31735616517435
44644,54.29130424360329
44645,55.52786466015321
44646,59.29100390130873
44647,60.23513728690656
44648,62.75098241375311
44649,63.37919472006769
44650,64.37806602080374
44651,66.29586380731728
44669,32.94948520521553
44670,37.81476793839236
44671,37.67394012583177
44672,41.133429434492726
44692,44.07347378218269
44693,48.45437675706983
44694,50.29507538796408
44695,52.20653151929447
44696,56.33226729953883
44697,56.818336195227324
44698,58.08969707111394
44699,58.862614753020054
44700,62.37765793796856
44728,16.642483712211092
44729,21.13265162617052
44730,29.09101871425046
44731,31.11045695944801
44732,31.736899358999004
44733,32.3161494021959
44734,36.08755119758991
44837,18.2942619436972
44838,19.888992998156084
44839,29.451293822603116
44840,32.01408289579516
44841,31.041151508570703
44842,35.09204183919902
44843,35.835384679285774
44844,39.36329030095609
44845,40.16537257101703
44846,42.90076649852276
44847,47.19761738809039
44848,52.66018220714943
44849,54.694116111038156
44850,54.78250086007711
44851,58.33131968577565
44852,59.63834789199443
44853,27.840303374070807
44854,29.341673164942527
44855,31.583391822771187
44856,35.49839656483955
44857,36.07069798031025
44858,39.820938807925735
44859,42.197605344704094
44860,44.89837647058662
44861,42.93262085445009
44862,46.42133823884842
44863,46.735191776472966
44864,49.54939947301106
44885,29.523232592309334
44886,27.875097801456832
44887,29.110911642368627
44888,26.805206364455966
44897,50.220501663086125
44898,51.52412170738072
44899,56.17378086121998
44900,60.83500808102458
44901,62.635211813753685
44902,68.42956977199938
45041,22.264044163564225
45042,23.684335347475788
45043,26.045358587658864
45044,28.10508725721785
45045,31.54035326495933
45046,33.30746735984923
45047,34.053792594645
45048,36.85458059613864
45049,39.183707819953995
45070,11.389189204093244
45071,11.283771283511568
45072,11.472563813023894
45073,15.16284329497788
45074,17.941939602992466
45075,29.208515047228182
45076,34.052591199575765
45077,39.24977808441491
45078,41.44778970106752
45079,47.46140665902133
45080,51.54540538673173
45081,51.581417605663184
45082,52.80919767196826
45083,56.3714773208406
45084,56.785213369163316
45085,58.82730250936495
45086,59.596259914217896
45087,63.18938338379654
45093,48.975826550317386
45094,52.82625800851937
45095,53.36221637165774
45096,56.37123113162882
45097,58.75902408794044
45098,59.891883887704786
45099,62.39795306065232
45100,60.99783696435461
45101,63.30060297260009
45102,63.860265944527896
45103,66.69378537680176
45104,68.82188586638927
45105,30.944338275045595
45106,34.813714503109054
45107,43.304781722809516
45108,47.87047959664367
45140,19.94642398488176
45141,22.32574794390084
45142,25.679671768115035
45143,28.847991530708857
45144,30.21193675027767
45145,31.161736407674674
45146,33.920842476121535
45147,34.999002946222916
45148,35.802293716666924
45149,36.015293578926425
45150,37.09686394235991
45151,38.47142392554951
45176,22.28474470845895
45177,25.861441013250033
45178,29.529344634380628
45179,37.591963929354925
45180,42.70517659067931
45181,41.8315938322819
45182,45.067420931915066
45183,43.96439521558074
45184,50.35298522306114
45185,50.89685415130877
45186,51.86322943882162
45187,50.02758956497305
45253,19.539161783592967
45254,22.320209349556023
45255,25.703924368942204
45256,28.618084589625226
45283,42.00965568636222
45284,43.36736082353364
45285,43.7392334163997
45286,47.64148620260045
45287,49.60968570147338
45288,50.40060476730345
45289,51.666400529293014
45290,52.828820684960746
45291,55.087437188089595
45292,56.180332028332636
45293,58.02943511549047
45294,59.76928715506265
45354,8.840723932762215
45355,11.234023019901363
45356,14.081634198163641
45357,16.81617960034094
45399,19.119224092173752
45400,22.61696932833336
45401,24.972999162180766
45402,27.43817152739619
45432,16.55818931098106
45433,21.751976190788646
45434,24.92670025464078
45435,26.746697581622232
45476,27.123319635672537
45477,29.781926388251502
45478,35.99604423697968
45479,40.553856700780806
45480,0.3700418124002146
45481,0.9418006133334517
45482,1.9855529083037464
45483,6.584771739060381
45484,8.863954198588662
45500,20.535139651114413
45501,24.591608161349953
45502,26.959457382513897
45503,29.266891400400585
45504,26.84887480845547
45505,28.288602898719358
45506,30.433359909774783
45507,31.974899366538317
45508,34.51128836550779
45509,38.49664433796122
45510,40.14798005914004
45511,43.24053289081352
45512,42.73714649868283
45513,45.58540417698415
45514,50.55899222221643
45515,52.563809870960156
45556,24.083365859637535
45557,30.478508265546715
45558,30.4699839420148
45559,32.473164443119835
45560,27.47867939062241
45561,31.891780599121624
45562,35.13833314831239
45563,39.22897325441443
45564,33.199846856006744
45565,32.08549614336867
45566,32.26038606517487
45567,36.23167485509585
45568,41.03241444703387
45592,19.320951436679913
45593,23.582123985424282
45594,25.440265008079844
45595,26.39717623951749
45662,29.72290697151734
45663,34.64322416643137
45664,35.82827454641698
45665,40.32705640915504
45666,42.5882717444936
45667,47.42679755931679
45668,51.38440573387929
45669,53.95436329662836
45670,50.27582749757921
45671,52.26897950211877
45672,53.349296228464155
45673,56.13169998065231
45690,22.02223751710513
45691,25.72435298684357
45692,31.74499643454978
45693,42.36940003652481
45694,41.20974630775498
45695,47.60798479354177
45696,52.1803373784348
45697,54.94555194176278
45698,15.840546382869661
45699,19.378027883888166
45700,20.788171048396503
45701,23.34415827838483
45702,25.720186024994085
45703,29.024648467114126
45704,36.035862668854385
45705,38.96463093833175
45706,42.53298390009221
45707,46.27947456021862
45736,14.964758968401876
45737,17.386478654746007
45738,19.889857616307268
45739,22.49212346362614
45740,23.20347173628827
45741,28.940868951701713
45742,29.952553848167593
45743,30.71557622441076
45744,30.53109505433755
45745,32.18088790521406
45746,34.191524557211764
45747,35.219399716547876
45820,0.9258489751525625
45821,3.295592294839595
45822,4.759760705676912
45823,7.091743495722591
45824,9.603265952082443
45825,12.541372133848949
45826,16.10440117044126
45827,18.633955345970953
45828,22.643890912210498
45829,23.492710739813578
45830,25.78658186202034
45831,30.01794095726985
45832,39.32913799275634
45833,44.98702073804499
45834,49.24832479602581
45835,53.47279029179422
45836,56.79830192842619
45837,57.708666869123796
45838,59.937612287475794
45839,61.711858510151714
45840,62.93667293798221
45841,63.75140347356112
45842,66.01291459492438
45843,66.55581873521503
45873,42.864047025604705
45874,46.571305249163935
45875,50.77246713021505
45876,54.07269029642682
45877,55.1295240997553
45878,58.69722557282809
45879,61.93816637759069
45880,63.785000750159746
45881,63.947664242580366
45882,64.19843234862165
45883,65.1959300356684
45884,68.9394099987555
45920,44.51496702766091
45921,47.651274127470536
45922,48.94702705135477
45923,52.93850777659382
45924,55.62935254783762
45925,58.29148774190885
45926,57.54841389585376
45927,60.87974144364322
45928,63.88639860087687
45929,64.28618921169553
45930,64.78039919259325
45931,62.27998537866463
45944,30.142330579799307
45945,42.01645600259041
45946,43.45563086280107
45947,45.27658467771378
45948,41.28310317065505
45978,44.59084987396561
45979,48.61678364238296
45980,52.82431649856396
45981,55.9304392210488
45982,54.424504866235246
45983,55.667534971859496
45984,57.22394582041704
45985,59.169332853937114
45986,61.66443146253024
45987,63.523508034612156
45988,63.80990071518522
45989,63.63127594208959
46068,26.185107758893555
46069,33.73868261106604
46070,36.67011749502697
46071,41.0151261692776
46072,44.21804923018456
46073,45.864147297678336
46074,49.28792827132582
46075,49.88698022285507
46088,41.010010022627235
46089,43.919268153696166
46090,45.50157027981908
46091,47.1904062460089
46092,49.04932381402498
46093,50.883488812525286
46094,51.25683468544078
46150,33.07448818593364
46151,35.6312636441874
46152,33.62807018572223
46153,33.35343889979597
46154,35.056744747817916
46155,37.22919701607928
46156,45.47176579599488
46157,48.7299947514894
46158,51.758700795042195
46181,35.344775828689194
46182,43.17841708158686
46183,47.79952458088352
46184,50.41923054102836
46216,48.465185972846434
46217,49.85688081529426
46218,50.25855043818724
46219,44.56392350871765
46220,54.017918557085395
46249,44.581583203830995
46250,47.80943543476893
46251,48.021215145580186
46252,50.32842896085697
46253,53.917517532628814
46254,53.82027991131273
46255,58.186948928075616
46256,58.88706327064118
46257,61.51235582134782
46258,63.99362882699082
46259,65.29958075898251
46260,65.9183657562304
46272,8.910939045545645
46273,11.900221916564528
46274,15.047205258828146
46275,17.775151237535937
46276,24.24591392420141
46277,27.769112918480932
46278,29.511395138950924
46279,30.724993744998464
46280,30.844689502799206
46281,33.20718321276057
46282,34.21843795563918
46283,35.69417095714773
46288,12.581204182383786
46289,17.79842686386192
46290,23.374872737406786
46291,26.26343238699485
46312,7.023031906254606
46313,9.993620831441513
46314,14.73705097540379
46315,19.63244295204747
46316,53.49553410981865
46317,55.56983385700249
46318,56.88902131120385
46319,58.94318957234684
46320,59.18125630905778
46321,58.92489042185149
46322,60.4635990068497
46323,60.955099988985964
46324,62.55986209431891
46325,63.522674509611626
46326,64.21350579777729
46327,63.85986301461115
46340,36.54349349873153
46341,40.44438228296971
46342,42.53723364875374
46343,46.902857984298166
46425,13.13440340607816
46426,16.648299146873892
46427,19.9891774978954
46428,28.07571255708596
46429,35.106076878147306
46437,32.477298010342295
46438,37.31874676509048
46439,39.15031343810389
46440,43.85650202484947
46470,18.93800556157911
46471,21.72932078411592
46472,23.22955411314889
46473,25.76977210845024
46474,27.922782460630383
46475,30.62974070464022
46476,34.54928520239773
46477,38.05231295229687
46478,42.05591233973595
46479,44.01932888684793
46480,43.99404781637143
46481,44.70410835722795
46530,31.739262945492687
46531,32.12977211992563
46532,38.311393058523635
46533,40.10127780806962
46602,34.9503488418553
46603,37.04578579275038
46604,37.803833139860885
46605,41.74238459477634
46635,23.532393524505064
46636,27.431434721742317
46637,29.020217524244675
46638,32.321605862685075
46672,21.797876549059147
46673,25.42797902750838
46674,27.49837564255925
46675,32.1269224346321
46676,32.82290257413854
46677,38.728852124581124
46678,47.236265345759094
46679,50.422864070785735
46680,18.802364741078986
46681,21.805383417768134
46682,26.03158246597402
46683,33.80007479892746
46684,34.38962970948412
46685,38.461540240286546
46686,40.605919346252634
46687,41.6599606663478
46688,44.17800862233081
46736,51.50535736358186
46737,49.43347651656885
46738,49.620642866498166
46739,49.362510470064606
46780,19.26085607889699
46781,19.118069306267262
46782,19.91499396022632
46783,23.64117696922984
46784,27.431176972876738
46811,41.01014538670109
46812,45.07826654730549
46813,48.343363432578954
46814,51.74922224048254
46815,52.9067067258751
46816,55.659136003822496
46817,57.58333947743944
46818,59.58374271700311
46819,61.328818501340336
46820,61.69078075760406
46821,63.13372521279312
46822,64.25654300891583
46839,18.25384740314638
46840,20.09965047179438
46841,24.286336483116344
46842,26.88534867967055
46843,28.88493397835964
46844,27.303861573430027
46845,30.694467276882715
46846,36.82541869655993
46847,38.97663200993697
46848,42.85705106967074
46849,45.99368732301796
46850,49.41089456633062
46977,3.0190089917838927
46978,4.274466038923589
46979,5.024010496185683
46980,7.074162334405878
46981,10.672345867211462
47007,16.428994655258286
47008,18.274618915792797
47009,20.08317395169301
47010,23.0497759616099
47011,27.555926072324457
47012,10.312751138384241
47013,14.966274443476042
47014,19.15233790045766
47015,23.64702031966149
47038,20.95133569535657
47039,22.605628529417253
47040,25.405022412529867
47041,30.251360737583553
47042,34.447359137351455
47043,36.22760758205717
47044,39.467979153083235
47045,40.946462249864226
47046,44.25395625179233
47047,46.546644744679966
47048,48.451822474147505
47049,48.13155236279219
47141,43.55114385151317
47142,48.820257136051545
47143,50.314893586016694
47144,53.659099035306596
47145,54.917441862346536
47146,57.7397317655231
47147,59.10735762510351
47148,59.43240196587826
47149,63.471494504789725
47150,67.06578288353818
47151,68.11696489752872
47152,68.59697042037091
47211,-0.33737168636987225
47212,0.6349221306127147
47213,1.386948186240947
47214,2.8697340849843513
47215,5.486319132797564
47216,7.314167425633654
47217,8.922712930033516
47218,11.086272671359685
47219,13.791296666623438
47220,15.48256888230475
47221,18.384779443337923
47222,18.98905168304706
47223,57.83676535643673
47224,58.64589976844534
47225,61.044672089860605
47226,60.02317107650091
47227,17.993550344933233
47228,22.055523694436232
47229,25.77394823000919
47230,30.682388099653867
47231,35.06142451232999
47276,0.5120473911093893
47277,2.529084280616267
47278,8.266829731743428
47279,15.252647657496073
47280,0.5928748025075727
47281,1.5927278550720472
47282,1.2099299775083945
47283,1.218128293826827
47284,3.7930492900610675
47285,6.246743001344313
47286,9.964516995796975
47287,13.59379930383838
47288,14.781893517300244
47289,18.95112643521006
47290,23.67330017500519
47291,29.079275256357896
47292,26.041104900444953
47293,28.68231227645228
47294,33.756437170817605
47295,42.59456222636351
47296,10.338824932020824
47297,14.778731369452979
47298,17.33214921549291
47299,21.60516857025053
47300,24.543600342903343
47301,28.098765471064155
47326,62.09544422266473
47327,64.33608645508579
47328,66.84393473197045
47329,65.99926364121283
47330,68.04101287336137
47331,68.63423880981483
47332,70.60105829184647
47333,71.77821158932223
47334,72.97622076096667
47335,73.83582324077634
47336,74.1770674164158
47337,74.36301843131726
47377,12.807008068235968
47378,16.813819947878805
47379,17.935663090401782
47380,17.87520558652239
47381,19.46849430367024
47382,20.403694816422426
47383,24.078512965940995
47384,26.799262202850777
47385,27.749593342486413
47386,30.02306974304305
47387,32.31088728619802
47388,33.67959013056667
47438,40.18790397298646
47439,39.35955376122949
47440,40.17292238131073
47441,41.22779304627316
47442,27.35412317458609
47443,29.667066848114064
47444,32.50138592147157
47445,36.867202839897594
47446,39.3340624233291
47452,52.081334600496746
47453,57.87508344140887
47454,57.57955151451483
47455,60.45542766067924
47456,59.27522059959129
47457,59.84678589069607
47458,60.454603434973045
47459,12.668202052323016
47460,15.614305897516388
47461,17.608885910679437
47462,24.429956187737808
47463,28.806491716393918
47464,35.374334803649944
47465,38.586466140630556
47466,40.222456889862016
47467,40.110292914294384
47468,42.41157325980255
47469,45.923998362393185
47470,44.031449358458
47490,15.277056875867206
47491,19.475112391090494
47492,25.416603894103623
47493,30.479485169952476
47494,36.36967037095515
47511,40.2405527517776
47512,45.03677948024187
47513,50.288221501333496
47514,58.68519367896332
47530,27.471333494939948
47531,29.986157849132745
47532,29.81807152490314
47533,40.89123801419499
47534,37.178959618140645
47535,39.34960537870173
47536,41.25818680174201
47537,44.45321585541662
47538,46.40779197498657
47539,48.127175630024674
47540,49.81446063125228
47541,50.58888324089371
47551,9.723986497360286
47552,9.607591711747826
47553,8.888662923768715
47554,9.672851977457364
47555,12.834895942677978
47556,16.625692835556222
47586,45.681897564566995
47587,50.48294584062522
47588,57.33231621948598
47589,57.93845577927054
47590,61.11071383365447
47591,62.144605520231565
47592,62.99955584129526
47593,64.0364300066651
47594,64.6371499984959
47595,66.64874184809013
47596,68.46205367491989
47597,69.4516336145842
47598,26.878804343979095
47599,30.64031132957631
47600,31.19264843174131
47601,35.11191628365397
47628,10.419027458294085
47629,12.81444881778541
47630,14.795653518162533
47631,16.670328348217357
47638,18.543026232216583
47639,18.948745250907752
47640,20.755038038009495
47641,17.237337734377725
47642,19.304431211304703
47643,21.022262634278828
47644,23.52369427992406
47645,24.396536864890784
47646,27.26362342308223
47647,28.423005227654606
47648,31.39713352711393
47649,33.31205770960716
47697,10.86066750207039
47698,11.790856468271224
47699,13.398002825142735
47700,14.818634431544826
47701,17.609477105906407
47702,22.081328572588674
47703,27.447490356817447
47704,30.081106122293203
47719,11.983686951329394
47720,13.203968323867745
47721,15.326787791514885
47722,18.388885325444097
47723,21.69930029060847
47724,24.061766029506508
47725,25.55767271414799
47726,29.797431267219622
47727,11.713092505220473
47728,12.287182600275338
47729,15.93607768769426
47730,19.15154883621269
47731,22.541711043546222
47732,24.003738365767315
47733,25.49867892236519
47734,26.123562755389095
47735,27.2034837113054
47736,29.64693773017688
47737,31.648003505641622
47738,36.60045257944287
47739,44.00479659201261
47740,47.98025933677716
47741,50.949573344476285
47742,52.6545788713355
47743,53.47458301126113
47744,54.83311291634882
47745,56.91001247110332
47746,58.15626928152771
47747,59.2760772041584
47748,57.82167070632401
47749,59.054266773191195
47800,40.1701422146286
47801,40.363778673495794
47802,40.794695815513386
47803,37.59523083348041
47804,43.47469750830193
47879,31.232539849419947
47880,36.581670617551765
47881,40.61378599748558
47882,41.768503348915814
47895,9.666569346487906
47896,10.348347272074667
47897,13.101785125295839
47898,16.791541555187514
47899,18.662979941464627
47900,21.169008083893964
47901,24.90510118575279
47902,26.178472948447894
47903,29.522416511746457
47904,31.602882438480968
47905,32.62506208565439
47906,34.9047854347548
48043,16.997858392416823
48044,19.523297910439585
48045,23.04232839731609
48046,26.894911510620886
48047,32.334939959691056
48048,33.686931851955286
48049,36.81868657466399
48050,36.69353378628783
48051,40.174753227884835
48052,41.05666965560825
48053,42.66702070435598
48054,41.78989070219353
48055,49.75262467331718
48056,52.2869852110383
48057,54.33089417180024
48058,50.68586438415187
48059,55.73872203077796
48060,36.49113371981427
48061,37.633788937286276
48062,38.49560431655483
48063,38.39862548687951
48064,40.164158128367426
48065,42.696458368765875
48066,44.24409806607145
48067,45.12460077469619
48068,48.741005557119024
48069,52.95973277828466
48070,22.201613795112507
48071,23.146674030433378
48072,24.46108059111378
48073,26.980327004466204
48074,27.791302294995507
48075,31.491964762219716
48076,33.11827073300192
48077,35.47540436345241
48078,39.487699705927035
48079,43.39385287983196
48085,38.79992574922652
48086,43.67760692461126
48087,45.985700181908
48088,51.219988993304526
48089,56.00233213434808
48090,59.16032601775555
48091,19.151997774030825
48092,32.379391144337816
48093,35.30255021586571
48094,37.534638507572254
48095,41.65367460129121
48096,45.111810740703525
48097,47.61845935025796
48098,50.229738135457225
48099,51.509717705532935
48100,53.34022689376618
48101,54.16134269741349
48102,56.84003321008269
48128,2.240689848094208
48129,3.7983348122188247
48130,7.897357687554705
48131,11.520543507164541
48132,14.94648793768099
48133,16.75466338785369
48134,18.55528393257478
48135,25.448280561987183
48136,27.914225778747245
48137,30.003738907482166
48138,30.14317852422919
48139,31.59883789349855
48212,25.648075755037883
48213,29.200213866803193
48214,33.11434227560929
48215,34.950185273035764
48216,41.60909731823364
48217,43.34929341099397
48218,45.67181168267025
48219,44.19152893627199
48220,45.55453263740394
48221,47.2429421070499
48222,49.983184142793256
48228,6.776234729502403
48229,8.434234550900332
48230,10.57793004672033
48231,13.517026362058147
48244,33.45516217219061
48245,33.88197166041689
48246,36.36147919889303
48247,37.66598856289298
48248,40.52085085542008
48249,42.80824525801264
48250,49.07902097700563
48251,51.549026599751144
48252,55.236238958666604
48253,57.10609858007429
48254,58.26355239949224
48255,62.445771019318805
48256,65.89372732170887
48257,66.22441242806528
48258,67.69017297617788
48259,69.03327859484246
48272,18.81339244059951
48273,22.043917837103542
48274,24.865580032581846
48275,26.08341841885625
48276,28.834573001286934
48277,29.11049058339453
48278,31.285256290983064
48394,52.200477460099876
48395,53.20398922722099
48396,53.63141215885578
48397,57.569522208381
48398,59.357361113761556
48399,62.21429182726602
48400,63.59862512796032
48401,65.69136852386326
48402,65.95558649091718
48403,67.84509746360388
48404,68.41395747305926
48405,69.46520579581775
48406,45.94367492961546
48407,43.95744628060404
48408,46.19346311613294
48409,45.940682490981246
48410,46.72241186246675
48411,50.292698289623736
48412,53.3315879914291
48413,54.69364203951041
48414,55.447575840226094
48415,56.69819598051333
48416,52.32953510045136
48417,51.12832985610136
48418,53.26049621885502
48419,50.65837179070902
48420,52.757183165589744
48421,53.58477382002476
48422,54.651645444290146
48423,57.27615366837214
48424,58.35355118470784
48425,57.927408271249604
48426,60.37279232567941
48427,62.36390055559998
48428,11.727108029567635
48429,13.549613651166746
48430,17.203359822188162
48431,20.93994049007953
48432,22.47369918547204
48433,27.466774722748635
48434,29.61315204575785
48435,31.623452850728757
48436,32.20311756071961
48437,34.99173760072665
48438,35.694529944989235
48439,36.60382284933074
48475,2.890180057134941
48476,2.9688224895350364
48477,7.425401972074684
48478,10.062022255369028
48479,14.953620912093518
48480,17.286479700033432
48481,19.982080991178265
48482,24.761220005846297
48483,26.64850100335944
48484,27.8169452298332
48512,15.661365792331159
48513,17.69853810443062
48514,19.363965914190242
48515,17.41421486940858
48516,17.58363705982828
48517,21.301783652877386
48518,23.795851649744776
48519,27.643514738815792
48520,29.529302683749343
48521,33.5994351026804
48522,38.455052173243345
48523,42.43424610659953
48528,18.353433436412057
48529,20.718612484996395
48530,21.602683406011288
48531,22.82126357168075
48532,27.36356635523764
48533,30.385650825902967
48534,33.02553539329804
48535,37.275533510055695
48536,38.536273307736316
48537,42.42475154999905
48538,45.71604529722447
48539,50.255637096577885
48610,22.248126007272344
48611,26.263253978012607
48612,29.60680182128676
48613,33.71676440975148
48614,35.70364731877429
48615,34.62003273205463
48653,13.84212693207665
48654,16.403142549524556
48655,18.99395390083996
48656,22.241116074001162
48662,11.375817779835202
48663,14.102414516316617
48664,17.248063227405417
48665,19.44391461388322
48666,24.53193056115767
48667,27.872272594959064
48668,39.80649549183609
48669,45.00524620595179
48704,26.013709649258942
48705,31.06401540780656
48706,33.1523387662598
48707,34.25370166727299
48736,15.352604402858542
48737,17.34105587523875
48738,20.823622237249356
48739,23.12417996390743
48740,26.06858660791196
48741,30.7858045766367
48742,33.88467009806167
48743,36.72863302530188
48744,39.81637151620426
48745,39.0520184305352
48746,42.982381200107945
48747,41.321566721673264
48748,36.242101918779255
48749,37.53129501059451
48750,41.162134656531684
48751,44.22259367238285
48752,47.2390934245478
48753,49.390131652675784
48754,52.59573747273238
48755,54.16903729327339
48756,55.12032772980871
48768,56.313002763342276
48769,57.91927053040156
48770,60.579489291155504
48771,60.174303220419276
48772,63.59035867012727
48773,64.09357432070962
48774,65.74307312145308
48775,66.10031189000351
48776,66.42737804677719
48777,66.79248927554309
48778,67.99718427206075
48779,70.06545464683056
48828,26.342494213657538
48829,24.936170527465418
48830,29.857106515869333
48831,28.648310090583713
48832,19.027327585196772
48833,22.225671020609244
48834,24.912556129432932
48835,29.969713437244444
48836,33.60828770900281
48861,26.17919946500869
48862,27.447588030326017
48863,30.24861647017814
48864,32.106109143962236
48865,35.434368258552475
48871,34.900929792121566
48872,39.70015075818516
48873,42.22445692586186
48874,46.685168932981625
48875,52.08069621412925
48897,11.615297585312812
48898,13.122741399495757
48899,14.894014078653234
48900,15.670518088549574
48901,18.112136988191775
48902,19.689950461227752
48903,24.74620424764537
48904,26.522075105499017
48905,32.53292400914948
48906,34.25153028927756
48907,36.75836433268766
48908,37.95355013291048
48918,14.658268749316292
48919,17.103634576055548
48920,20.003444782482745
48921,22.334803357670257
49051,25.0656567375437
49052,29.216921411040385
49053,40.55676683413227
49054,48.661196757908726
49055,34.5213377829772
49056,37.25073565126756
49057,41.82648240229597
49058,45.74576539036947
49059,42.640416116676036
49060,43.219128198197055
49061,45.37652499462986
49062,49.70501792714444
49063,54.783862588370845
49064,56.96042797310649
49065,60.70877530986612
49072,7.357899763293713
49073,11.817787086412483
49074,14.215081590242994
49075,16.250731473710335
49102,29.30815766073216
49103,36.522045192181736
49104,40.832821556145205
49105,42.27830709432028
49106,47.267762670196824
49107,47.45483704078062
49108,50.720219061501815
49109,51.620936189038744
49110,51.20501977877469
49111,52.264079004329346
49112,53.00660665528257
49113,54.65413571502838
49126,24.39259820142764
49127,26.402229948860914
49128,27.81758608264453
49129,31.510857431834573
49130,33.535588871970155
49131,36.94108666531018
49132,40.62472336660788
49133,42.70669521608472
49134,43.34215439208138
49135,47.36384258686673
49136,50.44929145560056
49190,34.665734330352215
49191,36.44468778652648
49192,39.585939541686116
49193,44.76489054665794
49194,48.6349337820626
49195,51.47543672390215
49196,52.347451310172005
49197,53.31909184614724
49198,54.930291327158
49199,56.07969474667211
49200,60.51608061156095
49201,61.15955923847814
49212,31.829960255010253
49213,32.9581644427811
49214,37.90199902596541
49215,43.683424145469374
49216,46.39306689923865
49217,50.79904731028451
49218,52.97123729466333
49219,54.27118196283592
49220,56.40891737848028
49221,58.86385706684016
49230,18.512910542624134
49231,21.98982967091326
49232,25.305179805761618
49233,29.963167368778954
49234,34.404631073683994
49270,54.22545641785602
49271,55.06189300624114
49272,58.03071281305712
49273,58.99627380544821
49291,19.536321465730566
49292,25.03085029780263
49293,33.52001096329306
49294,37.65148838672918
49342,19.45244201118268
49343,24.171323160990347
49344,25.47312595177743
49345,27.225060064474018
49346,26.803550563371992
49398,7.508017161501728
49399,12.58098042025718
49400,15.588383189030656
49401,18.661801299891447
49402,20.65365119309123
49403,22.317856956184652
49404,23.534632778286692
49405,27.391331272113952
49406,28.985790659321573
49407,30.49340872372401
49408,33.36346742136874
49417,21.76618205404709
49418,23.594005449624987
49419,25.412436950984027
49420,27.927078956208504
49421,26.70544751266117
49422,31.52951771881012
49423,36.18008227258083
49424,37.8409860936049
49425,40.650561624151706
49426,42.76100139483122
49427,44.75669078265055
49428,46.983357631943406
49429,66.54381957660493
49430,70.32419270306058
49431,71.35231153284539
49432,73.73891908202825
49433,16.560973183885213
49434,19.899922643437968
49435,24.324089110639182
49436,28.073613005664424
49457,22.632178140184937
49458,26.534633314037684
49459,30.060276585260805
49460,36.32675932405249
49485,44.84811950416429
49486,50.72997290266819
49487,49.91409409022383
49488,49.28953426371015
49489,49.27078952794844
49490,50.865990638490004
49491,55.740920091856594
49492,58.52427577578531
49493,60.0960776293849
49494,60.354741337773945
49495,63.164885991995604
49496,67.78678758791584
49497,41.3062964281426
49498,45.778720232025236
49499,47.52836548400924
49500,48.71474717202845
49501,51.43601596507966
49502,54.83665187370466
49503,58.077187010550894
49504,58.971870946336665
49505,60.89507222927507
49506,61.99867022460482
49507,65.8437200348317
49508,66.78601907378808
49585,18.263268860042125
49586,22.208478782936197
49587,23.626774421107967
49588,23.51566661220364
49589,26.24894369274017
49590,27.51037119595025
49591,29.982343443862668
49592,37.43911859467039
49593,41.99416484233448
49594,43.72528406438809
49595,47.62551625086021
49596,53.03316717148829
49647,5.121471089337528
49648,8.553139445352869
49649,12.013054680465562
49650,16.81382830616898
49651,20.38499242734538
49712,40.61444086734243
49713,41.57382053064412
49714,42.06212204036423
49715,43.47353016876087
49716,47.17312851783937
49717,52.91784733945701
49718,54.668498800753014
49719,57.10417438810591
49720,59.48834326452453
49721,62.122774357787534
49722,63.998486738998544
49723,67.12059932599209
49770,42.18800691134829
49771,44.33110238822925
49772,46.87234967778985
49773,50.510133039821994
49774,52.12194786774175
49775,56.86435624731506
49815,16.486882159607596
49816,22.988736411847064
49817,25.715140274788173
49818,27.076669615402373
49897,19.754473059134433
49898,23.830053208893425
49899,26.354883314880038
49900,32.774598821029464
49901,40.54483978819508
49902,44.2867412179261
49903,47.67767473900541
49904,48.70495648985048
50004,2.4497883912241627
50005,4.454273803046588
50006,7.23248343003026
50007,10.91584505569391
50032,24.462770800966602
50033,27.965681767134434
50034,32.20873393028843
50035,37.45651761095304
50036,23.962031428423295
50037,28.708067299174182
50038,32.04959178521579
50039,33.45991224850606
50040,36.58430262336391
50041,38.98623434453195
50042,39.5681671605069
50043,42.230260751821305
50044,43.56188681809171
50045,44.95172763571851
50046,45.8674002207615
50047,47.61060777071445
50096,51.56040623415083
50097,56.46278082223152
50098,61.151080873806244
50099,65.27841807310153
50100,67.35185967507368
50223,43.73249483960545
50224,48.118980049430526
50225,49.05046617452872
50226,54.968414021769505
50227,56.272891646848294
50288,21.79634265741469
50289,22.306845934021315
50290,22.639166943380694
50291,22.72717970963381
50292,25.440676162136786
50302,7.354262576926483
50303,10.120177903004395
50304,14.514895719422418
50305,19.217767964960103
50306,27.617020481606154
50307,29.3972040250054
50308,31.57051540751209
50309,34.51478363093188
50310,34.230049866000584
50311,35.01099541771286
50312,37.006560101426764
50359,28.59299402093169
50360,30.183208503824027
50361,34.00382768723766
50362,35.71546839800904
50363,21.020051080817375
50364,23.48884060888125
50365,26.51169251108707
50366,31.826966656999495
50407,22.699530985302978
50408,25.774520526752724
50409,28.29821631272079
50410,31.026735723598915
50411,31.075261602114768
50412,33.7569101853003
50413,33.518899181912886
50414,36.16863075316044
50415,38.12587291509749
50416,42.56985978061372
50417,44.51678634589066
50418,47.91627265724197
50457,36.59115360633046
50458,44.25455460675197
50459,56.1007751187873
50460,59.615572234220465
50507,17.76929157356487
50508,20.99908058922067
50509,26.31644269202467
50510,29.97531028814859
50511,38.0391981370961
50512,40.38169802937051
50513,44.708293155344066
50514,49.489459491179886
50515,52.5781792923802
50516,54.24670319084201
50517,56.77789119432223
50518,59.204199339757565
50519,58.71992998370827
50520,59.969549904986
50521,61.650216556585555
50522,64.48010415580687
50558,25.46599365479353
50559,30.99098410758931
50560,33.314381415356515
50561,35.07763141264934
50635,56.693203029782104
50636,59.99306705100484
50637,65.62612984457375
50638,63.6236200440285
50639,66.59157459302222
50640,66.55716547079392
50641,66.01095233996953
50642,69.21076168742533
50643,70.45603980197208
50644,70.00060864260494
50645,72.73956698056227
50646,74.94313402023312
50656,20.895072668771604
50657,24.776984166916776
50658,29.157990360831707
50659,30.984319429305334
50660,23.73504441072334
50661,25.760758179009578
50662,27.600849306769966
50663,30.50018958121196
50664,32.99564591993227
50665,32.960067157856464
50666,38.49683765599552
50667,42.19563751784974
50668,45.11566235913763
50669,46.37327998745601
50670,51.09227880017334
50671,55.00441798173468
50686,23.003981370616724
50687,26.603249684143027
50688,27.268549094733327
50689,31.336687553077063
50735,8.492242807741212
50736,8.684191705298181
50737,11.807237368629831
50738,13.992209813704287
50739,16.60910489142324
50740,17.297590500955085
50741,20.019565454908467
50742,23.302984626415025
50743,26.4742235374127
50744,28.029006788418563
50745,29.20633176361752
50746,30.6797458468106
50752,33.703492717448704
50753,35.750007547399655
50754,40.60441613831425
50755,41.42959221290609
50756,40.725926133945535
50757,43.5611887257315
50758,44.48943929236229
50759,45.90491296558185
50760,49.14799596405335
50761,51.07295780541452
50762,53.72462309507701
50763,57.0515165158811
50768,6.20766363249434
50769,8.37916950738816
50770,11.587647982681958
50771,14.485393551923448
50772,16.6765886939413
50773,19.385821840180864
50774,21.3085870696639
50775,26.81963077190226
50776,28.286312304602195
50777,28.184651259625024
50778,27.274680044618883
50779,29.181303180045074
50792,47.38869318933003
50793,49.96905685076655
50794,55.31252719213611
50795,56.168483390801796
50796,59.54675103401659
50818,29.82776690307071
50819,34.7855231202488
50820,36.40347709217194
50821,40.722104030752206
50822,43.61999308164739
50823,46.7495316923766
50824,48.374613219606786
50825,50.00221640741693
50826,49.74699741916812
50827,50.57814003860439
50828,48.6089701227437
50829,50.42526331884522
50848,45.68945892287904
50849,49.96328294415077
50850,53.7745265731121
50851,57.89604351229561
50852,60.723055762116076
50853,63.13847510121832
50854,65.2698682494794
50855,68.4014181549377
50856,68.31987125790901
50857,68.8480833673273
50858,69.07360189904698
50859,70.89735693443026
50860,33.37329149870926
50861,35.65994990138596
50862,37.161774398697254
50863,39.261708547600435
50864,42.03126387378447
50865,47.352765135144956
50866,49.93817399016109
50867,51.187437114686055
50868,54.76858289418531
50869,52.46351085481009
50870,55.558420804238814
50871,57.29848809470256
50890,18.1015707857123
50891,19.742460243770633
50892,26.356099120367126
50893,29.45149821662445
50894,33.57502439229253
50895,36.061688199542054
50896,37.29140694820228
50897,39.25833558223219
50898,41.019305225482626
50899,41.593675423122804
50900,43.44589566973936
50901,44.95982984543684
51021,35.20099099888786
51022,39.18245867747699
51023,39.9792364841758
51024,41.48690305428319
51025,43.368701017184165
51026,49.52409838884099
51027,53.46273187857734
51028,54.068164778215
51029,57.05705971782233
51030,59.538339204826215
51031,61.16546626211711
51032,63.18714376646072
51088,43.37654957859949
51089,51.25974648357324
51090,56.93114192843689
51091,61.8896669506471
51111,22.46373153561111
51112,26.266141385169448
51113,31.789306855192997
51114,42.259052637444825
51122,38.347625798798404
51123,41.61949662604984
51124,42.203665822779286
51125,46.825044588070256
51192,13.831448260500371
51193,18.24072072670131
51194,24.270299016041008
51195,36.629970062851974
51204,47.63838949520194
51205,49.42103446141276
51206,53.18288718666978
51207,55.44100203084366
51208,57.410579121550995
51209,59.02952880236093
51210,60.41391642081685
51211,61.575291198204596
51212,62.876811942803826
51213,63.67943959653572
51214,64.56143051251316
51215,65.86052088146579
51221,12.784919073734857
51222,14.517433101065212
51223,19.292653781171047
51224,21.453510204306276
51225,22.311223850952597
51226,20.661093218488652
51227,22.439363171591896
51228,24.19768559530815
51229,27.177499245562394
51230,29.23482126128789
51231,33.43506055541867
51232,32.8057915981275
51334,9.517509266764632
51335,12.041218925189494
51336,14.510048350865963
51337,17.580637790296052
51338,18.48068868151116
51339,21.529078925793293
51340,24.86395855869639
51341,27.883733790467637
51342,33.19353534404841
51343,37.866910973812296
51344,40.395235960349126
51345,42.65193524606252
51400,13.324580602603527
51401,15.064706601447
51402,16.36457592916812
51403,21.106647001746364
51404,23.25383034335051
51405,24.926591003315288
51406,25.463251929397767
51479,17.262507485833172
51480,16.241951515280363
51481,18.47594707027338
51482,19.308011382405148
51541,19.116417157887458
51542,22.371126054131498
51543,25.808001229069077
51544,25.75179054339023
51545,23.648379388679736
51546,24.73027066049429
51547,26.23673187648483
51548,30.04002994516111
51549,32.59262220157562
51550,34.63538019045212
51551,37.83230918697488
51552,39.08103643887405
51577,38.71650823240842
51578,41.0428228242687
51579,47.55277972811765
51580,48.47885639704178
51581,53.305322860115254
51582,55.238549266914085
51583,55.87457540646418
51584,57.07987218886073
51585,58.18747887703324
51586,58.29266157036678
51587,61.27381312057744
51616,44.50021533554501
51617,48.940179019595405
51618,55.27668488428119
51619,57.31572761269972
51620,59.57707219387437
51621,60.51227349248809
51622,64.0270891668925
51623,65.45916066273654
51624,65.91970470305594
51625,68.04505045804308
51626,69.26555566428563
51627,68.95771276351256
51674,33.64025816965726
51675,38.475967403801604
51676,43.87160476583272
51677,47.994219709380964
51678,50.90785953850427
51679,53.60025149359272
51680,56.10786918811789
51681,60.98913210112257
51682,61.013893209855574
51683,61.72576951463001
51684,61.641198740820116
51685,65.8517451660492
51702,34.331290936704974
51703,35.142821987693786
51704,36.91988806812945
51705,48.129987300525755
51706,53.00793110775553
51707,56.11527559725041
51708,57.37880709118548
51709,60.19347375271252
51710,61.851357742177775
51711,64.26935857917981
51712,65.77483938457738
51713,66.15774088222717
51718,17.505886467781462
51719,20.92092482324947
51720,24.530330014529547
51721,30.7186918261629
51722,34.0655049183213
51723,35.190320146189066
51724,35.425109850061006
51725,37.70005752362679
51726,39.64748790294361
51727,39.95453788909382
51728,42.39927772015304
51729,43.5339420645294
51730,39.66612464936314
51731,48.6859593093379
51732,49.64727127575238
51733,54.09010854073985
51734,58.10577989423334
51735,59.84010825365061
51736,63.21511838602586
51737,65.3261464550116
51738,65.51752000803347
51739,67.40798077351826
51740,69.3190875561216
51741,71.08852861541602
51747,20.662405308662215
51748,22.071456741564013
51749,26.47828522366687
51750,31.19925562655037
51751,34.03058401984566
51752,35.566625510542316
51792,23.293344505456687
51793,26.496390339667208
51794,27.798188958047568
51795,33.0253271935433
51796,33.79545507047965
51797,35.150330610728425
51798,38.877050011005906
51799,42.99072816551169
51800,47.69544949022003
51801,49.67301870596382
51802,52.072797130063364
51803,57.256573644091816
51812,8.296933887601938
51813,11.293994774787269
51814,13.387117076746254
51815,15.114556633909046
51833,25.44058547659111
51834,26.533059661289787
51835,28.90289164728649
51836,30.454912416922532
51837,34.77373277570045
51838,39.8216595931292
51839,43.593353603010485
51840,31.73322577384126
51841,35.61467658667531
51842,36.49107469602852
51843,38.52254892102979
51844,40.247887624685106
51845,40.67065969858908
51846,42.879596456794175
51847,44.19874436105613
51848,44.36362018685635
51849,44.93353690908515
51850,46.231050401323714
51851,48.6739580268257
51864,31.92501000583245
51865,34.16770596425459
51866,35.71794904925018
51867,38.2775740519327
51868,41.208136751951734
51869,43.30441669328528
51870,44.31148415816314
51871,45.877562375588695
51872,49.02654127472721
51873,48.66181376120682
51874,50.15369693330781
51875,50.482579933511076
51891,12.073383519646395
51892,14.250118214145369
51893,18.06552858839475
51894,20.701176407728415
51921,23.900692926264156
51922,25.472525240750706
51923,27.159741399240914
51924,30.336752044682033
51925,32.44546888445375
51926,31.225776939326614
51927,34.368560894521146
51928,36.091987318153315
51929,38.598719262273114
51930,38.169611310612936
51931,41.496068837606046
51932,41.5324763637582
51937,44.198055967781876
51938,50.281331018680355
51939,52.140800079466295
51940,53.55141342979641
51941,53.40250731096965
51942,55.34619959346045
52202,28.199917396116042
52203,36.98180767460789
52204,42.11574538942975
52205,47.70095980931849
52206,15.678701294536998
52207,20.44754828548745
52208,23.15564320403572
52209,26.66673878945419
52333,27.48577852320159
52334,30.14541663572519
52335,32.98242583777211
52336,35.09202705080715
52359,33.09990792844843
52360,37.96685586611498
52361,40.09257663578885
52362,43.118090664837176
52363,50.02605147932134
52364,52.46173600131851
52365,56.58391203103122
52366,52.61082846990125
52367,54.87711338481445
52368,56.365394969560306
52369,56.65757867138134
52370,58.94866984140066
52377,5.9324747198240795
52378,7.463814698265802
52379,8.646718511737618
52380,11.04520012156371
52381,13.283236165832676
52382,16.16737491468639
52383,19.630227039289228
52384,22.504004807958513
52385,25.153639915382566
52386,27.24559677620282
52387,30.403676876610263
52388,31.186860921686957
52413,58.298811233792684
52414,60.91493302753158
52415,61.8578340876403
52416,59.129586499070534
52417,63.06021207353556
52418,63.79032921423425
52419,65.30819249716956
52420,66.53178334779066
52421,72.37456610797558
52422,20.880642246541573
52423,20.725676992296496
52424,21.66799521775919
52425,18.76605648981388
52499,20.86261506516185
52500,23.3531242762183
52501,28.383214702049152
52502,32.32892071048555
52515,30.895570514798276
52516,38.65221409184687
52517,44.15744068746393
52518,47.16321175105445
52524,14.14004130566741
52525,16.791789860192136
52526,20.88883346493831
52527,23.33689899917146
52587,27.193312821150254
52588,26.923650024962836
52589,31.928518440859015
52590,34.24298250979053
52591,34.991753222324704
52592,38.896545194292344
52593,42.392721260241714
52594,44.9277897145562
52595,46.308925227596866
52614,28.144162388910086
52615,29.63286047019626
52616,31.80829620282908
52617,34.94072616525021
52657,2.987791464763998
52658,6.391027088254939
52659,9.707737568601
52660,13.46203328486825
52661,42.62454123897196
52662,49.53387246613049
52663,54.92238014640371
52664,60.38252687369517
52719,38.555725796226724
52720,38.766056989548574
52721,38.4561187038514
52722,38.22932359404895
52723,39.457476945729205
52724,42.400315047162294
52725,46.56920544088747
52726,47.925100475914874
52727,49.1407430827844
52728,50.27334884775972
52729,51.0155666609626
52730,52.7586131790456
52753,9.384004595773401
52754,10.808147516693811
52755,11.675416265414228
52756,13.732655953527672
52757,15.589174686930013
52758,16.738411258738186
52759,18.624050349447554
52760,19.8499066426417
52761,22.520295368191626
52762,23.424188284609748
52763,25.299327327191016
52764,29.37201659795959
52802,59.126934852161504
52803,61.212732160638026
52804,65.18016298191317
52805,66.17762038276581
52806,69.59409693116247
52807,67.62089093383791
52808,70.28261066139001
52809,69.86147235974288
52810,69.8890352873333
52811,69.80549490440735
52812,70.70402973107096
52813,74.75033673127332
52861,19.87457310180406
52862,23.68914671924052
52863,26.87213373974551
52864,31.19754738445941
52865,41.02486021092075
52866,43.972342436144416
52867,46.45761247865139
52868,47.241222868089
52869,46.8437527245467
52870,47.81578118232562
52871,50.13010175965959
52872,49.90889491777982
52913,12.642468982693313
52914,13.504250287802538
52915,14.551035866165957
52916,15.288191575256747
52917,14.978791258080937
52918,17.3352666073267
52919,19.566434624859376
52920,22.982396837124732
52921,26.617304107151863
52922,31.76979740485053
52923,17.88571413178218
52924,20.40142888975088
52925,23.11321916317803
52926,24.85472521363267
52927,28.090697109651483
52928,32.13263726752659
52929,34.43048511427166
52930,39.033690816733646
52931,40.84473072439797
52932,41.569079195560185
52933,43.67163201509162
52934,45.490691224148215
52955,27.085935777785373
52956,30.483242655412674
52957,34.717508221448234
52958,44.70319405329102
52959,45.355191631641205
52960,49.385201793467346
52961,50.76062536370138
52962,48.76045452508927
52963,50.59104196172367
52964,51.58129651750589
52965,53.45540378349229
52966,53.95579308719232
52998,33.413888728983224
52999,37.402035522147344
53000,40.90788538974624
53001,44.25667194550409
53002,30.387821712828252
53003,32.05809375669103
53004,33.792548441156384
53005,37.58095388233791
53006,40.04578866378695
53007,41.610374477413394
53008,43.23925661628389
53009,44.71317549250805
53010,47.13105842480488
53011,49.736676345636404
53012,52.41383550319804
53013,55.97732499971954
53014,20.666086422314564
53015,22.44005242323986
53016,22.581158941734877
53017,24.381954402279842
53018,27.943216170726465
53019,31.342392214738
53020,37.10646148369665
53021,38.61124162537582
53022,40.52545166641628
53023,39.69741765137256
53024,43.621567541101854
53025,47.15924007982442
53141,26.430894126302775
53142,30.405152316462267
53143,35.1080976374579
53144,36.041918342794915
53145,38.14797412399515
53150,5.680976838958593
53151,7.634305157956237
53152,10.958753490547227
53153,14.120001898062956
53154,16.457116202153006
53155,18.966041365711828
53156,20.695540379802722
53157,25.31866942554389
53158,30.865538134760822
53159,32.11571840927199
53160,33.341944422782866
53161,32.581451019611755
53162,21.982126225117177
53163,27.14528573170087
53164,29.261269958835776
53165,31.21411331731928
53166,24.741407555839608
53167,27.039070090522255
53168,28.15627465523147
53169,28.48555110854474
53170,29.646256809476228
53171,23.37223859952232
53172,27.916204828546427
53173,28.29217631682372
53174,30.238910337607837
53175,28.14168122346333
53176,30.406690594491607
53177,35.187924714524385
53178,36.28649089615358
53179,40.05697780484748
53180,43.53604497560482
53181,47.4401192308291
53182,48.259817579832465
53183,49.105625100573306
53184,49.50025841223984
53185,48.43383388155296
53186,49.607055772461685
53187,51.66560334635807
53193,30.058634330474014
53194,33.934822533704946
53195,36.980398926297056
53196,40.44877360993529
53197,41.750922676134145
53198,46.557426259264176
53199,50.282592775984675
53200,55.19972337538104
53244,29.05264050660069
53245,31.86982503059656
53246,38.03295459069343
53247,45.46993605033752
53248,49.633481305445684
53281,22.628551261296405
53282,22.53788888159604
53283,23.770863660863085
53284,24.23577434307348
53285,26.222011807570375
53291,39.77049792281059
53292,45.756782918674375
53293,44.55590846050361
53294,48.85713266452842
53295,53.52270972578167
53296,55.82582116876868
53297,57.533108702340975
53298,61.74236395313549
53299,62.02855398404496
53300,64.99423753624879
53301,65.06930740414546
53302,64.25261875075465
53318,35.854025230835965
53319,40.616775081618485
53320,48.41508100775466
53321,51.00569807032083
53322,56.819950348037494
53323,58.892190995366924
53324,60.70726512364105
53430,28.74035882366004
53431,30.554396980244302
53432,33.27400136562413
53433,39.488853588040634
53434,42.35200440852078
53435,44.52893779526156
53436,47.16619038249731
53437,47.15156952365563
53438,49.39708940427058
53439,47.49968918288805
53440,50.05912481668129
53441,51.980251079273884
53442,28.580040254900705
53443,33.05293099574917
53444,34.70173817922928
53445,39.80677881962169
53446,41.707439469939594
53447,41.2799868414213
53448,42.92131069765692
53449,43.22794873944376
53450,44.56473590859571
53451,46.09479147866103
53452,47.862578573498155
53453,48.73902266871825
53483,23.529879525303976
53484,26.285323191653042
53485,30.622856166789894
53486,33.23104911852579
53487,34.86503956946619
53488,37.41283696165586
53489,42.14024524193425
53490,46.92339333296611
53491,51.749366245793134
53492,53.91836491482222
53493,56.19933109315947
53494,55.42107556239095
53527,42.18781762783623
53528,40.775584699765865
53529,42.019786333113174
53530,43.695233938404485
53531,46.49568819006485
53544,28.45891979599108
53545,31.10218485237789
53546,36.983931616667164
53547,45.13647083539962
53589,51.50472599047491
53590,52.68440161311092
53591,57.19232256906374
53592,61.8122037385679
53593,63.55224418987749
53594,66.49095272450094
53595,67.97103881380572
53596,68.57583881712478
53597,70.76885028670226
53598,69.56051906598853
53599,72.52943589707122
53600,71.48038457259631
53651,45.27524128811912
53652,51.64624577005678
53653,56.553606867084454
53654,59.67055390001415
53655,57.66643993338114
53656,62.4156255592138
53657,65.3707111361501
53658,64.67703614960408
53659,67.68717415648504
53660,69.12210480321814
53661,69.58363973843983
53662,70.45175455178648
53663,71.24015275186736
53664,72.4037248270804
53665,72.92996703520454
53666,71.79649836294035
53667,25.693100338955674
53668,28.56295832833975
53669,28.914422275074685
53670,32.16629611609331
53671,34.735409733669044
53672,35.889864335919945
53673,37.95812836728625
53674,39.11961024476443
53675,42.78539462245244
53676,45.32514381710651
53677,49.408321260249394
53678,50.82459555907182
53703,30.504629036907954
53704,33.45539673305427
53705,40.013555572611374
53706,48.22174122101667
53707,56.99410683666166
53720,4.087639633134992
53721,3.982040891619866
53722,6.6196462004614265
53723,9.147264396252645
53724,12.479420173360769
53725,15.604886026912467
53726,19.351019072467523
53727,21.808769812129174
53728,24.04457575971699
53729,27.52542160129226
53730,30.08564916464577
53731,31.55646793314228
53732,20.362281098525255
53733,22.314472315407688
53734,24.566921421063682
53735,27.323638773998915
53736,30.55460221042275
53737,31.578181404128145
53738,32.98156634742569
53739,35.20518103641807
53740,37.06923508948609
53741,38.206938266286485
53742,38.833755143898905
53743,39.54548333189189
53794,14.304502320591343
53795,17.69306047668902
53796,20.777181303931332
53797,26.581319692247888
53798,27.631456464950656
53936,43.74705100532033
53937,47.42596227481443
53938,53.70940006241888
53939,53.91627806916002
53940,57.842428354676414
53941,60.465043626976545
53942,61.84687457243946
53943,63.358687713776455
53944,66.65218249881713
53945,68.04179940053372
53946,69.27865629762778
53947,70.55541458667035
53954,0.608146672015631
53955,0.5913460401248893
53956,1.1578021174403803
53957,4.639721728504442
53958,6.1142408417875815
53971,26.420349739220704
53972,28.718441736644326
53973,29.95246512334914
53974,31.388845411845672
53975,34.360576122715926
54001,24.70728729096789
54002,29.350430592174177
54003,33.30061900219144
54004,37.99168754029184
54017,22.936503403162085
54018,25.748109519437822
54019,27.585760562330922
54020,29.22494572648042
54021,31.220469030018137
54022,34.05360468530865
54023,35.36311432956383
54024,36.81307080132899
54025,38.11688056649916
54089,39.24704065682654
54090,38.682953069040764
54091,42.44001397685487
54092,44.585652229037564
54093,51.728193129859335
54094,55.51280669834529
54095,62.387332164881926
54108,54.16534050675402
54109,50.96680922274479
54110,54.19846118011052
54111,53.33268907278007
54120,7.171093425458729
54121,8.179382238124097
54122,9.48098615007282
54123,11.935872444734546
54124,14.359670515464563
54125,18.028836268006962
54131,4.969955751771667
54132,4.081925405344014
54133,9.296366839699592
54134,10.61926705883195
54135,13.456148323943172
54136,17.106394730704363
54137,20.871383232441342
54138,25.518236173335318
54139,29.171598235281113
54140,32.25604817192035
54162,29.89310164396062
54163,35.584597636290695
54164,36.29987556976729
54165,38.61976142968546
54178,0.48373652330894384
54179,1.7521227369778842
54180,4.639894078484419
54181,7.695825515559501
54182,11.379241559197744
54183,13.962634148325481
54184,16.218846869365667
54185,16.87506767032875
54186,20.242288940399234
54187,25.19473764052099
54188,29.709024288544377
54189,31.924423809843155
54202,63.43192294376337
54203,66.1913451304809
54204,67.67310824698946
54205,68.15926892143027
54206,69.88369691349743
54207,72.23468777321071
54208,71.99603409254927
54209,74.15946668067832
54210,73.81202499112518
54246,4.814837424086748
54247,5.503927900515509
54248,6.944508544576692
54249,8.790009125865199
54250,12.214350071040098
54296,41.12892854895263
54297,43.53861245650799
54298,45.54533050077087
54299,43.182611481649
54300,45.88048406439229
54301,48.63100643871273
54302,50.01464658482695
54303,54.73898332501443
54304,57.06092969899438
54305,58.87202890676847
54306,60.98515115136915
54307,65.59099498061474
54323,15.7640433607782
54324,15.603972035038254
54325,19.100303816968882
54326,17.753603109682928
54327,15.73413005718848
54328,16.79934699300143
54329,23.269974785395164
54330,26.102489307890927
54388,26.147002197664534
54389,30.237823537945086
54390,35.13250530519254
54391,40.86512331530956
54392,43.20725175785215
54475,5.027494324006416
54476,7.131614969801386
54477,8.968911029619933
54478,11.750214969041975
54479,13.054436677235179
54480,15.087876129058941
54481,15.786425304451868
54482,16.93062755297919
54483,17.70634486003302
54484,18.452864966711925
54485,18.979359574313982
54486,20.843333606619304
54493,30.81676041602526
54494,31.27671062610628
54495,30.977367527201842
54496,32.667951424005864
54549,14.099967938588492
54550,17.03668836316159
54551,18.810950699068155
54552,22.56395995383577
54553,26.591729592242878
54554,29.239889971603596
54555,32.2754649417752
54556,35.55257401319726
54557,37.40617126523793
54558,38.44667869041969
54559,40.50723518894717
54564,1.606751568304474
54565,4.105603259485163
54566,7.603513317022978
54567,11.675310154094614
54659,13.203966941595917
54660,16.4455538711707
54661,19.826620073710345
54662,22.333516619964374
54674,21.252263107527067
54675,22.966255938079353
54676,26.438266577669424
54677,29.555858821312672
54714,19.630458110963747
54715,22.138711151676837
54716,23.60455908053894
54717,29.269348393022966
54718,34.96102759213976
54728,32.26739699948493
54729,35.405973485108646
54730,37.57184751566477
54731,38.151399294084555
54732,41.338902951201185
54785,26.417293370004536
54786,31.279654814235585
54787,33.02349964774663
54788,33.8202896189609
54789,34.28735230339468
54790,37.82587548063009
54791,13.50482783050767
54792,17.41870907857558
54793,18.404257726309304
54794,20.684474646397955
54795,25.092839197882594
54796,27.897423661474324
54797,30.565204087831972
54798,33.977608142786266
54799,33.90418904430847
54800,37.978482521360675
54801,41.335974781184674
54802,44.54313243456302
54851,21.83889179366482
54852,24.32309770163925
54853,28.488039540484657
54854,32.26814865836277
54935,38.795172570897435
54936,43.355820580233065
54937,49.592763320523105
54938,55.660909481521266
54953,57.175458120844766
54954,60.74429637560629
54955,63.23063959068622
54956,61.73861537996804
54957,63.8016065648596
54958,66.21616925554518
54959,66.25340623725026
54960,67.37863541663249
54961,67.80553367509624
54962,69.33403414924746
54963,70.77109275491884
54964,72.33877629649803
55017,34.32422501805686
55018,38.695551455749744
55019,41.91651361177027
55020,44.26357001738994
55021,43.38205859597322
55022,45.80095284261445
55023,47.93134945006841
55024,49.00210478943052
55025,47.72320897186645
55026,49.09888928022404
55027,51.76973523725824
55028,52.953062617983186
55041,34.675690259494004
55042,37.97523740932925
55043,39.57728169263987
55044,42.36119633231516
55045,45.77678143351375
55046,46.04546347648089
55047,46.4719527400944
55048,45.84992831699915
55049,47.50078963052314
55050,48.317871723510265
55051,48.05307602191752
55052,49.42195635115159
55060,43.2088650963292
55061,44.46103070759325
55062,48.74496616997382
55063,52.76243995503643
55095,32.84809920674971
55096,40.19917335878019
55097,45.359845935182655
55098,54.678061716597846
55127,26.58086140646875
55128,27.46134776093595
55129,28.474294199212153
55130,28.384014414912734
55131,28.10076131014831
55132,31.672889297717756
55133,34.08070218561793
55134,36.653229172850445
55135,41.979206961614935
55136,44.31243529489747
55137,47.36297022306712
55138,48.99743599121233
55179,24.58025063511723
55180,29.29795279843459
55181,33.618539703145714
55182,37.08897489367092
55183,39.53059752301128
55184,43.58938114585176
55185,45.67021864416155
55186,47.6978658238079
55187,51.18753400236627
55188,51.5477047272748
55189,53.04213566882781
55190,52.923344155672886
55191,55.38955878815126
55192,57.592845105024615
55193,58.932503441382394
55194,59.15252804358205
55220,15.241054498134506
55221,16.676356157925646
55222,21.411463816454972
55223,25.476204888814575
55224,28.70275572222703
55225,31.834148186148315
55226,32.83113310891302
55227,35.0673690919639
55228,36.882800561306794
55229,39.403976949184674
55230,41.07605636348447
55231,43.54665293543356
55261,7.555763594962757
55262,10.408238058946278
55263,11.428282524122569
55264,13.133393743214782
55265,14.927448756613149
55266,16.592110087376053
55279,43.75076783750474
55280,48.386408463753504
55281,48.51201659884904
55282,51.65619964616154
55283,54.95689236561409
55284,56.97859455433481
55285,59.28399784969654
55286,60.784045932055434
55287,64.29687403283107
55288,64.56577118990103
55289,65.45717724081214
55290,67.38304077832105
55349,51.88502885817072
55350,53.12626515434042
55351,55.814402156076085
55352,57.32750664494951
55353,59.09859484597318
55354,59.84655995019618
55355,62.06316544594565
55356,64.57029914647374
55357,66.75908088785495
55358,66.1480436802108
55359,69.23669668020291
55360,70.11104335067239
55517,12.344694109998382
55518,14.662960009782523
55519,14.260244568210274
55520,15.057320487552705
55521,14.033670285997824
55522,14.810657306171308
55523,16.406925917868975
55524,20.051031691912556
55525,26.092732739082823
55548,25.23780077569491
55549,25.844564648839217
55550,29.290256818432546
55551,28.09290627683339
