Index,target
66,24.998841916226944
67,35.66956130193721
68,29.847335937443596
69,32.39917489597868
70,41.28360701071436
71,45.621733240224
72,40.82024345914444
73,42.606530730119
74,54.29798569924331
75,49.496495918163696
76,60.37979986799289
77,58.17274837718298
141,19.660235522399464
142,23.922846219107512
143,25.8488170337196
144,28.32078595526062
217,-0.10275479814333188
218,6.962074329422868
219,3.7788473302576957
220,10.230791911234256
221,4.633740791082925
222,7.483968796377166
223,10.555016962033822
224,17.376460381645572
225,18.516551583763274
226,16.825518573681112
227,27.35225840017536
228,29.632440804410706
229,26.865519232377846
230,29.366521796975665
231,31.710906841378044
232,33.70606644508398
233,34.7091950727234
234,43.365754114517586
235,45.822969429873865
236,41.83511948725662
237,45.029499397219766
238,56.6347168174415
239,58.354767538190885
240,57.58986040018379
241,56.82413291092992
242,65.4806919527241
243,67.93790726808038
244,67.91016472468019
423,22.18814241632123
424,24.198393046312336
425,33.41388140563743
426,33.50075601129049
427,35.73436782239176
428,38.861424357933515
429,39.978230263484136
430,41.98848089347524
431,44.80530164225386
432,44.52426052733375
433,48.01923278344864
434,53.29302652443861
447,36.838508941610186
448,45.552647823050464
449,45.37201109132466
450,51.38944213916302
519,29.13302129351747
520,38.65894054464056
521,34.60897028978308
522,42.540024611942286
554,5.290925468798424
555,9.500711882025815
556,14.013656824213504
557,21.94929661529869
558,23.936724798249536
559,8.367961759064237
560,13.808127742763112
561,13.594708494237862
562,17.153475652946305
563,18.811107368730347
585,63.2385709924106
586,64.5457905105451
587,63.078140642742554
588,67.37809946650314
589,69.12105882401578
590,71.0818881012175
591,70.26784799248223
592,67.04758135617243
593,68.79054071368506
594,75.71459598470922
595,80.45029464784797
596,83.5004735234951
606,7.123433508236724
607,15.432152408194838
608,17.49562600781941
609,16.8985243147222
610,17.440801506359612
611,21.254746358374096
612,22.02629839441422
613,28.042268850345025
614,29.188643072358687
615,30.56429213877506
616,27.070344971274288
617,28.904543726496136
618,29.39193078699119
619,31.097560082980756
620,39.869031831460866
621,44.646664262608844
622,45.243619696980005
623,48.59298097301021
624,54.136548579440976
625,56.3307549098416
626,63.52827774045542
638,52.59116456736112
639,52.97271778513634
640,57.035101911303215
641,64.06142562947943
713,71.4806803764543
714,74.41700016763197
715,70.26643909990815
716,77.21246611865357
717,74.32645400063265
718,82.53702996908096
719,84.68644962240573
720,82.92413261393159
721,89.70176214683009
722,92.09000620607979
723,88.65591835613088
724,95.6019453748763
731,13.656441012967036
732,19.313534122127432
733,18.314590485905995
734,23.697674802540543
735,24.717258496192372
736,27.259789105376225
737,29.92342555418297
738,31.643929785789364
739,30.644986149567927
740,37.047654159854304
741,39.78774208511253
742,42.2538212178449
759,33.11725210967042
760,35.417784346433095
761,38.40847625422454
762,39.76309208919298
763,36.775145184191345
770,18.654008582499642
771,15.823246676576554
772,19.452221352411406
773,23.118585806545653
774,26.936981621320776
775,23.101673842387086
776,22.679985428640926
777,25.52644062888158
778,30.605964824839717
779,33.193651370513024
780,35.263800607051664
781,57.955307530365154
782,55.26511312519912
783,57.41647360383314
784,59.08975397610405
785,61.24111445473804
786,69.42923008307986
787,70.86347040216921
788,66.26095557155071
789,74.68811125307408
790,70.56367652881872
791,81.01022930811996
792,75.58351764563139
822,42.4462802515513
823,43.40804003103059
824,44.44843512919987
825,46.23060709616924
826,49.698590756733594
839,27.904282583064422
840,31.67457888528572
841,34.2239793334895
842,36.77337978169326
843,36.09375542506588
844,40.59748045399892
845,40.17279614219187
846,47.53466603423342
847,49.5741863927964
848,47.05617735234206
849,53.1433470202817
850,52.324722515736205
911,2.2270319644201186
912,3.9933795460895545
913,5.5073917589490815
914,10.191811149861117
915,14.802700430158435
916,15.853141880155759
917,20.537561271067794
918,19.89050778111446
919,22.66619683802359
920,29.690487189943635
921,27.20823347660213
922,34.48485919733213
944,33.97503961590411
945,38.45103626427004
946,40.13956692654451
947,41.34566025674055
948,47.0454637755616
949,48.49277577179684
959,52.12208945715452
960,53.2200519121617
961,50.685473430565736
962,52.44221335857722
963,54.638138268591575
964,62.00375155221918
965,59.24958057962175
966,66.30855138324249
967,67.84569882025254
968,73.20296859329243
969,75.39889350330678
970,77.15563343131826
1097,-15.141192762840344
1098,-12.531861434508489
1099,-11.174976873559086
1100,-7.9394009311301845
1101,-5.441584192147148
1102,-6.165019960782754
1103,-0.2228790746718099
1133,43.550328006370194
1134,50.12407412587414
1135,51.14833665266602
1136,57.34218233985519
1137,61.90098752763269
1138,62.240716043473164
1139,33.74013829478709
1140,38.82238099961955
1141,41.93938446766369
1142,43.81129147458921
1143,46.208152166963714
1156,-5.093657696656948
1157,-2.3289782406944965
1158,0.43570121526792605
1159,5.772374333381356
1271,10.049585494024086
1272,8.610198641462793
1273,13.912443611013074
1274,17.97164524467557
1275,20.301662818396593
1276,17.9302689363469
1277,22.067505119036667
1278,24.164520935385582
1279,23.52231111327736
1280,30.087736628024913
1281,31.48574717225752
1282,34.74777177546697
1294,62.08405397251857
1295,64.53147664227828
1296,66.57446838796227
1297,68.21302920957054
1298,70.51139492346498
1299,76.15490594080329
1300,74.74643537069821
1301,76.12962222409594
1302,84.55696317504238
1303,87.77050774943359
1304,88.64294666641037
1305,91.96280825314683
1318,14.096692243337651
1319,12.77588602271005
1320,15.1115794586302
1321,28.098737959561007
1322,19.782966330470497
1323,22.378181259270644
1324,28.34717559551107
1325,29.904304552791142
1326,43.15098454660195
1327,35.87329888903152
1328,42.125013474379436
1329,44.46070691029956
1443,50.77609225825474
1444,51.739250440891276
1445,53.90635635182357
1446,51.97043588027142
1447,56.79583089973328
1448,58.481357719347265
1449,56.545437247795114
1450,62.345845646437944
1451,63.537938178189215
1452,63.769123617569356
1453,72.699796109781
1491,28.1880787702731
1492,42.20670086689982
1493,45.607142983495436
1494,47.51705215822537
1495,49.15411716513668
1496,52.97393551459652
1497,37.20469193083277
1498,38.39055765967172
1499,40.95524716064308
1500,41.270517286852034
1501,43.806137440324584
1502,44.31988630386646
1540,44.267448281787864
1541,46.73865082599153
1542,52.548189814674025
1543,55.84312654027891
1544,54.70141457953679
1545,60.51095356821923
1546,62.42821211481107
1547,61.29128803074664
1548,66.00251477756078
1549,67.9197733241526
1550,69.56724168695507
1551,70.07778596569307
1682,35.973117154002395
1683,41.301353740413006
1684,40.84462275133424
1685,47.16241398546465
1686,45.37362384978323
1687,47.504918484347485
1688,51.83488389738353
1689,56.220416182362655
1690,59.950181792850074
1691,57.362156169207054
1692,63.946359232658
1693,61.091921779694474
1788,11.798945179458808
1789,17.93024173136186
1790,19.95839589894664
1791,21.783464810931754
1792,23.405448467317143
1793,26.215775025752727
1794,28.823016328588587
1795,28.224565387324684
1796,29.788910169026206
1797,33.69977212327997
1798,35.0033927746979
1799,36.30701342611583
1823,14.9302689768483
1824,22.639918652846735
1825,24.63871671699447
1826,26.923057361734738
1827,29.636992821044945
1828,34.9182496183257
1829,38.0592180048436
1830,39.91652572237618
1831,40.54194601739613
1832,48.909836067359905
1833,47.10942537102446
1834,49.108223435172164
1835,5.699896949684229
1836,8.791755558775163
1837,10.644645022126214
1838,13.221193863035355
1839,19.28738752499974
1888,17.756624978613925
1889,19.560717058990488
1890,18.942977790356686
1891,24.972993300120148
1892,27.679131420684964
1893,31.28731558143809
1894,29.767530272616007
1895,36.09822779577558
1896,39.10504792973651
1897,39.99071872808316
1898,45.720052224450505
1899,43.59890288883626
1900,16.25490716045494
1901,28.043268330888594
1902,33.460857935471665
1903,34.54212957502713
1921,-2.1640179932680237
1922,0.008453818997219642
1923,3.888149245587833
1924,5.336463787098005
1925,6.5433925716898145
1926,10.870812880323479
1927,12.801898935670375
1928,15.21575650485398
1929,17.870999830955945
2057,21.42370944387054
2058,20.15503188173848
2059,25.957278054986435
2060,31.301821358873013
2061,33.11524880331936
2062,34.62643834035799
2063,30.431120733601162
2064,40.368958581104806
2065,41.97588714759593
2066,41.00944749287159
2067,44.334064474356595
2068,56.99204348852976
2139,45.18932223834999
2140,53.81282077722801
2141,57.28001398778878
2142,69.07443102221283
2218,16.03302240900519
2219,19.02210859249559
2220,21.19598945321588
2221,22.8640168031644
2222,25.03789766388469
2223,34.30000677136265
2224,31.5219235416372
2225,33.73342110676582
2226,41.90858978388365
2227,39.168123258566524
2255,23.445695992248226
2256,21.889462020488903
2257,27.493099255317098
2258,31.382959231552107
2259,33.00192053677965
2260,29.444614778217467
2261,32.68253738867256
2262,41.096727062917395
2263,37.80924818855979
2264,46.22343786280463
2265,47.84239916803217
2266,44.55492029367457
2271,26.128545226538858
2272,28.96186144538542
2273,32.12823124560972
2274,28.17837204768162
2287,22.920610120549537
2288,28.556126906076365
2289,30.113521624838818
2290,31.84396020124155
2336,21.812075028207705
2337,25.29848061229659
2338,29.874682338081037
2339,30.876729546838863
2340,33.433426975170725
2341,41.57556621312393
2342,37.617113676077416
2343,45.447293947011495
2344,46.449341155769325
2345,51.49039695943224
2346,53.11738623200707
2347,55.44165662139968
2413,4.578832309133431
2414,6.664276397781179
2415,7.060233483950202
2416,8.749720486428927
2417,11.252253392806239
2418,13.337697481453986
2419,14.171875116913071
2420,15.402009838541193
2437,36.220977326255465
2438,43.07631639815901
2439,50.004040749149596
2440,54.45183088149376
2479,40.132990588539485
2480,47.26707006623798
2481,49.289151957465194
2482,44.21748583186197
2483,58.21995959145296
2484,60.286433076216994
2485,62.89979204679248
2486,63.500947385849926
2487,63.04853485829703
2488,67.7215635112419
2489,69.24795531258913
2490,70.8552124674056
2491,74.06972677703853
2492,76.36580842677635
2493,80.8092289147474
2494,82.09920874872618
2535,54.45946618885562
2536,62.216502373648225
2537,62.05267780337146
2538,66.39165586880908
2539,78.30956104777069
2557,24.507669012045042
2558,23.034486224738952
2559,25.585635346491113
2560,28.136784468243274
2561,34.259542360448435
2562,39.55944883038278
2563,38.596495867427095
2564,50.13559559591219
2565,46.24994323268358
2566,48.545977442260536
2567,50.84201165183747
2568,56.39703303394704
2573,42.20776279754377
2574,45.63159323737725
2575,48.83263552411163
2576,49.410107942696094
2577,52.567184858635024
2578,55.7682271453694
2579,56.42529728443041
2580,57.41271365953201
2581,59.54674185068824
2582,63.237325814416245
2583,63.81479823300071
2584,66.48233347194602
2585,9.216410212312413
2586,11.218510969935979
2587,19.285552505466143
2588,14.452673732250974
2589,46.66457291209461
2590,49.58523794449431
2591,54.19450286748989
2592,56.74516599785774
2593,62.79352184931561
2594,46.52434845745081
2595,48.09429274594616
2596,52.470569203924576
2597,53.19179570872963
2598,55.26100347636789
2599,57.33021124400615
2600,58.93959506328032
2601,61.19927527432178
2602,64.42599186139003
2603,66.75660218546928
2604,68.36598600474348
2605,71.81466561747389
2606,-0.5582636321113048
2607,2.3883988435598242
2608,4.970564645403189
2609,8.657761847389878
2610,9.117776111178717
2632,38.76763334600499
2633,42.727239030903505
2634,48.80015147699439
2635,52.84010363360852
2636,22.814748524606173
2637,28.210781899243884
2638,31.515234085001353
2639,37.423060727897635
2640,44.07637321525867
2641,43.9325804803469
2642,53.03275540978315
2643,54.056341946300265
2644,53.26644798598939
2645,60.19786116540273
2646,58.7745852598446
2647,60.94334700986751
2672,-1.8577767241114262
2673,2.9464076698283783
2674,5.350532638118583
2675,5.482363135849451
2676,10.693032567652356
2677,12.299848089153107
2678,17.10403248309291
2679,21.645157423196626
2680,23.51503239853344
2830,-35.848568971547955
2831,-34.55602181255171
2832,-33.41079294575428
2833,-32.01777807387219
2834,-32.73136266193913
2903,-1.8040039265427819
2904,1.3132646887337618
2905,2.3523542271592763
2906,4.846169119380514
2955,29.459027246518634
2956,36.62201898201175
2957,34.59864872570968
2958,40.55231776021668
2959,43.87795518792856
2960,40.94759290588688
2961,44.84281241871189
2962,51.494087274135595
2963,53.912732676107865
2964,17.78247110879066
2965,19.58008659885985
2966,19.51783379418743
2967,23.24894528763015
2968,25.407097457495027
2969,27.78106484434639
2970,32.9606300520221
2971,38.716547156479976
2972,43.10394525038703
2973,47.20443437313028
2974,47.78962721941731
2975,51.08910827888708
3006,89.12628267556639
3007,96.41951151496848
3008,97.31637217552617
3009,95.13947919158934
3010,101.61151254411399
3011,99.64937657860654
3012,106.12140993113118
3013,109.09017560230258
3014,109.77227924443082
3031,35.2573275766409
3032,38.77345736305693
3033,44.24299258637077
3034,42.95685392625548
3035,49.74488271032013
3036,55.6050990210135
3037,54.677286547642254
3038,57.80273524667872
3167,-63.816014092876884
3168,-66.49487937215294
3169,-60.154405289967116
3170,-58.56240146261503
3175,31.393508849596977
3176,33.203490578670774
3177,33.08227957010243
3178,40.11895133820951
3179,41.47769276872237
3180,44.25605243323531
3181,42.64932585234959
3182,51.303307869408634
3183,51.69923449771852
3184,55.69897778287356
3185,56.35347322962255
3186,60.870354151655796
3192,32.18735864515157
3193,35.93608270006501
3194,38.78607848112136
3195,42.77607257460027
3196,43.01734261316569
3197,10.675668329292472
3198,11.571785268031643
3199,16.501687523390128
3200,22.48395522905963
3201,40.00360093491313
3202,44.47850058299453
3203,47.08247445892221
3204,50.5419152984864
3293,47.43817308341795
3294,46.84194153503428
3295,53.366446920930684
3296,49.002084529486375
3297,11.293457925919167
3298,12.44011054558322
3299,9.726249778633232
3300,15.421407356709775
3301,17.088315110326533
3302,19.549356787500397
3303,19.840281397520272
3304,19.35813178381133
3305,25.28261988582069
3306,26.032205543706198
3307,27.866849735168685
3308,29.701493926631187
3309,27.685101068733907
3310,28.976698410369572
3311,34.82973476573503
3312,44.27545141455531
3313,47.47024053735246
3334,23.301510454762095
3335,21.8954787982529
3336,30.37502177303041
3337,29.958357052062496
3338,29.853179031304766
3339,36.26961453825403
3340,34.96876090250257
3341,36.33723107305073
3342,38.10560890261783
3343,45.17912022088615
3344,48.71587588002032
3345,5.9276917531612074
3346,6.84137252925782
3347,7.9073334347038955
3348,8.516453952101637
3361,0.4532627910588687
3362,6.6140580733471985
3363,3.374310525331616
3364,15.653921886499887
3393,16.77993482781607
3394,15.503513517865198
3395,23.362343023814553
3396,26.82676839012955
3425,46.60420508705477
3426,49.005299878772924
3427,50.082519564021915
3428,55.675007633545626
3429,55.95186238822189
3430,61.45573641758007
3431,67.85865586216188
3432,69.54799976347287
3472,24.75721398958391
3473,26.075114378346676
3474,31.553852732618395
3475,30.51259008420508
3476,31.830490472967817
3477,38.837035283810984
3478,40.83890522976616
3479,42.34030768923255
3480,47.2782508815798
3481,51.82278593541466
3482,51.031757030245764
3483,52.599891162252895
3521,16.735307755121106
3522,18.166859785182332
3523,24.094046690028033
3524,24.966731927973306
3583,33.743216199238844
3584,42.05852900453558
3585,37.79184256560194
3586,39.56311660088579
3587,47.878429406182526
3588,49.90274258936409
3589,53.09606103920776
3590,57.528896101622024
3591,65.59116975902108
3592,61.8305616158828
3593,70.39891356907725
3594,10.953826295595679
3595,15.949255128137228
3596,15.835761855786172
3597,25.27405561554811
3598,29.603427270417473
3599,25.955135727042958
3600,24.94022905932202
3601,30.056012072338795
3602,33.47547950107911
3603,32.209894707556984
3604,37.235651388097196
3605,39.83245897858583
3606,41.2343072364004
3607,46.009385791139394
3608,48.10483713002562
3609,50.11026213643526
3610,51.36365276544128
3644,19.23442997543978
3645,21.46370044546694
3646,23.135653297987318
3647,22.397173110648474
3648,25.448752779343987
3649,26.855714050702822
3650,28.79265848438477
3651,31.02192895441193
3652,33.25119942443915
3653,37.904570161917405
3654,44.13256019341349
3655,46.905481053355615
3812,34.904845740389476
3813,38.22921439188855
3814,41.55358304338765
3815,42.669431869812875
3816,51.52668899788492
3817,54.85878359197624
3818,73.65173792123684
3819,78.41934919804659
3820,78.2669510367154
3821,79.80535540854157
3822,82.22333672577203
3823,84.20128520383427
3824,86.55091516341356
3825,89.62772390706594
3826,91.453274223797
3827,95.18939912680344
3828,96.72780349862964
3829,100.17678245673123
3886,55.94562363857919
3887,58.87344043926929
3888,62.5666806473398
3889,66.9610594324863
4051,-0.25771671227106285
4052,-1.8558556680061908
4053,-3.543012321079319
4054,3.708809707954571
4055,5.331479607137765
4056,3.733340651402637
4057,7.4950394727153755
4058,6.257493827909849
4059,10.920675926546593
4060,7.094490351343934
4061,14.34631238037781
4062,15.788685624096217
4128,12.919932687146222
4129,15.60728473184954
4130,17.100258090018052
4131,17.02673060871961
4132,21.554812104867892
4133,25.46090889576177
4134,28.148260940465086
4135,31.40843626878012
4136,33.82155970150546
4137,36.484545686553076
4176,6.145666011341777
4177,6.704674440432666
4178,11.617699662262044
4179,14.267304412666807
4201,41.180311466247815
4202,38.220942749258896
4203,47.123019213832464
4204,51.18908240954826
4205,53.37850105339524
4206,50.10635824442819
4207,52.921325072231426
4228,52.4509192749926
4229,54.25910332667303
4230,56.519333391273534
4231,59.231609468794176
4232,63.05938665120052
4239,15.45664938936687
4240,19.844147946213127
4241,22.276425767006486
4242,27.24223624063976
4249,17.27132763209794
4250,21.24516969485873
4251,26.855292606402358
4252,29.078213291016468
4253,25.496134165170165
4254,32.85717845486046
4255,30.359144501776584
4256,35.96926741332021
4257,37.96989602947292
4258,39.97052464562563
4259,36.388445519779324
4260,41.69603999330856
4270,55.45858988760211
4271,58.14502723730578
4272,62.19202163005274
4273,63.4569108161357
4274,48.29552788280617
4275,44.95707242838131
4276,50.408014281668414
4277,47.378273888600404
4278,48.830994764731884
4279,51.736436516994814
4280,55.61035885334536
4281,57.78944016754255
4282,64.20886260491727
4283,67.90725971058083
4284,68.56702523331168
4285,66.74788557035322
4323,11.271594511228354
4324,9.260628971859976
4325,11.5493830328892
4326,14.855361121042524
4327,27.038566931651854
4328,23.501765351597346
4329,31.10746304014823
4330,29.85941552112293
4331,32.65678159571421
4332,40.51678529104613
4333,42.226254002966336
4362,18.309226092881126
4363,19.229307697425718
4364,24.725731385591796
4365,21.222817840605664
4366,31.413984353728118
4367,-4.6485684880297296
4368,-3.415354162413598
4369,-1.1250989862693412
4370,2.448920916668496
4371,4.9153495679007735
4399,16.99467537845299
4400,21.368264707518236
4401,28.712627793645723
4402,46.038293037229856
4403,51.713482694692026
4425,50.11213790438142
4426,52.6567645666623
4427,55.64487120950067
4428,56.99061325249291
4429,57.96229982183615
4430,61.17979750561317
4431,62.97412022960281
4432,65.7379365319425
4433,66.93391344178445
4434,69.17681684677152
4435,72.01806606590628
4484,17.86167746831283
4485,23.149227644298612
4486,27.41571627781739
4487,31.535093086195836
4545,16.187888540035637
4546,18.155183577388648
4547,20.614302374079962
4548,28.72939440316126
4549,41.2333661075047
4550,42.9547492651886
4551,35.12310327455862
4552,46.643427460225546
4553,38.56586958992643
4554,51.14529413499825
4555,54.833972330035195
4561,-50.255390712267875
4562,-47.1751639245484
4563,-40.69671700549605
4564,-46.20523175159763
4698,25.3640489460717
4699,23.947537692620948
4700,27.453983002967668
4701,28.622798106416575
4702,32.84446560814474
4703,33.77951769090385
4704,36.58467393918125
4705,35.40192570642025
4706,37.73955591331809
4707,44.29885362194404
4708,43.583631430562626
4785,17.976643409280896
4786,23.99088910678681
4787,27.872461114575746
4788,32.34400813110058
4828,20.901597236231186
4829,27.381140678633056
4830,27.103703443635986
4831,32.42747447246922
4832,35.099062951558984
4837,30.548181333610565
4838,32.24963499579307
4839,36.08334490630098
4840,62.1208309944216
4891,16.11188182341862
4892,22.824433575030184
4893,24.710279346145327
4894,24.05760170190002
4956,48.25707124838874
4957,57.063112498113185
4958,60.40490381556586
4959,65.92468711603678
4997,20.01295695034133
4998,22.272874971449784
4999,24.226725259465436
5000,30.88153389530414
5001,27.013364319214407
5002,35.88538376238899
5003,33.334016782900584
5004,34.76114603227569
5005,37.92147226411876
5006,45.629722977238494
5007,47.99996765112079
5008,51.68701492160441
5045,-0.38928311679319094
5046,6.2167223594535255
5047,0.7208011724373691
5048,13.976268432698829
5085,15.752396304856166
5086,17.341918984705206
5087,14.53676470699001
5088,24.494771044025885
5089,17.722213986576644
5090,26.98802569914083
5091,28.842468825631396
5092,30.96183239876343
5093,37.210952482818236
5094,34.67071865174451
5095,35.730400438310554
5096,37.849764011442616
5097,22.19098669314343
5098,27.132376629600557
5099,26.9302845434986
5100,30.055434424407014
5101,32.721289465231834
5102,35.09093839040942
5103,38.05299954688142
5104,41.311266819000636
5257,5.094019924079959
5258,4.404471917163973
5259,10.013899335444506
5260,12.618541376755132
5261,15.247275955635128
5262,17.27310865443226
5263,15.691254096176735
5264,20.43246750068701
5265,23.3265142132544
5266,23.794584891365375
5267,29.69341698090264
5268,33.19036557355281
5372,40.121026992374546
5373,40.05859890142452
5374,43.009843149875394
5375,47.09669521598577
5376,53.89184606239132
5377,49.18062657845459
5378,51.05869110019606
5379,59.794334559293134
5380,57.49776946045259
5381,66.23341291954961
5382,68.64806730464582
5383,65.81491234245055
5419,20.019930170116623
5420,21.987568419843143
5421,25.241121746277315
5422,26.993035075895733
5423,28.357888956772836
5424,31.247681733540446
5425,40.371008931299066
5426,42.37319559372009
5427,45.87702225295693
5428,49.26736169532978
5429,51.519821690553414
5438,45.87710705075792
5439,45.58670324588004
5440,48.52899454315098
5441,56.01166596358001
5454,-77.02425029485978
5455,-76.1894850659643
5456,-74.23633491842205
5457,-71.94605991124986
5458,82.08983692984785
5459,91.03246105932996
5460,99.00659706948252
5461,99.25597049409396
5494,29.49802983968735
5495,34.04229821628405
5496,36.20384588846907
5497,41.50784326419648
5498,43.23995748143294
5499,50.08984748763422
5500,53.26118281576135
5501,53.48581007999742
5629,12.56552001796041
5630,11.136191989016968
5631,13.666024797831886
5632,15.750763336276924
5633,41.86238733523393
5634,41.1047672331521
5635,45.449461722695986
5636,46.3462303195615
5637,46.261186665128804
5638,50.38168900545631
5639,52.175226199187364
5640,51.417606097105505
5641,56.210684885082145
5642,57.555837780380415
5643,58.90099067567871
5644,60.47033572019333
5645,7.910584946771867
5646,8.834555189219845
5647,11.298475835747713
5648,14.68636672472353
5649,13.342188168736522
5650,18.88600962342425
5651,23.47840204685547
5652,27.62195011899492
5653,27.1742830166473
5666,51.3812622738257
5667,53.31667729331703
5668,61.363037511059915
5669,62.330745020805594
5670,58.699306140946284
5671,61.36050179274688
5672,70.79818573108012
5673,73.45938138288066
5674,70.06986938045779
5675,74.60624250772155
5676,79.74948019622745
5677,79.9888713553508
5732,7.886217669908724
5733,18.657675941765888
5734,11.284810046123603
5735,18.324751396854403
5736,29.581722865313694
5737,23.42263996117672
5738,33.44753121214246
5739,28.277771927197968
5740,39.03093297306689
5741,42.205065976968925
5742,44.147118763377435
5743,46.33192814808699
5863,72.28150686239866
5864,76.65533126699025
5865,76.96150758965817
5866,80.40992917816519
5867,82.62677162791971
5868,84.59729824992371
5869,88.71452513134895
5870,90.19242009785194
5871,90.50887811593572
5872,93.88715751410948
5873,95.11873665286197
5874,97.58189493036699
5907,26.930548889611654
5908,32.387052926634546
5909,28.011093586933434
5910,36.137762744192486
5911,39.29452178004877
5912,46.06634208201178
5913,48.17084810591599
5914,50.80148063579623
5915,53.432113165676476
5916,46.95164780207116
5917,49.319217078963355
5918,55.86750671829424
5940,31.902160762242488
5941,34.02364047358923
5942,35.31099956408998
5943,37.43247927543674
5944,14.624274856743336
5945,17.96517319937876
5946,21.937712991838296
5947,26.997971032935894
5948,29.731433313273968
5949,34.36594688140715
5950,32.871562113190535
5951,38.3142812863399
5952,42.56633372242134
5953,44.69235994046206
5954,46.43592502645102
5955,49.776823369086415
5980,34.14886552009128
5981,37.67415211323558
5982,40.6841230336577
5983,44.99590119130451
5984,48.25001189266848
5985,38.10844015578796
5986,37.8267222090925
5987,40.74978986396232
5988,41.628667107809314
5989,45.05866074917472
5990,45.937537993021714
5991,49.36753163438709
5992,50.246408878234085
5993,53.169476533103904
5994,55.45064347233398
5995,61.68049852783214
5996,64.21512846031
6001,24.74601509706747
6002,23.801084280569967
6003,28.52675655271895
6004,35.48617935195159
6005,47.9578907242135
6006,52.0803262073745
6007,66.11154899165447
6008,71.13991097650215
6021,47.12008316347226
6022,48.3692441118995
6023,59.03226792344009
6024,61.358805784560616
6025,64.65500913974306
6026,67.24005120765473
6027,69.56658906877526
6028,71.63462272310458
6029,73.18564796385157
6030,75.03853749691834
6031,77.58021947930142
6032,78.42008343277763
6122,40.83543744135255
6123,44.36994754115712
6124,46.77718845905183
6125,46.07992563140307
6261,31.665414038715586
6262,38.453263130001915
6263,33.97869586473047
6264,43.157595254663306
6265,38.421676204688424
6266,42.380837211555345
6267,49.16868630284171
6268,46.03976219740308
6269,44.95547082227364
6270,46.523581530494084
6271,55.70248092042692
6272,58.315998767461025
6313,38.57204943472787
6314,40.036740354604476
6315,41.98966158110663
6316,42.17223808376697
6317,45.101619923520175
6318,48.86464850745702
6319,51.99838286693013
6320,53.15741998284152
6321,4.636103309202126
6322,6.695596348691594
6323,12.40013205747257
6324,12.054659894023755
6325,14.114152933513195
6326,18.578611175940885
6327,20.89554084536649
6328,21.064941941790035
6329,26.301710074026282
6330,27.75829432013074
6331,30.379766302820144
6332,37.11404853134584
6348,-5.399406400219016
6349,-2.8808000023738263
6350,2.272416365566907
6351,1.8415869935858975
6352,4.045367591700446
6353,11.717190357486356
6354,8.27482735217281
6355,13.490141583619893
6356,13.31204014786319
6357,16.14547234543902
6388,23.505303176546704
6389,21.81559424264393
6390,23.52503192768643
6391,28.87782161525172
6392,27.92072883208144
6393,32.61214319008124
6394,35.959777738999236
6395,38.401831574774235
6396,39.44989393025128
6397,41.82070694485924
6398,43.11297468391379
6399,44.334001601801276
6462,22.6924510590621
6463,34.23781493751961
6464,46.47420347768008
6465,46.33152711840403
6486,19.466407916954363
6487,20.30978714902789
6488,23.07549383063357
6489,18.1762471045651
6490,19.282529777207394
6491,29.71318986648719
6492,25.64365514490043
6493,36.61378934290953
6494,36.429911203162554
6495,45.754288619800086
6496,47.96685396508462
6497,50.71889341909845
6538,-22.702378658871925
6539,-20.983068292815293
6540,-16.016171679762824
6541,-14.105826828588793
6558,34.77278930442209
6559,35.275741654696596
6560,37.749385440281294
6561,39.608594603336314
6562,12.562043395801048
6563,15.122062778538883
6564,29.8015437771031
6565,33.129568974662284
6566,29.822568043171593
6567,31.10257773454051
6568,39.27361549323309
6569,35.71061262346864
6570,44.39365425870873
6571,44.670680463051035
6572,46.71869596924133
6573,55.14573566620766
6574,30.37606115524657
6575,35.99688303867322
6576,39.344349232716866
6577,42.4146843277265
6578,47.283726064517204
6579,38.14785573733488
6580,39.98842436788034
6581,45.77333730136003
6582,47.70317903411316
6603,20.84534969175509
6604,19.437788170037443
6605,23.603721017877774
6606,25.301180295491733
6607,23.87151567749768
6608,28.696098850719608
6609,30.60574053803532
6610,32.72756463505276
6611,34.42502391266669
6612,33.419724114076146
6613,38.668672106701564
6614,39.595117091703095
6643,19.316604297719955
6644,25.875174959714446
6645,28.584396851021282
6646,28.6226731735132
6647,30.30663632913978
6648,32.07922087690993
6649,34.34529663127425
6650,35.4531619736306
6651,38.11203879528581
6652,41.21406175388351
6653,44.75923084942379
6654,45.68379944580074
6663,31.205663671768615
6664,32.95809356309227
6665,32.09492699745515
6666,36.97807915481683
6667,35.599786780102434
6668,40.405920601217794
6669,41.797261355956884
6670,43.47267291103416
6671,44.64495992935783
6672,46.61644355709691
6673,45.457204918797984
6674,50.559410812575116
6675,-0.09831532623644623
6676,-0.7097691216027195
6677,6.279581776940247
6678,5.008345522624665
6753,62.580297087261215
6754,69.64002858645594
6755,70.27671630155197
6756,73.30526359425306
6757,40.579946387623735
6758,41.58617963313013
6759,46.91706669668905
6760,47.92329994219547
6768,63.88554903252141
6769,70.44053899875895
6770,69.57430254480612
6771,75.05240506215901
6772,76.24387562817437
6773,82.79886559441188
6774,85.64525642986152
6775,87.41073165781194
6776,83.69810436840946
6777,89.96086254262923
6778,91.92250168479634
6779,88.4060383096106
6788,11.564079260724071
6789,13.540709976544008
6790,11.903251526355351
6791,13.032754792538189
6792,14.727009691812416
6793,20.317729573640946
6794,16.22267100347963
6795,23.48066000472932
6796,26.022042353640646
6797,26.67057621567073
6798,34.71889621747195
6799,37.542654382929015
6842,34.130855375622616
6843,36.184756062675405
6844,48.11057323029122
6845,41.984749437685636
6846,45.065600468264805
6895,29.108491010582156
6896,34.39806417746584
6897,40.9453354157857
6898,45.05944787891746
6899,60.499447552118
6900,59.12942131166122
6901,60.36865578604505
6902,64.63022913339739
6903,66.11859521012991
6904,64.49943736732445
6905,67.59752355328399
6906,73.34746297736885
6907,75.37026124472382
6908,76.40295664004367
6909,76.85862732145631
6910,76.06562579490671
6956,14.130027725886952
6957,17.59622253598014
6958,19.99589586604464
6959,21.06241734607331
6960,22.928829936123485
6961,29.93228077259222
6962,27.194915856238175
6963,34.27481816915837
6972,20.81416940474298
6973,26.445273489813932
6974,28.712672539257657
6975,28.75006607779596
6976,32.168283867774875
6977,32.434589533142
6978,36.986506847842776
6979,37.536237394390355
6980,40.65391108737546
6981,44.922403520895756
6982,47.70213957834872
6983,49.74062650096366
7052,23.407204841164667
7053,26.556103880812582
7054,23.45711584359982
7055,34.69181862676053
7084,-10.289766414688017
7085,-9.4472229989074
7086,-4.174750365503953
7087,-4.938418962506127
7088,5.080163182898674
7089,8.402439841299639
7090,10.830420913718015
7091,10.961047902698418
7092,14.627308523319115
7093,16.52575232811965
7094,17.949585181720053
7095,18.606575292102548
7096,18.28109223002601
7097,29.19379827389389
7098,29.104561037845563
7099,42.181960843277295
7100,48.676042127969026
7101,36.226738003164506
7102,37.35977028970664
7103,39.6258348627909
7104,44.034614315307635
7121,20.49565417945781
7122,21.419770301328906
7123,35.377560030686034
7124,38.42766270273255
7134,42.240856186444525
7135,44.95799569979289
7136,46.984918375034944
7137,48.88254325047112
7199,31.31434869236184
7200,36.21148127725607
7201,39.54111199316551
7202,42.64482650272159
7203,44.746696178535245
7204,47.559041142852
7205,50.971207252883566
7206,54.801041665149505
7207,56.126982713574165
7208,58.1633990505019
7209,60.00662585051924
7210,61.267113560057986
7279,-4.1083200556297825
7280,7.273096181019227
7281,9.667856725134675
7282,6.134419189884689
7287,22.230412151085318
7288,27.78800631867872
7289,29.1865782906402
7290,34.7441724582336
7291,37.76101763595179
7292,38.86634498537719
7293,40.927431248949
7294,42.98851751252081
7295,45.56487534198558
7296,49.35462786854322
7297,49.94468365207569
7298,52.37379875582303
7371,-0.15766644804338714
7372,-3.3750063615930666
7373,4.333003867484334
7374,7.100707662418073
7375,4.117508849205861
7376,12.720094070517263
7377,15.10349448300779
7378,11.375882959667322
7379,18.339480478616466
7380,19.74432708064124
7381,16.526987167091576
7382,24.00085629583152
7510,45.13360929666926
7511,49.229264129516665
7512,54.154912736282476
7513,57.66547402158023
7514,58.66138238085665
7551,-58.41913218266255
7552,-54.23836731790176
7553,-52.35702312875941
7554,-48.84294117710633
7590,25.58942488414353
7591,27.711423331358816
7592,29.01276045814066
7593,32.1359695624171
7594,56.77808639218924
7595,53.79025798910293
7596,59.77478303504671
7597,60.23856163990861
7629,27.332893110718967
7630,30.86274327875794
7631,28.224688688914163
7632,35.614971909655885
7633,33.293732561871984
7634,41.58957900341284
7639,33.813781410127675
7640,39.008782777618066
7641,42.04037882121177
7642,46.33321957511336
7643,59.236138103069635
7644,61.16973706153337
7645,63.386874671336805
7646,65.58939182373624
7647,67.5229907822
7648,15.693359774686495
7649,16.951100606844406
7650,18.643963254202262
7651,21.11484420231552
7652,23.19032292727128
7653,26.19343214438909
7654,28.8011391383494
7655,32.13831120616281
7656,34.556686416674026
7657,36.73322410613413
7658,38.42608675349196
7659,40.167502627752114
7690,-20.84628220829048
7691,-20.79639527209766
7692,-15.413790647585145
7693,-13.610699227858792
7694,-10.858053215461496
7695,-8.714176776815066
7696,-5.571162582934707
7697,-3.086501125368202
7698,-0.9426246867217722
7699,1.3964358426661763
7700,3.054230107843818
7701,7.07399843030586
7734,15.567929647933866
7735,10.425190397632715
7736,18.243789803479977
7737,24.366084521237426
7738,20.166004721647365
7739,23.62242270758804
7740,32.38368156414639
7749,-8.587077337467473
7750,-11.719025425329693
7751,-9.551819808044758
7752,-3.048662982183796
7753,-0.881457364898889
7754,6.2977063364119585
7783,18.58523595222505
7784,20.35436409624531
7785,19.26109875472673
7786,27.430876672326324
7787,27.623662764787696
7788,22.724158053384436
7789,24.311970248685917
7790,26.29673549281278
7791,28.281500736939613
7810,48.23557043879076
7811,49.779082362321205
7812,51.123875228923275
7813,54.743321596619204
7814,57.05858948191487
7815,58.58418285932054
7816,61.86992576330992
7817,64.75823055344244
7818,68.04397345743182
7842,28.502311853177115
7843,34.15527980141291
7844,36.905999494461575
7845,39.161350663740684
7878,41.66486948327374
7879,49.801382107642944
7880,44.759730491405115
7881,52.89624311577432
7882,47.85459149953643
7883,48.7388375018597
7884,58.13915251314709
7885,61.234013521278435
7886,62.844010641910835
7887,66.09736653405628
7888,68.14948665585028
7889,70.5185965456725
7895,43.04542490944159
7896,37.100564717564886
7897,48.13984748134011
7898,41.215290641021376
7899,50.334527894903786
7912,5.332516979915406
7913,8.31669319675884
7914,10.463117946775577
7915,13.163434245123037
7916,19.10413010148745
7917,20.738148169157164
7918,25.04482595785189
7919,27.03011930449698
7920,30.729318473042774
7921,32.61953988188602
7922,34.77979292056397
7923,38.00634418991971
7957,33.729428938073035
7958,37.71317619995946
7959,33.14341954370049
7960,36.43547030329246
7961,43.93478629280819
7962,46.897631976440984
7963,44.66559720227242
7964,54.798553799461764
7965,52.566519025293175
7966,56.187774860844385
7967,58.49221039255873
7968,57.20576886709135
7969,59.545220840807524
7970,61.11160110004918
7971,61.90490964481636
7972,64.41840386955938
7973,50.281708064178986
7974,54.34852962175577
7975,58.45299864851192
7976,62.01146751139156
7983,52.42961458802789
7984,54.315286498079764
7985,57.06621437349197
7986,58.55291061474027
8027,52.525673389310604
8028,57.538701228573814
8029,58.512878323929215
8030,59.99906733195647
8031,61.909881770848614
8032,63.82069620974073
8033,65.7315106486329
8034,66.58076151036275
8035,70.06515143908896
8036,71.0393285344444
8037,72.95014297333657
8038,76.00990747119789
8101,62.00799416677841
8102,65.47648968844275
8103,67.90273637216478
8104,70.75914444882957
8105,8.53586690471348
8106,14.081303006150247
8107,15.968054017822976
8108,20.29413743829221
8126,45.20420726486637
8127,49.26203066907138
8128,53.94413459700016
8129,65.21470913393105
8139,17.55950147872403
8140,16.345956201067374
8141,17.81306690333883
8142,19.830344118962067
8143,22.21439901015318
8144,25.811999179000964
8145,27.462498719056356
8146,10.245792773394133
8147,11.066637454077014
8148,14.1448050066378
8149,15.786494368003535
8150,35.07549414083434
8151,35.738379393834805
8152,37.80146683250166
8153,39.397492416776686
8154,41.689811793073176
8162,34.97322068240438
8163,37.49585545566793
8164,36.35383360688283
8165,38.51023594888392
8166,40.18743777044031
8167,44.07803057085339
8168,46.12146482367222
8169,45.45864349533181
8170,49.23626820656266
8171,51.87187106900844
8172,53.54907289056484
8173,55.94507549278827
8203,21.79729448320566
8204,23.16044964304963
8205,27.490186322868652
8206,31.556537636913646
8207,31.835332446345646
8208,39.15476481162666
8209,41.754519792245794
8210,43.92324049306979
8211,46.905231456702815
8212,49.88722242033581
8213,50.70049268314481
8214,56.49682569638969
8215,10.160323163259843
8216,17.181623384117557
8217,17.98228334879225
8218,21.67359718226845
8219,30.997552206927878
8220,28.86939344414881
8221,28.919893666850427
8222,32.0355437993762
8223,34.338198603177915
8224,34.676530676354716
8225,36.97918548015643
8226,45.38914473068863
8305,13.44604690174242
8306,15.542700938267757
8307,17.639354974793093
8308,19.503047451704475
8309,22.546372172156254
8310,23.69635552475515
8343,9.010483614074332
8344,10.037308521415387
8345,11.90007403405524
8346,13.491522298354583
8468,36.96137000360618
8469,40.91862810488733
8470,45.44986502707623
8471,47.640210654757865
8472,39.07744922397482
8473,42.85995806659348
8474,36.22218127212443
8475,48.4711589752183
8476,48.963850824885164
8477,46.91018300283832
8478,55.109451820045656
8479,60.76236096553926
8480,54.92618430087373
8481,64.77036161455699
8482,66.90796196069978
8483,60.537385209498524
8536,27.376789803755692
8537,31.96991650000212
8538,34.93179967408571
8539,40.29495863694877
8540,5.437692631275686
8541,8.20024531100961
8542,9.427647596131399
8543,10.923880707952284
8544,13.187689017079236
8545,14.09376492467656
8546,16.429527426024492
8547,17.925760537845377
8548,19.829325186656614
8549,23.0711635956019
8550,26.65378702346723
8551,28.557351672278468
8564,15.704273794156279
8565,22.166119023031783
8566,24.97263656961205
8567,26.656547097560193
8568,32.830885700036774
8569,38.44392079319728
8570,40.40162820406255
8571,42.366190486668756
8572,49.38933922486031
8573,47.417922070513214
8574,55.8443295819949
8575,55.981771186006775
8604,12.560401997898008
8605,18.70881995846646
8606,18.05378296543305
8607,20.558693986405366
8624,6.7764727068704405
8625,3.624915620694707
8626,7.807680727204306
8627,12.829081028174276
8677,44.10351923643975
8678,46.591874375541245
8679,48.56206328522064
8680,50.09443243719347
8681,52.064621346872805
8682,53.07882426942351
8683,57.42676953543611
8684,56.36247245222245
8685,57.45702184648874
8686,59.20830087731488
8687,64.21297577988722
8688,62.9297688178203
8732,42.91421439242541
8733,45.652764520802066
8734,49.78216964814247
8735,52.91172154282846
8768,26.21785302992565
8769,24.58615489382297
8770,25.82716920867987
8771,28.72286927667927
8772,34.51426941267807
8773,34.785429401933186
8774,36.853786593361335
8775,-27.3461942422306
8776,-25.759911283164897
8777,-25.557606166396834
8778,-23.97132320733114
8840,53.17088264564426
8841,57.08026672577081
8842,58.8255089092442
8843,61.01391977870988
8844,63.00501527799198
8845,65.93098609488375
8846,67.2156578429673
8847,73.30658556914456
8848,74.78170546399674
8849,73.11613742237593
8850,74.8371106330368
8851,80.95230733202662
8852,30.039296052135203
8853,33.05318143809027
8854,53.044462971803675
8855,55.986342881553554
8868,58.24034649230756
8869,60.27415222638816
8870,61.63002271577519
8871,68.9302880600631
8872,70.73811537924584
8873,72.02502980107596
8874,75.79656328725791
8875,76.61355416658978
8876,79.63819634052122
8877,81.67200207460182
8878,81.5161232267854
8879,84.07084185821859
8898,17.002535694740068
8899,29.071994237098092
8900,30.78537527373365
8901,23.07635259885769
8902,35.14581114121571
8903,37.39537295755556
8904,37.75901690438721
8905,39.783622539093074
8906,41.80822817379894
8907,43.83283380850483
8908,45.857439443210694
8965,-0.5410544603403729
8966,3.1085329488592954
8967,3.7735568601264653
8968,4.0916915491276304
9070,51.624442504873414
9071,49.014617805531344
9072,43.83490274073101
9073,56.326176927728326
9074,47.31009774892813
9087,47.2417246691101
9088,51.74989363842576
9089,52.07507438665988
9090,54.39774516934361
9091,45.21201446974053
9092,46.8045925503316
9093,47.30644064231935
9094,48.699946462836515
9095,51.184182271957106
9096,51.486958103870926
9097,57.71650866737385
9155,32.47517527202875
9156,31.785104659384842
9157,36.28194196107323
9158,33.678901890139855
9159,39.62697484177184
9160,46.036781601749695
9161,43.90958736694688
9162,45.81297071146912
9163,53.650314979838626
9164,54.83992957016504
9165,61.739694194058174
9166,58.66080828699424
9167,32.82945585836108
9168,38.48790700948325
9169,38.75982588187525
9170,41.725010893632394
9171,45.077207035610144
9172,50.678112057818026
9173,52.59735593674173
9195,24.43607221775588
9196,27.436939092869522
9197,29.97613414104262
9198,31.241454710605915
9282,41.033163487108546
9283,42.572285353614156
9284,48.472252508552266
9285,47.97093599352387
9286,49.51005786002945
9287,55.39830090782747
9288,55.41002501496759
9313,18.74225296956194
9314,21.0818985774388
9315,22.958043977534377
9316,26.021150416289963
9359,37.66581837099558
9360,39.7856684422527
9361,44.68569401673188
9362,46.15328252760221
9363,39.12400449281622
9364,41.92685380702721
9365,52.44674975648859
9366,66.57693412705022
9367,70.72470041608192
9368,31.033113838033408
9369,32.40580845113263
9370,35.73337938636198
9371,37.467091059922375
9372,40.18767130920819
9373,41.17900099562757
9374,43.78899892062853
9375,45.63329291847378
9376,47.86043887989691
9377,49.975515480137176
9378,50.829966828461004
9379,54.045468402507545
9380,59.03730708689649
9381,60.95947119494765
9382,64.24993402435159
9383,64.16307804169956
9384,66.08524214975075
9385,70.01642634850505
9386,71.44888615731942
9387,70.99743931477035
9388,75.9339357427721
9389,78.71039500995708
9390,79.96753848567575
9391,81.46255501415995
9392,36.70277022328412
9393,38.50623980579559
9394,32.00645959225434
9395,39.70565404925716
9396,35.16253136164939
9397,43.98889430772189
9398,45.79236389023336
9399,47.144966077116976
9400,50.07560414869812
9401,54.962899746212855
9402,47.335951043601874
9403,58.11897151560791
9502,31.99484007846443
9503,32.52841258408181
9504,35.81495932134225
9505,37.45823268997248
9506,40.02862099176779
9507,38.38130790221818
9508,42.94999586933263
9509,40.75492499023963
9510,42.215612429022045
9511,15.661326802353727
9512,17.49507057123847
9513,18.31006780185392
9514,20.758246193268388
9515,22.591989962153146
9516,22.996301877892748
9517,24.015048416162045
9518,26.46322680757653
9519,28.296970576461288
9520,26.59005238253137
9521,28.220046843762262
9522,32.77626864527812
9543,25.245936910623353
9544,29.016972185000682
9545,29.488906390378983
9546,30.7617972343057
9547,31.822539604244607
9548,35.593574878621936
9549,32.82833701416765
9550,40.04869283236535
9551,37.919900389874435
9552,39.829236655764454
9553,46.24863583541377
9554,47.945823627316024
9724,55.188853984665144
9725,53.12185965020646
9726,56.30015858208137
9727,56.65060953652804
9728,62.59922874594048
9729,60.88510940011392
9730,66.48085362089418
9731,12.935012242412675
9732,31.722072315049797
9733,34.58329801277122
9734,35.9907043093265
9735,39.4650497994168
9778,50.18308127830544
9779,48.131313071297186
9780,56.17584249840265
9781,59.949386805194756
9826,39.73023599606709
9827,33.06111705818462
9828,42.878644600027606
9829,44.55779585547322
9830,38.51835863838285
9831,45.322710478573136
9832,46.79196782708804
9833,50.644719156463545
9834,52.53376431883985
9835,53.71846675580117
9836,49.01305398491793
9837,56.866875359761686
9850,67.76473597288324
9851,69.64576506415662
9852,70.28761430904584
9853,78.53102907735061
9854,82.01088721661381
9855,84.30072465225405
9856,84.25562266645113
9857,88.19344829284239
9858,87.46139507634746
9859,7.501031283410735
9860,15.037539018364399
9861,14.479347618838766
9862,17.69820376344392
9863,22.522359958234755
9945,43.64152104261601
9946,43.57218270130791
9947,46.69611730810992
9948,51.22821937342082
9949,53.2364630492221
9950,53.836539266514436
9951,54.77805061408476
9952,58.076164804317145
9953,62.161990497227784
9954,65.28592510402974
9955,64.7703103903214
10058,39.625715397028685
10059,38.5421466053856
10060,43.30535057662898
10061,45.022513660442414
10062,46.146725976559566
10063,49.86751578495097
10064,53.11771105556308
10065,56.000241084284795
10066,59.1892582399384
10067,59.884030647067306
10068,61.35588471890745
10069,67.77507365900576
10070,57.07616340560829
10071,57.49289296025067
10072,63.19826613607739
10073,66.67981152883823
10074,68.21710866244307
10145,17.701864201334672
10146,19.14707502706292
10147,22.008522222741387
10148,29.623118443530966
10149,27.37373571463854
10186,20.67823763560269
10187,25.564618166327918
10188,27.216646594814478
10189,30.047516659805055
10190,34.53277249239778
10191,32.95044881864566
10192,36.490509736831136
10193,44.208939002104714
10194,44.443764393759295
10206,24.029112921205954
10207,26.09914334791924
10208,34.278440591016086
10209,31.27421941470246
10210,40.2297780678168
10211,41.7823008878518
10212,37.59003063163509
10213,45.922361741278344
10214,43.02386050175748
10215,44.57638332179245
10239,65.00715612429072
10240,64.48055273332608
10241,67.98429132809876
10242,70.00261389305318
10271,20.476957379686905
10272,21.025210249839652
10273,22.91692719858485
10274,25.07888942572219
10275,28.52011309128503
10276,33.98922129929544
10277,37.708452556618795
10278,41.82633437266834
10279,44.258541878197875
10280,46.69074938372741
10281,47.50924753227232
10282,49.94145503780188
10283,12.275712747160318
10284,16.850212498947023
10285,16.775539855488915
10286,19.063039988712344
10310,43.874539751292275
10311,44.784773145456064
10312,49.78959820366441
10313,52.25420589215281
10314,51.7410874225776
10315,53.410900055165406
10316,56.93696050028075
10317,55.684459724159034
10318,62.35909741495516
10319,62.283487733723554
10320,63.81766509617068
10321,70.49230278696686
10322,5.4502837617500495
10323,16.359510702600254
10324,16.24576999869909
10325,22.90504686711038
10326,26.177814949365448
10327,3.5444284125048426
10328,5.077490688482615
10329,10.480181206165884
10330,11.880878747787452
10331,44.7439932307416
10332,48.105250691765875
10333,51.1302802650532
10334,53.85280688101183
10335,57.75162039587715
10413,37.919153727876996
10414,40.804373773116914
10415,48.69211712238508
10416,52.53907718270498
10477,27.827027719671783
10478,29.073625100081706
10479,33.202463628084736
10480,37.33130215608774
10481,43.45763071854035
10545,6.6786146257408125
10546,9.008170923590306
10547,8.365188136795101
10548,13.149604341989424
10549,15.47916063983893
10550,16.13037579629344
10551,24.345049312422347
10552,22.342525923892087
10553,28.227643142171516
10554,29.715338015585864
10555,32.30373390208532
10556,30.107713583390424
10634,42.63724127250532
10635,46.144823062027115
10636,48.60518159872498
10637,55.2060760182917
10638,43.84014473229874
10639,43.09949365523788
10640,47.75780841137761
10641,53.49111888047271
10677,9.603441255149557
10678,17.792133896437818
10679,14.067067663840442
10680,20.29357448781512
10681,25.7274697341105
10682,22.498361991367652
10683,28.476889570415082
10684,26.2180506652767
10685,34.40674330656499
10686,30.433697829040334
10687,32.41753178845848
10688,34.15338650294938
10689,49.06897252422949
10690,56.73952892513811
10691,53.16794923822713
10692,62.751361439001336
10699,28.56577086944047
10700,26.45704402820291
10701,34.68913189897354
10702,31.600667293010694
10703,33.560142822461266
10704,36.00948723427452
10705,43.5067717815012
10706,40.418307175538324
10707,45.45995417688387
10708,46.92956082397181
10709,47.27647152861538
10710,49.48088149924731
10772,48.115912492847805
10773,49.833187157030984
10774,54.96571669288114
10775,62.816115157718606
10776,61.36345990226099
10777,63.571384470496504
10778,68.45858905432051
10779,70.17586371850372
10780,72.71866180744522
10781,75.0823627590271
10782,77.13451094391627
10783,76.81893187990971
10793,12.17980944566779
10794,15.878112206694741
10795,19.007445312179104
10796,23.338920368915648
10797,23.10894911246815
10824,35.36755281778023
10825,34.27923442325431
10826,38.60285429097289
10827,40.84267838779858
10828,42.740792122373534
10829,50.334669089459254
10830,51.57901580991796
10883,6.144803404864
10884,19.70508829415274
10885,13.887366658169377
10886,16.7028442048259
10934,0.9057511338425073
10935,2.770337249505552
10936,2.4340071014262072
10937,5.804088809080258
10938,4.920121922310248
10939,8.497379865037988
10940,10.361965980701033
10941,13.262433271732437
10942,14.298314447100797
10943,16.162900562763827
10944,18.722907350178268
10945,20.306425264237266
11128,25.946447023165078
11129,30.004786315748916
11130,29.656068216867425
11131,41.55544430233381
11132,38.39710669320192
11133,33.381950198303336
11134,37.66858856905249
11135,37.6002039379451
11136,44.13978999693187
11137,45.4052661188244
11138,41.6075449906048
11139,42.873021112497334
11189,17.558597902096793
11190,24.80325977945206
11191,22.676868788481286
11192,28.215440370375045
11193,30.434621589773606
11194,32.27362670045217
11195,34.192978282846354
11196,39.9448111516728
11197,38.325289206283024
11198,39.09798788229814
11199,44.423298177259234
11200,42.37725365800406
11236,11.450201909088811
11237,12.243915123643196
11238,17.94417604966194
11239,23.702432282915176
11240,25.504062876065497
11261,2.1444998134889444
11262,-1.2585664654524855
11263,6.171252095672788
11264,4.783959179206494
11361,51.50323055943278
11362,57.487640437837776
11363,52.03815496061267
11364,60.6509007947022
11412,5.239460590065958
11413,10.761391364924293
11414,13.19636968803266
11415,17.419153742995306
11416,13.356055000427117
11417,15.791033323535485
11418,21.583517245405886
11419,26.347407594392607
11420,23.09596829286056
11421,33.75840886094764
11422,31.21256270322172
11423,38.7928523569464
11424,-0.06303274859171815
11425,0.005277303416433732
11426,8.716115611832725
11427,10.519826508447673
11428,12.35095468526329
11429,37.107332990276355
11430,38.97707789943414
11431,41.78169526317087
11432,45.055089126119924
11466,7.12938244194945
11467,0.01607174798307298
11468,13.4364219835054
11469,16.974576354549654
11470,17.725208871763474
11471,22.020207987794436
11472,24.543023804416805
11473,16.162092974366313
11474,27.56419055659075
11475,33.625160744257386
11476,24.73966675088243
11494,52.00671142516036
11495,55.92157832499221
11496,57.77598896175469
11497,60.604092045811456
11539,26.121756699646802
11540,29.365712706843773
11541,33.08255888417334
11542,33.60780902394752
11543,38.84804565095801
11641,13.24515707317926
11642,15.264399355358965
11643,19.00377335368737
11644,20.277176062731932
11645,22.07934205771551
11646,24.350989625167703
11647,27.127447763164813
11648,30.37338747363051
11649,31.635413899992834
11650,37.94554603180446
11651,40.963033172391796
11652,41.51454902369531
11757,31.13159705582379
11758,32.69257306818102
11759,34.13942940255946
11760,37.13628678823095
11761,42.36981225209183
11762,45.74127681097224
11763,54.36821675584194
11814,27.357419548894512
11815,28.634653593961616
11816,31.198815740583587
11817,36.41264184774163
11818,37.945322701822185
11819,38.35132639295948
11820,17.37635004011097
11821,30.004502491564168
11822,29.981996388633156
11823,35.384416252285526
11833,13.78821603080263
11834,11.62002109471411
11835,16.92961168139982
11836,14.496143681060573
11837,21.641705157295576
11838,23.73596892436035
11839,21.564283894904236
11840,23.396764691085906
11841,27.326999347700003
11842,34.73085370145046
11843,37.08690043939836
11844,35.18048847419295
11995,-4.759172710701537
11996,-3.7236318898043974
11997,0.46991606957733634
11998,-0.617009427112893
12009,46.668327900547936
12010,44.584809398770176
12011,47.179226687190976
12012,53.15437112159999
12013,51.330294348664296
12014,54.8990037800986
12015,55.74080373897968
12016,59.568954899256134
12017,61.18908004466343
12018,66.64534102138823
12019,64.5618225196105
12020,67.0927650356765
12032,40.05376969690507
12033,40.62885085234457
12034,45.868972843468406
12035,47.267659218647914
12036,50.11854437364928
12047,32.49462644546418
12048,36.04988601392995
12049,43.78733731309262
12050,44.59519534099505
12051,50.95804480674053
12106,64.17635464053131
12107,65.33750842402586
12108,70.40317308364028
12109,69.33059620108114
12110,70.98263013319942
12111,73.19159080200649
12112,77.11863199099679
12113,87.91799526072018
12114,95.68350073776541
12115,94.12004370658249
12116,12.547739417634594
12117,18.224379493340255
12118,15.69492575329618
12119,17.718116969078643
12120,23.844355092735956
12121,24.662800261316168
12122,29.464330692131657
12123,29.15878074083273
12124,30.28277586071187
12125,30.082063287749186
12126,32.10525450353165
12127,38.00669360321311
12132,52.08252416280949
12133,54.74623494919163
12134,65.9554651029137
12135,62.81055351657869
12186,21.913253760478074
12187,24.21782358343875
12188,23.560505365284364
12189,25.66970335327084
12190,27.77890134125729
12191,31.014128211395153
12192,32.42026020338613
12193,35.505863016390876
12194,35.04391663321072
12195,37.1531146211972
12196,39.262312609183674
12197,41.84022126116712
12210,-62.52600374079895
12211,-58.45319642966599
12212,-57.430616837020374
12213,-58.43568537021651
12233,26.68692094400814
12234,27.705245425364897
12235,29.647464220515932
12236,31.83246036506083
12237,41.96279703854181
12238,43.1766837855112
12239,45.11890258066224
12240,49.022437088245056
12241,49.2461175203582
12242,51.74020301535896
12243,55.62464060566103
12244,58.976308413394094
12245,66.97143443731007
12246,71.62598010217816
12247,70.98585567209939
12248,75.21783068067386
12249,76.69682797770152
12250,84.49609888380999
12251,78.80341281353121
12252,83.03538782210568
12253,84.93695577542691
12254,92.10237069709498
12255,98.01835988520554
12256,92.53695914307359
12269,42.18188598484099
12270,46.284814707590414
12271,47.97944472512543
12272,52.60612299426058
12273,54.273784790255604
12274,56.96374303935068
12275,59.626733066905736
12276,60.56812485538572
12277,63.71529488795079
12278,66.64734313955091
12279,67.34664492552588
12280,69.76754495057591
12307,6.689169996763467
12308,9.857305148002737
12309,12.73742801276569
12310,15.975851753670426
12311,20.008023764338574
12312,22.600134342625253
12313,25.697980904199014
12314,28.07236778567487
12315,30.088453791008945
12316,29.027338953056365
12317,31.619449531343044
12318,37.79449693620346
12363,34.51606052032058
12364,37.16872477098552
12365,40.88344847647845
12366,37.1711310977906
12367,46.59687917021837
12391,57.82781360287826
12392,60.6213439091613
12393,63.182821579585436
12394,64.70293146332689
12395,67.26440913375109
12396,68.55333151927707
12397,73.50970262677777
12425,46.528192543652835
12426,47.401019918992304
12427,49.72226982674319
12428,60.03893608341396
12429,64.44652228925807
12430,64.58235849282664
12431,69.08902210475989
12432,69.22485830832846
12441,29.213714086745497
12442,29.445007721627228
12443,34.45618103097062
12444,36.16692296682187
12445,35.81878252836392
12446,41.671546663548966
12447,44.27899999357764
12448,45.37944473846891
12449,51.81164294699367
12450,51.17378547186589
12451,53.78123880189454
12452,58.18541775373036
12514,-12.735876505873453
12515,-3.3366974582869577
12516,-7.804486861712551
12517,-0.31788142752094384
12518,0.968568044868861
12519,42.23493032615467
12520,45.155966499435365
12521,47.85343641627908
12522,48.60810015876707
12523,50.99803884599673
12524,46.69212910672092
12525,59.230049879787785
12526,62.193068539657034
12527,56.25188385563953
12528,59.17292002892025
12667,47.44078214064549
12668,49.922011723947314
12669,51.16262651559824
12670,53.147610182239696
12671,55.380716807211364
12672,59.631265756830516
12673,62.19519483062238
12674,67.04249584873
12675,70.51621726535257
12676,73.52615142332081
12677,73.24556980698458
12678,77.82694120542396
12711,34.378639443811466
12712,39.149248618263854
12713,35.42823588394495
12714,44.55578012188255
12715,42.425020100118815
12716,41.229661617410194
12717,43.00514299857186
12718,45.427833942407794
12719,46.55958169384923
12720,50.82067305058099
12721,52.21136858514847
12722,54.6340595289844
12723,60.269167731541174
12724,59.72171051103984
12725,63.660935052911455
12726,64.2452255838516
12727,66.50524515378045
12733,20.79019996111313
12734,18.749385162885595
12735,21.499238981205114
12736,23.818798820033088
12737,27.463255048437478
12738,30.081015690627048
12739,33.361224527604854
12740,35.812877542562745
12741,38.43063818475235
12754,62.69133629370825
12755,63.74086538330164
12756,58.771707878189325
12757,65.42011192665106
12777,1.9194683208129284
12778,9.216065452330856
12779,18.263784891651763
12780,14.186168473494849
12781,22.330232818058644
12782,18.026702626212472
12783,19.3821852683481
12784,21.34805285809033
12785,24.352288289512092
12786,25.640414558186496
12800,39.10015039159617
12801,40.37734331613666
12802,41.90997482558524
12803,47.915269159375484
12804,46.50786935393097
12805,51.74684793299694
12806,52.76140465285118
12807,53.404711146449586
12808,59.41000548023983
12809,59.91368503027786
12826,8.631066662133144
12827,1.483825163046511
12828,12.397241993919515
12829,14.834178973310706
12853,10.670828823953878
12854,21.46426963748639
12855,17.820314858624002
12856,27.72732848991597
12857,30.797498429789123
12858,59.432335792903636
12859,64.92702486297581
12860,70.93589516357895
12861,73.24290117970409
12862,69.35246166224184
12863,73.92434832586393
12864,76.00065374037659
12865,78.76906095972679
12866,81.81029414931768
12867,83.88659956383034
12868,92.62175171515548
12875,20.245365527896077
12876,25.33609481309015
12877,32.46421158448143
12878,37.91856439004653
12879,41.19117607338558
12880,44.100164236353635
12881,43.1536473112694
12882,49.19089352154768
12883,51.37263464377372
12884,54.197781289026246
12916,34.96196350876431
12917,37.103524391930364
12918,39.245085275096415
12919,42.99281682063702
12920,44.62315823263553
12933,-10.322653180771772
12934,-12.156875988794484
12935,-5.895780909124545
12936,1.8052121818039373
12937,-2.001110189133174
12938,0.3425280723271249
12939,6.343218900723707
12940,4.248591841427638
12941,7.894251359254779
12942,13.894942187651361
12943,17.95027576075269
13020,21.61497841730647
13021,23.029393300219226
13022,28.510974611752047
13023,28.610792971327935
13024,38.88407895047358
13025,37.985962346747925
13026,39.433372254476495
13027,41.84572210069081
13028,47.42712177179952
13029,48.35906668546943
13030,50.77141653168371
13031,53.35805225713752
13032,48.19842272561359
13033,51.09788433027935
13034,63.11508390943218
13039,19.1708945022693
13040,19.5445299941329
13041,24.027710717499723
13042,27.670322878922455
13043,26.52620330352657
13044,29.721657630237708
13065,14.757515402219706
13066,26.580540575603308
13067,24.12336512799457
13068,31.75640489774206
13069,27.57394134275371
13070,29.79216890938461
13071,40.13637570501426
13072,41.122254623516895
13073,38.91154890553376
13074,41.37624620179032
13075,42.85506457954425
13076,40.57604847315805
13077,23.301389026688113
13078,27.49298589237999
13079,26.511841756873697
13080,34.828280407340785
13081,34.109111075940255
13134,8.892134662415696
13135,10.81895156072444
13136,13.00353629005313
13137,20.127141841820315
13162,18.47670284317121
13163,15.00561071930019
13164,21.592658034080728
13165,24.208160652106926
13166,26.496725442879836
13167,28.41006163668433
13168,34.99710895146487
13169,40.70847509639367
13170,43.97785336892639
13171,40.83369907230866
13172,43.776139517588064
13173,46.71857996286752
13195,47.28953386958972
13196,52.59616476691201
13197,54.36295224056172
13198,55.910719585614025
13199,58.12181579283165
13200,59.66958313788398
13201,60.55402162077103
13202,58.39882278415018
13203,64.53399479376272
13204,67.85272859671355
13205,65.91654988869008
13206,71.61159214898348
13219,22.258556820722948
13220,25.537924107749735
13221,27.177607751263157
13222,30.129038309587248
13223,31.981408161895786
13224,35.2607754489226
13225,30.37892245949714
13226,46.19793801601855
13227,49.36205478313781
13252,22.51005236768308
13253,24.27145716620762
13254,30.1947818764204
13255,34.23937635470319
13256,38.49277970029888
13257,42.132914730753384
13258,40.449835079338754
13259,47.72337933109973
13260,52.58974660649506
13261,58.368557746027
13262,63.539072976134555
13263,57.75229143445329
13294,42.62874041201792
13295,42.732607418972854
13296,43.41429663929754
13297,49.230037819653944
13298,47.966915541115476
13299,49.56033215675175
13300,53.658892783335965
13301,58.107644678198966
13302,57.07215334475138
13303,60.71545208115375
13304,61.169510356387526
13305,64.58517814769903
13332,56.924616023011836
13333,58.57654883477757
13334,61.26093965389684
13335,63.32585566860401
13336,69.36809870305466
13337,72.25898112364466
13338,76.01294949515689
13339,77.87137390839332
13340,78.66022076923686
13341,80.96874793045406
13342,83.65313874957336
13343,81.70360819949771
13344,2.7359168343208395
13345,16.951960107989933
13346,8.953375401680198
13347,23.535151532252783
13348,17.730963967364055
13349,21.02255967949548
13507,16.97380844963166
13508,26.642572940943477
13509,31.008960642700682
13510,30.481759033420445
13564,47.40824500127579
13565,49.080737668304664
13566,53.22882593738426
13567,58.82892319858668
13568,58.72415898619347
13569,58.398911098894246
13570,60.54925881364571
13571,62.46067900453585
13572,65.32780929087113
13573,67.47815700562253
13574,69.38957719651273
13575,71.53992491126414
13674,22.84082453371256
13675,25.080245862828047
13676,26.122425451805668
13677,28.361846780921127
13720,-19.633574241930198
13721,-12.22260181286047
13722,-6.639401329664389
13723,-8.754835316732718
13724,57.01405221028285
13725,56.76728850354631
13726,70.23486450422014
13727,77.05713679703018
13728,79.90371001793666
13729,-0.9484379869117285
13730,-0.2991407295558357
13731,6.445059836051342
13732,5.882592359565949
13750,26.231201922949886
13751,29.918524777562602
13752,30.76130049977757
13753,32.7382422546194
13754,34.69035435412024
13755,36.64246645362109
13756,42.89430365681634
13757,41.631197374567726
13758,46.58162651142904
13759,48.31683726654094
13760,53.305568187487545
13761,56.99289104210026
13867,21.1766209941853
13868,20.520953017405073
13869,27.831183192707353
13870,35.79708134478986
13871,37.32004596464449
13872,39.14760350847007
13873,41.88893982420842
13874,43.10731152009211
13875,40.62408599948631
13876,47.51905303197004
13877,50.26038934770836
13878,52.54969216319091
13896,59.21433157228037
13897,62.69108431582055
13898,65.55429245755948
13899,67.80395599749724
13918,30.80009341404631
13919,33.225413574989865
13920,38.1491006120049
13921,39.88147215553602
13922,35.13080089339498
13923,43.2731685274703
13924,46.391437305826265
13925,46.217978771994055
13926,47.95035031552517
13927,52.800990637412255
13928,58.34457957671181
13929,61.11637404636157
13946,23.785249668114556
13947,25.969393325967314
13948,34.527389456820956
13949,36.324270247642886
13950,30.823045898973486
13951,41.80786831633024
13952,43.84743173580247
14097,14.380889068334504
14098,19.653225080740263
14099,32.266041540655635
14100,35.42944314809907
14219,23.262376053378894
14220,25.9383207593075
14221,29.88537458535167
14222,32.38993802610609
14325,75.10397316162856
14326,68.5884716115349
14327,77.60883155939761
14328,71.71954460874623
14329,73.38945020725892
14330,75.05935580577163
14331,82.26398907237761
14332,84.14263287070439
14333,86.64749126847344
14384,5.8447976640888255
14385,6.6934403420063004
14386,13.655016120091101
14387,17.071986694592066
14388,17.432490719009397
14389,19.93104549688646
14390,21.63953078413697
14391,24.394066497094183
14392,26.52091731913838
14393,27.927471769262414
14394,31.960215626346365
14395,33.29699695776395
14396,22.155625743819478
14397,32.27654307694286
14398,33.49107223102398
14399,44.0605421163737
14400,14.63593069078965
14401,18.854699643676497
14402,20.682991565767797
14403,25.323478704769656
14404,22.502722811163096
14405,30.386001448233856
14406,33.05804716090256
14407,33.75277335219468
14408,36.56528598745257
14409,43.88606209747178
14410,41.9090599944426
14468,19.082505913654735
14469,21.096222164114103
14470,30.39854672121115
14471,32.859755471772594
14472,31.113488004440498
14473,32.23221925469569
14474,35.36466675541028
14475,37.65344466789126
14476,39.443414668299575
14477,42.575862169014194
14478,48.96948547544765
14479,52.32567922621329
14498,14.142940084520564
14499,14.491270226686403
14500,16.64590609651936
14501,19.539329094790002
14502,24.1979074770744
14503,26.83135131798132
14504,26.461469503536172
14505,27.91846858858487
14506,31.140623057647293
14507,33.05585494194325
14508,36.16810675392419
14509,37.604530667146136
14510,15.958981922843588
14511,16.76629016731441
14512,20.583364300626226
14513,22.433117251739287
14514,24.514089321741476
14515,25.90140403507628
14516,28.213595223967598
14517,28.26623343864236
14518,30.525786412858917
14519,31.33309465732971
14520,33.64528584622103
14521,35.202807005316316
14535,9.717192962506655
14536,16.697557204986285
14537,17.297499942896277
14538,20.24829407137541
14539,24.074542526184107
14540,23.409859209031634
14541,27.025336654663253
14542,29.9761307831424
14543,29.943760493521136
14544,32.71615390244443
14545,34.61309298503815
14546,36.5100320676319
14547,25.78110288774623
14548,26.08443516513888
14549,28.0269779172262
14550,28.15941331187881
14551,34.31079869348861
14552,43.263987656531995
14553,48.444101662098134
14554,51.03415866488122
14555,53.624215667664274
14556,51.793683462274345
14557,55.54633357179635
14558,56.32628321714475
14563,54.15287209804986
14564,55.38219482640127
14565,57.59497573743379
14566,60.0536211941366
14567,61.774673013828554
14568,63.74158937919079
14591,62.36149690765294
14592,69.45397544876585
14593,80.43388502289814
14594,91.54244981184331
14602,49.5665968390294
14603,50.70243542258672
14604,52.88686997746973
14605,58.66288517331192
14639,34.31611387305682
14640,38.40122329381118
14641,40.634972225489285
14642,46.21573076631713
14663,19.596679443562127
14664,18.385990097312643
14665,24.21569327500254
14666,25.3025200588709
14667,34.30570258109494
14668,31.551774066113783
14669,44.087143635909904
14670,38.763992294843845
14671,50.87981103508698
14672,48.66929591204001
14673,46.91519317385634
14674,52.473189655579176
14675,41.15577001847637
14676,45.705505366108156
14677,45.10618222426026
14678,46.50044535571336
14679,50.915611938648304
14680,55.465347286280064
14681,57.09198760630872
14682,54.149179855379785
14694,15.193572099758361
14695,16.846323881535874
14696,19.03399002915295
14697,20.31922011105531
14794,10.626982631521559
14795,21.12957852959583
14796,27.10031337072708
14797,31.04846275163773
14831,0.19230551491812342
14832,1.7299308316703925
14833,-4.593825198882094
14834,0.019050751374628305
14835,19.00711001106422
14836,9.859852778589008
14837,12.012528222042157
14838,14.780253792196184
14839,25.40936070965497
14861,42.01417916664474
14862,43.65108182690699
14863,45.69721015223479
14864,42.013427446483966
14865,43.44571727421344
14866,56.98663885051515
14867,53.881723453546044
14868,62.511185328900254
14869,64.14808798916248
14870,54.29019739845082
14871,67.42189330968698
14872,57.15477705390975
14873,34.98661803319901
14874,38.60724412197876
14875,43.51474278462456
14876,44.07735655936229
14877,19.86978367599164
14878,19.410797302785344
14879,21.692684357270938
14880,25.289265430394835
14881,26.506648023054126
14882,30.214714486593195
14977,1.830142542125234
14978,3.7780723309698807
14979,6.734837834453661
14980,10.404762502228156
14981,12.648368841421192
14982,14.839910757453826
14983,12.451889337722445
14984,14.817301740509446
14985,21.814341902220892
14986,20.139479646780227
14987,27.258325872085667
14988,24.278951351657508
15001,39.425506304896196
15002,41.5840366260846
15003,44.99970151500341
15004,45.668876704470414
15005,46.41808115241931
15006,49.7446630186798
15007,49.914368576180884
15008,51.573429265403334
15009,53.321572977284134
15010,55.65826934378915
15011,-8.689223293957356
15012,-2.5217735022556087
15013,1.139175321751996
15014,11.696305884197578
15015,14.311269329917288
15016,11.860525449202829
15017,14.060958683804158
15018,21.894663322504464
15019,19.966912130933952
15020,22.428841710107246
15021,24.935342677801405
15022,27.135775912402732
15039,21.69783798502448
15040,29.14850826003547
15041,31.928116747744557
15042,35.17970048820112
15043,35.55821566354848
15044,40.12983537338826
15045,42.48840450281048
15120,39.68712828286375
15121,41.322514169074154
15122,46.286635882140295
15123,47.51317529679812
15136,-8.708120147913888
15137,-8.057851501947162
15138,-6.749197828216233
15139,-4.63883615273184
15140,-4.491347199225316
15141,-3.5502666257628386
15186,0.38598154693257225
15187,4.539739458324703
15188,6.559489587209369
15189,4.744421695331203
15190,7.886255229151805
15191,10.484732191355963
15192,12.72889900122782
15193,13.945505615805834
15194,18.902407041504617
15216,33.128888292555644
15217,38.282650742336216
15218,46.083331097743454
15219,49.326427420437454
15220,30.394332984925963
15221,36.56890940503858
15222,33.49435583564929
15223,35.04436726101095
15224,41.02519225295336
15225,38.14439011173428
15226,42.98029883053409
15227,47.225237954400015
15228,46.85532739393823
15229,49.56784738832118
15230,51.69911309819343
15231,55.94405222205938
15232,20.465645957790926
15233,22.774858007716258
15234,27.2822581095286
15235,33.01798474358063
15236,35.49675279875794
15237,38.905058874626775
15238,41.383826929804144
15239,44.1724409918786
15240,43.08440446128411
15241,49.43982310913046
15242,52.53828317810215
15243,51.14040064061048
15260,28.989276136415203
15261,31.618375693218844
15262,29.7549477745435
15263,35.97039836649609
15264,38.146409703134715
15265,41.77309526419908
15266,44.4326646756463
15267,42.08567868216236
15268,44.0199109813967
15269,50.02405239058852
15270,52.44184276463143
15271,54.587384246626506
15281,11.073621010668333
15282,7.219779193749833
15283,8.763423820978065
15284,17.76274772865729
15285,13.651631807200747
15286,21.634008332270447
15287,24.70914855118427
15288,24.97857169126491
15289,27.53916370110268
15290,28.837683259335456
15291,32.94191989640147
15292,31.14627091578726
15574,18.89114464580929
15575,14.091223797086995
15576,22.98334623645549
15577,23.708931304503515
15578,26.437065698267666
15579,28.892386652655368
15580,33.62307037213563
15581,34.44151069026486
15582,35.439909197689325
15583,32.642537674683126
15584,34.0066048715652
15585,36.46192582595293
15606,11.327718557592021
15607,14.101287420042063
15608,17.434656736105808
15609,19.88991406255957
15654,3.1341058426982062
15655,12.422657860138889
15656,14.679050297602634
15657,16.525189564618437
15711,58.36252146198645
15712,58.286903527799126
15713,58.8215219595568
15714,61.00958758325177
15715,61.33476877997463
15716,63.10395993359998
15717,64.89520177556655
15718,66.45495569415706
15719,67.40844859598438
15720,70.75944435654147
15721,12.772316428261448
15722,16.484650628743125
15723,13.437941211937876
15724,21.681918509417486
15725,28.242015621093923
15726,50.98410341414595
15727,56.44827931197447
15728,58.0837894411548
15729,61.89997974257563
15730,61.06974921075809
15731,66.82861668712314
15732,64.88593951217891
15733,67.33920470594941
15734,71.15539500737023
15735,76.0965074191451
15736,77.73201754832544
15737,80.45786776362601
15762,51.19405244760002
15763,53.43316611423219
15764,57.40774832113461
15765,57.658479308235684
15766,61.384513680196754
15767,63.12653167694614
15768,66.10692254408306
15769,68.34385305855554
15791,45.351698269951385
15792,42.658689716311144
15793,52.06325211833223
15794,54.05186066600061
15795,56.53762135058608
15796,58.526229898254485
15797,61.11089565511889
15798,62.006294856674174
15799,59.313286303033934
15800,61.799046987619434
15801,66.02484015141472
15802,71.70076152655756
15815,25.074287168830562
15816,26.510055754615482
15817,29.29380560323361
15818,33.87524622817989
15819,35.97480523991712
15820,37.08830517936434
15821,40.834620849725184
15822,42.3335362302629
15823,43.76930481604785
15824,47.06591097291372
15825,49.57128583667001
15826,49.893554483007705
15882,9.322799048334875
15883,8.6940935203986
15884,16.09274029229322
15885,21.913045112400287
15943,50.11297604502258
15944,54.127864119337175
15945,57.1868477229141
15946,62.54003182200025
15947,66.53393531708927
15948,11.434851125887885
15949,9.407512902021347
15950,11.862478256186671
15951,13.651490847486063
15952,15.860959666234837
15953,19.297911162066303
15954,20.525393839148965
15955,25.91914671546331
15956,24.873794633262882
15957,30.338084352960887
15958,32.97518030200845
15959,34.764192893307836
15960,34.06958941570695
15961,38.372723309839394
15962,40.564237233806814
15963,42.755751157774235
15964,44.20534131405628
15965,39.89087585815553
15966,42.08238978212295
15967,54.8889716933975
15968,50.84844547799269
15969,53.58783788295195
15970,55.77935180691937
15971,7.349427314745056
15972,3.3484141089294637
15973,8.291174151492466
15974,14.740796735894762
15975,14.204269688412207
15976,19.4219973692896
15977,21.14665023422451
15978,17.392016009113892
15979,21.087700719688744
15980,25.78408178154677
15981,30.75543048171916
15982,26.75441727590351
16004,18.20852778412204
16005,20.85584593517312
16006,22.077685081812106
16007,22.988420560970255
16008,25.35226836826822
16009,27.185027088226654
16010,37.3411691565553
16011,44.356148629707825
16012,47.10361855927018
16013,48.33957653421172
16018,7.617134426930588
16019,9.21563220978936
16020,15.593374551187747
16021,17.55460097153179
16061,40.52650628898648
16062,37.546052050225924
16063,41.27943614628501
16064,43.379464700318266
16065,48.69893279927545
16066,51.032297859312386
16067,48.9795408444069
16068,53.365662919349326
16069,58.960090263278246
16070,60.82678231130778
16071,60.17969313258419
16072,65.26582472553767
16073,-19.07242616330462
16074,-13.128664786663848
16075,-9.276127950472926
16076,-10.788240789909807
16133,16.290891102335273
16134,20.200226310930315
16135,24.36180045825348
16136,26.44258753191509
16137,29.55703054515133
16150,62.719353125751496
16151,66.18069798284625
16152,62.93027707153802
16153,65.40266625517715
16154,72.39110961975433
16155,68.36953327554413
16156,71.3364002959111
16157,78.542643901042
16158,76.28117866318938
16159,83.26962202776656
16222,53.12640873580583
16223,55.783910800897765
16224,58.4180866512412
16225,63.32424430987243
16234,33.57823228280066
16235,34.45908072261045
16236,37.420917798424966
16237,41.476464484972645
16238,43.482560796021914
16239,47.29370805113996
16240,50.58463813537827
16246,27.696135394438414
16247,30.10557510229708
16248,34.10172945494067
16249,38.09788380758425
16250,41.67339033363379
16271,40.01587178376254
16272,36.47163410507936
16273,43.23684604203941
16274,42.4534434418792
16275,50.969921376703326
16276,50.59907291810074
16277,56.350812665023675
16278,58.191369384039
16279,64.77409676931833
16280,59.93873227252486
16281,66.70394420948494
16282,69.23470969813101
16354,32.31841009237253
16355,40.929948719909575
16356,42.1564881345674
16357,44.40514372810671
16358,40.699762759200866
16359,49.51572462251423
16360,-2.811652544508071
16361,-0.5035132456898381
16362,10.282806015295666
16363,4.112765351946614
16364,6.00124296007062
16365,17.323641295127125
16366,19.305532365221485
16383,26.624514482167296
16384,26.11094605118778
16385,27.723677616437854
16386,32.282265524821916
16387,34.816557984500626
16388,34.17460387743817
16389,36.47850611350971
16390,41.83026924023941
16391,42.09193289974423
16392,44.03636507401209
16393,46.65377068153438
16394,46.391018731034926
16395,51.37596310475632
16396,53.87594732881496
16397,56.93148360266446
16398,58.32036372714148
16399,62.64735874200435
16484,-0.5125481420236451
16485,1.8269848009124976
16486,4.415861877339991
16487,5.959644549045068
16488,8.030746210187077
16489,10.95646983264827
16490,13.476931644836185
16503,1.5730672123204572
16504,2.4495189573514695
16505,4.437387274510626
16506,9.09896454699474
16521,49.82985365536753
16522,51.86284015121886
16523,51.45950849081359
16524,53.26660759823699
16525,57.51002486191696
16526,58.63946180405658
16527,60.721001526810156
16528,61.1726661932143
16529,67.72340045762408
16530,68.8528373997637
16531,73.77391682872742
16532,75.12924115929498
16538,18.1006297055116
16539,21.549327175761142
16540,30.355675868846028
16541,26.25292729427768
16542,37.25307080934511
16543,35.56441046395143
16584,2.0837281625514716
16585,6.716152321677897
16586,6.037987094567944
16587,10.939041924057404
16588,13.481065523210857
16589,17.717771521799946
16590,17.90076389061739
16591,23.366712853252082
16592,24.961940554932518
16630,9.355685038938102
16631,13.525256105715847
16632,14.917225538509548
16633,17.005179687700057
16634,14.69276635175514
16635,21.651415028615656
16636,21.42061861025796
16637,28.60492496098076
16638,25.596526908639007
16639,30.235226530843374
16640,33.25116030189635
16641,35.10711954562127
16676,31.37532197589737
16677,35.3402157945193
16678,41.26253294606325
16679,43.62157804633031
16680,46.0770468686756
16681,49.00250537160292
16682,50.04194068729753
16683,49.217344159696005
16684,55.9892814152304
16685,55.16468488762887
16686,58.8463720049207
16687,61.1120256155618
16712,57.17033839836876
16713,59.26702708910921
16714,64.56223651790253
16715,66.89189061872526
16716,66.721920211742
16717,71.78416423045303
16718,77.03326526304019
16719,80.06181559410973
16720,77.90425989569118
16721,81.80167686399082
16722,84.83022719506039
16723,87.62581211604768
16743,51.70601396786684
16744,47.95401701371259
16745,48.87026852700271
16746,56.27402118788568
16839,10.800081815392293
16840,12.097415427484094
16841,16.12067711363335
16842,17.66808545445997
16843,21.32245853301332
16844,22.61979214510515
16845,27.262017167585014
16846,30.047352181072938
16847,31.876743778629184
16848,37.10602360944494
16849,36.54646721254474
16850,38.375858810101015
16855,6.879388582915126
16856,8.53839792253676
16857,9.723404593695093
16858,11.856416601780083
16859,19.493609715503066
16860,21.863623057819705
16861,23.103039382221525
16862,24.944640402831364
16863,28.262659082074645
16864,33.002685766707934
16865,34.89869644056126
16880,13.382318299947535
16881,12.288939129520475
16882,9.739299341175636
16883,15.697881840737882
16884,18.637771646407693
16885,19.916125163114224
17000,22.029025483901492
17001,23.864571604415378
17002,25.322964549186768
17003,31.94609750834688
17004,34.571204808935406
17005,36.90463352056962
17006,38.97366747093275
17007,41.307096182566966
17008,45.94666977815221
17009,46.557310783743986
17010,49.182418084332454
17011,51.51584679596667
17072,32.16400126088851
17073,36.43811289401836
17074,42.737705147719424
17075,47.421765945419
17076,-19.688123776591116
17077,-18.649368195157642
17078,-19.035549708466164
17079,-17.648377327056735
17162,19.902047688948773
17163,26.196225800265655
17164,32.390454324915034
17165,40.02475317981476
17166,38.684632436231915
17167,39.96474041877129
17168,44.97881054754877
17169,49.306057999079094
17236,10.862454865089457
17237,13.934032590955884
17238,16.63541905774729
17239,18.84564434875843
17240,21.668000732255077
17241,22.08277972234652
17242,23.801843837577426
17243,26.257649716478685
17244,7.657148695063458
17245,10.331332278284867
17246,12.654839718671218
17247,15.557073992377045
17248,16.83715311136664
17249,19.62536203983027
17250,21.948869480216622
17251,24.969429152718867
17252,27.871663426424693
17253,29.38409328945294
17258,57.05814291196205
17259,56.57085669876932
17260,60.94218439171175
17261,62.16872380636957
17262,66.27883961693367
17300,-0.40281879719398805
17301,2.092566204504947
17302,6.6603495517033435
17303,9.361563565265175
17304,10.410516210168097
17305,15.738658569606901
17306,18.23404357130585
17307,19.00573121602001
17308,21.501116217718945
17309,25.23710456435104
17310,27.04641622149437
17311,31.820028580555647
17324,30.518276643132452
17325,31.5821337713057
17326,33.95024735530355
17327,38.94117648689621
17328,38.949598254854685
17329,41.31771183885257
17330,45.519269775779236
17331,47.624259628221836
17332,48.673814120449606
17333,52.3575463622241
17334,55.254847843326104
17355,37.05696463510871
17356,39.53787497241036
17357,41.280673467842924
17358,46.76684196680439
17359,45.51318409960766
17360,51.497295025835584
17361,47.02419761371496
17362,48.020082468247864
17363,53.480262935870776
17364,58.46848900756582
17365,54.74230523634483
17366,59.95351449033456
17371,5.402171409492437
17372,11.732416441434934
17373,22.29350329329978
17374,24.033266321339713
17541,6.904988236123628
17542,8.630128965192526
17543,11.217840058795858
17544,11.943479715104068
17545,15.3150492903345
17546,16.040688946642696
17547,11.36401959677399
17548,19.059685222513274
17549,22.29432408951744
17550,24.019464818586336
17551,27.469746276724116
17552,29.410529596926615
17557,19.859775431635008
17558,22.207135737066018
17559,20.795553586775096
17560,24.630513285500236
17561,26.533545444495356
17562,33.42230164079195
17563,32.976683260366066
17564,33.31480854907383
17565,40.20356474537048
17566,40.0187641766591
17567,44.63746754451794
17568,42.7042497707979
17653,11.511092661114127
17654,14.894777193392073
17655,16.9400932387312
17656,17.404442698802917
17657,22.97231610275019
17658,25.2463324220276
17659,28.467278637434774
17660,30.814205825974874
17661,33.594668071850904
17662,36.00755721745848
17663,40.164151265204275
17664,41.973818124409995
17681,17.46577674802487
17682,20.54532596754274
17683,26.493953952176703
17684,32.69115381460615
17685,31.566152666676736
17722,24.09067097146314
17723,34.18116448541841
17724,36.620255593624194
17725,38.61587559124712
17726,40.83323114416146
17727,41.795920163346324
17728,45.26794224999017
17729,40.9425731736122
17730,48.447986822089405
17731,51.69827335344178
17732,53.76964014908381
17733,55.54352459141532
17765,6.208886930738611
17766,12.358655595006283
17767,12.197780263205289
17768,13.421363444197596
17769,18.93415201305869
17770,18.560412804365342
17771,22.360184919837177
17772,28.509953584104878
17773,32.18070312708183
17774,33.89371958047106
17775,29.57266143329616
17776,31.53039452288391
17797,12.899020487737497
17798,13.465093988148078
17799,19.341647807696027
17800,22.18398339003067
17847,31.177810937843695
17848,36.73168254145027
17849,39.69726710515157
17850,40.49821956661915
17851,46.05209117022575
17852,48.59402079625541
17853,52.85914039484814
17854,53.6315226344391
17855,61.33223914828042
17882,-6.4082538098598985
17883,-1.811391900044213
17884,1.2947840179935737
17885,5.074227222273232
17886,7.847185177559354
17936,-0.27433635123457734
17937,6.285282772468097
17938,10.345999372855477
17939,19.205857514014387
17940,23.891299745230587
17951,46.62748016945195
17952,58.23236774826569
17953,60.013075866928375
17954,55.53102076276539
17955,57.311728881428074
17956,63.79928386850551
17957,67.35849685641196
17958,62.653853237416136
17959,64.21197284124602
17960,65.99268095990868
17961,67.55080056373856
17987,44.41580726812933
17988,48.83481797925836
17989,50.502703985984766
17990,55.70883464101465
17991,59.3913435669555
17997,47.60948003071663
17998,53.818056393132956
17999,52.056015073773175
18000,53.80423034625945
18001,55.71786746217267
18002,61.92644382458902
18003,59.820130698630116
18004,61.38949600794415
18005,64.0878157785144
18006,70.03483125604505
18007,68.71320078474318
18008,71.06724874871429
18096,23.47496804870916
18097,28.110943923943967
18098,28.400759855333963
18099,28.35953349713367
18100,35.48158557735714
18101,33.90104927958657
18102,-16.78190062415132
18103,-16.785214491409715
18104,-9.736308087351759
18105,-7.669318683728066
18106,-7.480448307844697
18107,-3.86321685150324
18108,-4.124904394214607
18109,0.2707619557441481
18110,1.817690141203503
18111,3.884679544827211
18112,15.253121264757514
18113,19.648787614716284
18124,9.095311037162078
18125,15.406460443998686
18126,17.058558946636357
18127,13.444035831309737
18128,15.09613433394738
18129,19.50173034098113
18130,25.340946313099067
18131,26.385474101971386
18132,30.791070109005137
18133,32.71851836208241
18134,34.645966615159686
18135,42.390735987080454
18184,-1.0027175207162609
18185,1.1347187215477268
18186,11.780311548170928
18187,7.504587052896372
18188,9.684463690603792
18189,21.933133698925005
18190,17.924588733933465
18191,23.80253840015948
18192,25.138436051574505
18193,27.27587229383852
18194,27.318312689281925
18195,29.188569401262924
18221,32.05483572209107
18222,37.52417210641145
18223,41.5430973553317
18224,46.91308998126781
18321,0.017812183939297732
18322,0.792394677827545
18323,2.802498625993537
18324,7.481788627692267
18325,7.597784964778782
18326,8.510245318275224
18327,11.54930190558919
18328,13.964117813862217
18329,14.437520729490814
18330,18.677753293321743
18331,18.389037670301235
18332,22.779612048979445
18391,5.120931821974711
18392,6.891241859191343
18393,9.14436372473978
18394,10.399597056798658
18395,11.397485590288216
18396,13.32873290361545
18397,29.63943091214201
18398,38.19142293440614
18399,39.68898565202156
18400,43.720045917596046
18401,38.4349674763078
18402,39.69147269976005
18403,45.97399881702133
18404,60.05461382247537
18405,62.31632322468945
18406,56.77994373871072
18407,59.54425523030567
18408,68.09624725256981
18479,1.8049363902417115
18480,0.009793438388692621
18481,7.6519906805079065
18482,9.025658310395091
18483,11.004468714864856
18484,17.02002900770781
18485,14.451237278695482
18486,21.146155819224038
18487,18.83524701593148
18488,25.445912555171645
18489,31.719355773734367
18490,34.55606795665175
18566,11.45959911176964
18567,18.879994665004673
18568,21.596921794655643
18569,22.418759425400424
18570,49.01860825435181
18571,55.242651718990786
18572,53.84035079645244
18573,58.36231030880056
18574,55.73787290932673
18575,62.20189011164341
18576,59.33747897449188
18577,63.919247778914865
18578,68.44120729126301
18579,66.05674362946684
18580,71.5984073846005
18581,75.64041942159331
18653,20.30668878704997
18654,26.591171045702918
18655,27.644566117998558
18656,36.64678072144724
18657,36.069536386865416
18658,38.78726873166121
18659,40.41790813853867
18660,49.963669210946506
18661,52.95317479022185
18662,55.670907135017615
18663,57.84509301085424
18664,58.6267148486703
18665,21.175842964542742
18666,22.45681344443128
18667,28.13310192921039
18668,28.434675683911113
18669,-4.2320412007462105
18670,2.7804742439710983
18671,-0.1451071227123828
18672,8.782269479465285
18673,5.162073080896859
18674,7.7715492702421605
18757,83.4530565940057
18758,84.27715629224573
18759,74.62790704251367
18760,82.9843045299112
18761,88.26030483373917
18780,10.89386240594828
18781,14.67851417678268
18782,18.578386375990544
18783,22.52657503695796
18816,23.900169630100223
18817,24.272826031362317
18818,26.213867654214503
18819,29.975080550115482
18841,2.0179943748225018
18842,1.949359387867693
18843,5.761168413539702
18844,5.8895425865173845
18845,10.292379091986854
18846,11.671443211514239
18873,30.04824833659606
18874,38.805191169170584
18875,42.42793003616501
18876,45.19470430443208
18947,24.519652384967934
18948,28.96847097070362
18949,28.58308404220434
18950,32.1715760561086
18951,32.646515699440776
18952,36.239874988916156
18953,39.015250426190995
18954,39.062460421393006
18955,43.51127900712869
18956,45.22219759964928
18957,47.78857548843017
18958,51.038890569037214
18979,33.76013651027105
18980,43.69083094553751
18981,45.907111054219925
18982,42.94384156927837
18983,40.96304686348884
18984,51.170776312340635
18985,49.86971690891088
18986,47.61188718953608
18987,57.54258162480254
18988,52.04444740690087
18989,57.349662275714
18990,57.031077651436306
18991,-7.407883101096305
18992,-3.739976256013003
18993,-4.224101980659158
18994,-0.574427262338344
18995,1.415435937934876
18996,2.6093538580988165
18997,21.331249880317486
18998,23.750175968926555
18999,26.169102057535667
19000,23.950359172617418
19001,24.301383184372067
19002,28.332926665387216
19003,38.53250206598213
19004,36.044989615662864
19005,35.858474496615486
19006,46.058049897210395
19007,44.10807657769319
19008,53.04605859763669
19105,6.145469477346505
19106,7.45343954386815
19107,9.688524543554884
19108,13.099067254149627
19109,14.223032075820697
19110,18.44485929745116
19111,20.367263986502515
19112,26.26123447452697
19113,28.496319474213703
19114,31.29434620719318
19115,37.9333450284465
19116,38.744629539482226
19259,61.70463157716394
19260,68.1384557737656
19261,67.52474683085437
19262,70.31840215262581
19263,71.48242520336389
19264,72.28042764127868
19265,79.31307706085124
19266,76.93651984423103
19278,29.400311400648896
19279,31.531868831008858
19280,34.551575190685476
19281,39.671628921986674
19312,37.23833966747866
19313,39.102761634863974
19314,40.780741405510774
19315,43.76381655332727
19350,56.650246335463734
19351,63.27103003795653
19352,65.71903236575024
19353,64.15745347403107
19368,23.54002310509233
19369,26.999538438105958
19370,25.83045194399971
19371,31.694594961481585
19372,35.40121853256761
19373,34.23213203846139
19374,40.09627505594324
19375,41.578924484377666
19376,42.32024919859484
19377,45.84993361437375
19378,43.62224508521264
19379,45.84621922786427
19397,3.101411539645822
19398,5.8132289678793105
19399,5.884694298068707
19400,7.008945914541676
19430,55.967790097709454
19431,57.817723521741826
19432,59.66765694577417
19433,61.51759036980654
19434,58.69716960635197
19435,66.03964985077452
19436,65.27471066957817
19437,67.12464409361048
19438,70.93366146165073
19439,71.44115541635269
19440,76.72815407851705
19441,74.52437778973994
19454,23.12339769314779
19455,26.535300929778924
19456,28.728667296184607
19457,30.678326288545247
19458,32.50793210528434
19459,34.945247459376596
19460,37.7458401358525
19461,39.57544595259165
19462,48.1052040441694
19463,50.29857041057508
19501,38.38807382170955
19502,40.247171361735575
19503,45.592076789310475
19504,48.92220480937584
19505,47.43550223778058
19506,52.563692564408136
19507,53.94234362787171
19508,57.90859799198298
19509,57.66053870792379
19510,64.25975951459068
19511,66.11885705461674
19512,65.56170325303447
19566,2.7913564528283645
19567,2.508839998675022
19568,7.86744028017402
19569,7.5849238260206775
19570,11.325196119854319
19571,16.683796401353316
19572,18.553932548270136
19573,18.979146080833235
19574,19.072903014224003
19575,23.78806760147646
19576,23.881824534867228
19577,29.507587123068628
19590,-7.9005350771561
19591,-5.246294222555115
19592,-1.9477190195641487
19593,2.5384874105423316
19687,11.379920386412874
19688,12.095292697642961
19689,13.858675009453883
19690,16.41292457986696
19691,22.2354810606685
19692,21.840704916994774
19693,28.301823790399578
19694,31.494635753415917
19695,32.529289260947635
19696,37.56097848314699
19697,40.75379044616336
19698,41.14988156109179
19759,7.453201299654967
19760,7.592745459710458
19761,4.497725135477706
19762,9.554699695960721
19775,81.00823990447337
19776,84.01490533616763
19777,86.28594120636991
19778,85.85311642757158
19914,3.1030472333311527
19915,5.9003228592573755
19916,9.107428301780732
19917,14.45260403931967
19926,14.026832505401671
19927,20.91950685981773
19928,22.89247699676028
19929,24.125583332349393
19930,22.029299473825365
19931,28.811387407588015
19932,27.344380929764014
19933,28.688073686006522
19934,36.21002542112264
19935,33.12725649412731
19936,34.36036282971641
19937,37.9490954158303
20000,23.361717411793244
20001,24.168043341403532
20002,29.864705188253353
20003,32.09383373702069
20004,34.07528133592494
20005,40.72549975856447
20006,44.16691720028819
20007,45.40532194960337
20008,49.3943330037707
20009,47.450052628528866
20010,49.43150022743312
20011,53.39439542524168
20012,15.398183867289047
20013,17.561692099146054
20014,22.395858652239717
20015,28.463107900789375
20016,26.452436586971565
20017,26.756602084538255
20018,29.190548845377403
20019,32.67252275356042
20020,40.632841704984976
20021,38.115020301787496
20068,36.08363697127399
20069,34.93903300540206
20070,41.00573750958827
20071,43.611555441636966
20072,42.466951475765036
20073,48.82319130573444
20095,14.87206448018435
20096,26.290800392583165
20097,29.468559250905813
20098,29.370529609527946
20147,57.8048169439123
20148,55.418235735094555
20149,61.688858423662026
20150,63.528667545648716
20151,61.01677851661804
20164,40.865319599072535
20165,41.13269475001102
20166,45.672881004116334
20167,49.106853436290464
20168,49.145297091750685
20169,50.57287723671523
20170,52.63326069601972
20171,57.11945577803016
20172,58.72197624637809
20173,60.55342821020429
20174,63.071674660465305
20175,65.13205811976982
20245,30.16706321981865
20246,31.788348811625774
20247,40.37344047210259
20248,36.18898113224508
20249,37.810266724052234
20250,42.33980828830621
20251,46.85858283933108
20252,46.04560392672246
20253,48.13011397333164
20254,50.677848474742824
20255,48.92765363930106
20256,55.65984748056975
20285,32.421597705998224
20286,36.54270585746582
20287,38.80093369348248
20288,39.50965481268158
20289,41.76788264869824
20310,20.557407504667918
20311,22.88936007867532
20312,30.19381426238378
20313,30.221207206672446
20343,25.208524049104547
20344,25.464111739314887
20345,28.10812078903954
20346,29.25589209153756
20437,-1.933436441534722
20438,1.3888334503292041
20439,2.7760342062436525
20440,4.0153685872379885
20441,12.971126017571994
20442,12.790709755476914
20447,7.070044127630527
20448,7.546113903990628
20449,12.915249392933394
20450,14.32042959021109
20507,53.464423838119984
20508,54.13213031852054
20509,51.811304802062274
20510,53.227295887052215
20557,22.084786219058575
20558,23.563566059053034
20559,32.159617863363756
20560,27.07566817903987
20561,33.70922862511665
20562,37.52019478334366
20563,37.03648326510418
20611,66.85484281915677
20612,61.857862059490145
20613,70.92129842697925
20614,63.611542110347514
20615,72.55806647444614
20616,72.23279497511939
20738,31.657787048669427
20739,30.931492769764205
20740,35.07151604123511
20741,34.686594661586454
20762,21.421673416398367
20763,22.314199612055454
20764,25.13439218542408
20765,26.866994277636085
20766,27.51200588869147
20767,28.99709339630177
20768,30.729695488513777
20769,33.45235591913262
20770,37.01509224630638
20771,37.66010385736177
20772,39.640220534175505
20773,43.105424718599515
20790,69.4977280765325
20791,76.42525565438095
20792,80.88896591464177
20793,84.03982021600231
20888,13.854750085010032
20889,17.012421135187473
20890,19.657834383348458
20891,23.011996130524544
20892,17.38032764585334
20893,23.468588467159023
20894,25.53226702705605
20895,28.081755541394784
20900,17.99389260995101
20901,24.070771593566395
20902,25.571960934800153
20903,27.15072516914372
20904,29.992500790962133
20905,32.834276412780575
20906,34.41304064712414
20907,32.54313477667318
20908,38.5178276564174
20909,41.0438504313671
20953,20.694470387877104
20954,24.644023768114423
20955,27.928005343343866
20956,34.70318992502937
20957,37.33622551185423
20982,18.29494266609356
20983,25.217091869361372
20984,28.390071747256048
20985,31.563051625150738
20990,40.93472453241469
20991,42.23098908886313
20992,45.22889204505824
20993,50.85086507982925
20999,49.268588180167995
21000,49.6080184979799
21001,52.27015913200198
21002,57.08584334645668
21007,31.597705723261157
21008,34.61337289897919
21009,36.23604867323135
21010,38.994030129506584
21047,32.73760002582228
21048,37.88546915515751
21049,42.49186509695004
21050,46.3500605917396
21051,47.71177664872416
21052,46.736623525557135
21053,48.552244934869876
21054,21.783595424793788
21055,21.465890260230033
21056,24.00482394603629
21057,25.697446403240527
21058,29.082691317648887
21059,34.19616011095786
21060,35.50587608839543
21061,36.98159611793509
21089,17.572901384876126
21090,19.77240994949607
21091,22.004929039097664
21092,27.648252108522268
21093,30.968015922485712
21094,33.35357867083744
21095,34.93693874844411
21122,38.212140335559226
21123,34.777209337200034
21124,42.40002491433491
21125,41.375621200162456
21126,46.12258898435776
21127,48.44919152812203
21128,45.24692078413928
21129,49.75139035771387
21130,51.38001213834882
21131,56.592300431297005
21132,57.755601703179124
21133,56.963858243383115
21189,23.010171490689757
21190,25.427164910890767
21191,29.321688215807757
21192,40.41252411613719
21193,44.06534807903403
21194,47.44913886731549
21195,43.10337845922726
21196,45.520371879428296
21197,55.908615838019095
21198,56.36468068946398
21199,53.9798488501319
21200,63.15959609862221
21234,36.607848769191435
21235,34.774798604510224
21236,44.28828251677169
21237,47.031294569478916
21238,49.22570421164474
21239,46.56975043115138
21240,47.94125645750499
21241,57.69279038835602
21242,53.42728056291948
21243,61.5692584488273
21244,67.56763377810205
21245,61.93061792631188
21246,32.1446030913324
21247,30.56728149728728
21248,33.91007113362079
21249,37.82287801414241
21250,39.39218294062099
21251,40.372998519670084
21252,42.13846656195846
21253,41.36426953439394
21254,45.4732395307254
21321,13.316725204647291
21322,14.293261522356568
21323,18.223386369158597
21324,20.69325434563219
21325,27.18337632174447
21326,26.442523798757698
21327,29.01324501589051
21328,34.346572368620194
21329,35.829179939561946
21330,39.2532335331315
21331,39.66917563352731
21332,43.61002456815191
21421,38.833911428112515
21422,33.72234269655254
21423,41.20762714156851
21424,42.2626119031045
21469,43.571045835559694
21470,45.659473636893075
21471,47.747901438226485
21472,48.7436682858439
21473,52.85294717481916
21474,52.92052388851064
21475,56.977102503393844
21476,59.2975778382087
21477,59.88194989295521
21478,63.52713371496754
21491,32.348367568090964
21492,30.695885456232183
21493,36.877144314352535
21494,37.565334505942495
21495,35.75745946675982
21496,41.56131398793797
21497,43.69250304500223
21498,49.13148139247201
21499,55.791447195797815
21500,53.60616781967297
21501,61.54121139791538
21502,64.84900068832093
21553,32.962212073427196
21554,25.07669533589239
21555,34.38000450769916
21556,46.09629561009561
21557,39.031659093602535
21558,50.45571840398124
21559,43.40968693915868
21560,55.38099973023186
21605,49.22436306253026
21606,50.95518585213892
21607,55.35975438010507
21608,53.275053307808506
21609,58.529859789453255
21610,59.93879552694135
21611,57.29539667083531
21686,13.18652840866713
21687,15.007867338182216
21688,15.626225288128644
21689,21.040345138384218
21690,23.570294905917162
21691,34.77288302849689
21692,37.53123498108215
21693,39.203265778900885
21694,41.71131197562897
21695,44.776701771629945
21696,40.84794648337726
21697,50.35013776435903
21698,46.70005427574279
21699,55.64490195745162
21700,57.62397059868604
21701,60.103650751634916
21735,6.61548306913967
21736,4.754920397947846
21737,7.391755252841481
21738,13.20757020637376
21739,15.580721575778028
21740,13.207129979066785
21741,14.789230892002955
21742,17.68974923238593
21743,21.63066346926711
21744,27.446478422799373
21745,27.168016664543718
21746,30.06853500492672
21840,16.98724768439961
21841,18.77423153587147
21842,21.70145805416131
21843,27.720411584795688
21844,31.278082812291174
21845,33.65429967051146
21875,11.06197232907936
21876,15.998295312115705
21877,15.660768589878913
21878,18.0003399561365
21879,20.339911322394087
21880,21.639673192537188
21891,18.522479122818584
21892,31.19502960333989
21893,34.54969797646547
21894,33.43211633671003
21934,1.7226653880382745
21935,9.207895400311088
21936,11.751635142760861
21937,14.04100091096565
21938,12.151998332082337
21939,7.07517805468914
21940,17.493851791226838
21941,12.67140548807864
21942,26.759699623214516
21943,24.10757512159625
21944,25.888192941311097
21945,32.610301030849
22029,53.242754696058014
22030,57.89241414126406
22031,58.23671855532261
22032,62.36069759429029
22033,62.70500200834884
22034,66.8289810473165
22208,27.953704774012486
22209,30.42182927409658
22210,32.39609169116678
22211,35.16037531906116
22212,38.3192742473725
22213,38.72867954472594
22214,42.16934290890625
22215,43.17106646188024
22216,46.41442217585205
22217,49.39040814589624
22218,-11.287326660137875
22219,-3.512770574854911
22220,1.874112485339908
22221,4.028865709417858
22222,3.3024009052849257
22223,11.301157840680887
22224,8.37479650957329
22225,18.034761665924435
22226,14.569712028797387
22227,22.34426811408032
22244,23.874971817241214
22245,27.05439495709147
22246,30.763721953583495
22247,34.20809702175462
22248,24.783801522930162
22249,26.37613814831198
22250,25.970248776072175
22251,28.47249204452934
22252,30.519781991448816
22253,34.57767959452872
22254,37.97744784752243
22255,38.672259488367686
22256,40.94702609605601
22257,42.34856835142809
22258,45.49655931143265
22259,47.35305488834239
22296,-4.816545466647636
22297,-2.6015354158306874
22298,2.2376511405540205
22299,4.550232456608341
22300,3.3083946140859783
22301,5.107068971017123
22302,10.974069445648183
22430,35.13971735244474
22431,38.7661846635204
22432,43.117945436811205
22433,47.10705947899442
22450,7.991330113373869
22451,6.676810211348192
22452,10.542087419332319
22453,14.387761024117431
22454,17.16881794183201
22455,21.13830618346406
22456,22.806940334092808
22457,25.03178586826447
22458,30.795996838633506
22459,30.843802918648805
22460,33.62485983636341
22484,52.343891141591826
22485,54.55761172490456
22486,58.0680545179644
22487,60.46851012741095
22488,63.605482868203154
22489,67.5073296205311
22494,-0.12623032336114104
22495,2.099535295416562
22496,6.092392434435625
22497,6.92964906746637
22498,14.902108007981028
22499,16.197654415855354
22500,13.407381106838
22501,18.42342003463307
22502,23.19360501837673
22503,24.123824229280093
22504,30.18955562089809
22505,32.78064843664674
22518,22.653323636560803
22519,22.94115968077472
22520,28.020352023331323
22521,33.09062563457667
22522,37.07624893933192
22523,37.364084983545894
22524,41.61679949761174
22525,45.356076427959835
22526,48.02698852106559
22527,50.96499182348194
22528,49.387648768177485
22529,51.79146965197265
22681,10.917819250729083
22682,13.862103417852756
22683,19.88995657065235
22684,23.348314161890414
22685,28.067913749047964
22686,3.0135059317250095
22687,4.802872237322336
22688,6.882614948853745
22689,6.349160924644901
22690,8.394150988184743
22691,13.528832655358162
22692,14.017873662919266
22693,17.58406013444628
22694,22.475664183344907
22695,23.974654083008236
22696,27.076891826309538
22723,49.79579027373097
22724,51.79927600329174
22725,53.43831962561594
22726,65.45987301151271
22727,75.51201043265647
22770,56.357868404821694
22771,58.72966723557835
22772,60.781161422278586
22773,62.25591419158497
22774,66.35890256498551
22775,71.23120125839868
22780,25.92697606743571
22781,36.95774917443229
22782,38.575430980329806
22783,47.30226384882307
22784,48.68884825387804
22785,45.277255604762395
22786,49.437008819927435
22787,47.18793694494591
22788,55.21444384098999
22789,62.554692304428194
22790,63.941276709483226
22791,66.25225071790827
22792,49.960047306972115
22793,53.26634074447143
22794,48.24362419273245
22795,56.61540349130766
22796,61.308229467210175
22797,63.2493750209747
22798,57.94935196155512
22799,60.445110530680914
22800,70.18203771299088
22801,73.25379395214651
22802,77.4133915673562
22803,79.88776548181352
22839,26.48881480964262
22840,28.574954259554872
22841,21.894837667839244
22842,23.980977117751497
22843,26.327883998902838
22844,32.505076286348555
22845,32.84706977987871
22846,35.19397666103002
22847,37.01934867970324
22848,47.87174417124349
22849,44.76114555458318
22857,27.382284644997306
22858,30.277078807810263
22859,32.08632515956837
22860,35.70481786308455
22874,43.18219534445615
22875,45.59579149676824
22876,47.768028033849134
22877,49.698904955698794
22878,49.70431867990686
22879,58.47262377458805
22888,58.463519958981415
22889,60.47131854745482
22890,64.73789054796084
22891,66.74568913643425
22892,69.50641219558518
22893,73.19259740904685
22894,79.6247797450886
22895,78.2120938802304
22896,81.55320372642568
22912,40.965126384218365
22913,49.79308292566879
22914,49.08533583836896
22915,52.77422470555517
22916,54.45426804089668
22917,56.97433304390891
22918,58.65437637925042
22919,64.63346572118543
22920,70.92589919780852
22921,72.65473750709627
22922,77.64607253917455
22923,79.3749108484623
22964,32.693360503675024
22965,33.662205402383435
22966,35.192693898942444
22967,36.48448709722033
22968,38.99085234527975
22985,50.67795164433834
22986,54.98289214896835
22987,57.9592222526463
22988,62.118412413525846
23022,12.599496829872159
23023,13.90236933565783
23024,18.36143341894271
23025,25.64395565747178
23026,28.4886362593901
23027,60.39406895135029
23028,70.78051318874483
23029,71.95076801600942
23030,67.1548058722305
23031,67.02551297251618
23032,70.27548541160269
23033,77.10197190397935
23034,85.01861358713043
23035,80.22265144335154
23036,88.72442054013493
23037,82.43386819816637
23038,84.384292910274
23112,8.341853593133228
23113,14.983672854779208
23114,16.001394507737217
23115,19.830415856382302
23144,19.04336794409364
23145,21.296813381631893
23146,23.91266287776334
23147,25.79853521503317
23148,27.12567796096426
23149,30.109100557364187
23150,33.860936308356465
23151,37.6326809828961
23152,40.057373987957284
23153,41.96315524877444
23154,45.27433309834814
23155,47.60086333703655
23178,41.75553931035538
23179,41.26487416331721
23180,43.84942728944152
23181,51.490109842926806
23182,53.536492670124275
23183,23.156675511639094
23184,25.568774511353574
23185,26.926111397585125
23186,28.28344828381669
23187,29.361644134411904
23188,35.94684480217248
23189,16.488080819127426
23190,12.168069771312485
23191,14.639498746731572
23192,23.35316130640266
23193,24.296450236885025
23194,20.95537279502481
23195,25.07442108738992
23196,35.1610997445161
23197,31.390295135683186
23198,41.47697379280931
23199,45.321418865683434
23200,47.08851745463883
23224,49.25135435685217
23225,51.21335225475175
23226,53.393349919084635
23227,54.70493309424721
23261,25.185538933552337
23262,33.08425174934815
23263,38.512929609758125
23264,39.20832722584787
23265,45.08448701972808
23266,46.351324410597826
23267,50.227444992748026
23268,52.798923979258014
23269,51.186048686042156
23270,53.75752767255214
23271,58.065839793587756
23272,58.329045870792115
23301,-12.0102626205183
23302,-7.315679558477997
23303,-4.365359488471555
23304,-4.402061479157639
23305,-0.7233368893211045
23306,1.2190751635591246
23307,2.6758842032193106
23308,3.367586732363306
23309,7.738013851343836
23310,8.142262428114154
23311,11.29868201404452
23312,12.755491053704691
23313,39.76695767076755
23314,43.64025320394542
23315,43.5296950242509
23316,47.17165388001183
23317,48.86415587069621
23318,49.35244742250528
23319,50.83338666435411
23320,53.09541084740721
23321,54.85307889222959
23322,54.7425207125351
23323,56.223459954383955
23336,57.63225652595124
23337,58.155904139115066
23338,62.940846741889395
23339,60.647964514341844
23340,62.50597108992019
23341,70.36566163577284
23342,70.46885641382742
23343,78.33575836811004
23344,74.18486956498411
23345,83.37891907325131
23346,85.50235515962656
23347,85.76057326199351
23360,11.368155424350476
23361,15.49057393952279
23362,17.46255175030018
23363,20.316533799265613
23364,23.41830185331574
23365,19.87840875453386
23366,27.927152596506858
23367,25.269263735913082
23368,34.20001181607418
23369,32.24566430005086
23370,40.542194147108546
23381,31.06020837267507
23382,33.525878960693994
23383,35.99154954871289
23384,40.97598293243189
23385,41.47081752208825
23386,42.93935905532653
23387,44.30917604867037
23388,48.37299469648866
23389,48.418627028701884
23390,51.05953647549514
23391,51.98015121139586
23392,53.799170462182836
23442,28.711762168362046
23443,43.98763204689442
23444,47.30838049720674
23445,51.31951000222553
23506,14.70750164738094
23507,23.788421422811616
23508,25.3439832702203
23509,26.405867300319926
23510,28.998470379334407
23511,30.55403222674309
23512,33.38105281516517
23513,36.75143681788396
23514,38.5662589731941
23515,40.64034143640567
23516,35.18906597159528
23517,44.03556823761838
23552,0.30262367493372544
23553,4.899064789713929
23554,6.488265621272545
23555,9.105301313224313
23556,10.19965078907583
23557,14.053814870295366
23558,15.290943259563132
23559,17.76520003809865
23560,23.1943640020464
23561,21.828657648192817
23562,23.455990628730373
23563,25.68282172941232
23564,61.120753142827276
23565,64.81171147254837
23566,66.17265000269605
23567,68.44088088627556
23568,69.8018194164233
23569,68.70624145071353
23570,70.52082615757713
23571,80.46250456924703
23572,80.85436182996906
23573,82.66894653683266
23574,90.66954354535484
23575,90.48125793307686
23604,22.015917335523472
23605,24.175972073675172
23606,29.38400992440413
23607,31.55515861774387
23608,32.096172780231356
23609,37.30421063096034
23614,22.46166419233325
23615,26.319696438566705
23616,24.01325960895039
23617,30.901634194669338
23618,33.478974182477074
23619,37.4881697190669
23620,35.75447510896336
23621,38.33181509677112
23622,44.798610753333605
23623,47.37595074114134
23624,50.23966183870547
23625,49.78665948702772
23655,-4.8540138399622
23656,-0.35420495397797414
23657,1.3091005961814615
23658,2.2381599618311014
23659,4.8436248902702586
23660,6.92275682796956
23661,9.001888765668848
23662,12.120586672217794
23663,11.779041661632142
23664,15.33669116933666
23665,14.897739568181088
23666,16.14521873080067
23667,20.66354884895556
23668,21.613487617183022
23669,25.72939348519613
23670,29.995367915714514
23671,32.12835513097371
23672,30.07266717523199
23673,31.405784184768997
23686,28.157282452025857
23687,29.030936864335292
23688,31.215072895108865
23689,31.312406598877963
23690,32.84447256033825
23691,33.496542629651536
23692,36.120676606498606
23693,40.38844422435786
23694,42.35416665205408
23695,42.01467314966845
23696,43.32832550805138
23697,46.16453160813827
23711,85.19451944679078
23712,86.94492480182387
23713,83.51947523086572
23714,87.21004375167841
23715,93.0098410202764
23716,90.46642774063075
23717,96.71407676868091
23718,98.88499942798248
23719,101.05592208728405
23720,98.28174931411637
23721,103.86445431678423
23722,105.61485967181733
23809,7.42862712823729
23810,9.52594368239891
23811,11.28006267096098
23812,11.746458484697778
23813,18.862969200382516
23814,21.098796055207874
23815,22.085612364830226
23816,25.071310339575028
23817,26.581447373432688
23818,27.978309209448245
23845,52.873890316002985
23846,56.12839697122436
23847,57.17454870906445
23848,52.02476795672523
23849,61.38475722941058
23850,56.08650088350548
23851,66.88004295387802
23852,62.29856300681651
23853,76.28858601155986
23854,71.85558165806422
23855,81.45449639703077
23856,75.4394636522821
23890,24.29605785768445
23891,32.15773605361831
23892,28.76095001133999
23893,28.117139596884943
23894,30.52131229500718
23895,37.34728107606222
23896,38.077283631962715
23897,43.87289268525112
23898,44.602895241151586
23899,49.71159780926223
23900,57.573276005196035
23901,55.550302933273315
23946,-22.975160222749096
23947,-24.107983462895152
23948,-18.86808077868516
23949,-18.059045577444266
23950,-18.703931562811018
23951,-16.326148726774004
23952,-13.948365890737005
23953,-10.061048765319777
23954,-6.979166598500085
23955,-8.544313990652878
23956,-6.81501738262595
23957,-4.653396622592293
23958,19.271010394068455
23959,21.87357957963849
23960,26.408978025919666
23961,29.011547211489674
23962,33.54694565777088
23963,38.89131973769933
23964,42.6926518392045
23965,46.63321964949806
23978,18.38137169199942
23979,22.65013442293505
23980,26.1076715661176
23981,28.307922475415605
23982,30.325590913902715
23983,40.06955922650806
23988,25.089119128887262
23989,35.37540999359134
23990,40.06546636575589
23991,38.51996617036277
23992,37.89195499145663
23993,43.68602274648725
23994,41.4857334791954
23995,43.282622723064804
23996,49.301301633579094
23997,50.19974625551375
23998,48.44867929918928
23999,53.793524743252554
24034,31.48111746000606
24035,36.06044294943682
24036,35.34736699924651
24037,41.04931770526129
24047,37.6719780918821
24048,39.228710183550994
24049,42.19842382918793
24050,43.53276562204695
24051,43.8989064585577
24052,45.90041914784624
24053,50.42686488515204
24054,49.691864108094585
24055,57.32096414825716
24056,59.03225665810796
24057,60.58898874977685
24058,62.145720841445716
24147,12.237049338705024
24148,13.744991199449661
24149,21.07525583816187
24150,24.935316697275514
24151,29.70779265077039
24152,30.58167534451838
24153,29.02736245493886
24154,33.10683415788183
24155,34.63363085846783
24172,26.3600048174401
24173,29.55156982471272
24174,34.07393373744892
24175,33.65123100415204
24176,35.47330263945841
24177,36.61209741152487
24178,38.434169046831244
24179,40.48399963655092
24180,42.53383022627054
24181,43.66968535285052
24182,44.580721170503736
24183,45.491756988156894
24184,12.039551538258172
24185,19.744072062216006
24186,21.731381018866557
24187,23.016564313958142
24188,26.0845257999664
24189,28.68542705381863
24190,24.92498977949287
24191,33.243102600652335
24192,35.02588079156901
24193,36.66212691744008
24194,39.37902557266885
24195,35.96965112912259
24201,-3.3052752475528067
24202,1.4632127935442023
24203,1.9620978852582258
24204,8.806037970190673
24224,40.658455461777436
24225,43.84049342708681
24226,47.93168509677025
24227,54.223229593387614
24228,56.268825428229334
24229,53.613895749108394
24230,59.45086339353871
24231,63.996631915409225
24232,63.342993659198
24233,62.02356751456884
24248,13.401549515753372
24249,19.896295909421184
24250,24.28517113318179
24251,23.27651876921473
24252,33.42866118268307
24253,32.42000881871601
24254,35.711665236536504
24255,51.73578786671466
24256,53.68815938713094
24257,54.772810231806645
24258,60.89072697565794
24259,62.40923815820395
24260,60.19606445518521
24261,69.43946616717697
24262,69.78486390199882
24263,72.91034887013923
24264,74.21192988375013
24265,75.94737123523124
24266,84.19071765476669
24303,25.257831646603393
24304,25.041000124623487
24305,27.49431445905706
24306,35.07108898433762
24307,34.58166698075397
24308,34.6110701200501
24309,38.670524204809915
24310,40.57865757603603
24311,40.60806071533213
24312,49.79097499093896
24313,51.97169884376879
24314,54.15242269659859
24315,51.425388858317866
24316,51.014317191609365
24317,53.62020520892483
24318,58.53235617826906
24319,60.66444637425443
24320,63.69954919522928
24321,63.27033439156987
24322,0.8268390506146668
24323,6.133825908799733
24324,9.079372955597787
24325,8.614824193186271
24326,9.95370921445812
24327,12.899256261256175
24328,17.916014095991937
24329,19.035675339911734
24330,60.3999917048597
24331,64.98385635532827
24332,67.93182683915023
24333,68.44116837215964
24334,71.13902703878256
24370,9.943641050223501
24371,17.32393276856297
24372,18.862384352494914
24373,21.199872085750357
24392,32.05318977545991
24393,36.48808369735577
24394,38.15811155913263
24395,41.88938329185972
24436,35.89434008031174
24437,38.40507133901318
24438,44.38725435577959
24439,48.01386617390395
24456,38.43419707327071
24457,41.301844812739695
24458,45.050994305565325
24459,48.7247566435324
24492,17.081782157149014
24493,20.156936161864742
24494,25.273995199735403
24495,28.295022631547816
24496,30.261013605930735
24657,138.2265899137952
24658,138.59810127921742
24659,144.66633356782566
24660,139.93554219473737
24750,-20.864974958234384
24751,-16.18164919131442
24752,-17.308964274358956
24753,-15.022498564033858
24754,-11.161398814078538
24755,-11.466487880158445
24756,-9.583893988694973
24829,44.057637639957676
24830,50.618837378797224
24831,48.818016829725735
24832,52.86433914102858
24833,11.736716080598786
24834,15.867106519107384
24835,15.767124756493093
24836,17.916676050303426
24837,23.786696760187063
24838,21.947084726197733
24839,26.077475164706303
24840,25.97749340209204
24841,33.72837149405971
24939,25.000696946281977
24940,32.12764774955255
24941,32.610533365094675
24942,30.67157291056901
24943,36.3282966119874
24944,37.441279556894735
24945,39.68881570193528
24946,37.602643533586516
24947,39.91300040792568
24948,42.64342216850834
24949,47.732869269860096
24950,46.21397370157793
24989,39.478292166027856
24990,41.13882937948419
24991,36.55663136176506
24992,38.45438817714373
24993,40.82658419636704
24994,48.96707624292115
24995,44.62209782712435
24996,46.757074244425354
24997,57.506981912125084
24998,53.399223098250644
24999,61.776934746727065
25000,63.20025235826107
25076,56.47778218286905
25077,60.56543593609616
25078,61.214631235851215
25079,56.43844235248943
25080,64.05674066764053
25081,69.09176423146405
25082,61.6489763107698
25083,70.68832934181555
25084,74.53914064239353
25085,77.08307556334145
25086,80.22335950597213
25087,73.49109894322521
25144,41.24895358607904
25145,43.019486765484174
25146,45.232653239740614
25147,50.81114138245788
25148,53.4669411515656
25149,55.68010762582204
25150,53.642685841915096
25151,58.99985733720671
25152,61.177019318759996
25153,64.09014022799653
25154,65.1607189724216
25155,64.04456827092037
25182,22.761078998363402
25183,22.35896339460827
25184,26.258632543562655
25185,24.982128553507696
25186,26.556027648847365
25187,30.28081912054178
25200,33.944709844669305
25201,48.741146673328984
25202,48.89395026908106
25203,56.98900345921132
25204,61.62842290127017
25205,64.2058781468584
25206,7.560201401254311
25207,9.32889586347287
25208,12.25712824036231
25209,14.002312630411062
25210,14.5822802338328
25211,17.510512610722238
25212,23.37265623645731
25213,25.434173936364804
25214,29.521944227925154
25215,29.809088593657926
25216,33.91429279325933
25217,34.20143715899207
25218,-8.696095072452136
25219,-5.14692306767982
25220,-2.239157841031032
25221,-0.5056981383621757
25222,1.9514209418648125
25223,1.9541284759049429
25224,8.408358173285931
25225,10.687844338227423
25226,13.868622796012572
25279,-2.9359946377960027
25280,-1.1822131708794243
25281,1.5678845228584555
25282,9.625160031496051
25283,17.925859860930217
25284,21.2323253605729
25285,25.24980379790233
25286,27.449439953683722
25403,78.38273558771175
25404,80.88182830409701
25405,83.38092102048222
25406,84.26694489208381
25407,90.068704029262
25565,30.736623798081393
25566,33.23219079354057
25567,35.72775778899974
25568,43.654592615492675
25569,44.10153949504237
25570,46.59710649050154
25571,46.45869586947417
25707,60.40638273937308
25708,62.16470267730049
25709,65.8788509089508
25710,66.46281808112296
25827,21.64255396966465
25828,24.077464096987345
25829,25.29491916064868
25830,26.75586523704226
25831,28.7037933389004
25832,26.58305293818383
25892,12.783607632107625
25893,15.52070741767607
25894,18.507458233844055
25895,20.880190591444048
25896,29.703809539992537
25897,30.700663044138516
25898,33.12948363671493
25899,34.47882841036847
25900,39.688960865028776
25901,41.30817459341304
25902,43.73699518598946
25903,46.165815778565815
25904,50.75358800898789
25905,52.56004837732602
25906,56.338213743555976
25907,59.65926351510129
25949,107.4863433188537
25950,106.21167269959291
25951,106.74461120416535
25952,109.26280500076183
25974,14.43671903151266
25975,16.231814564069104
25976,32.7153527584254
25977,22.69415848127229
26011,28.23477724208876
26012,33.114541350541906
26013,40.78274209239682
26014,43.397588187541714
26113,-8.980488714925627
26114,-6.9124655349738005
26115,-4.9286953563103095
26116,-2.448982632980953
26117,1.5185577243460004
26118,3.019233890957831
26119,5.48609808167294
26120,7.633586531381012
26121,10.693494800664585
26122,14.661035157991552
26123,17.55243742469841
26124,19.86843187698317
26140,51.002202316695
26141,54.21753960487593
26142,56.44354234284729
26143,66.26141875660933
26144,64.35821874452336
26145,66.83155512004711
26146,71.950092420314
26147,73.928761520733
26148,75.90743062115205
26149,77.88609972157106
26150,80.60676973464719
26241,33.72534255477092
26242,35.610592108632034
26243,46.210802445533304
26244,42.54627137571772
26245,44.850465274881316
26246,52.913911970372865
26247,46.08420074119384
26248,50.92515828176715
26249,53.229352180930746
26250,60.03596584051489
26251,62.75910408498096
26252,56.13886502845314
26289,18.6176709440046
26290,22.187801649062557
26291,22.806166047648475
26292,25.010637154829425
26293,28.139873638451185
26294,30.12389763491405
26295,29.86047359062755
26296,36.25343980145237
26297,34.8733633895565
26298,41.146253170818916
26299,42.4689358351275
26300,41.764617569404805
26315,25.145108706334383
26316,27.524150067182457
26317,28.855172726516663
26318,31.164102800099258
26319,33.06162463344617
26320,34.775499256358174
26321,37.90537618511591
26322,40.043657782213415
26323,42.33771949654997
26324,44.26379760655474
26325,48.4988057901421
26326,51.14716319139863
26455,30.257015517139035
26456,34.206817950660486
26457,35.85256896462776
26458,43.75217383167064
26459,15.318242956658256
26460,18.24409814275835
26461,18.838198277935646
26462,23.339513948858865
26463,27.11885543555305
26508,48.00193185634839
26509,51.681926918858125
26510,51.029206800044236
26511,52.640891568051046
26512,53.34868665589555
26513,55.15366141188997
26514,57.02119642766017
26515,61.73300629421388
26516,63.279326198114745
26517,66.75854598189173
26518,66.10582586307784
26519,67.84543575496632
26520,17.101435735313732
26521,20.186119448363915
26522,23.689620439689026
26523,27.323319544770445
26524,26.709205095861012
26525,33.007904432554966
26526,34.18601194516134
26527,39.04707374489897
26528,38.85264277742718
26529,42.42124282563043
26530,44.82671303289299
26531,47.636889049927504
26564,5.26326871564871
26565,7.26807048898802
26566,13.666759089605724
26567,13.56383745540893
26568,18.177563079619183
26569,18.074641445422372
26570,22.437766847965186
26571,19.547481350691275
26572,26.94857083797863
26573,24.55948578403954
26574,26.81488777904625
26575,28.56908933071816
26576,3.019270745575912
26577,5.053297052244633
26578,7.459573196730544
26579,4.583350004317673
26580,11.12082054873427
26581,14.816623324254525
26582,14.782067900737983
26583,11.092234185657581
26584,24.994637112285847
26585,25.553884353040647
26586,29.28603979594489
26587,30.35015794065959
26629,20.846494513918433
26630,25.732207579929106
26631,24.693684717724043
26632,25.976081452325932
26633,28.327142132429348
26634,34.495251933041914
26635,36.84631261314533
26636,37.08514444590849
26641,41.107162536304656
26642,42.81360833077338
26643,44.46615427010198
26644,47.852095931469336
26645,50.091423754000886
26704,24.159760183128924
26705,30.693444000196365
26706,36.5142302654333
26707,42.639558843934026
26708,47.84436401999841
26739,55.74064160058988
26740,56.09094273973318
26741,61.13683716498183
26742,62.11708863768757
26779,17.583731354594335
26780,19.309285918815224
26781,21.290690730799483
26782,24.765965145991785
26783,27.47574042337925
26784,29.86303428827385
26785,31.87775468262285
26786,33.21038357958449
26787,36.04808398085362
26788,36.35021319663282
26789,39.13043272878669
26790,42.071892967186955
26819,57.02665983568881
26820,60.43043645939772
26821,63.04345035908977
26822,67.21741404448781
26839,129.68708282409878
26840,130.10059895439605
26841,131.0828267942444
26842,131.63418163464078
26851,25.292318776522734
26852,29.034914743972593
26853,32.153744716847484
26854,32.52434021034861
26855,33.779212883522234
26856,35.65051086724719
26857,42.44588362733455
26858,40.633298139823296
26859,43.13570280214685
26860,49.619192564946786
26861,49.6779050611604
26862,51.86842672619656
26863,11.144257732941544
26864,12.797509747229164
26865,14.803414566764364
26866,16.86880324490746
26909,5.011323150858113
26910,8.155286307991911
26911,10.204656021961478
26912,13.637137671934351
26913,17.67639657168142
26914,18.26407668504951
26915,22.58121094994574
26916,24.630580663915303
26917,27.774543821049104
26918,30.371210256600772
26919,29.51629790577349
26920,35.59428339180021
27006,56.498134372636244
27007,59.95066080643558
27008,59.39564110482777
27009,64.32386095591475
27028,57.227558095027035
27029,61.50461054580674
27030,65.78166299658633
27031,71.28073043330309
27047,35.33669762516923
27048,33.652257366288914
27049,33.732937362583556
27050,38.90731872946218
27051,44.53305501072243
27052,42.58586168368347
27053,45.21339236527009
27054,45.556825429723375
27125,58.6600299243528
27126,60.43495760431615
27127,62.97056857569241
27128,70.8549731420749
27129,19.343898191610215
27130,22.660661805313048
27131,23.490967450983312
27132,26.53125978072793
27133,27.63803671035641
27134,32.37534954508698
27135,33.44304187968307
27136,36.20775471926512
27137,38.69688806868465
27138,43.94895067009488
27139,46.71455530347263
27140,52.8342245579942
27177,48.92108415852564
27178,47.194736823772345
27179,49.558368564195476
27180,51.81410036792094
27181,58.13924794617579
27182,59.557426990429654
27183,57.7231797189787
27184,58.90499558919025
27185,60.903800918226395
27186,63.03106948460716
27187,69.72104347424902
27188,67.17770668067114
27189,10.425920319359216
27190,12.156591458017099
27191,13.714195482809183
27192,18.14097717842162
27193,19.139402597630394
27253,-6.054292830841296
27254,-3.358651788629265
27255,-6.908323691758239
27256,3.360621071485447
27257,-0.16922108622818932
27258,7.693476484440007
27259,9.849989318209646
27260,10.908415989679092
27261,2.9883407108767264
27262,5.639871411207522
27263,7.475546511436547
27264,8.903293811614645
27285,56.82682299721402
27286,60.01785354104348
27287,60.65750762321083
27288,63.83303000469342
27289,65.53555650513643
27290,67.46640698048171
27291,67.25479781242755
27292,68.95732431287057
27293,70.87266662586897
27294,72.57519312631199
27295,76.40467110780759
27296,78.73013688356984
27349,26.094575408723475
27350,29.94507103649764
27351,33.85596545522396
27352,37.229438548978905
27353,43.00518199064014
27378,38.00131065613122
27379,37.67584817443221
27380,44.29314226865433
27381,46.519193975767635
27382,48.092151878898434
27383,46.85143594269507
27384,54.12182384089972
27385,50.783830700521996
27386,56.87680549370052
27387,65.39468881333694
27388,67.49196601751133
27393,11.250542987931116
27394,15.606769989049248
27395,16.58517778194824
27396,6.934535628467408
27397,17.70803442106443
27398,20.25189468260182
27399,13.196345503020943
27400,24.36120741277755
27401,28.913115972475502
27402,19.458155377574464
27403,20.240881611893663
27404,31.014380404490684
27425,38.38089524845725
27426,40.10674987673229
27427,43.913189438644245
27428,47.561131838950786
27429,50.40652751484702
27430,54.66415190264028
27431,54.05446991515353
27432,55.33250812438012
27433,37.76578893153753
27434,33.309711182685255
27435,36.66179227641508
27436,45.18825421051075
27437,40.971610825496334
27438,49.01920403191632
27439,49.737507123429864
27440,45.52086373841542
27441,49.398691537532784
27442,55.4109435210125
27443,57.761580410671115
27444,59.31333198670413
27445,59.46292338060187
27446,63.968586714803195
27447,65.52033829083621
27448,67.07208986686919
27449,68.18048384974992
27450,67.44336005734313
27451,71.15013807791878
27452,73.72245376415356
27453,73.87204515805134
27454,-29.383805536653142
27455,-27.35194062212277
27456,-25.32007570759241
27457,-23.28821079306205
27458,-24.014016299044997
27459,-19.224480964001316
27470,27.341662795047338
27471,27.104559093857954
27472,33.50366894887301
27473,37.31150071379017
27474,35.735644427670124
27475,36.75106623164804
27482,38.164753944625865
27483,48.758387746551755
27484,43.77214544881934
27485,44.92362738381129
27486,48.47814371277039
27487,48.838665962783885
27488,52.39318229174299
27489,59.12172516147924
27490,61.19439264446472
27491,60.35348531270335
27492,63.447408867665644
27493,70.40624812440028
27500,47.620770480172894
27501,54.94498066658906
27502,58.429935378976154
27503,62.451036970192035
27504,69.42094639496625
27578,19.596159350639965
27579,24.237813991373827
27580,27.5573544828629
27581,34.06720028939844
27582,32.19900912359676
27583,39.80100896324615
27584,37.459854435021086
27589,53.16194610448409
27590,54.22651994575006
27591,57.805906722077495
27592,58.870480563343484
27593,60.12788703087422
27594,66.06455619184881
27595,64.78097589482604
27596,67.3049170762459
27597,69.83798650402416
27598,71.94887769383935
27599,78.09663597379544
27600,75.96869920084657
27719,24.472261895550872
27720,26.66114976906215
27721,28.06821326654756
27722,30.530712124247742
27723,31.575995335259037
27724,34.312105177148126
27725,38.152811104996374
27726,39.28626361829288
27727,41.15237978187086
27728,45.03209428625996
27729,46.90836259904151
27730,49.370861456741665
27795,36.12497935948725
27796,48.22123430304685
27797,51.04191210241961
27798,52.63921964063936
27799,54.434196422058385
27800,56.48559845796583
27801,59.30627625733856
27802,61.357678293246
27803,62.89622982017661
27804,67.19670313519077
27805,72.06878297047098
27806,72.12753898176013
27807,25.060414048351248
27808,27.642673809977794
27809,32.585515016333375
27810,34.356549190206806
27811,35.79364538850223
27812,38.746390784971965
27813,40.5905202773757
27814,43.17278003900228
27815,48.18849224430966
27816,51.95246322853251
27817,55.567626894809706
27818,56.70994945767728
27848,9.003993840503668
27849,12.431287232388826
27850,18.07932632875563
27851,19.285874016159127
27852,22.498961571051453
27863,24.020956003236748
27864,31.570505295367724
27865,27.97736817147836
27866,35.279641703094214
27867,33.17015914229542
27868,38.33145230671959
27869,40.556934151355456
27870,40.09388043671818
27871,47.264877491656065
27872,54.07259950224173
27873,56.05080558636254
27874,55.640755542776525
27898,55.87161618018698
27899,59.828525874678405
27900,61.89852785900507
27901,64.19853006381251
27902,63.69162367653224
27903,65.53162544037818
27904,69.0353358015427
27905,72.66163227528119
27906,76.38854174929187
27907,77.76854307217636
27908,78.18163756681906
27909,82.13854726131046
27933,4.639008463333508
27934,7.427680835654454
27935,11.455763151229117
27936,6.233207186575395
27937,8.71202707308289
27938,19.202075296565052
27939,22.668798579608378
27940,24.527913494489
27941,26.69688089518307
27942,20.79627401980697
27943,32.893930611451836
27944,26.683471250262254
27945,25.81909669716312
27946,26.103836097729378
27947,29.919578208312508
27948,33.98970312626785
27949,29.541805043279652
27950,31.123230371539037
27951,33.041155928120325
27952,34.96383474016896
27977,63.01891803332452
27978,65.66931814580241
27979,68.52359519000939
27980,70.21831776473192
27981,71.34021743473957
27982,73.99061754721745
27983,76.88254939090118
27984,81.83930287328886
27985,83.61048813796049
28002,39.444459406747114
28003,41.987687266293335
28004,44.11924990005028
28005,47.70426461255522
28006,48.91526582600338
28007,54.09895251382605
28008,58.24085234868997
28009,60.63886031166652
28010,61.28076058194708
28011,67.15477364558728
28012,68.63222018825502
28013,73.81590687607772
28037,29.719113797432932
28038,34.596948301967615
28039,36.49345336503464
28040,40.93505252801495
28041,52.69222678296288
28076,6.758322331664343
28077,13.378109788677556
28078,26.493737449593247
28079,25.703117841875905
28080,31.10849533028584
28081,33.294433273771766
28082,38.806283340549776
28083,40.74933929031507
28084,38.88071912934699
28085,41.4904474337189
28086,49.9788550517002
28087,46.105205314411464
28124,35.054579264730506
28125,43.26112563588564
28126,47.91574605392007
28127,44.363820100799416
28128,51.98853891970024
28129,54.89767668097179
28130,51.92757828010542
28131,55.12762981750413
28132,61.9534682563831
28133,65.37057262154933
28134,62.691387996810136
28135,64.7277844297002
28169,25.776410326020585
28170,32.18040136466603
28171,33.298528695144974
28172,31.338265721900303
28173,37.46992024205475
28174,28.085683445074892
28175,32.9543597796159
28176,36.64694817801421
28177,40.02670890682664
28178,42.63231121685165
28179,45.79377509954285
28180,49.33243144263024
28329,14.798855895236434
28330,19.643057188218236
28331,22.98848907816607
28332,26.05513497728488
28371,49.02037549263582
28372,51.49474060613005
28373,53.14431734845951
28374,54.062595678392896
28375,64.10072409077524
28376,65.75030083310473
28377,62.76684834538145
28378,64.69135454476586
28379,65.0597739605894
28380,67.5341390740836
28381,70.00850418757783
28382,72.75779875812698
28399,55.67359628223777
28400,57.608364602316
28401,59.8195283966911
28402,63.6458202318998
28403,67.00581072841022
28404,71.13961907120324
28405,73.08651116294179
28488,39.632930480941546
28489,45.949960190760706
28490,49.763453298398126
28491,54.43438436331026
28594,19.215419099062686
28595,22.54863381752932
28596,25.589616743978183
28597,27.257054152161466
28598,28.946564463699033
28599,30.90623366390009
28600,33.64311829770407
28601,35.33262860924164
28602,38.81278927266715
28603,41.71869275478427
28604,45.19885341820973
28605,48.39698869234462
28618,9.57987371178929
28619,8.191558463137504
28620,13.076436057228179
28621,14.804289238830464
28622,17.259221185577232
28623,14.938657653853227
28624,11.994275023970115
28625,14.995222065083905
28626,21.48617847082872
28627,23.668685409820597
28628,26.124005716186417
28629,29.4954383921434
28630,31.95075869850922
28631,34.13326563750104
28632,35.94528694164973
28633,39.58953298498068
28682,23.45760163319879
28683,25.773593223631096
28684,31.114601356187016
28685,33.17326054768244
28686,34.7802271864234
28687,38.19646335382712
28688,40.1842075640988
28689,42.5001991545311
28690,44.5588583460265
28691,47.460429715556366
28692,48.747091710241
28693,49.705506324764954
28711,7.877437232103154
28712,10.856702084240034
28713,13.173908080346571
28714,12.240637716673408
28737,-0.15163708976111856
28738,6.022474988690639
28739,9.54712576291498
28740,10.722009354323099
28741,-4.524834655480249
28742,-0.4688517387835791
28743,2.6410385677170884
28744,8.783683305033628
28745,63.45475502724042
28746,65.44898717616728
28747,63.188380514599224
28748,66.29051941292988
28749,69.61423966114131
28750,73.51569878784478
28751,80.73810031793975
28752,84.50498326591271
28753,87.82870351412411
28754,89.82293566305098
28755,89.02639327949804
28756,94.03298131078542
28761,48.95126272611104
28762,50.46893879391318
28763,53.00372635548362
28764,54.77434843458613
28765,56.792589076422175
28766,56.27939352541533
28767,62.86862079619766
28768,67.42164899960412
28769,68.68105160753909
28770,71.46345773184304
28771,74.49880986744735
28772,77.28654344031818
28825,35.163818744743566
28826,37.69215726535981
28827,37.51644957299047
28828,43.952652866948426
28829,51.943750273409535
28834,43.5199951653086
28835,45.59742496550017
28836,43.516663783602105
28837,51.57003564105081
28838,48.190880834033045
28839,55.9845739664578
28840,58.5813612166972
28841,56.50060003479917
28842,58.8377085600146
28843,68.70883149263089
28844,26.67788537698263
28845,28.618000444312372
28846,30.391869527396913
28847,32.364711264169614
28848,34.826418252722014
28849,37.07641928482755
28850,40.258690848290854
28851,42.03255993137537
28852,45.11403884947936
28853,47.05415391680913
28854,50.79074407093805
28855,53.0080184336006
28901,25.232601744636614
28902,28.83341405191944
28903,29.66356154561689
28904,32.1348317416438
28905,31.25283400236926
28906,35.436249431368175
28907,35.13685481380971
28908,36.69046313838586
28909,40.87387856738476
28910,43.78689417596507
28911,42.90489643669056
28912,44.26430372069469
28913,51.61176729684427
28914,50.26819020421932
28915,56.70814694400242
28916,54.119556528611426
28917,56.47316928240657
28918,61.02621831202497
28919,64.19691479698709
28961,36.28873961940439
28962,38.93442475942201
28963,40.45090384172679
28964,43.02891828164493
28965,44.090453639258264
28966,38.93423032706342
28967,46.36517226271544
29047,27.760461277931558
29048,25.86976476488313
29049,26.76272732127684
29050,33.787958533589105
29051,34.22936141799806
29052,38.92249323285294
29053,40.485177706541904
29054,38.37124055439507
29055,42.71250570373831
29068,-3.7879436636538735
29069,3.870322262450858
29070,6.2732192668400755
29071,7.802335542360498
29072,9.549897000098117
29073,11.51590364005293
29074,6.720128080076261
29075,8.467689537813893
29076,16.758588013265783
29077,11.744367271071933
29078,14.998342007025517
29079,16.74590346476312
29221,12.512655835945855
29222,14.098578190326235
29223,15.854849233006744
29224,20.1817271260901
29225,22.879933403728813
29226,25.391976815602995
29227,28.734170212663884
29228,31.246213624538065
29229,34.23189546753426
29230,36.637389904726234
29231,38.5640096357069
29232,42.369263561514664
29341,2.9712887887425543
29342,4.750440202841786
29343,0.38704863194896433
29344,4.698341691264522
29345,10.596223420596345
29346,6.995325312888902
29347,13.646197273337862
29348,12.323276323118298
29349,12.078615067458095
29350,13.349437506100394
29351,16.145246871113436
29352,23.55861229474776
29384,61.13875050529754
29385,64.81635841532685
29386,66.53257544000721
29387,69.9650094893679
29388,65.09688326033849
29389,66.81310028501885
29390,75.60400828474616
29391,77.81057303076378
29392,71.96175135905987
29393,80.62695066344348
29394,79.31696717911852
29395,85.2852540161473
29417,83.88564426075497
29418,90.16152822470707
29419,90.77223455180967
29420,86.69489336542695
29463,25.237689900837214
29464,23.112135674750697
29465,24.433535133790606
29466,25.975167836003827
29467,33.38631989824999
29468,31.790529275736834
29469,33.332161977950065
29470,34.344031076589935
29471,36.766596751496415
29472,39.40939566957625
29473,41.48079197536285
29474,45.00452386613591
29475,20.40420007991313
29476,25.51112638197114
29477,24.682122577742696
29478,27.258955154174863
29479,31.452685406734417
29480,34.54229609961135
29518,64.12513300438972
29519,66.05294698866555
29520,69.44025128118743
29521,71.71815911410069
29522,72.98366346571918
29523,78.20717395529292
29524,78.55188261284054
29525,81.08289131607755
29526,85.80020006500385
29527,85.79481487391402
29528,90.0975296694169
29529,94.24413657290988
29557,40.74518560612355
29558,43.93421620571773
29559,47.80734291138
29560,52.190750893952945
29561,54.64921349645162
29574,45.26138827871617
29575,51.36737616090975
29576,58.115033917232296
29577,62.312142697155934
29619,88.32441749750228
29620,89.71573576156274
29621,92.58956585053635
29622,94.5771633706227
29623,31.640296525765645
29624,28.44381157630023
29625,31.460179748753458
29626,42.322915278811095
29627,37.708370963120885
29628,46.84746753749096
29629,48.140196754256635
29630,49.432925971022286
29635,4.8126449234603275
29636,14.164245860845764
29637,15.702368702588782
29638,15.869775983143818
29639,19.804029613903506
29640,21.342152455646524
29641,23.3929829113039
29642,18.143042885233186
29643,20.706580954804863
29644,30.0581818921903
29645,30.99465059361686
29646,38.00514990786257
29687,47.74265289719074
29688,50.03046661986821
29689,52.96584240538837
29690,56.89223382210385
29691,58.735782466864265
29704,18.568965355624723
29705,20.75786889964021
29706,24.314837158665366
29707,23.39228149892066
29708,25.307572099934227
29709,27.77008858695161
29710,33.34406427772918
29711,37.174645479756286
29724,10.579970871305992
29725,12.58589224249366
29726,13.83819156340556
29727,16.376467360368512
29728,22.148437244040167
29729,24.973273236887056
29730,30.17212272879081
29731,32.75116449174638
29732,35.043646058817984
29733,36.722241268129096
29734,40.77484997649702
29735,43.353891739452564
29736,23.396728081663614
29737,22.74673650919408
29738,28.899691815056915
29739,27.699403869248016
29740,29.350292989265995
29741,35.228100108459216
29742,37.97958197515587
29743,39.905619281843485
29744,43.308310250648965
29745,46.61008849068498
29746,45.58403600277626
29747,51.18669493529978
29796,45.129012183777924
29797,49.80185670701879
29798,50.74436084107372
29799,54.58565373425346
29800,56.97755224787081
29801,60.19797281956708
29802,64.85656207141598
29803,67.74109555914879
29804,70.72232627948334
29805,72.04651288366003
29806,76.22369286080321
29807,78.02625916770336
29817,-14.39405175475924
29818,-14.699465527778386
29819,-10.995325030138282
29820,-6.6255335270541815
29826,33.74342174254085
29827,36.23788797926155
29828,44.245010137046684
29829,48.40245386491453
29868,-13.247521243055562
29869,-13.45862341651405
29870,-11.310546748645995
29871,-11.758144758171476
29913,26.92273305711977
29914,19.366905357371984
29915,30.53356269754549
29916,33.03336783322477
29917,39.69951486170301
29918,41.088295492635964
29919,34.365736171447956
29920,36.587785180940664
29921,48.032198647300774
29922,46.04327238160471
29923,48.265321391097444
29924,45.75373734509824
29998,18.117677804952574
29999,21.726502997661168
30000,24.819781734268542
30001,27.397514014774696
30028,25.001389489385225
30029,28.276653317745726
30030,29.892455485039086
30031,33.560754981779475
30056,-16.67015998060154
30057,-18.480206568637
30058,-14.900988524327989
30059,-11.79351367685226
30060,-8.686038829376518
30061,-7.798188872954884
30062,-6.0224889601116045
30063,-2.915014112635876
30064,1.0868391478312267
30065,3.3064640388853226
30066,3.5218980714210177
30145,25.690864839394276
30146,27.665281541603214
30147,30.697576520527413
30148,32.820183005774346
30149,36.303897265629004
30150,37.368625474160645
30151,43.5814052150471
30152,36.54712229714092
30153,38.97295828028026
30154,41.09556476552722
30240,33.359880215687696
30241,32.573957103527306
30242,37.71226991958267
30243,36.20094852343976
30244,38.13534394739307
30245,47.86784589533755
30246,46.114725071200496
30247,48.97399273034782
30248,50.42478929831282
30249,54.63822987917419
30250,54.77717900220779
30251,57.195173282149426
30252,23.787605575068554
30253,28.62665842910979
30254,31.81649471069413
30255,39.31891856223125
30256,41.229675076599946
30292,12.722407632380278
30293,15.410731596591514
30294,22.30667001453738
30295,27.011236951907044
30415,22.771337197967537
30416,26.46005118052185
30417,29.153436931516104
30418,30.043478725652047
30435,16.60346580750282
30436,17.08830201001977
30437,19.83767673945111
30438,27.35102156800723
30439,28.554623504677952
30440,31.054055076888265
30441,31.0851188143976
30442,35.599145756301326
30443,37.3026340074141
30444,39.59823627183785
30445,42.09766784404816
30446,43.08239036100717
30452,63.37767409142504
30453,65.22847672015698
30454,62.77581195551069
30455,67.93777568314246
30456,72.40033690649332
30457,74.25113953522526
30458,73.25883324074684
30476,-23.168954192536912
30477,-21.327912882225373
30478,-17.886625993917143
30479,-15.782578782132525
30480,-13.70074173950611
30481,-12.122706330667636
30482,-8.212290407586039
30483,-5.582231392855263
30484,-5.788354526155552
30485,-1.6371428707590923
30486,-2.1062719055324743
30487,-0.2874407643791246
30500,38.543014055911996
30501,42.02860335872613
30502,42.958093839476604
30503,45.04944742116511
30504,46.95919371265556
30505,49.05054729434407
30506,48.77992681874814
30507,52.48537126716862
30508,55.50621532960757
30509,60.63093044831628
30510,63.87162965636152
30511,65.03349275729958
30517,3.7505219570008803
30518,13.137324577002584
30519,14.8018518957421
30520,14.531856085132645
30590,15.62708626579031
30591,18.660341579816333
30592,19.57049408865485
30593,24.969794096399568
30594,32.20962965072471
30595,37.176432173759935
30596,41.52238438141583
30597,41.67758843869083
30608,32.375543078115186
30609,30.143495322485357
30610,38.46603792111853
30611,29.390582900133133
30612,44.83337343880379
30613,48.709142884351365
30614,47.30761715276744
30615,41.84841326082171
30616,54.79963772735468
30617,46.00102338105126
30618,47.93890810382505
30619,56.99704076663635
30655,24.168359880283308
30656,29.778330002522925
30657,33.384739366819815
30658,42.62429959268047
30769,15.02681769783266
30770,10.53179830677317
30771,18.611428761089606
30772,16.478570405461028
30773,23.897448404367687
30774,20.222834319449674
30775,22.20509168567895
30776,28.742966410705925
30777,30.664625809197
30778,33.087384812366146
30779,35.790992601743405
30858,14.410316176898206
30859,16.428867664222665
30860,18.07786072404776
30861,21.862644762781095
30862,19.19661048215627
30863,25.26003042126719
30864,27.27858190859162
30865,29.297133395916077
30866,27.018497495538522
30867,29.03704898286298
30868,32.31719514976524
30881,28.258021138130115
30882,35.90395622240766
30883,35.826495140605374
30884,40.85754743855307
30885,39.094001923448246
30886,44.80487921986898
30887,45.90518984564821
30888,50.06806988702348
30889,53.47366384812349
30890,54.26437502289363
30891,58.117655613259814
30892,66.2447024212984
30893,25.793998138195086
30894,31.359144995636427
30895,37.886034158000115
30896,39.304923106340055
30897,42.71025658235587
30898,42.536887728606295
30899,47.232023453299384
30900,52.07492364139944
30901,52.34002366732313
30902,53.60422152565777
30903,56.88046830201089
30904,59.43446840902278
30993,21.013590234708293
30994,26.224150104817937
30995,25.326168395754397
30996,31.43104091596757
30997,32.868566969649606
30998,36.28683248059215
30999,38.922296912342546
31000,37.305552176438
31001,40.535372589287135
31002,44.91198880268436
31003,44.36877539910586
31004,46.7646521552426
31005,28.008974803064692
31006,30.55948067476675
31007,35.584716470822485
31008,35.84267140900671
31009,3.0496142143654588
31010,7.590025334543871
31011,13.889223822926553
31012,16.016447513768483
31013,64.75269800909912
31014,66.30438197294535
31015,67.2495457935851
31016,70.42368093293754
31042,24.002707252088893
31043,25.908155460225313
31044,28.630224328991655
31045,32.37094670558266
31046,34.54860180059574
31047,41.63611811951324
31048,40.60732735156347
31049,44.146016880959706
31050,47.956913297232575
31051,48.70335991818063
31068,9.828512658179733
31069,7.055394201060755
31070,16.37333957659635
31071,13.89771325213268
31072,16.628925592350473
31073,19.550063772583435
31098,0.281426141260984
31099,0.5292372696489229
31100,4.161434555536817
31101,8.024474217766429
31102,6.0945530746372105
31103,10.210690865306692
31104,14.557671032317902
31113,40.35331387595607
31114,39.42669420146406
31115,47.76864545271817
31116,44.988192884035655
31117,17.999130846996103
31118,21.573518741173977
31119,27.513827415760307
31120,29.43717210836538
31181,9.75422474984093
31182,14.866985180366328
31183,16.68127957283431
31184,19.92558038775212
31185,21.82255359052175
31186,23.63684798298976
31215,19.13450484052447
31216,23.755174475526434
31217,31.441339590390896
31218,38.00905533317272
31219,44.846185749765176
31220,42.107263040275114
31419,4.1264706615018545
31420,10.814849595479245
31421,12.417388944931286
31422,16.43041630531773
31443,36.71416164829122
31444,38.20719282852356
31445,40.219801435055885
31446,44.18956504398266
31447,45.10756519377718
31448,41.520204514018744
31449,43.82032863576994
31450,53.9650925614253
31451,48.13306136405346
31452,57.99030977448992
31453,59.195825439503366
31454,61.78346507647343
31483,47.41381968974511
31484,48.46965216319391
31485,48.97655248536079
31486,57.51851711573836
31487,59.41901556794623
31488,41.82494981430858
31489,42.230401988427296
31490,50.773391788096674
31491,55.25251975392267
31492,53.52045061396535
31493,54.67242411572172
31494,56.41430721354296
31495,59.49262123506668
31496,66.45033966848767
31497,63.9717492008927
31498,69.68526542158422
31499,68.4508771667187
31536,26.47713585244134
31537,28.65510634507375
31538,27.09390962001009
31539,33.25304405174214
31540,37.54919071249405
31541,36.399001429988914
31542,33.86981781931087
31543,36.047788311943265
31544,46.26107268302364
31545,49.40703006127045
31546,51.343003832499235
31547,51.402798157012114
31548,23.103428614256735
31549,27.450951129199247
31550,35.219805376421085
31551,39.5673278913636
31552,42.66727993149795
31565,21.982250675712883
31566,18.951466193146796
31567,26.90586752654317
31568,30.68523577586395
31569,34.734558900136186
31570,43.91302464848658
31599,34.325203394084745
31600,36.36529132704239
31601,38.63205569699533
31602,43.602515658742746
31603,45.65902524384938
31604,50.52261437872978
31605,56.29639613047915
31606,58.10980762644148
31607,59.13631898455089
31608,61.17640691750854
31609,62.989818413470864
31610,61.073022959529304
31627,30.340916143144785
31628,35.65546901008328
31629,37.84381430823443
31630,39.670107800103125
31631,45.609902180799054
31632,55.527316278642736
31633,56.6010597209585
31716,49.72132105142994
31717,55.000029024767315
31718,53.20634197858591
31719,60.63065086299386
31720,65.17598648856963
31733,11.225943569510662
31734,14.758701299704825
31735,24.47378505773881
31736,27.44464367616426
31786,11.452052535999567
31787,13.369504159359686
31788,18.854297955319307
31789,23.55074889653921
31832,40.3752620901966
31833,40.813507797339604
31834,44.43108582335183
31835,46.69207208960946
31836,48.048663849364054
31837,50.38304056361849
31838,54.167278314368176
31839,54.83162264813695
31840,55.58330897601104
31841,58.44920067414919
31888,5.048147788767212
31889,3.127586389579351
31890,12.456920600208356
31891,17.738404596409538
31892,19.653915057940466
31893,16.057282004913063
31894,19.648864120283534
31895,28.03427332713825
31993,74.64866774746719
31994,77.7160578977454
31995,80.98794072470889
31996,82.5410375119345
32014,-3.9815188169594755
32015,2.3406086538136908
32016,-0.4436560891489556
32017,3.0942066386615643
32018,9.195217688946544
32019,15.332217074019454
32020,8.84323357135364
32021,20.639011165735226
32022,22.18682610915232
32057,15.79182545619842
32058,12.842183463830908
32059,20.525075072967233
32060,16.301134734638737
32061,23.4075344653071
32062,8.954786027109074
32063,10.58956754454834
32064,13.560362155315556
32065,9.737326071537352
32066,11.780802968336443
32067,19.077749776673112
32068,21.215647407903653
32119,8.816303484349397
32120,10.91317615224495
32121,6.786921692516721
32122,19.977083602012225
32123,25.481374355238028
32124,28.102465190107477
32125,30.461446941489992
32126,22.251357618246452
32127,32.930339165148276
32213,28.5908784949182
32214,31.000685029755743
32215,34.314169015157404
32216,30.29919200708692
32217,38.2301046342684
32218,40.03745953539655
32231,26.88084123272884
32232,31.055490873462524
32233,38.424406464811284
32234,40.01126654007314
32235,48.720018698830756
32236,15.22946071738802
32237,18.979786294302603
32238,23.056390966855822
32239,24.139045965352768
32240,27.187699407336954
32241,29.5328174396325
32242,29.76919251762034
32243,34.547469325103926
32244,33.28686956606363
32245,35.39747579512961
32246,40.87928801230186
32247,40.5567354661798
32353,22.30093489649171
32354,25.778913073006954
32355,33.93841456473319
32356,31.424519596789466
32383,2.0573685665688144
32384,4.375600814135323
32385,6.409627120804059
32386,9.257263950140283
32449,13.599786399762618
32450,17.042204996537873
32451,19.327591798033847
32452,21.013906198391933
32453,23.212749360577003
32454,25.26959748192338
32455,26.85502984843927
32456,28.45480060948645
32457,31.66868052611208
32470,29.6296785274862
32471,34.96522934337845
32472,30.7707646635569
32473,33.77201199749628
32474,40.08258794828615
32475,44.751194912191835
32476,47.75244224613121
32477,52.087577284043704
32478,54.42188076599652
32479,54.11379948308543
32480,58.44893452099792
32527,63.32671420593245
32528,66.23010581815734
32529,66.65662852736412
32530,65.35269707466465
32608,-1.5716568326521863
32609,-0.8747761893330814
32610,1.6353348842488664
32611,6.326323791630836
32627,39.832153481284685
32628,44.22409230748887
32629,50.800395339746444
32630,53.55696231317277
32713,23.22006944161726
32714,26.967461303401734
32715,28.533857815942405
32716,31.088009922708924
32717,35.91005201696583
32718,38.12291027727289
32719,41.2281034253804
32720,41.16880866410759
32721,45.407946805960336
32722,47.95783587863746
32723,51.64593297914919
32724,53.85879123945619
32725,32.81430380698496
32726,27.630941401917436
32727,30.606442519193234
32728,39.73214370282182
32729,42.93100760572262
32730,37.74764520065513
32731,49.1795599520018
32732,52.75016129273275
32733,57.21341296864643
32734,52.32760067530647
32735,62.56931497974285
32736,60.65900380367869
32741,20.77312122851664
32742,23.611604736569557
32743,25.740467367609266
32744,29.998192629688685
32745,33.97236794445476
32746,40.9973162233938
32855,20.020317756210837
32856,21.486581001287327
32857,23.274361069296468
32858,25.026101946636423
32859,26.09876998744192
32860,26.492365191712928
32871,-8.645025229345624
32872,-6.014140451811445
32873,-0.6899930848601556
32874,3.519422559194531
32875,5.887218858975267
32876,11.073623478898199
32877,7.666460391366241
32878,15.283039122952871
32879,18.966277811500717
32880,20.883262090920077
32881,25.280401277582726
32882,28.174374532870317
32901,30.754975159992483
32902,37.14572258139606
32903,39.076637652568564
32904,40.4809395225122
32905,30.574198920105793
32906,36.439887028698045
32907,41.886597415247984
32908,46.91433007975561
32909,53.198995910390146
32929,26.802558952269997
32930,23.982404904514905
32931,31.314539131357897
32932,28.25691244259819
32933,29.91922092963058
32934,35.4567514575774
32935,36.093509595750874
32936,38.23076336479254
32937,42.105985405706946
32938,46.98773343766329
32977,-33.20943306665907
32978,-30.430217101515364
32979,-29.372985633437757
32980,-26.29451198281346
32981,-25.10181788870798
33029,31.48739156946951
33030,31.644506016303655
33031,36.30562124625542
33032,38.24384619378419
33033,39.8281224614251
33034,43.05849737397302
33035,46.42746263890562
33036,46.28887228652096
33037,49.30388887156568
33038,52.457495808995084
33039,53.453940974795415
33040,55.903229049046224
33107,71.87214166964229
33108,74.44104518279492
33109,72.21316655335585
33110,77.83668629525472
33111,74.4769272949957
33112,80.77957525938656
33113,77.41981625912751
33114,78.77807270411142
33115,85.75984889099423
33116,81.94733774240726
33117,89.30309938026924
33118,90.88773189941715
33119,35.365305976653225
33120,36.48264418958847
33121,38.12930382463783
33122,41.71670742612938
33123,40.9521489132939
33124,45.715737968392155
33125,44.721145135905246
33126,48.77382014776959
33127,48.47973581637679
33128,50.60207240393872
33129,55.125221597245776
33130,54.36066308441026
33135,35.480557827184455
33136,37.89659428765309
33137,44.02145903070799
33138,42.00385627044979
33139,43.453478146730944
33140,49.095135597692135
33141,50.067600986853506
33142,55.62448484593136
33143,54.32564221883983
33144,59.24248873166037
33157,58.07460596522349
33158,59.81742589364924
33159,62.798999891381825
33160,67.34135391985363
33161,68.21276388406649
33192,11.367889347717838
33193,19.58409325525311
33194,21.445993698403825
33195,15.600362863944543
33196,17.994234862281207
33197,29.957538581378586
33198,26.529078670516643
33199,27.037751300441887
33200,30.49556640915036
33201,35.30660933108439
33202,44.85274212658443
33203,39.007111292125145
33204,9.430711499615832
33205,10.74457571214924
33206,13.118062074758639
33207,12.41159761574171
33208,16.551170587444055
33209,18.708885462543527
33210,19.591206700057015
33211,21.533150087646547
33212,23.25932198772611
33213,25.829344550371736
33214,28.653609175474756
33215,30.595552563064274
33228,34.687472580505016
33229,39.20318022607668
33230,37.399615418479655
33231,39.026901121264444
33232,40.47337730151757
33233,42.281472526833994
33254,-34.44696350513852
33255,-31.335605881727233
33256,-31.174530108122788
33257,-26.668569446610277
33258,-12.098570511837657
33259,-8.640725790500817
33260,-6.120296502021796
33261,-1.8014199680856926
33262,-4.921973444876429
33263,-2.6342786592251892
33264,-5.804089371385569
33265,-3.2876251071692018
33266,-1.915008235778469
33267,0.37268654987277117
33268,1.2877644641332928
33269,7.889117354770533
33270,4.490537164045026
33271,12.235737447507887
33272,14.065893276028888
33273,12.418471513497625
33274,17.49566403865885
33275,25.314219537538943
33276,27.958951473522998
33277,29.722106097512405
33278,29.541545204992147
33279,32.80762668949381
33280,28.294986110593815
33281,36.11354160947388
33336,31.101603038395723
33337,34.352635318795144
33338,34.90603528056727
33339,37.82624736599528
33483,10.992705043305069
33484,18.402567283598724
33485,14.86046980088928
33486,23.099138774951054
33487,21.490923671033716
33488,23.14853713856981
33489,25.634957339873996
33490,33.32108849142372
33491,33.110369187423245
33492,40.122277370644035
33493,37.242428913368926
33494,39.186927607931565
33495,40.40223929203323
33496,45.50654836526023
33497,48.1802340702839
33498,56.16439160078598
33499,52.84013266345255
33512,38.1178270341517
33513,40.336933214455826
33514,44.839064162998866
33515,47.78800002513162
33516,48.96679058230524
33517,51.18589676260936
33518,55.87067647658472
33519,60.86594213186201
33520,62.0889065204249
33521,66.04385655257165
33522,66.71964002473825
33523,72.20804038674977
33528,-2.9048673060324663
33529,-2.048574910946197
33530,3.429100783027385
33531,6.085280949407325
33639,1.6632276439071534
33640,4.949887540082831
33641,5.3341625049102905
33642,9.218396927663344
33659,77.34145479716962
33660,78.05829836433453
33661,81.73791660830794
33662,84.3093577365323
33716,27.497053480433483
33717,33.28538493161583
33718,32.355263758420094
33719,34.14513070294147
33720,35.16791181409651
33721,37.7248645919842
33722,42.838770147759575
33723,48.882796876730715
33724,52.8419292456027
33725,55.14318674570157
33726,53.577971814887874
33727,62.04695924599832
33958,9.784914353837657
33959,12.033517339665757
33960,4.414848022397372
33961,9.871229219421492
33962,15.968572564864921
33984,12.396293788019847
33985,17.02053616963167
33986,15.562449848372804
33987,20.56538436213535
34035,8.24244708311586
34036,5.536545091224865
34037,9.071639852204328
34038,15.856497337533124
34039,12.999086898924777
34040,20.20738319720017
34041,23.742477958179602
34042,25.102129789325527
34043,27.54950308538822
34044,25.235953379238243
34045,29.04297850644686
34046,37.33899626963902
34047,54.77100909796532
34048,58.1798890194371
34049,64.54018644189547
34050,66.71111474054662
34051,66.45978462551163
34052,67.54524877483722
34053,69.98754311081974
34054,72.4298374468023
34055,77.02302415913964
34056,78.10848830846517
34057,78.39989026809299
34058,85.72677327604062
34063,51.60649077142094
34064,54.4680666156689
34065,57.125244185327745
34066,55.17982912248632
34067,67.1412805455039
34084,11.066106246820395
34085,17.665808618338247
34086,20.90745169120763
34087,25.138837784961964
34088,26.94335986424989
34089,26.012164580067857
34090,32.89929115030199
34091,35.773533137464966
34092,37.78550252847907
34093,40.37232031692574
34094,41.02714560134842
34095,41.533071310747886
34108,42.154959339778735
34109,49.674508570996906
34110,47.44242198172645
34111,60.85952569819402
34112,58.01734726562193
34176,13.60894717045812
34177,15.233734909171044
34178,17.554860250189503
34179,20.10809812530982
34180,22.661336000430136
34181,20.942393844034658
34182,19.978574927883685
34183,22.067587734800284
34184,25.549275746328007
34282,14.903142145714842
34283,17.240994857531692
34284,20.45554233627988
34285,17.90216379161634
34334,10.329051521044397
34335,11.270657750165793
34336,21.456317370739463
34337,25.458921624701183
34427,70.41494514110558
34428,72.66838638640371
34429,76.82532966549049
34430,78.38256508638325
34431,80.59579284896039
34432,81.29997466045455
34433,82.40658854174313
34434,6.168209603577924
34435,5.219323655122209
34436,10.84732331031148
34437,13.907760535309464
34486,39.334535154622756
34487,40.64009918956697
34488,41.86482110998095
34489,44.37995490132431
34490,44.926625911015904
34491,49.82551359267187
34492,51.58175435876261
34493,53.15712866429121
34494,55.40245218505018
34495,57.786206075362756
34496,62.68509375701872
34497,63.5015750372947
34538,-8.34209904530059
34539,-2.9522436979090063
34540,1.3942681558074295
34541,2.282707708228455
34594,51.94829758318515
34595,55.066374675723964
34596,63.382366041714185
34597,62.158126340514556
34598,-24.199566591945977
34599,-22.90211097237886
34600,-20.128001690693896
34601,-18.577258907155123
34602,-16.590720557899274
34603,-12.991995783074746
34604,-12.265868492675539
34605,-10.103442460063663
34606,-8.197613950618145
34607,-5.818945314745104
34608,-3.832406965489257
34609,2.3612290484695206
34610,42.46534795311706
34611,48.382260060684715
34612,46.93273100582178
34613,51.65998843797644
34614,55.30670379237701
34615,55.45726403277544
34616,54.750651348055015
34617,19.184226443151793
34618,24.299619136650897
34619,29.643190947158004
34620,31.90462604068876
34621,35.382969972565654
34660,37.02948307336205
34661,39.559576957371824
34662,41.4916935014175
34663,44.48246690750109
34664,47.596428610897746
34665,48.10886212113536
34690,12.465994853828942
34691,19.931917784379934
34692,12.422280364041272
34693,24.190327386828372
34694,16.396795992993177
34695,30.435994803752735
34696,34.6944044062012
34697,34.8936187600574
34698,30.875388641317883
34699,32.862646455793836
34753,1.153170056617487
34754,9.519503169880409
34755,8.685927642973045
34756,17.36612565566746
34757,16.603176711463558
34758,20.683420404072816
34759,25.840477940317456
34760,25.391393895545033
34761,31.49004613008411
34762,31.354826984743195
34763,35.57028982269337
34764,36.062800476215415
34806,35.137492501983274
34807,37.38617789289487
34808,42.220185122828724
34809,45.78452043400978
34810,48.84592983265193
34864,-21.78201754105372
34865,-15.825899636372267
34866,-8.94523898981629
34867,-7.299759417742451
34874,27.8211548534334
34875,32.29130541531552
34876,35.619676541763965
34877,42.423646688915
34906,16.637841887800427
34907,19.892317629018812
34908,22.07528817628674
34909,23.17041734750056
34910,24.91679378531488
34911,26.89780345995964
34912,29.060793927544047
34913,30.60885339031511
34938,15.552031189920212
34939,22.338419211189716
34940,17.20429843407639
34941,23.72653049120251
34942,26.513291616639663
34949,19.329865526997676
34950,16.546313744032197
34951,26.11726655479951
34952,26.198776546459296
34953,30.788126048033387
34998,54.84482171344689
34999,58.67384020063574
35000,61.827149543026565
35001,65.43093164861605
35002,62.62596878710275
35078,13.626901343650776
35079,15.386354582144671
35080,16.16708768561211
35081,17.338187340813242
35111,4.214457036043292
35112,6.8785758391978575
35113,4.944699123389642
35114,8.4080535674906
35115,15.788574686208623
35116,18.18628160904777
35117,20.317576651571418
35118,21.916047933464174
35119,27.125878743172713
35120,26.977873659457888
35121,28.30993306103517
35122,34.58541139200555
35177,37.23110731152228
35178,33.86086367936954
35179,37.850851125600336
35180,41.53391646058264
35181,45.60350162729001
35207,29.462697689480436
35208,26.38610596331653
35209,28.825547838186587
35210,30.045268775621615
35211,36.29313493911663
35212,38.488632626499665
35213,35.899929275309795
35214,39.31514790012792
35215,42.730366524945985
35216,50.68584200085003
35217,54.34500481315514
35218,51.75630146196524
35277,35.526124019665055
35278,39.305110095267906
35279,43.14848162766367
35280,40.86825411893317
35281,47.87878505215073
35282,50.01267825715676
35283,52.96911789746117
35284,54.74298168164382
35285,56.24174024851617
35286,52.05452024242576
35287,52.847369202852214
35288,56.30563904346519
35289,61.67644207855731
35389,47.72218142095669
35390,50.78540864427657
35391,51.280638832453164
35392,60.06505798953799
35393,62.576910280006075
35394,58.111644491475204
35395,59.44415877647448
35396,61.32804799432556
35397,69.48450407879335
35398,66.06584341129084
35399,66.56107359946743
35400,69.83362184699297
35401,44.369499659060786
35402,46.818745391576854
35403,49.28406474047703
35404,52.01437867459712
35405,54.56105993748319
35406,55.555749980761206
35407,57.291373871603284
35408,59.74865641231138
35409,62.66260301766551
35410,64.8468541649616
35411,68.21262960808373
35412,71.12657621343786
35438,33.55761858679336
35439,34.79685952618803
35440,37.07307792636729
35441,40.20287822661382
35442,42.66249218751046
35443,48.15446164591762
35444,49.57709814602967
35445,48.73869722728608
35446,51.58397022751018
35447,54.04358418840682
35448,60.95819014692606
35545,51.73599880140656
35546,54.36799121665544
35547,59.326169655135764
35548,58.50884152656428
35549,63.881104996035496
35550,62.502209607169554
35551,64.30603196043668
35552,65.40080482410579
35553,66.64305991707843
35554,68.86096730133642
35555,74.85435831729399
35556,76.71774095675298
35557,25.84443605458729
35558,35.5526323996958
35559,38.66451281555863
35560,43.75668076878865
35614,1.1848321800425143
35615,1.5203222218367127
35616,4.355616730333589
35617,10.585562380525179
35618,11.642490563955523
35619,7.106942619968569
35620,14.058326411796347
35621,10.55937823146083
35622,11.903437330816148
35623,5.091138008385748
35624,15.324443576782913
35625,8.71337991587999
35626,10.725736531154574
35627,13.341800131011517
35628,24.782519668573443
35629,26.456995492129995
35630,26.99611194537549
35631,29.274294753514415
35632,22.598640561274586
35676,16.458605405942247
35677,18.409560487384564
35678,26.52898082783764
35679,22.09469786344229
35680,30.48043942912007
35681,32.431394510562406
35682,34.98311951408768
35683,32.49979163113464
35684,41.102305983639376
35685,42.35339426620312
35686,45.60498606860698
35687,41.60424867786547
35706,33.47781075100619
35707,35.05260224505047
35708,36.1427359260436
35709,36.46390799617595
35710,17.446250803905773
35711,21.248433019921947
35712,27.50286730429168
35713,28.423052047217652
35714,30.216706804041564
35715,30.360565053038048
35716,35.23894012314858
35717,40.05845060205918
35718,29.369905497711084
35719,31.096825643654466
35720,33.31715154558161
35721,35.537477447508806
35727,0.9628669753703019
35728,4.673699815760498
35729,6.15803295191658
35730,10.023312179761376
35731,12.525942393448826
35732,15.960644724385688
35733,17.473719513969083
35734,19.452830362177192
35735,21.67933006641132
35736,23.475252873737503
35737,25.949141433997625
35738,27.928252282205733
35745,5.4737509279188385
35746,3.3199810413600925
35747,3.562299897550181
35748,9.545483210988035
35749,11.174176124215716
35824,-7.934892383247675
35825,-6.919061801542622
35826,-5.219546407438592
35827,-4.633442992706218
35902,5.937132460001163
35903,17.67894709256596
35904,17.89827209290745
35905,29.38489545366181
35922,44.69166111238562
35923,45.813914514088744
35924,48.55555723247297
35925,49.99039772770194
35926,51.90351838800722
35927,52.822423918683086
35928,54.77319937846516
35929,58.12116053399941
35930,60.27342127684286
35931,62.18654193714814
35932,64.06200779797663
35933,65.5345030926824
35974,61.03637508493988
35975,54.02188917662545
35976,56.158152632963976
35977,65.81117278411583
35978,60.193316939381134
35979,62.092217789459795
35980,65.65265688335728
35981,74.11886400320998
35982,70.16254640229408
35983,75.38452374001042
35984,86.19681134848217
35985,87.38362437978132
35986,21.160923871236697
35987,27.041227057278896
35988,34.64709444746123
35989,37.71507871843977
35990,42.572720480822426
36068,16.047452659836093
36069,20.794071369330307
36070,25.54069007882452
36071,25.73203957825512
36120,33.86048344503955
36121,39.188190574296684
36122,42.466779576916466
36123,49.393046359368014
36124,52.712370210103316
36137,38.16835147757128
36138,44.827820652070386
36139,47.966174683756634
36140,43.36335047475235
36141,49.5478730904441
36142,52.0216821367208
36143,60.33521991514016
36144,62.314267152161506
36145,62.886626689890306
36146,60.92739470331692
36147,68.99355157710863
36148,64.88548917735967
36192,53.43439458422961
36193,55.70171592366003
36194,58.2209618563605
36195,57.050126541736475
36196,63.7633029083016
36197,76.86338175834413
36198,73.92907429082975
36199,82.36035487675301
36200,85.68074252279584
36201,82.24258586874136
36202,90.21538520165672
36220,37.95539164317344
36221,38.2019384448267
36222,42.27286405081696
36223,41.97972680151482
36224,43.86862097985888
36225,46.90303190064315
36226,50.09828278967089
36227,48.99561946393555
36228,50.88451364227961
36229,54.18876658854162
36230,58.1935435540025
36231,62.82371140382869
36245,2.354715397179345
36246,0.2759144087719796
36247,8.802822178208732
36248,9.80574881979253
36249,4.789084295899086
36250,12.647374304279953
36251,7.630709780386509
36252,14.22268065592095
36253,15.55991617803269
36254,43.35534529908805
36255,49.8586111669172
36256,51.89314460366788
36257,48.24275288683007
36258,50.684193010930876
36259,52.51527310400645
36260,60.23473169434564
36261,56.38088663383275
36262,57.60160669588314
36263,60.85233285514381
36264,67.76250541032312
36289,-24.243173536973146
36290,-23.272820643488927
36291,-19.633997292923127
36292,-15.60688037520146
36293,-13.32538956931296
36294,-11.142095558973466
36295,-9.056998344183004
36296,-7.747174347741491
36297,-5.563880337401996
36298,-2.408919517615531
36318,38.10585299032997
36319,41.88017148500092
36320,41.69088722771379
36321,45.606158407809154
36322,35.959495705918414
36323,37.422882223445185
36324,39.91171777556596
36325,44.25561421298758
36326,48.127136182953166
36327,49.786359884367016
36328,54.2353262311082
36329,52.63243281973865
36330,55.12126837185943
36331,59.188627525712064
36332,59.82240219253194
36333,66.67950399171197
36343,5.072303602835942
36344,7.760819256499812
36345,9.37392864869815
36346,19.342756965139515
36347,15.288663086758671
36348,17.17062404432337
36349,26.870600795398346
36350,29.559116449062216
36351,23.623061613116672
36352,29.60443725237424
36353,27.386983528246102
36354,36.818108713954686
36367,20.34659771763351
36368,21.587536512412566
36369,23.07666306614747
36370,22.435811096048987
36371,27.02853215698734
36372,26.655002998297853
36373,31.12238265950254
36374,36.72698980871736
36375,39.686107863733966
36441,29.82622550837711
36442,34.49099253629421
36443,32.41274439606612
36444,38.22707537406725
36445,40.52620327423528
36446,41.321865009217234
36447,46.56141401217635
36448,51.15966981251241
36449,52.88401573763843
36450,56.84097833535141
36451,60.864452160645484
36452,66.6787831386466
36453,19.309637966318984
36454,21.1384974792016
36455,29.549907704978494
36456,25.5592946216059
36457,32.902816811929995
36458,30.4362533226262
36459,40.52306478227422
36460,45.70483340210828
36461,47.838502833804625
36462,43.847889750432
36463,53.62989129126626
36464,50.55370796433492
36523,9.186297920499843
36524,14.455062644758673
36525,18.622535700729788
36526,25.636027787522874
36601,23.47330690553075
36602,22.32591845855714
36603,28.354662286323464
36604,28.030106025528212
36605,29.192333497145526
36606,29.066837793937566
36607,30.92640174852528
36608,34.63069063305695
36609,34.07368887793824
36610,35.46836184387901
36611,38.72259876440749
36612,41.83650095708429
36618,31.127068902868512
36619,34.225782721703766
36620,38.58538292394179
36621,41.671644836814295
36637,43.48053182224007
36638,46.176788474242045
36639,44.46229474542073
36640,50.41164589564826
36641,52.56865121724985
36642,51.47256204062597
36643,56.96181508225007
36644,58.30994340825106
36645,56.32582401422956
36646,61.54545139065348
36647,13.778956634118085
36648,17.930193855247207
36649,16.788344746220513
36650,22.67446496510902
36651,21.23609891171598
36652,25.517245273088008
36653,27.889380828018943
36658,69.9086558729726
36659,72.24127432239383
36660,74.34063092687295
36661,76.20672568640991
36662,82.58213334146453
36680,54.69869387767922
36681,52.204580000670866
36682,62.473486256724826
36683,65.3612662832275
36714,16.737843834890814
36715,21.717780965344108
36716,25.9114122330943
36717,29.751076115062123
36734,44.06341212067252
36735,38.732388221820614
36736,49.99967982689477
36737,51.236402265691076
36738,53.21515816776516
36739,55.44125855759852
36740,50.11023465874665
36741,59.64611484950597
36742,59.94409110350611
36743,61.18081354230242
36744,65.88035880972839
36808,-8.279420261157089
36809,-7.493017096294662
36810,-6.3607043007414
36811,-5.830129930601072
36852,14.47071053947306
36853,23.3705808529661
36854,26.469139950284784
36855,24.958141330397837
36856,25.884563116575787
36878,5.178996473963852
36879,10.63019960618226
36880,7.319413222068096
36881,9.236959096173553
36882,12.113277907331753
36883,14.510210249963553
36884,20.27967023254431
36885,25.011793661973172
36886,21.221620809332638
36887,25.79261462059748
36888,28.90862666601888
36889,35.55829596955317
36890,53.32620620750396
36891,53.038449220778844
36892,61.036973416843935
36893,58.893456739950224
36894,63.91025826139068
36951,20.07166558403803
36952,22.175385449333362
36953,25.447838573126106
36954,27.31781178672196
36955,28.82021190004935
36956,32.08050271513875
36957,34.56395798940588
36958,36.054195794029965
36959,38.07015776489811
36960,39.56039556952217
36961,41.43036878311801
36962,44.14757070908462
36975,30.623377793585867
36976,40.120405392862004
36977,46.20261219474934
36978,50.89740046654365
37010,-3.4094886582519983
37011,-0.6721501111369257
37012,1.7610397085208866
37013,4.9280800646249965
37014,7.510240421460365
37015,9.973055349866033
37016,12.53179825105568
37017,14.535286261724455
37018,16.33055351771995
37019,19.527218982571927
37020,21.35211134731529
37021,22.4135280668645
37022,26.480703211235326
37023,28.130923661505875
37024,30.359532740110183
37025,27.711606436412847
37026,34.28083498635037
37027,35.61800043351295
37028,38.605386330946075
37029,36.62604275083005
37030,38.854651829434346
37031,45.73693538247983
37032,48.543933089417905
37033,50.54968126016176
37034,45.655874784308885
37035,47.19304877450819
37036,55.58915864889242
37037,57.31847938786662
37038,55.30410601903402
37039,60.77712086581509
37040,56.22394596692917
37041,14.24766963675399
37042,11.998937879976552
37043,15.017565563527086
37044,23.301859102555095
37045,25.39167826809007
37046,21.983629448643683
37047,29.106912340152245
37048,30.50181870202605
37049,33.75095493022997
37050,38.39669110515823
37051,42.11192517722041
37052,40.55979980895461
37053,29.97625190043847
37054,38.74576985072007
37055,40.4456348254547
37056,41.98573203726639
37057,61.8188535475115
37058,62.75749890553082
37059,65.77984984242266
37060,71.58561607516833
37061,72.5344614146735
37074,33.31431273827397
37075,38.00027694678079
37076,39.66194230335415
37077,41.32360765992752
37078,41.804788460620344
37079,43.651083301257415
37080,45.12811917376706
37153,26.75755365145487
37154,25.01080352176966
37155,30.48555296275576
37156,29.48440269533073
37157,33.73743267141916
37158,35.72569897077963
37159,40.17835117213811
37160,40.69636471918082
37161,45.149016920539324
37249,-11.540325304277761
37250,-9.418576087807732
37251,-6.925538051377405
37252,-2.8607205178966923
37253,-1.6463028197650234
37254,0.17422328105672502
37255,2.603058677320063
37256,5.397319829398657
37257,6.854621067156688
37258,10.497874161551696
37259,12.505145118729342
37260,14.205329896113692
37261,-0.704643448412356
37262,-1.5427871609089445
37263,5.789805067189845
37264,8.387584473430735
37265,4.311586606429881
37266,10.666776048423188
37267,16.180922692153388
37268,15.862334860904966
37269,20.59714768276288
37270,20.018781910890382
37271,18.079817459506554
37272,19.638485103251096
37308,47.25434233395222
37309,50.51345516732738
37310,52.55040068818684
37311,55.40212441739007
37398,41.03853215415101
37399,44.75552879046271
37400,45.43351903129924
37401,48.759252863788646
37430,2.930633479180747
37431,4.195593637564115
37432,7.175033289246399
37433,8.913039752727741
37434,13.248042381163922
37435,14.848392085909927
37436,18.462061771607928
37437,19.95178159744909
37438,20.582511721816715
37439,23.065378098218645
37440,25.54824447462053
37489,20.63669963133337
37490,27.520041550969864
37491,32.331805346493354
37492,35.20033608534288
37493,34.403383470606386
37494,38.705270086897514
37495,38.48240090446505
37555,24.801018923503587
37556,26.753582273772864
37557,29.72744463271566
37558,31.214375812187043
37559,24.811228367088788
37560,33.93502474025641
37561,38.502049086931265
37562,40.84613252750753
37563,46.61360659136582
37564,52.117877755089324
37577,64.49746497345093
37578,66.33727409543765
37579,65.5258013152337
37580,67.774456908773
37581,72.06112469717407
37653,25.47465888180683
37654,27.24440853280505
37655,27.04487627332186
37656,29.168575854519716
37657,32.70807515651616
37658,39.98660601999229
37659,44.50907522232742
37660,47.927922155101
37699,18.704765526043445
37700,19.325450856950642
37701,21.384517501723042
37702,23.646525473497206
37703,25.090837462313377
37704,28.92927152975995
37705,32.223778161395806
37706,33.87103147721374
37707,35.72419145750889
37708,37.16553810884957
37709,39.63641808257646
37710,40.94565062706087
37756,40.655374008838265
37757,41.038211565569455
37758,44.624639635068746
37759,47.55308392031839
37760,49.88794605339516
37761,50.928767394375996
37762,52.563170887529736
37767,37.738069879151176
37768,38.685348059442866
37769,43.25850625562058
37770,45.19065898738487
37771,46.294746262678736
37772,50.002242631205114
37773,53.47131355208899
37774,55.79870082649801
37775,60.49107174649699
37776,67.96568836640454
37777,68.21968267355417
37778,70.7038790429654
37816,45.05456315249522
37817,52.46409289644944
37818,50.40291613595336
37819,53.45911784078662
37862,29.112031712206075
37863,24.300044643514173
37864,22.384677621730134
37865,32.402595627214325
37960,30.449765437142233
37961,32.26865740977294
37962,32.06308450133282
37963,35.09457112238399
37964,38.129531543805186
37965,37.721859527295
37966,36.735054723796104
37967,38.55394669642683
37968,44.596703002047676
37969,46.61769408274846
37970,43.40432529010868
37971,50.05337891993979
37994,-41.257832836185855
37995,-38.868904901957265
37996,-29.92694953477013
37997,-29.58770422312222
37998,-21.872579949833682
38021,31.404113065210662
38022,35.010531854621256
38023,37.20551139269633
38024,37.71467923717644
38025,39.283883403524065
38026,40.93011805708033
38027,44.61356733369964
38028,46.41756690226796
38029,51.19850594792475
38030,53.35390844596118
38109,-18.103113716414356
38110,-17.919229030763532
38111,-16.674214245962602
38112,-17.65989844659806
38170,12.691668154365097
38171,14.120316306445325
38172,16.501396559912386
38173,20.66521987567466
38174,23.02977644679115
38175,22.930313244273457
38176,25.073285472393813
38177,29.47521681350279
38178,32.808729168356685
38179,33.16895833418186
38180,38.98301414502049
38181,40.07409106923634
38197,17.23033450036585
38198,17.437681968972445
38199,22.22258006167413
38200,24.48555805552535
38201,27.128511587982675
38202,28.596819106014525
38203,59.99394844112696
38204,56.16582178284163
38205,58.64570572084672
38206,65.7803442964722
38207,68.7322615912543
38208,70.74011217248237
38209,73.21999611048746
38210,76.52650802782755
38211,79.28193462561099
38212,81.95830926061474
38213,78.48477722488745
38214,87.27267175918296
38215,40.46630701197467
38216,49.9778642683103
38217,53.50393881407129
38218,50.389139027340846
38239,10.31655058143459
38240,21.57263005812121
38241,29.135778090448593
38242,21.85596796727696
38243,31.66962027073328
38244,33.83326103057871
38295,1.2503173883096173
38296,6.203870703815723
38297,5.045168543804411
38298,12.52745068193721
38299,15.478454671727249
38300,29.94122014215245
38301,33.09899583874972
38302,24.39731504134364
38303,28.818201016579827
38304,43.20387806786099
38305,37.10309844119902
38306,38.923083245691124
38307,43.73442740405332
38308,44.2913019299065
38309,46.81752248718431
38310,56.0497526207827
38311,55.97507200731642
38312,0.8819337964138683
38313,4.968946727260355
38314,7.011104118082311
38315,8.440614291657678
38316,9.461692987068655
38317,10.806798983541906
38318,10.071642055112697
38319,12.113799445934653
38320,17.22189107219212
38321,20.404938720405124
38322,21.426017415816116
38323,20.690860487386878
38324,38.855117620774934
38325,40.192415066436496
38326,42.27870770664442
38327,48.624644068877984
38328,47.77043392518527
38329,51.113677539339136
38330,53.34250661544172
38435,33.303054519421416
38436,35.564688271493374
38437,39.100055429474025
38438,39.409465650015655
38439,42.58951020328058
38440,43.932733154159514
38441,45.28971340540267
38442,47.099020407060216
38443,49.729734064212096
38444,50.265307659960946
38445,54.11008503848323
38446,57.419288821256686
38447,22.741622154783435
38448,29.75919391112187
38449,28.22037360995824
38450,29.615792284880822
38451,28.846578857569718
38615,25.48639534869038
38616,24.8581342683416
38617,27.366383900380654
38618,31.757019428787956
38619,31.42099014045698
38620,36.27186876645824
38621,35.89443264931337
38622,40.15845702377975
38623,42.16505672941098
38624,47.30816714743001
38625,49.94063058873202
38626,54.832916043547115
38627,20.871301155731015
38628,18.89982494973977
38629,23.77805314622434
38630,28.082372143122473
38631,18.262328729416854
38632,21.82963262578241
38633,24.78134219576168
38634,26.46152197935928
38786,50.31069486702982
38787,55.92335310072628
38788,64.34234045127101
38789,72.4447184497592
38790,75.56765691866394
38853,33.27552087137213
38854,35.88277292191334
38855,36.935834356242516
38856,43.973912304844
38857,46.06707584617542
38858,47.401652062899764
38859,48.79709442378741
38860,54.488671067081796
38861,57.512129515671674
38862,59.60529305700315
38863,63.5590464128514
38864,67.23128498630453
38869,26.747051893560677
38870,40.023306006447385
38871,46.90376830423189
38872,47.42787084251208
38916,33.046612422848675
38917,38.11320021385058
38918,36.90005160515677
38919,42.737327232620295
38920,44.27870290554352
38921,47.681758895446364
38922,46.9189934791578
38923,48.460369152081064
38924,53.141613024852155
38925,54.68298869777539
38926,53.46984008908158
38927,58.47138860590903
38936,69.98683385233966
38937,70.10531670283225
38938,73.66959766920436
38939,76.12477354711416
38969,24.086992246531963
38970,25.812236543949723
38971,22.573001925064844
38972,25.175468000756105
38973,29.755652080904582
38974,30.987969436202974
38975,33.45260414679976
38976,30.952759941093873
38977,32.67800423851163
38990,6.59692318924964
38991,15.03452361162528
38992,18.390475640121316
38993,20.356326506083366
38994,25.442311100337346
39004,43.45508136552894
39005,46.29346507416551
39006,49.13184878280208
39007,50.68005807842201
39008,53.002372021851926
39009,57.79565382913323
39010,57.905034791315074
39011,63.73045612900968
39012,62.54966267817488
39013,68.11704913326618
39014,66.93625568243141
39015,69.19744156366633
39040,31.18205800819183
39041,31.68717217360797
39042,37.74231875435953
39043,35.31762937240859
39089,32.121060769381245
39090,38.276117531352924
39091,43.35252522358777
39092,48.775920242951685
39222,55.04039756201677
39223,56.45662973805266
39224,62.38233026491018
39225,62.48913154246479
39226,67.33914288103587
39227,67.550448450334
39228,73.11087286273415
39229,74.63160933051357
39230,77.72484550529926
39231,79.01184026288378
39232,82.20958072941296
39233,81.84430461495562
39252,-17.345146905405148
39253,-15.312870699362097
39254,-15.78619286569606
39255,-11.699935221952234
39256,-10.570892885261646
39257,-10.366789649581259
39281,19.92297273458179
39282,24.27825058110507
39283,16.550261825248263
39284,26.868934222612957
39285,31.224212069136293
39313,-19.560232005535106
39314,-19.104805577165596
39315,-14.162374097941523
39316,-13.394837251927061
39338,28.022927156966123
39339,31.242896260677984
39340,31.759720218284233
39341,38.08352386051487
39342,42.42438436830601
39343,43.89050354513927
39344,46.16117742962412
39345,47.85667494396222
39346,52.77242669195611
39347,54.52599148889075
39348,57.6590022336798
39349,57.342380407308184
39408,20.99739426230798
39409,27.897461913277603
39410,30.842340410680045
39411,33.198243208602015
39412,36.01627459906044
39413,40.45027190998975
39414,42.91634225003012
39415,46.15570859717281
39416,44.26193439178735
39417,46.61783718970929
39418,50.74066708607273
39423,45.868626226248395
39424,47.30191674604909
39425,52.17920483582874
39426,50.3732535741935
39427,52.705913719881686
39428,54.67312513359566
39429,56.186762125112004
39430,58.15397353882601
39431,63.2360174171486
39436,20.34657014421806
39437,22.27223647742339
39438,23.588818184101125
39439,26.290691550670356
39440,32.670596935703614
39441,39.96565502544048
39442,40.610620393487224
39443,42.77211908674262
39444,45.20380511665492
39445,47.36530380991029
39474,27.7953144223849
39475,32.55256704301567
39476,40.46753545003876
39477,47.387175625501705
39478,14.54070505515934
39479,16.17266757109606
39480,22.12398377095196
39481,24.501646490000034
39482,27.019871318762235
39483,26.508430172028813
39484,32.45974637188474
39485,35.45167765110208
39486,39.292136546866644
39487,40.92409906280342
39488,46.603421510003194
39489,47.62111546577065
39522,29.69578050437893
39523,32.024516274828684
39524,34.81382403423615
39525,38.780333734240216
39537,14.341668701555392
39538,23.54068922280575
39539,26.663848319234678
39540,25.431596254504655
39541,59.96613606082611
39542,58.82619896974222
39543,62.85480064499063
39544,72.0519410865714
39557,21.95914158153477
39558,25.469125839346137
39559,28.397946421567045
39560,33.074091731270784
39561,33.955421496435065
39562,29.066059934171555
39563,38.34290181869929
39564,33.74603894458675
39565,43.022880829114456
39598,25.31141501386847
39599,33.51417536937584
39600,39.79332094913866
39601,45.64766412595356
39634,29.51295297550577
39635,26.85403420928946
39636,29.215298544895653
39637,31.051837472589334
39638,32.626013696326844
39639,36.03298617939204
39640,40.79454924562428
39641,46.52749433764181
39642,48.367775933701516
39643,49.67958945348274
39644,57.06103689091144
39645,58.897575818605176
39708,54.401974528978485
39709,54.30115859506776
39710,60.189754223356886
39711,63.214298311000476
39724,44.04700914008448
39725,46.440921883080144
39726,53.356669807289826
39727,54.755254318725434
39728,55.586984396135726
39729,61.07038864583141
39730,65.59222382704544
39731,69.3847210814767
39732,71.28041237799614
39773,25.72798161147706
39774,26.0812772311094
39775,29.08235379954542
39776,24.308215161465863
39777,25.996320731211124
39778,33.980942174676116
39779,10.803963449268354
39780,13.997565175807226
39781,16.55836522963019
39782,24.740743193244363
39783,28.253705092437123
39784,23.264928855361823
39785,29.6462136358477
39786,28.69405179047788
39787,35.39469674361767
39788,36.67805610682506
39789,43.05934088731094
39790,48.69275614228588
39803,39.53889345847966
39804,41.97588950673355
39805,38.62893265011879
39806,55.36036645559523
39807,59.03486184451094
39808,52.19298710941424
39809,52.816384308164544
39810,57.55337457715054
39811,59.69752956424508
39812,59.913560415506396
39813,63.71782016504729
39814,64.73790913646906
39815,70.634335350979
39816,74.25793417910975
39817,75.9947228187153
39818,81.22643788716692
39819,84.89135066260567
39860,43.4969132975725
39861,43.738190282467606
39862,45.05591427029288
39863,47.450085261048336
39864,48.44434738184359
39865,49.95031765364393
39894,58.777090021290896
39895,60.70246426012395
39896,62.242763651190394
39897,63.39798819449022
39936,12.484196632698133
39937,14.424290416320932
39938,21.082538650451696
39939,18.30447798356653
39940,20.244571767189317
39941,22.400231526770202
39942,29.427332649059952
39943,30.567441592607636
39944,33.307520216305555
39945,36.32544387971878
39946,33.394096300632754
39947,49.906100365078395
39960,19.326372834302624
39961,23.76834158873468
39962,27.58185036378095
39963,25.43824201786827
39964,36.46578787264503
40034,65.17550894684447
40035,70.00480382439696
40036,71.22702516586632
40037,80.6322135587908
40038,77.97134288192397
40095,33.87130283356486
40096,36.68173448138259
40097,37.1255583705914
40098,40.70169720359182
40099,44.90007709485087
40100,46.62291826151197
40101,48.34575942817308
40131,13.45558156457814
40132,14.979488388146336
40133,16.721096186509968
40134,15.26328859823278
40135,17.004896396596425
40136,23.905228354759984
40137,26.082238102714555
40138,26.26600020920542
40206,-17.6863127877737
40207,-15.301199194415126
40208,-11.36987696401399
40209,-9.904913445212237
40210,-10.723188198159669
40228,-2.44288178367404
40229,1.833812994322563
40230,1.590581145538244
40231,4.22649880477121
40232,7.024891254641807
40233,13.694271843087058
40234,16.164412801770503
40235,20.35987018444829
40236,22.335982951395046
40237,24.065081622473464
40238,24.481654665975356
40239,26.45776743292211
40252,50.09178156467153
40253,59.06837662493321
40254,60.784021390297774
40255,66.13014130311086
40256,71.21864915405392
40257,77.05077996803185
40327,30.435273119886585
40328,34.70336628936604
40329,37.20840687503194
40330,41.40442942953319
40331,45.1919868565842
40332,48.279728584873325
40333,51.12116368301134
40334,56.55465913773724
40335,59.17681427954181
40336,60.153031393671405
40337,66.05211343488192
40338,68.38291800537486
40394,-5.159268118474719
40395,-0.8161133360643946
40396,3.624545738820088
40397,3.163624865228523
40414,52.65209271952811
40415,56.003941569889555
40416,58.171092454814904
40417,58.190367203226245
40418,60.81983242527921
40419,63.22777785297405
40420,17.766014987009903
40421,19.183801450734286
40422,22.5864889636728
40423,24.925171311219543
40466,11.933100183181853
40467,13.948728429649822
40468,16.21631020692634
40469,18.483891984202803
40470,20.751473761479293
40471,26.69117781034219
40472,24.78273025441526
40473,26.294451439266243
40474,33.24196961136314
40475,36.76931904268212
40476,38.5329937583416
40481,30.543117925629105
40482,28.90803280229268
40483,39.16112052187577
40484,42.68492005307659
40485,44.695787325534134
40486,46.342789352081326
40487,52.739256415364345
40488,55.03739044103012
40489,57.62279121990412
40490,53.90024033140797
40491,62.79359277765213
40492,63.291527791366406
40493,34.986501425869236
40494,39.27553622078928
40495,49.32455677044198
40496,50.393309824153874
40497,47.44512630635127
40556,38.054267935048195
40557,37.77855816636128
40558,43.140225325666854
40559,44.107272884316686
40560,46.09743012412399
40561,51.543111449297676
40562,52.51015900794748
40563,53.97552585350659
40564,55.163701994357226
40565,54.58433041362295
40566,60.16712615512933
40567,62.37841197713744
40613,21.866027194066895
40614,28.226452619381572
40615,28.817684832146995
40616,32.89323166623899
40629,11.380064828721771
40630,8.640013039842042
40631,10.795872355926118
40632,15.884906395626649
40633,21.235421702249027
40634,19.580665223199368
40635,22.96844414847437
40636,25.74026326915388
40637,26.19486747081248
40638,30.66794170591755
40639,34.9796603380857
40740,21.71781240077297
40741,23.62119687726306
40742,24.841297366550506
40743,29.56927336629454
40744,31.472657842784628
40745,32.54676957479974
40746,36.59146158734116
40747,38.64083482110355
40748,40.636153599882576
40749,44.204999493301486
40766,45.10796824286949
40767,47.10342703785874
40768,48.69979407385013
40769,53.67450504141562
40770,25.329767659149564
40771,28.888537822484352
40772,30.452882160329587
40773,34.118292853665004
40774,36.3781993322547
40775,40.18807021543276
40776,42.00351527312129
40777,44.263421751710986
40778,46.96778965120183
40779,47.52773110967386
40780,50.734300448851286
40781,54.45745116097215
40837,24.159574845533765
40838,26.522739107669192
40839,25.836897366487108
40840,25.253075664082445
40841,32.40124253908556
40863,14.369577695860901
40864,16.543546716689868
40865,20.289375222971707
40866,21.627171118072376
40891,18.31335262654484
40892,20.744679519696824
40893,21.459055551037043
40894,22.6074033833997
40903,39.743992527233374
40904,40.2641663839598
40905,44.07905159057743
40906,43.94014260909331
40925,-4.838050691078884
40926,6.7883429097375485
40927,-0.19603347728418186
40928,1.6607734082336592
40963,35.10720658267933
40964,34.17057961438722
40965,41.66321402867792
40966,45.49280395616021
40967,47.10658835545714
40968,44.38281942100663
40969,45.65934939683406
40970,48.21240934848892
40971,55.786992191083606
40972,57.31882816207655
40973,54.59505922762604
40974,64.13014160324062
41003,39.36392699129536
41004,37.18090407411248
41005,42.140750007552484
41006,42.734550106626735
41079,-3.6190438592619687
41080,-2.2948036928948214
41081,-0.21385486003216148
41082,0.973371237619955
41083,2.865142903858737
41084,-0.25934664914113714
41101,30.05469339419099
41102,40.422213219658765
41103,40.50743945715763
41104,43.75819600571196
41105,45.6226130624392
41106,49.318167315800615
41107,49.84819125810657
41108,51.8497809297385
41109,54.57104304008641
41110,56.127835006911226
41111,60.660508788381456
41112,64.3565925458424
41129,27.85870211601607
41130,29.01434125171999
41131,37.49658752454549
41132,34.09915344881724
41133,35.48592041166196
41134,41.42576058593882
41135,43.505911030205894
41136,45.12380582019138
41137,44.46660455623262
41138,43.806522188730234
41139,54.65567721578508
41140,50.97838246031708
41141,52.86820096753266
41142,65.99458825907843
41143,69.53799796010759
41144,64.91579395103182
41145,73.4889695031719
41146,75.85124263719133
41147,78.98709049618537
41207,19.880449868285552
41208,19.951279886639615
41209,19.099250288377576
41210,28.767339447120833
41211,31.82220773984551
41212,27.708424567874275
41236,30.335145832014025
41237,36.040230775705076
41238,37.585412390072776
41239,40.734556202353836
41268,32.38920078438423
41269,35.82381249726296
41270,40.37685965949801
41271,43.5516888512401
41272,46.884991407391496
41339,56.234159360735454
41340,54.022560558082674
41341,54.74677307521817
41342,55.8205998053717
41377,31.974364749466428
41378,34.53510069381214
41379,34.98906487884986
41380,44.73493791009802
41381,40.395062983579635
41382,45.34709690327175
41383,48.19235906365587
41384,49.899516359886334
41385,52.1757260881936
41386,59.24577492805697
41387,60.66840600824904
41388,58.43530284103865
41401,29.44656013340768
41402,29.700698075661116
41403,33.49794429299383
41404,35.776847882761
41405,36.28419733498857
41406,40.841078082243634
41407,40.508446532833204
41446,61.02789366596545
41447,61.014150761513186
41448,64.77422327739038
41449,64.99462597365218
41450,59.51339723861309
41451,60.918270842897435
41452,66.77191086074893
41453,77.17019721078324
41454,79.27750761720978
41455,84.44245373737135
41456,85.83358443720346
41457,81.05479250430653
41484,30.377688268947733
41485,35.51020559291526
41486,37.58995429208003
41487,42.43733176471603
41488,47.854988940015126
41493,-20.102351628347666
41494,-18.36419786828282
41495,-18.269136852060303
41496,-12.280659708055811
41497,-14.023693412072756
41498,-12.620137131849521
41499,-8.804352187926074
41500,-9.67830901191061
41501,-8.37469369186196
41506,48.14618655071874
41507,49.04063125338574
41508,55.34059410846169
41509,55.995225225870584
41510,-29.34081211000506
41511,-26.688063316286893
41512,-23.59920135992473
41513,-23.89359785036509
41514,-22.173926794413212
41515,-18.592868010305835
41516,-16.65823807235998
41517,-13.92605167019543
41518,-10.916627322279634
41519,-8.91971832057655
41520,-7.200047264624673
41521,-5.3276963904360555
41530,2.695253158904551
41531,6.684624807061043
41532,8.014415356446522
41533,10.142080235463355
41534,19.148924090375857
41535,25.1155380242395
41536,28.8389515625189
41537,31.232574551412796
41538,34.840452573124736
41539,37.23407556201866
41540,34.3442682342794
41541,42.66877327612809
41559,49.12636253607808
41560,54.206726921060465
41561,56.53414493625283
41562,58.60296094975712
41563,60.50485061035174
41564,64.550806988582
41565,64.12527863398431
41566,68.17123501221457
41567,68.26291066099294
41568,75.50376670825803
41569,84.81343876902743
41570,88.60079314556961
41579,36.846232815203116
41580,40.119758627344744
41581,43.94677664676876
41582,50.13993222223926
41595,33.73439949863634
41596,35.760407057586114
41597,42.60874423151953
41598,41.25907222991153
41599,43.86443729338523
41600,44.044832623467464
41601,47.673763128893974
41602,50.195710915103284
41603,59.57655753772392
41604,58.48013648098463
41605,63.628572655623465
41606,66.41433304917943
41652,74.64209012217503
41653,76.26665806236069
41654,77.60834056476858
41655,78.6677157228377
41807,-5.556384869038272
41808,-2.855382798502127
41809,-2.4263716413879646
41810,-0.4068252270276176
41811,2.0255512158383997
41812,4.015249273998432
41813,7.3541914169182085
41814,10.055193487454368
41815,12.948943344651504
41816,14.729712487542052
41817,16.2717043589628
41818,17.816210131400165
41856,-4.715500732633687
41857,-2.3076860730874538
41858,0.10012858645877909
41859,-0.5994275400352986
41860,4.313804240664722
41861,4.24125305772188
41862,6.8154242066648605
41863,9.38959535560787
41864,16.96793997160806
41865,18.398035054354168
41866,15.395994703141529
41867,21.830263252944846
41868,19.7427655364201
41869,21.744898652264673
41870,29.552776699773844
41871,25.463145867404556
41872,33.84306194801216
41901,14.766899244002275
41902,16.49521486602861
41903,19.529257929455376
41904,24.47583704696791
41905,24.990535443623507
41906,29.633710254793385
41907,31.358699388428843
41908,34.488179156276175
41909,36.308604994332256
41910,38.64040274065302
41911,41.769882508500416
41912,43.798275948478555
41929,34.94882290985994
41930,37.47115881453358
41931,41.67057842402605
41932,46.29933448089129
41933,45.84829861656802
41934,47.45859083258588
41935,52.29504308599422
41936,54.106621829014244
41937,52.0881809536371
41938,56.924633207045446
41939,61.352936801094444
41940,63.96966165212339
41941,65.98252692214567
41942,67.39153261116127
41943,69.95600624735478
41944,70.20954398919244
41972,19.068347759360993
41973,26.47541796080357
41974,23.39527404473373
41975,30.802344246176304
41976,30.052083714537904
41977,33.873054583037906
41978,35.04469096689104
42010,29.341667358312048
42011,40.41668285478822
42012,36.62055235174823
42013,40.70950009733659
42014,41.659780424127135
42015,46.30864239997982
42016,48.828256436169255
42017,48.938665417563286
42018,51.738236568884886
42019,20.503899096726496
42020,27.817146803472593
42021,24.526718013193385
42022,34.072061388171306
42023,24.393831321033105
42024,25.86861439653798
42025,27.179532685875643
42026,27.998856616711677
42027,29.77258392271552
42028,31.112287553888635
42029,35.36910035801162
42036,6.325025064914562
42037,9.974379750245113
42038,12.650573186154169
42039,10.28222180423315
42040,20.192572869170597
42121,33.689483563365165
42122,36.68188996486301
42123,37.79713991572799
42124,39.47001484202544
42125,38.60299922115345
42126,43.37338967005291
42127,45.39960804744745
42128,49.58179536319113
42129,48.91906126665452
42130,51.98599863153319
42131,54.495311020979415
42132,56.72581092270937
42133,36.800532515050335
42134,38.43988506467129
42135,40.43195615081261
42136,45.23148848452949
42137,46.28678668517311
42138,55.514471391354114
42139,52.37581044090801
42140,54.71774265465221
42141,59.98566143111795
42142,59.63580030351501
42143,62.21192573863367
42144,72.61057655168676
42181,4.725725618792412
42182,7.186122692634175
42183,9.916345021898369
42184,12.994964028728663
42404,19.594387661834485
42405,31.213586256218854
42406,23.8148093958993
42407,25.623561567641357
42408,36.43887030791816
42409,29.04009344759859
42410,39.01552630880948
42411,41.025250944078444
42412,36.07412967103994
42413,37.88288184278201
42438,4.602313311668499
42439,6.642395417716801
42440,8.962463730625714
42441,11.512566363186082
42442,14.06266899574645
42443,16.332785421446193
42444,18.627877790750507
42445,14.975115166974494
42446,26.303161632036208
42447,23.90047438093578
42448,26.195566750240122
42615,46.51022529037211
42616,50.125382285571476
42617,51.440357079685384
42618,53.412819270856176
42619,53.60431647930703
42620,55.795941136163506
42621,57.90667350602572
42622,60.61751538124771
42623,61.85159788836733
42624,64.04322254522381
42625,65.796522270709
42626,67.98814692756548
42639,21.789504330785846
42640,26.03972381364243
42641,26.086207333856535
42642,32.06212318209669
42643,30.95580407067
42711,9.127812507786524
42712,11.633418759104227
42713,18.42245894564422
42714,16.671965716923307
42715,18.939311847941877
42716,24.216787947136165
42717,25.72835203448187
42718,23.22207676208809
42719,25.99327758888857
42720,36.81315534168385
42721,36.574226200308644
42722,38.35138486313718
42749,34.12463163222347
42750,37.68383898915522
42751,36.783582281623865
42752,50.73426596457168
42778,-11.473490255182398
42779,-13.194191411141656
42780,-6.587336307942963
42781,-5.2958357794438635
42782,-9.750190001810719
42870,3.127153758001382
42871,9.717879226069215
42872,7.193538932003831
42873,14.597541434872142
42874,13.428662865474278
42875,15.868493969875741
42876,21.658207853807873
42877,24.627958197411516
42878,27.609973991679965
42879,29.23652806128095
42880,31.676359165682413
42881,31.59184997601852
42977,10.264762186814345
42978,17.27931235981916
42979,21.742863119308026
42980,21.941015018319916
42981,26.702363963184553
42982,25.639214802831496
42983,29.35884043573889
42984,34.88554035558079
42985,37.06749259214331
42986,35.806191532778364
42987,39.79521805627536
42988,41.779018393825964
42994,61.54789309928154
42995,53.965912334115636
42996,65.4501500858565
42997,65.99322389776101
42998,68.0470433643794
42999,63.20809993389852
43000,74.07619184565385
43001,76.74615715225778
43002,69.36955833375376
43003,78.11075875080961
43004,72.65566948034322
43005,81.80763379072279
43018,47.02401133403309
43019,49.851080581099936
43020,54.6690176309052
43021,58.783752571359
43038,30.614981564790668
43039,31.40258204595893
43040,33.15569426795319
43041,35.66014029937356
43042,39.63098727790404
43043,44.309679565834884
43044,44.42570140934493
43045,48.1823704564755
43046,52.65410664129007
43047,55.15855267271044
43048,55.94615315387873
43049,60.5885787700674
43050,19.423626671830817
43051,20.558652167858895
43052,17.69791119536326
43053,21.95941169803944
43058,9.930361318034883
43059,14.87254786828889
43060,13.586362742159508
43061,12.79743917730368
43062,15.539440245397138
43063,23.55555125058484
43064,22.726366302471064
43065,30.266869239728067
43066,34.75205561196648
43067,36.58005632402879
43068,38.17955694708331
43069,41.37855819319233
43120,27.506966067118213
43121,27.248191279139185
43122,29.427884351893375
43123,32.81851802062213
43124,32.63583428253059
43125,35.72477545096104
43126,36.75303230884406
43127,38.44834914320844
43128,44.94451064915174
43129,47.60857996029574
43130,51.2414017482194
43131,54.63203541694813
43132,20.778423713427777
43133,25.107535473617794
43134,29.21985590460026
43135,32.93052312762027
43145,35.22149381402751
43146,38.41576250276232
43147,40.68819011333635
43148,46.08200735572588
43149,46.757300621932515
43150,49.951569310667324
43173,10.80967950291987
43174,13.620607265155463
43175,28.45403680740311
43176,24.971465207945226
43203,41.33623647489665
43204,41.19100038916937
43205,46.24239413352788
43206,43.99673515812614
43223,17.256607735817155
43224,19.667502357231328
43225,21.35512859222122
43226,21.387421638595725
43227,23.557226797868452
43228,24.52158464643412
43229,26.691389805706876
43230,31.480886002160716
43231,30.789910662110913
43232,34.61504900999911
43233,38.23139094212034
43234,44.14022766287278
43279,64.72906919259698
43280,60.393081349485655
43281,63.12018192002093
43282,64.54882690515535
43283,65.69947700855626
43335,4.9895766935930945
43336,7.9035072056233115
43337,11.635101471685502
43338,13.52664355631691
43339,16.747043608679675
43340,20.54117057459517
43341,22.728139402906407
43342,23.903762600471495
43343,26.050901791952583
43344,28.351275753599964
43397,29.919906653542565
43398,33.72096948756792
43399,32.41769782586721
43400,38.42959108289972
43401,39.549148889658774
43402,39.91107134284118
43403,45.93239299671067
43404,47.59758711159379
43405,49.26278122647688
43406,51.48304004632099
43419,35.74735988183093
43420,34.68258475770956
43421,39.44566710446196
43422,41.52596491719194
43423,44.59924635628759
43424,46.14884894548075
43425,49.45327458599085
43426,51.76471660013522
43427,53.845014412865204
43428,55.39461700205834
43429,58.00561003832511
43430,58.86178002327492
43457,13.129143140023311
43458,15.464568232749324
43459,8.656706284911827
43460,11.51111473157696
43461,13.846539824302972
43462,28.316831117191214
43463,30.652256209917226
43464,32.46869794870415
43465,34.80412304143016
43466,23.96671522611576
43467,27.859090380659104
43468,29.935023796415585
43506,58.44076461654325
43507,59.2893917356663
43508,66.53414610877553
43509,69.29218424592548
43510,65.01762478974686
43511,67.13919258755448
43512,70.73544647418981
43513,73.91779817090125
43514,78.20276899671745
43515,79.68786645518281
43516,75.83762055856576
43521,16.825754965147947
43522,18.57574418538763
43523,20.916918901397423
43524,17.787751371889126
43532,32.14858433642256
43533,33.99315388056165
43534,35.83772342470071
43535,38.374006547891966
43536,37.751336820824264
43537,39.82647755798072
43538,41.20990471608505
43539,42.593331874189346
43540,41.84940162559734
43541,48.98028142669166
43542,46.69139667896239
43543,53.82227648005677
43616,27.349601207126447
43617,29.52803238970329
43618,34.803659523807255
43619,35.5792301190834
43620,35.1262266450766
43621,41.09690516236259
43622,42.791240526589036
43623,40.93537646528151
43624,44.7770506677412
43625,46.955481850318016
43626,47.22862210383681
43627,49.407053286413685
43776,11.227129387569121
43777,14.712078323002501
43778,18.17082857205886
43779,23.290414164069247
43857,28.027958881345693
43858,38.36412218739358
43859,43.333526200077664
43860,35.99915191319441
43879,7.399480685001175
43880,9.291302677911997
43881,9.261443964451985
43882,11.389743706476622
43883,12.930091895578995
43884,16.24078038317289
43885,19.666464925461327
43886,21.916246361905266
43958,26.00061581720538
43959,29.130275657678318
43960,31.049730969950552
43961,33.51760208572913
43962,35.013628514970236
43963,37.4814996307488
43964,39.82438382605215
43965,41.7438391383244
43966,44.37254523466813
43967,51.341115699685524
43968,53.260571011957744
43969,55.728442127736336
43970,9.730106995616008
43971,15.353779766259288
43972,18.956683012989707
43973,23.331636955448026
43974,27.191890434087746
43987,24.820252007732115
43988,29.50907335569051
43989,37.12496296589471
43990,39.367442741005235
43991,34.0431020338221
43992,35.20484276234897
43993,37.575256811256146
43994,44.81771134703656
43995,47.834601954736605
43996,46.41043644809199
43997,47.48789737941346
43998,52.44421766349209
43999,56.29269270841248
44000,61.89548955128401
44001,64.85848466961544
44002,62.787842604177946
44074,36.85443574433464
44075,40.079376588872606
44076,45.95924693438559
44077,43.95614188827604
44078,46.43686561484372
44079,47.92529985078436
44080,51.98685047639748
44081,53.971429457651595
44082,58.61093793988073
44083,60.34744454847811
44096,47.52484495538217
44097,51.825983302227996
44098,52.63542584978972
44099,57.95868037551702
44125,19.512498805200504
44126,29.320480881004197
44127,31.315342016040244
44128,35.055706644232835
44129,34.703894737691684
44130,44.032581751895016
44131,38.214321946163395
44132,40.95725600683794
44133,42.20404421623549
44134,52.012026292039174
44135,56.251106203990766
44136,52.67706517517472
44188,12.112645708112005
44189,16.475604673413308
44190,21.82863827404489
44191,20.868647561523908
44192,23.78731484599455
44193,29.3177407250841
44194,33.79517414037451
44195,32.251449970959435
44196,37.19814239315486
44197,37.21318435455955
44198,41.86801004830787
44199,41.007451824371365
44200,6.03667551068418
44201,13.009389062854662
44202,16.323503673214017
44203,21.81142309559158
44262,-5.632688939317671
44263,-3.6925980922048858
44264,-0.7162802749794102
44265,3.9366150459770486
44266,3.2055026975295142
44267,4.930027894963093
44268,8.894624988598636
44269,10.834715835711421
44270,10.493133508338971
44271,14.499331880257827
44272,17.30168532608741
44273,19.241776173200208
44274,32.70815426821564
44275,38.19517216370561
44276,38.191381869541225
44277,42.996312822259355
44278,42.992522528094945
44279,46.88295049823144
44280,52.112535694864185
44281,56.45642486212707
44282,54.423809810365746
44283,60.343062538099154
44284,58.76769897762863
44285,70.17396960085205
44286,49.633139308642356
44287,57.46162531032842
44288,52.40607855783543
44289,53.48444382141052
44306,19.801444296783423
44307,24.467502314579022
44308,24.674957081741987
44309,26.299461343394846
44310,30.03723121167451
44311,31.63711820311135
44312,34.18991061428013
44313,31.93868316844707
44314,39.78425678159161
44315,35.88390780388971
44316,-12.380986881195682
44317,-10.099174569442283
44318,-8.109531637191353
44319,-5.716286885246561
44332,27.038157573896317
44333,30.461546528387093
44334,32.17324100563246
44335,36.73775961162019
44336,39.12352188597069
44337,44.82977490951136
44338,47.397316625379446
44339,48.53844627687634
44340,50.53542316699598
44424,49.9416681016728
44425,54.69428587758787
44426,60.01791482686203
44427,64.40014961795364
44428,66.77645850591117
44429,68.33499593471336
44443,48.62093672697976
44444,48.18921937337426
44445,50.43787496691361
44446,53.50422350355812
44458,13.107561874795273
44459,8.211217845568727
44460,16.850900648649805
44461,18.702663964275505
44474,46.5505467874022
44475,47.4216594406834
44476,48.292772093964615
44477,43.47746712260539
44478,48.68832535775461
44479,51.48685182266236
44504,44.346616420852946
44505,42.60367786575926
44506,48.335578352056594
44507,49.93196499444792
44508,51.72990464191289
44509,50.38606274741701
44510,55.71886657311652
44511,58.51254319730135
44516,24.141480661320482
44517,26.228016639843133
44518,28.707583293284724
44519,29.729699472166228
44582,20.00549998374427
44583,27.77006942114223
44584,32.05190592159931
44585,30.472211429306096
44586,35.70556715208701
44640,54.1128579392889
44641,55.71300433184426
44642,60.57622905908623
44643,61.71919076805433
44644,60.284851167716724
44645,65.37666823675231
44646,73.74076240733392
44647,68.28558313049349
44648,71.48587591560421
44649,76.57769298463982
44650,82.42727139549162
44651,84.25601012984059
44669,25.870722374027284
44670,27.995853203845858
44671,23.71920903360565
44672,32.24611486348306
44692,64.94811898521507
44693,68.71419100848205
44694,70.73840199383962
44695,70.6287622097889
44696,75.76358638480876
44697,77.51147660775455
44698,79.47785310856857
44699,79.36821332451788
44700,83.41060611019661
44728,20.562010182197945
44729,26.57936636315448
44730,27.983710706657597
44731,33.17643349600748
44732,32.38175546189296
44733,35.13053343391507
44734,40.44991773411894
44837,1.163318368961936
44838,2.6800168425481816
44839,8.746810736893263
44840,10.769075368341614
44841,40.449670960790996
44842,48.33177557502481
44843,46.700780530764746
44844,49.96222900205541
44845,50.88611876703612
44846,53.60399249311166
44847,60.29041996975718
44848,63.280081068440325
44849,62.19266076939536
44850,64.20370002480627
44851,70.89012750145184
44852,68.71555771197666
44853,8.64423479851578
44854,10.012051564700895
44855,11.91825104625832
44856,17.87880560016013
44857,16.02170134481368
44858,17.663081464235802
44859,19.860332281233752
44860,26.359269550507857
44861,23.96378257978911
44862,31.009846555537262
44863,30.802866410714685
44864,34.07688265845721
44885,-46.45473884245449
44886,-46.80851070202104
44887,-38.57279177789852
44888,-43.20070171454684
44897,61.49435379506947
44898,64.28707319589536
44899,66.88951309962046
44900,75.4017647060805
44901,70.60289345810729
44902,80.60664451353067
45041,18.848087408087167
45042,21.07442962516012
45043,24.692235727903608
45044,27.196870722110646
45045,32.516176606657865
45046,34.74251882373079
45047,33.87589737332942
45048,35.545654036134096
45049,39.720045693145835
45070,39.778406404939815
45071,49.14347554736352
45072,47.7608911319553
45073,48.921326108054494
45074,53.97862128111012
45075,57.044370940748756
45076,69.50644940768095
45077,76.00226878438112
45078,74.35335805914082
45079,72.38704331060069
45080,81.57621373355998
45081,75.5375339340496
45082,77.47629739463355
45083,86.66546781759284
45084,85.74359339007154
45085,91.27003103647972
45086,91.31753833925038
45087,96.6016305530856
45093,16.056359623066303
45094,22.794220441191115
45095,23.10080510531603
45096,26.65730344758613
45097,29.83866592344083
45098,34.57928673848788
45099,37.76064921434261
45100,35.5990148318881
45101,38.4737926436179
45102,39.609993527851714
45103,44.805094696592306
45104,47.98645717244702
45105,58.12104327631407
45106,62.585529900260845
45107,65.56131563931537
45108,71.05507392680055
45140,62.23146582006075
45141,64.76623616773149
45142,66.68644954870274
45143,68.73680509075669
45144,70.46166822899248
45145,71.69842976261242
45146,76.61273485515436
45147,78.89090767965875
45148,79.80217680946053
45149,81.85253235151445
45150,83.64629037040208
45151,85.13964942718837
45176,-4.048575427190813
45177,-7.0062971212866305
45178,-8.933380760802297
45179,1.8955800774991323
45180,3.9531723675841013
45181,0.5382079423583033
45182,-1.8461184282873866
45183,0.4400952273626011
45184,17.670454301483957
45185,14.255489876258158
45186,13.471513064567471
45187,19.285159918688088
45253,23.740347971070296
45254,27.08614565710187
45255,34.94635585742259
45256,37.54864294655823
45283,69.11758768684957
45284,70.84874635128357
45285,70.33700799217436
45286,77.24530265623777
45287,78.97646132067176
45288,76.3960633176934
45289,79.64198581350718
45290,81.58953931099546
45291,85.34720016591841
45292,87.29475366340667
45293,91.74375647087261
45294,94.98967896668638
45354,24.254234949939264
45355,19.834480067253903
45356,28.438868178146226
45357,28.24959613847762
45399,3.968810029686842
45400,8.438238647130959
45401,11.516627140992803
45402,11.98023205818051
45432,21.158349617574675
45433,26.56929483791778
45434,26.0604779749146
45435,31.723316828219154
45476,38.67743609209161
45477,42.125210944742875
45478,50.15860411971956
45479,54.34518786936754
45480,-2.0203188824605895
45481,-0.1491409057322901
45482,8.96092763280965
45483,12.196894442685938
45484,9.430025214024749
45500,25.215020403914338
45501,26.74577813617819
45502,29.525342224712034
45503,32.20551910918863
45504,14.119517143314287
45505,16.067841725841777
45506,21.97607439372015
45507,24.89856126751138
45508,24.835302347215492
45509,31.71769730635759
45510,31.842117934355528
45511,36.34496818986039
45512,34.333384687037
45513,35.79462812393261
45514,41.396061298699166
45515,43.5879264540426
45556,55.926965550301226
45557,57.45870098609513
45558,56.82790155740881
45559,60.1584113080163
45560,41.82125578010704
45561,45.458967947816944
45562,49.09668011552685
45563,51.27930741615279
45564,38.895633985620606
45565,40.32692344050611
45566,39.39623883810721
45567,44.954922723329815
45568,46.99962194459482
45592,46.22443957438442
45593,47.98280187867367
45594,49.93653777232838
45595,44.1558369535683
45662,17.584243596660716
45663,19.72157176243137
45664,21.858899928202025
45665,28.39526571098329
45666,27.08347988897471
45667,29.458288962053206
45668,35.28221202291095
45669,36.28559519493638
45670,38.42292336070702
45671,40.79773243378551
45672,41.332334327445714
45673,46.49727420917392
45690,-1.5496440885362475
45691,1.3305699359609156
45692,4.59554476030933
45693,6.840214952048874
45694,36.33105141904886
45695,39.78498558205198
45696,40.471713796209684
45697,43.038363164106904
45698,18.362714762863963
45699,23.831334224106794
45700,23.125067607420366
45701,25.6315691045553
45702,27.636770302263276
45703,31.187218436754577
45704,36.70152173045146
45705,38.95737307787293
45706,42.71712532357533
45707,46.727527718991226
45736,14.476450182758274
45737,15.961613363424739
45738,17.91218196189633
45739,21.325677009221586
45740,23.351444406250376
45741,26.764939453575632
45742,28.618072521677224
45743,30.666076650518786
45744,33.10428739860828
45745,34.979657198522666
45746,37.73688781997828
45747,38.63697332065687
45820,11.034472697693673
45821,8.641812753330486
45822,16.96762208672892
45823,19.020995573028795
45824,21.07436905932867
45825,16.855306698529986
45826,26.464474460865812
45827,29.031191318740678
45828,31.5682075606924
45829,26.86550244424187
45830,34.42129672027785
45831,36.731341892365194
45832,53.5304858425198
45833,58.93969706358121
45834,58.56037446194706
45835,62.35456318447811
45836,63.682673643292404
45837,66.6097017469183
45838,69.87305942109785
45839,71.2441629109927
45840,76.6103811009735
45841,78.4102247233401
45842,81.0009232564124
45843,84.50819993922741
45873,55.09306494368945
45874,66.04234495157682
45875,69.6218572615082
45876,71.92297231789262
45877,73.45704902214892
45878,71.45654978908992
45879,77.58579491802757
45880,84.45126540265234
45881,85.72966265619927
45882,79.38261276108075
45883,80.91668946533706
45884,91.61029002251503
45920,40.36286665749552
45921,47.64024420734083
45922,43.7733368138263
45923,45.76277773835259
45924,47.18380697015707
45925,49.741659587405145
45926,53.40324497793453
45927,56.8137151342653
45928,59.3715677515134
45929,60.508391136956995
45930,66.3978300671601
45931,60.82568759548017
45944,47.09262891680837
45945,50.798484891039664
45946,51.825004990878604
45947,53.022182541007744
45948,54.24037034766097
45978,30.864148260393087
45979,31.843119385185865
45980,34.90052683235455
45981,38.43235808282082
45982,40.18983783936944
45983,41.42951849359434
45984,44.22621641133089
45985,46.22271804779853
45986,48.52330451272447
45987,49.784672816462425
45988,51.80286210244315
45989,53.286380548731096
46068,21.55882470739303
46069,27.240887078060865
46070,28.70135589003555
46071,33.39404818379808
46072,36.324124900815775
46073,37.198578369386915
46074,39.84021696123702
46075,40.89733103970991
46088,82.82447800859049
46089,84.08547317042917
46090,82.65293926845736
46091,83.90939976559496
46092,88.02981435387483
46093,90.5472700128511
46094,91.8037305099887
46150,-6.3651792711455055
46151,-3.5695387644419734
46152,-3.123351164850858
46153,0.8879748817131903
46154,1.1315482246608912
46155,5.750717041155183
46156,10.816073457240606
46157,9.546638099557041
46158,14.260515820178682
46181,33.16230366198219
46182,33.81816418769226
46183,39.56405037164348
46184,39.29500073527123
46216,34.579266877064896
46217,32.525987162444075
46218,36.57686187877357
46219,37.90859187991269
46220,44.42021343677457
46249,27.547506287743396
46250,33.10340732918258
46251,29.102428995873638
46252,36.07330417657361
46253,38.54821821606614
46254,35.28971409460496
46255,42.891973332597054
46256,40.734524981488505
46257,43.20943902098105
46258,49.57424123922687
46259,53.64519385697053
46260,49.89170692761084
46272,-4.783773368990943
46273,-2.4325300068379008
46274,-0.31641098090018005
46275,1.564583708822262
46276,10.029059812573202
46277,16.362296086016798
46278,18.478415111954533
46279,17.082789899032313
46280,14.705927349228805
46281,21.315027950907783
46282,26.472642543274844
46283,28.823885905427886
46288,13.465641216819431
46289,23.021585261619137
46290,27.37976089359144
46291,27.210656671501265
46312,3.2890940097944092
46313,7.945482386331574
46314,13.269468137124587
46315,18.297676901762426
46316,54.9342891811814
46317,60.294891063156385
46318,59.51129814028546
46319,66.42512467053928
46320,62.631986066947306
46321,64.71244468472186
46322,66.37681157894151
46323,68.45727019671607
46324,70.53772881449065
46325,74.44200966402344
46326,75.48223897291071
46327,74.28255432648486
46340,15.004167646390254
46341,16.187556430218628
46342,17.317397158744363
46343,19.57707861579585
46425,-4.288281762194204
46426,-7.506052593986038
46427,-2.9237879967150295
46428,0.9945504796894831
46429,7.888257775773424
46437,54.09478667124495
46438,59.596948700149156
46439,54.117777869453704
46440,64.91195283033296
46470,30.443960797460235
46471,33.19511511412533
46472,37.769939610454834
46473,40.24597849545342
46474,41.621555653785954
46475,43.54736367545153
46476,41.25264146085777
46477,46.12554040245122
46478,48.3264638557833
46479,49.97715644578234
46480,53.72663464711233
46481,50.33145070585254
46530,15.539693354288215
46531,16.362766025439626
46532,22.32586409448575
46533,23.6107272363763
46602,26.522240907830906
46603,30.61611547435747
46604,28.717081309529746
46605,35.164864992720325
46635,62.88846908041131
46636,64.87381580448175
46637,67.17830737124001
46638,70.18602570847915
46672,21.671842401477015
46673,29.193665677496934
46674,29.037005760973315
46675,33.662706953642
46676,44.32077821452684
46677,48.181247582345385
46678,51.759741455573405
46679,55.845633951908475
46680,26.700012671423913
46681,28.502412171206892
46682,31.71588388798606
46683,35.17189265202354
46684,36.92469540663033
46685,40.34399517940062
46686,44.520174009926485
46687,47.06307240539337
46688,48.65964384918522
46736,71.67038882235528
46737,72.17971651767834
46738,73.85890446541197
46739,81.9062388954759
46780,28.794045776318445
46781,31.10317344101728
46782,31.181194999261784
46783,36.875992602764356
46784,37.53129607718359
46811,56.884446491538185
46812,58.188525922739714
46813,61.14031180111497
46814,63.84543674584684
46815,65.38823060669422
46816,69.74106199859982
46817,71.79812047972966
46818,73.35933222107242
46819,76.3111180994477
46820,81.05488364481407
46821,81.1966319921311
46822,84.79648433410838
46839,7.129262021108598
46840,10.071385064527883
46841,12.618824197845722
46842,15.560947241265021
46843,18.10838637458286
46844,20.44055806503136
46845,22.987997198349174
46846,27.75997430068086
46847,29.023308087890133
46848,31.768089176258673
46849,35.07939053633033
46850,36.90924459524272
46977,5.40220187974125
46978,7.089529240503469
46979,14.129363129613033
46980,15.68834255454049
46981,19.029012750813614
47007,14.916622871606421
47008,18.747126055065166
47009,19.315736216374802
47010,22.596350231737546
47011,24.795906904121722
47012,14.639450238888724
47013,17.659393844236295
47014,23.711294195879486
47015,28.415213284689553
47038,0.5542415154870657
47039,2.351044534784238
47040,5.431278282150787
47041,14.013889439774257
47042,17.864181623982443
47043,16.198673520238337
47044,22.484532245032295
47045,18.008899417230893
47046,22.61582716058532
47047,24.926002471110245
47048,27.492863927249026
47049,30.059725383387807
47141,44.48687220549992
47142,53.28354918511593
47143,54.62181483591389
47144,58.47821569147209
47145,59.92117860990436
47146,64.25006736520118
47147,65.01114784862625
47148,61.80242722668716
47149,66.70850114935688
47150,75.4004808613386
47151,76.55485119608443
47152,74.2119083252047
47211,2.091021433614946
47212,3.017054180812595
47213,8.704085941466706
47214,13.923499475415355
47215,15.703939919836984
47216,11.15621049816862
47217,13.699696847342368
47218,21.299609888019262
47219,18.02362364093777
47220,20.567109990111547
47221,26.67147722812858
47222,28.197569037632817
47223,55.25499412881283
47224,60.47777839331732
47225,61.53022260376765
47226,62.62602689974658
47227,23.775339311904204
47228,24.902303915497964
47229,31.880466945973907
47230,37.71615884250407
47231,41.930825212220284
47276,4.383627294422386
47277,8.427750449470327
47278,15.475436065026855
47279,20.560119914614265
47280,-9.215756100441478
47281,-0.4879912365554562
47282,-4.334829960511524
47283,2.076721920073579
47284,5.477585156692288
47285,8.73153591664563
47286,6.2405100093368056
47287,8.680973079301783
47288,10.307948459278453
47289,13.019574092572885
47290,19.43112597315799
47291,27.362732630050132
47292,32.15444790363968
47293,33.305994302398915
47294,37.13936652127052
47295,40.639337297717766
47296,13.462336113230783
47297,14.97100588144884
47298,18.828735285839265
47299,21.28441667275292
47300,24.756792607970148
47301,24.43454688399995
47326,69.0153438943174
47327,74.49928373932163
47328,78.0429886969118
47329,79.1850939222883
47330,82.83249432633188
47331,83.35169921579345
47332,84.74056764696181
47333,87.05534836557575
47334,90.07984843370437
47335,91.93167300859551
47336,94.17491984754024
47337,96.0267444224314
47377,-18.337945219852138
47378,-11.10998477608203
47379,-11.685541474621127
47380,-7.188237611889422
47381,-5.4079244230268975
47382,-3.7448234867191266
47383,0.4145095255174578
47384,1.7196510182920557
47385,3.503125550089008
47386,5.283438738951532
47387,8.492428359012264
47388,8.271669761071953
47438,-10.33954704174187
47439,-10.149610717561814
47440,-7.278926771242035
47441,-7.435078626204484
47442,61.721217715286215
47443,65.38075215008237
47444,68.628890643116
47445,71.93405920557532
47446,73.19209684382157
47452,67.55945632247561
47453,68.73350127822789
47454,66.4508220168393
47455,71.75247402159091
47456,69.80523617613154
47457,71.48244325577767
47458,75.94549172070622
47459,15.617768326430681
47460,18.459256535866903
47461,20.887610292407366
47462,26.286437890336195
47463,27.991330815997934
47464,31.969414309208666
47465,33.80329286682252
47466,36.360632255315124
47467,39.35728365374285
47468,40.33871574852586
47469,46.068296891074496
47470,45.453394525511044
47490,22.186270929253382
47491,21.505350969816156
47492,31.601919714537935
47493,31.85232391081785
47494,43.59380115201553
47511,26.66098049097601
47512,30.700357383275467
47513,28.26751210499462
47514,38.847086854229296
47530,43.05157711496309
47531,47.70634383653108
47532,48.16842301304839
47533,58.380575759640976
47534,60.427314118875074
47535,61.52182776136137
47536,61.98390693787871
47537,65.61530447982963
47538,67.40620054415945
47539,69.70878119829786
47540,72.2672041473405
47541,72.98512561876211
47551,1.994159867023857
47552,7.753065482505035
47553,8.02736426763002
47554,10.584776278348102
47555,12.98285816035542
47556,15.57859305654489
47586,30.227343959981233
47587,35.88633722873778
47588,41.379853651965
47589,41.21437680643566
47590,44.87572773947324
47591,44.46054560197904
47592,48.926742406911515
47593,48.455830273417
47594,53.17173237031436
47595,52.45111494485496
47596,56.86158175378714
47597,58.194336660047064
47598,39.751940385753386
47599,46.6855408829416
47600,45.51321748197217
47601,48.448547495649116
47628,10.512744804167532
47629,13.611641455827822
47630,16.169961726546443
47631,18.69858138134195
47638,20.145997578003822
47639,23.524314647268028
47640,29.58027381579059
47641,27.409206343820472
47642,28.76891843761382
47643,28.692759310419184
47644,31.876831794855775
47645,31.02369432835065
47646,38.904013887516456
47647,40.263725981309804
47648,38.48114767899493
47649,44.53710684751748
47697,22.724319417475805
47698,24.14745529197696
47699,23.85539963143251
47700,25.563162680833873
47701,29.547943129437076
47702,34.39403358838515
47703,35.817169462886305
47704,36.556284387803316
47719,-6.334105690374809
47720,-5.153206363087707
47721,2.365517631020448
47722,1.2809717984843911
47723,9.394819928428955
47724,12.323695885682493
47725,8.612510636003957
47726,17.00989741728817
47727,23.820545716281742
47728,22.628555091375464
47729,27.985586615149003
47730,31.234002833904782
47731,29.657061608213926
47732,31.479267001468347
47733,36.3156684128835
47734,38.39818886231711
47735,37.72682834976922
47736,43.20849541814812
47737,45.55133092376093
47738,39.291367072103526
47739,39.891276078882036
47740,43.090143137419595
47741,44.79620556863964
47742,47.14204141156717
47743,48.42158823498222
47744,52.830628234896444
47745,54.323432862214
47746,55.60297968562899
47747,56.882526509044034
47748,58.91108503113391
47749,61.14768258709413
47800,14.77470877398538
47801,13.200133459266485
47802,16.435822203943435
47803,17.929217009178945
47804,22.988380202780704
47879,25.918898100708823
47880,29.95226445872789
47881,32.96618293109176
47882,32.884632770463
47895,19.747430671946805
47896,21.08648881152121
47897,23.2289818348402
47898,27.24615625356336
47899,25.54479218090435
47900,32.06676555603113
47901,31.97227125086138
47902,33.57914101835067
47903,40.63673764930721
47904,38.9353735766482
47905,45.45734695177498
47906,48.938898114668405
48043,-9.60479640852229
48044,-7.262544629225567
48045,-8.220724223420936
48046,-3.2125957123074693
48047,-0.7455331527639553
48048,1.5967186265327689
48049,1.3979044542595407
48050,2.916635298103836
48051,7.60748648837962
48052,6.207218793099779
48053,8.4853150588662
48054,12.987199955364922
48055,30.178139354941262
48056,35.10676757819475
48057,38.768492162103215
48058,39.009357469073436
48059,46.30648139255972
48060,32.63784033577241
48061,35.09785456255091
48062,37.284533875242886
48063,39.47121318793489
48064,43.809957646643376
48065,40.23106460125012
48066,42.14440899985561
48067,45.69776288298009
48068,47.33777236749912
48069,49.79778659427759
48070,8.456967816750257
48071,10.85393458111924
48072,13.550522191034368
48073,17.745214028680103
48074,18.358005867702335
48075,22.539147557418097
48076,23.1519393964403
48077,22.79168519529051
48078,30.02966869607122
48079,34.5239813792631
48085,45.498872829588976
48086,48.94924170556186
48087,48.37621016817676
48088,56.233353777060245
48089,57.577193837437825
48090,54.67406341247834
48091,32.915138623264646
48092,42.69085471778161
48093,44.52709664540311
48094,47.34275376886253
48095,41.603973111357725
48096,53.113799827101694
48097,55.474682305472264
48098,56.06918876188144
48099,63.08197029133293
48100,65.44285276970353
48101,66.0373592261127
48102,66.2620789965614
48128,11.111208554338544
48129,11.21332966691295
48130,16.11475896703358
48131,19.116889214650612
48132,21.932550697630504
48133,23.870262106710882
48134,26.936101110325538
48135,34.127540452735744
48136,36.62931565908325
48137,38.880913344796014
48138,41.48480966371795
48139,43.73640734943071
48212,25.544871328365588
48213,24.460972408718042
48214,31.574854031607686
48215,32.94530464598088
48216,35.96029599760189
48217,36.12096221952267
48218,38.86186344826906
48219,42.538458946593266
48220,42.973215291388684
48221,45.44002639726044
48222,47.75863285306243
48228,8.15678853974633
48229,8.92477623583614
48230,14.3781193900988
48231,18.634265586705865
48244,51.80419819884078
48245,50.647128229381
48246,55.876568833732435
48247,54.54243927145129
48248,36.91237357398145
48249,38.23311158679157
48250,44.68827655566527
48251,50.11975370208264
48252,52.49708212514087
48253,54.11701425766946
48254,53.933442645336115
48255,61.21395300968765
48256,64.15462315502633
48257,63.97105154269299
48258,69.40252868911037
48259,72.34319883444907
48272,5.959376609249872
48273,8.261915681902096
48274,10.334200847289111
48275,5.897440868648316
48276,15.399786807124002
48277,13.42467179710294
48278,13.495819808400668
48394,65.68768574906935
48395,66.92753412507889
48396,68.66110477241858
48397,75.65571697127262
48398,77.97904700186945
48399,81.07312524420914
48400,86.0142092196514
48401,84.32357020797107
48402,89.69804684524823
48403,89.95767481182511
48404,94.89875878726735
48405,92.93109383517435
48406,13.101091722090246
48407,10.54160635450747
48408,16.985246785851018
48409,20.25611420796534
48410,16.674482770971856
48411,23.216217615200527
48412,29.65985804654406
48413,31.90857939924767
48414,33.46113325097187
48415,34.48327932038259
48416,32.99779913548363
48417,31.48897256622474
48418,37.78427965623811
48419,36.04752544313376
48420,40.519411382383524
48421,40.720305582268054
48422,41.85994380149532
48423,45.07796425929254
48424,43.34121004618816
48425,44.480848265415425
48426,50.09237242389244
48427,50.97704955531336
48428,4.325132107186816
48429,5.892101205551013
48430,9.004893574334645
48431,11.898816082613761
48432,13.444639353033196
48433,16.839739066155616
48434,19.712515746489984
48435,15.6373364858837
48436,24.69573038592131
48437,28.330845787493033
48438,30.68129943503932
48439,33.292914598979664
48475,14.486726781125945
48476,15.671370113649592
48477,20.03976327838273
48478,21.532470124611876
48479,25.64389898553722
48480,28.21354202361553
48481,30.526220757885994
48482,33.75904956671331
48483,36.84262121240729
48484,38.23514987212093
48512,25.181035426240502
48513,29.675519196850157
48514,31.47477474613387
48515,33.788103309498666
48516,35.72003669369587
48517,40.089657313384826
48518,42.01327153479559
48519,44.97335094715489
48520,44.97284646836127
48521,47.54321153876657
48522,51.91333663724921
48523,54.226665200613944
48528,17.513934991258086
48529,19.62492745349798
48530,23.80113057195735
48531,25.656334488469074
48532,25.95717055111421
48533,36.46708534539665
48534,38.32228926190831
48535,34.09957004832517
48536,43.70477378736192
48537,44.95683700037651
48538,47.97254051786206
48539,50.68667368359908
48610,20.416366260436458
48611,25.097983112465926
48612,16.84786004087468
48613,18.8892401648682
48614,30.54166344311531
48615,31.902583525777658
48653,-17.668965651027296
48654,-17.129096290048132
48655,-15.118196449029604
48656,-13.10729660801109
48662,6.590771683054607
48663,11.483408445948555
48664,17.205053314541246
48665,20.2691702885228
48666,26.09099253908768
48667,28.235874420874765
48668,37.428225342819374
48669,39.97969630397682
48704,15.889489762882617
48705,17.976562392786207
48706,20.919930611974692
48707,23.5287713993542
48736,27.421470382105074
48737,28.99694292610531
48738,36.293335859397736
48739,38.393965918064715
48740,21.983324816857976
48741,25.361331590219454
48742,28.37264484213527
48743,32.057743140347796
48744,36.971207537964474
48745,14.814661765390717
48746,22.260759585950247
48747,18.00236305778808
48748,20.4544409750168
48749,22.66131110052263
48750,24.868181226028504
48751,32.55948683831088
48752,35.01156475553959
48753,32.714830561160404
48754,39.425305006551305
48755,43.014343924910754
48756,45.46642184213946
48768,97.08212155758292
48769,103.90567751659133
48770,105.83627217005404
48771,108.26358865410545
48772,105.2295206407615
48773,106.36636702446083
48774,113.00044858618601
48775,115.46361575086787
48776,111.67165014839105
48777,118.3057317101162
48778,121.18369834999508
48779,124.02581430924342
48828,-9.61861029867848
48829,-11.72144850511849
48830,-7.960654030949387
48831,-3.6511613441307533
48832,14.141086968518273
48833,19.52365971467389
48834,20.84034360413697
48835,25.776637967224424
48836,29.74884089535498
48861,4.1828856846231846
48862,7.005483705805844
48863,9.983179239278298
48864,13.321287830825796
48865,16.377322084867714
48871,66.52314884457462
48872,70.36071847588786
48873,72.9190982300967
48874,82.33549695501829
48875,86.599463212033
48897,16.826823847464443
48898,19.00592877816975
48899,20.640257476198702
48900,30.939459791359397
48901,30.478327994028714
48902,33.20220915741032
48903,33.987275176768655
48904,36.166380107473934
48905,45.73206250896581
48906,50.55140416770705
48907,53.54767344742682
48908,48.4238453426912
48918,15.612533954120643
48919,14.095946466497837
48920,19.29227242933479
48921,17.719912564199447
49051,18.661862800608343
49052,22.357916823706518
49053,30.604904178601355
49054,32.353359329119684
49055,54.98369178893723
49056,46.18122291489484
49057,61.72858004038848
49058,62.123663445902714
49059,66.06356283211754
49060,54.5961895106042
49061,68.24363915187314
49062,72.69353651358547
49063,75.75352436657069
49064,77.79351626856082
49065,79.71859360056769
49072,15.900702443149047
49073,26.83508661495732
49074,29.103910030416884
49075,24.975996104987335
49102,50.26376050993731
49103,53.37203773970483
49104,55.379272361893946
49105,57.38650698408306
49106,60.954924090197004
49107,62.96215871238612
49108,66.54466355658225
49109,67.42268009502857
49110,69.01887323558998
49111,70.80308178864695
49112,72.36426427257183
49113,75.24268025273498
49126,34.46766684301874
49127,38.81947553184555
49128,38.299899824301455
49129,43.74663222206619
49130,45.38901778547308
49131,46.23809671410137
49132,49.78152058494422
49133,51.423906148351136
49134,53.08136989496335
49135,60.444218783369486
49136,60.74583585752881
49190,46.1774626005491
49191,48.90453675998018
49192,50.81348867158193
49193,53.26785541506991
49194,59.54012598176141
49195,63.358029804964964
49196,63.59597361600018
49197,66.69778301810187
49198,68.33402751376055
49199,69.59553676674861
49200,77.06066482394
49201,78.04946666098496
49212,21.330626480689588
49213,13.603699650876187
49214,17.492406694911658
49215,29.36728770502954
49216,21.899608011485164
49217,24.23283223790643
49218,26.825303600596733
49219,35.161610376777915
49220,37.75408173946822
49221,42.16128305604174
49230,-6.1066855563670694
49231,-1.0869204316836099
49232,2.1728584591465063
49233,4.8981841400543535
49234,7.964895141473572
49270,72.3055574604143
49271,74.5008298154028
49272,76.53067411182097
49273,72.28189258277997
49291,17.647985848784835
49292,19.998237906058016
49293,26.142069901353118
49294,29.76416288093717
49342,52.220579109349174
49343,53.04645129690598
49344,55.68498084928949
49345,57.41718171925966
49346,54.319246852372466
49398,34.860037305196684
49399,38.4010547693005
49400,34.868642362294516
49401,37.39794055094013
49402,39.421379101856594
49403,47.00066861069557
49404,44.47997547914782
49405,51.820274739708736
49406,49.0327122187099
49407,55.36129220381261
49408,57.89059039245822
49417,23.6266007987535
49418,25.252521752995378
49419,27.48354155470669
49420,29.42725228320289
49421,29.42382006532835
49422,35.73831482103854
49423,37.23238937131793
49424,41.25165723227282
49425,41.917530954911676
49426,46.67031184942395
49427,48.45512769079299
49428,47.49508045918994
49429,76.49096240617237
49430,82.2001674330841
49431,80.44160320277751
49432,85.27288805266586
49433,27.223568444131736
49434,27.809164919821654
49435,32.7488403038243
49436,33.79487610115524
49457,17.04598999791664
49458,27.913797696088206
49459,31.345524445370312
49460,30.93323099812405
49485,29.733360733888055
49486,42.58985990491084
49487,38.509459274037965
49488,46.781171519563
49489,42.980191663000284
49490,42.866137126464885
49491,54.88437397455721
49492,58.51684404058912
49493,61.03163100938042
49494,55.44007197042141
49495,59.6313835850736
49496,69.97309578730506
49497,31.29988251695738
49498,38.54279842389355
49499,40.21171727279958
49500,38.21397489099667
49501,40.59814467514812
49502,42.26706352405415
49503,52.1385451306423
49504,51.8941492151418
49505,53.80148504246299
49506,52.75741057432066
49507,62.39047520249362
49508,61.19241137333254
49585,20.7142819443929
49586,23.827047358333346
49587,25.40278774544789
49588,26.217821082866116
49589,31.55645160933259
49590,33.497090573009274
49591,34.12967462214643
49592,42.105589661706325
49593,45.915000625063506
49594,45.264875899652075
49595,51.18956965125043
49596,53.42324022749307
49647,5.827401488634722
49648,16.00237129822783
49649,20.104841221597255
49650,19.71268430619277
49651,23.184005010582254
49712,39.43878183662247
49713,41.93525001955385
49714,41.101255005556126
49715,45.43030547565775
49716,48.264584216786304
49717,54.41759093421072
49718,55.75398876558042
49719,57.07865137631693
49720,60.57370683242088
49721,64.40346366593624
49722,65.73986149730591
49723,69.89569366838526
49770,77.25372230383
49771,84.17182593993462
49772,86.9512234499806
49773,90.64675411780779
49774,85.40662166663161
49775,93.4261516278538
49815,2.3766747525729937
49816,6.25499348360958
49817,9.163732531887005
49818,11.830076659474669
49897,16.214547208988982
49898,23.74252595522193
49899,27.93238966457753
49900,32.38074074189697
49901,39.90871948812992
49902,44.35707056544939
49903,46.32646219392077
49904,43.92165437605771
50004,10.636126680681713
50005,13.319156413679849
50006,15.77898703383183
50007,20.74891202215307
50032,29.70666253783091
50033,32.57784255639231
50034,35.162913070587734
50035,40.18747810307019
50036,5.928585200757086
50037,8.665263477784965
50038,7.375906645858619
50039,9.029714489128393
50040,13.902321648139282
50041,16.107398772498986
50042,14.542407300027675
50043,21.088490430730133
50044,19.779465470382018
50045,25.223010038904604
50046,28.786592237567366
50047,31.286972130893815
50096,50.760467550311574
50097,60.11797307738998
50098,62.312182093081546
50099,67.27125632168591
50100,72.30844611634245
50223,42.08103382470337
50224,44.35993455536125
50225,42.807378846400226
50226,51.48828277446118
50227,53.907289647256064
50288,4.985732998117012
50289,10.333489399305016
50290,13.100534529119603
50291,14.903882269199489
50292,16.34656046126341
50302,8.140961346413038
50303,7.304725272477999
50304,12.43317599159795
50305,12.859355989776123
50306,20.938818851300642
50307,22.453718137836507
50308,29.257454690536072
50309,32.53973647803043
50310,29.523248141670468
50311,34.399215646367736
50312,36.41908136174888
50359,5.048263549504261
50360,6.011724021415256
50361,9.197683905659238
50362,9.40670431281479
50363,35.55008390209072
50364,37.27874257298656
50365,42.19249811014229
50366,45.92203592746576
50407,-9.506395631969136
50408,-8.32595028258026
50409,-1.7949134692189217
50410,0.3298881596810377
50411,-0.002144985778415709
50412,4.8155804873587345
50413,1.8258797221639806
50414,8.593005605403096
50415,6.783750189597233
50416,12.038397577988022
50417,11.505531587152694
50418,15.57973362615462
50457,16.089943569501877
50458,25.225239490300474
50459,31.20585161965137
50460,23.449180057448736
50507,29.498634053336463
50508,32.066168546048004
50509,31.601982760011875
50510,34.84418981588456
50511,32.05787290470101
50512,34.870965791027196
50513,42.606971228424236
50514,48.20867246085014
50515,48.65097094855676
50516,53.13158501192099
50517,51.74952310898441
50518,53.390493959341335
50519,57.820073155798
50520,56.672435660055235
50521,62.27413689248114
50522,62.71643538018776
50558,9.594739824476298
50559,19.89288038674073
50560,24.007145309773335
50561,20.001409923911673
50635,76.30954141627947
50636,78.9820012467193
50637,89.36562640917532
50638,82.27118257649138
50639,93.88825073761194
50640,95.9439890687195
50641,88.84954523603554
50642,99.23317039849158
50643,100.74983593949592
50644,93.78331723069365
50645,104.65573876860027
50646,106.22268072425726
50656,20.34488318173741
50657,18.08127270429142
50658,25.681386162523886
50659,25.89082269315875
50660,7.64019133281224
50661,11.684866079324294
50662,15.925066924987295
50663,14.57658241628302
50664,19.827586046876945
50665,22.84340825708162
50666,27.065559351368165
50667,27.846200141183605
50668,29.95727568832689
50669,37.01777264504361
50670,41.861137932747525
50671,46.08328902703407
50686,23.89470404568386
50687,26.498055391854727
50688,28.149514133794828
50689,32.4884330440796
50735,19.92288003684444
50736,20.922846588223983
50737,24.422729518052385
50738,25.428055698311567
50739,34.254754077487036
50740,31.427855006588743
50741,35.42236158322722
50742,37.42229468598628
50743,38.42762086624546
50744,45.754369418351644
50745,42.427487071763636
50746,43.92743689883292
50752,43.09902729889635
50753,48.99351551395149
50754,54.073234517462666
50755,49.46503192279881
50756,54.02042315644537
50757,60.42288327185163
50758,58.33818430942987
50759,57.08461042806557
50760,66.51854607606502
50761,64.1798611634677
50762,70.3283353286984
50763,70.02153801750558
50768,16.57286430174618
50769,18.86523649951335
50770,21.54854285074132
50771,23.963518566846496
50772,25.841833012706026
50773,29.184404152517587
50774,28.328356485420265
50775,32.28176825565314
50776,34.696743971758316
50777,34.23163045812179
50778,38.72170349860023
50779,38.2565899849637
50792,35.81004668522967
50793,37.92227703012241
50794,41.82066620211341
50795,41.8257397229209
50796,46.279819152442506
50818,38.32165052109097
50819,40.95448204445206
50820,42.73442637315624
50821,44.69279578647634
50822,46.00745932389561
50823,48.42760507997808
50824,50.18165794604463
50825,52.38210903780352
50826,53.060075596367014
50827,55.23463522548821
50828,56.57519022554514
50829,58.5300551903427
50848,66.99988655682479
50849,71.23344822045817
50850,72.15661276966078
50851,76.88129121546902
50852,76.08554702705969
50853,79.27780611119626
50854,81.48783163098308
50855,86.63832093327179
50856,87.62055449762153
50857,89.09390484414607
50858,89.8368169279557
50859,93.02283910154492
50860,15.112452863794301
50861,18.41913951530367
50862,20.497762921832575
50863,21.229400023475428
50864,24.344412963288477
50865,29.72972302132672
50866,31.781269710103217
50867,33.31992972668557
50868,38.42171973087437
50869,37.38533019759023
50870,42.52481310842734
50871,45.85857647768913
50890,20.323594362255903
50891,19.298256579277275
50892,24.35655020226505
50893,26.52439032640265
50894,29.19204050647451
50895,32.08249400532466
50896,36.221088605931755
50897,39.35241322968608
50898,39.53143107122835
50899,40.75385450187511
50900,43.16256575091691
50901,45.31233806892862
51021,53.381357228721605
51022,59.278401171007026
51023,61.59102231437485
51024,61.39208835097087
51025,63.172250822581866
51026,68.51273823741471
51027,75.07734310655425
51028,75.96742434235969
51029,77.97010712292203
51030,82.64303361090077
51031,84.86823670041446
51032,87.62589846168497
51088,43.68800899409801
51089,52.931446081275325
51090,48.96905738303133
51091,54.25728507814205
51111,34.47062708078987
51112,45.161046014838064
51113,49.47280093787336
51114,56.65905914293219
51122,72.2159102764618
51123,80.21067195133479
51124,75.60612133137906
51125,83.22419288903903
51192,31.721536246379564
51193,30.72283577610668
51194,37.52649957423619
51195,38.313941666380714
51204,85.61904979709954
51205,87.79999897080869
51206,89.89322406666814
51207,91.98644916252753
51208,94.5448353908002
51209,96.31775584260325
51210,97.71323923984284
51211,100.03904490190888
51212,101.75483294320487
51213,103.38289690665106
51214,102.30913165949468
51215,105.79784015259372
51221,-0.6430625955950058
51222,-1.1189410722166562
51223,1.0106608794914198
51224,6.0804098196292165
51225,8.39884858349965
51226,8.15481398326503
51227,11.412818976531192
51228,13.731257740401624
51229,16.977072009820226
51230,17.42856903874673
51231,23.005012795883324
51232,21.876609754325237
51334,6.153923193106191
51335,14.681305681953388
51336,14.082394100446917
51337,18.22977809143306
51338,12.704949179837836
51339,20.4134534203436
51340,16.5263810054313
51341,22.81709541608913
51342,28.549243154479285
51343,31.824756147845136
51344,36.24509955494507
51345,34.26874305282949
51400,0.2743486343510453
51401,0.20900406719059994
51402,5.821958161528612
51403,4.717702129975985
51404,8.062099833707638
51405,9.906567223028933
51406,10.046163476904178
51479,38.85836224782862
51480,39.346518668196836
51481,42.171103442220925
51482,44.193689043207456
51541,19.026030009223962
51542,12.572839150576307
51543,23.334584475091606
51544,16.642029479451317
51545,27.82625056634768
51546,29.74116366228887
51547,30.27614444787834
51548,35.24653881311974
51549,36.26024787269451
51550,30.28578528803215
51551,41.70937051192118
51552,41.76562302352535
51577,45.20844166211944
51578,47.450333123755854
51579,54.37383068781382
51580,53.50344007017418
51581,57.31465555495606
51582,61.996261657377644
51583,61.12587103973797
51584,66.2558554344868
51585,66.68763953868853
51586,69.60209843881591
51587,73.65409725788702
51616,47.31317213075326
51617,54.99756494991452
51618,57.69549293946736
51619,58.68428539744016
51620,59.92027596990613
51621,58.32032726293636
51622,68.32501186267467
51623,70.7969930076066
51624,69.93863864411642
51625,76.48254964095005
51626,83.91974434561813
51627,77.10738396441906
51674,38.23980766511535
51675,36.36617541633669
51676,39.623555261951
51677,42.880935107565364
51678,44.953813191138096
51679,50.11931424460132
51680,50.28407112032522
51681,53.968944971236475
51682,52.65307464440838
51683,55.02207816849153
51684,57.983332573595476
51685,66.66784995411321
51702,20.016030263549162
51703,22.25768794650937
51704,25.79650022244917
51705,37.0212364094267
51706,42.328725634280744
51707,42.99302151389133
51708,44.02641666867736
51709,46.26807435163757
51710,50.27840898351206
51711,57.56379645313273
51712,61.10260872907253
51713,63.34426641203274
51718,8.858325725740716
51719,13.71042897233847
51720,15.765156140504807
51721,15.593392184119256
51722,22.157640663689
51723,21.64329477210909
51724,21.30096765124799
51725,25.06784005238632
51726,29.919943298984087
51727,27.46514915574703
51728,29.29157330522823
51729,31.11799745470943
51730,28.47263597820667
51731,39.42824946571696
51732,37.18926944560069
51733,45.103587017392044
51734,44.850975140362024
51735,48.53994454895083
51736,56.738028998325944
51737,55.714256226247
51738,57.70062436933328
51739,60.1743865298847
51740,69.50753848959485
51741,71.77767351026489
51747,32.55726937483339
51748,40.06953356643963
51749,47.13939907191214
51750,51.771379920325174
51751,54.20926457738467
51752,49.62246197424982
51792,-0.8056952489732359
51793,0.875814837525156
51794,-0.1045559255632984
51795,5.920345097020303
51796,4.659722652848805
51797,7.302295271487281
51798,13.767392167346088
51799,17.69091570250899
51800,20.773684194422685
51801,22.455194280921077
51802,21.034627644557403
51803,24.1173961364711
51812,21.089096914090582
51813,24.573760034827032
51814,27.93314193627336
51815,27.9625693905257
51833,28.038865238573326
51834,31.018943639081275
51835,37.04418138828607
51836,36.33405239097738
51837,41.79980500840367
51838,44.59723066729638
51839,43.607359104098435
51840,27.84929337011968
51841,30.182668069616906
51842,32.121412834723415
51843,34.22145006427094
51844,36.48277975825948
51845,37.721512113516795
51846,39.543667341846486
51847,41.6162040971534
51848,42.110379511293445
51849,43.510404330991776
51850,45.6104415605393
51851,47.916315785795945
51864,30.225641721718457
51865,36.09031885237263
51866,37.4223610090645
51867,34.88778927013993
51868,36.88585250517772
51869,44.7097259705739
51870,49.149866492880065
51871,44.65609841921349
51872,53.59000701518623
51873,49.762260019865636
51874,57.180986333326956
51875,55.75644972497892
51891,6.435694583600365
51892,5.440286407453888
51893,13.231808823151923
51894,14.333544543847935
51921,24.279117385848497
51922,20.720057797965207
51923,22.19279583697016
51924,24.647359235311736
51925,35.07919633855143
51926,33.61488391503339
51927,38.76104143606382
51928,39.01492339138487
51929,44.406537252249436
51930,42.94222482873137
51931,48.0883823497618
51932,47.360438945746196
51937,52.91424036384948
51938,56.18501213627031
51939,58.02482125825703
51940,59.66020714446743
51941,58.16556597444647
51942,59.18768215332798
52202,18.34434848920846
52203,23.003892279197093
52204,30.45035956793763
52205,28.55096821965977
52206,7.737862463469204
52207,13.519334208334095
52208,16.40188129776542
52209,18.283838727729538
52333,26.713954518493203
52334,31.413925336581954
52335,33.145931101527495
52336,34.38307807648859
52359,42.481683498279764
52360,44.081907570145965
52361,48.592465420769734
52362,47.95680700757591
52363,52.72569148736164
52364,55.3089577789816
52365,55.706605882435774
52366,58.49793450632349
52367,59.839831949027676
52368,64.86704305797544
52369,66.93365609127137
52370,70.55022889953933
52377,-1.9168943962781597
52378,2.548529755112793
52379,0.673879255516546
52380,5.57109901553994
52381,3.3225980358007146
52382,6.934915580687083
52383,8.504145339390126
52384,10.879021186868604
52385,13.843645318806288
52386,18.093171665881012
52387,16.060568490458003
52388,18.161601405130803
52413,16.155008313724128
52414,21.470628289775544
52415,23.624355132715987
52416,21.970070789663314
52417,30.085535661537303
52418,31.377771767301564
52419,29.455086743758542
52420,33.38482305724763
52421,40.20805182335736
52422,61.90810633808832
52423,67.01574155899638
52424,64.9240342286736
52425,69.76589477545438
52499,-7.851243122986361
52500,-9.590033984191503
52501,1.1803075003029733
52502,4.270048503007203
52515,22.534523276816646
52516,33.79807090084877
52517,40.131398094934795
52518,43.87017335596046
52524,38.04982746228011
52525,40.86861717646235
52526,43.65112875705062
52527,46.97912767984835
52587,34.87026076036106
52588,34.26824385416945
52589,40.89673681398509
52590,43.809031144361285
52591,44.63759276433825
52592,46.847090417610104
52593,49.608962484199964
52594,51.818460137471874
52595,52.22041228700352
52614,46.44909710806623
52615,48.0083474422309
52616,51.055537975662865
52617,54.049724539600696
52657,6.129792758997599
52658,11.854047096039006
52659,15.648366909522938
52660,17.96600371449532
52661,32.82962595107051
52662,40.50092573270864
52663,44.93537671416546
52664,47.558257114507626
52719,40.47973696906756
52720,44.43772579132932
52721,45.2593771540398
52722,47.85001591447654
52723,49.000109604257325
52724,50.7381605806109
52725,56.38682625375987
52726,58.27832177259775
52727,60.29744095055535
52728,62.25274829895307
52729,63.29165603370775
52730,65.51159387961596
52753,0.48133725479512446
52754,2.0221952049193446
52755,-0.8726607829138282
52756,0.8883197315138438
52757,6.932626534042285
52758,8.253361919863025
52759,9.79421986998723
52760,7.051751532010654
52761,9.25297717504523
52762,15.29728397757367
52763,17.058264492001328
52764,18.751510091982116
52802,57.41721910226447
52803,55.47531637030363
52804,62.9122212989053
52805,65.13974783502111
52806,68.39272556086163
52807,65.19075574377169
52808,72.62766067237337
52809,72.86227656777778
52810,74.85518720848917
52811,72.91328447652833
52812,75.90265043759538
52813,82.32860211115691
52861,35.24862041634649
52862,37.16203550610123
52863,40.00153403521961
52864,41.84988933144806
52865,46.91564874893217
52866,50.8764100979931
52867,54.5243256484431
52868,56.965842251405974
52869,59.061983552719084
52870,60.13445133065474
52871,62.494643388571916
52872,64.88736494952786
52913,15.729580396773455
52914,18.036898240034525
52915,20.21226512506245
52916,23.963830746251748
52917,23.07144363374266
52918,27.498801934422122
52919,29.946089680078504
52920,32.39337742573491
52921,31.229069452597315
52922,34.89599159900086
52923,6.428527662477008
52924,9.014825474087601
52925,13.942757676162927
52926,12.13042185618594
52927,19.40271972289642
52928,22.563750381531605
52929,25.43741461665448
52930,30.03527739285113
52931,29.992574390484705
52932,35.495239439584594
52933,35.981835007705946
52934,38.85549924282882
52955,12.023434893966648
52956,14.542376985409819
52957,26.81524326234924
52958,29.68889965502046
52959,32.17310563704365
52960,45.308776684077486
52961,38.832391031858805
52962,41.31659701388202
52963,44.04208977337666
52964,45.422204207834
52965,58.28185236797637
52966,50.114593284988956
52998,41.83308850486813
52999,52.39578688995017
53000,55.827562954971555
53001,59.259339019992936
53002,24.845978208274378
53003,25.85173855706663
53004,30.179763445146023
53005,32.585605927734264
53006,36.753097776674196
53007,38.83684370114415
53008,40.89617105670584
53009,41.033316006776374
53010,43.41473992045633
53011,45.79616383413628
53012,48.36253935586399
53013,50.74396326954397
53014,27.24195097359177
53015,27.58810827070323
53016,26.883177481632092
53017,28.978684889861345
53018,32.645822854262576
53019,35.265207114549185
53020,41.470844850222164
53021,44.26794866545464
53022,44.61410596256607
53023,45.218867303638234
53024,48.88600526803947
53025,55.353581429741126
53141,-32.42103639037579
53142,-28.804126183882587
53143,-25.790034345138245
53144,-22.374063594561335
53145,-19.225669887945276
53150,9.543610377048742
53151,14.835117615258053
53152,21.568774590713474
53153,20.808791983749227
53154,27.24376524078005
53155,29.633234988176554
53156,27.379833789089513
53157,29.854103229918685
53158,37.39901166721506
53159,40.08716513303608
53160,38.21724734580631
53161,42.398819403750146
53162,-23.80883101610008
53163,-20.900824656140486
53164,-18.719819886170797
53165,-16.78114897953106
53166,54.39313558042727
53167,59.86908811829389
53168,61.48295262611383
53169,59.17293356312308
53170,63.872851617461734
53171,-10.380951734175209
53172,-7.156882492249886
53173,-7.4348827458186655
53174,-6.048497339533224
53175,-3.622322878533705
53176,46.54139808904508
53177,47.570548802951336
53178,49.00231633617678
53179,51.187460831745696
53180,52.860355833557456
53181,55.52775526629894
53182,56.73339260923042
53183,59.56228139270487
53184,61.973556078567775
53185,63.6614483586718
53186,65.34934063877586
53187,67.76061532463876
53193,26.318040966905418
53194,30.591566412756357
53195,32.986404360164904
53196,38.75289547017421
53197,36.71170783391151
53198,43.276478259723675
53199,46.55715272881324
53200,53.475573465771255
53244,18.28382358061041
53245,19.956455641740195
53246,29.860806560707204
53247,33.546733447513645
53248,32.50097014400675
53281,-23.781801827020647
53282,-22.091272481793133
53283,-21.463780827919177
53284,-20.288367260269766
53285,-19.129356760719027
53291,19.116105829589095
53292,30.59659159570027
53293,21.528444873133814
53294,24.16008746609169
53295,36.29848388044234
53296,29.861979750833775
53297,31.61640814613903
53298,46.62320277719898
53299,36.66038978264162
53300,51.21112524053698
53301,43.23949626503633
53302,44.336014012102105
53318,24.217685690988205
53319,23.64464935829949
53320,29.470771514629476
53321,31.289147376659116
53322,31.62363555599656
53323,33.442011418026226
53324,35.260387280055895
53430,10.404696917502127
53431,9.14240331022407
53432,11.211320961326978
53433,18.266583991693203
53434,23.030654745780666
53435,18.866316270407765
53436,26.547814752655626
53437,24.059553414781384
53438,26.95603812632546
53439,28.611172247207783
53440,30.680089898310705
53441,35.44416065239817
53442,38.34290383290104
53443,44.59453921227337
53444,45.88764883821032
53445,49.12042290305266
53446,50.844569070968596
53447,52.13767869690552
53448,54.64466027733938
53449,54.93941621976891
53450,56.879080658674305
53451,59.89633645252719
53452,62.83435457494001
53453,58.386103034923615
53483,11.198358500456868
53484,10.496980666063353
53485,15.186794996546828
53486,17.31396112779482
53487,19.441127259042823
53488,19.80333249027325
53489,23.791768986363223
53490,28.046101248859145
53491,34.812862657784
53492,34.693495409009074
53493,37.35245307306906
53494,45.44869331402388
53527,0.009198195422386313
53528,1.3370417782936679
53529,1.7024684890364465
53530,3.0500340370411605
53531,4.092586938204759
53544,32.79483816943606
53545,33.53073307804395
53546,42.005209071187565
53547,55.578387242189834
53589,12.093179513339342
53590,14.275230779814484
53591,17.92332218204768
53592,22.518535564276156
53593,23.956908238056705
53594,27.85243866010429
53595,30.034489926579433
53596,30.77317964017912
53597,34.641042600249186
53598,33.65491386683514
53599,38.03534457032165
53600,38.01901639978542
53651,36.65717262656624
53652,38.40613181432746
53653,44.96549666418188
53654,47.10399207508372
53655,43.74689746050926
53656,46.6830844641028
53657,49.96580990037329
53658,51.89581720929661
53659,53.67943145843934
53660,54.96610299772156
53661,58.329174905707674
53662,59.04056287211522
53663,61.18501543758556
53664,62.766478705130446
53665,65.47392056852625
53666,67.97921145032424
53667,24.494981003886867
53668,26.84808234853583
53669,28.02463302086031
53670,32.18784172294393
53671,34.54094306759289
53672,34.14269651694758
53673,37.49290402354294
53674,38.378278937315685
53675,42.199106712840866
53676,44.5522080574898
53677,47.790684315911506
53678,49.67316539163065
53703,34.3663119498253
53704,40.11069924917655
53705,45.44477317000275
53706,49.84641603592411
53707,54.77017657822523
53720,-14.392602323473433
53721,-13.02856275966014
53722,-11.91522417634139
53723,-9.391123922824711
53724,-6.890384722500351
53725,-4.844325376780412
53726,-2.5942871569505925
53727,-0.09354795662623161
53728,1.7251714617914828
53729,5.362610298626912
53730,7.572263870505396
53731,8.568730334050237
53732,36.843850073795906
53733,45.279900075795986
53734,42.08752247157482
53735,42.5440159765228
53736,50.98006597852285
53737,52.120099159068225
53738,47.78816860703155
53739,57.13624515346789
53740,59.18830487844955
53741,61.468371239540325
53742,57.136440687503594
53743,58.27647386804897
53794,22.228869187268476
53795,18.08097942002114
53796,26.175768480558094
53797,22.27455991914137
53798,28.271546403588875
53936,65.38150541829883
53937,68.4125441125917
53938,74.50492675554041
53939,74.25811873729948
53940,78.61847926922367
53941,80.78350690800433
53942,82.51552901902885
53943,83.1347320563002
53944,87.7115953521024
53945,90.74568059026316
53946,93.12416444905405
53947,93.56021652067801
53954,14.258287606370743
53955,16.157848106435182
53956,19.689807550945726
53957,23.25148348856653
53958,17.587280689742823
53971,53.490619993438926
53972,59.05138968955015
53973,58.126956740766865
53974,60.218216638246155
53975,62.541838746556486
54001,8.280102863268658
54002,12.313107406874499
54003,16.34611195048023
54004,20.41548957849356
54017,47.09015506704534
54018,50.30910407013604
54019,52.65742323743988
54020,52.33287571469425
54021,55.01372184388401
54022,57.24222499986984
54023,58.72789377052711
54024,60.956396926513
54025,63.304716093816786
54089,35.298816894745045
54090,38.56038868807039
54091,41.82196048139579
54092,47.883952940769404
54093,52.59511219779495
54094,54.14345392284727
54095,58.71882403033809
54108,73.15299479342104
54109,72.83184087019772
54110,76.83995115144175
54111,78.4983663658841
54120,27.187013982390024
54121,29.58018678007448
54122,24.548913123987248
54123,34.632440464075074
54124,35.34178647782316
54125,39.418786059444045
54131,8.41807268290325
54132,1.9268419419819551
54133,16.29759438360066
54134,9.149736834287971
54135,21.222295446536585
54136,15.387691514006768
54137,27.46025012625544
54138,25.21704806475992
54139,23.595526618899946
54140,27.53528746924868
54162,41.5668914876739
54163,44.294396117479636
54164,45.65814843238252
54165,50.64088401168361
54178,-0.42641110860478904
54179,10.960582571231498
54180,9.63507132648658
54181,7.308062487705875
54182,14.989706893163172
54183,17.66702467650151
54184,24.644651241627315
54185,17.124894359946346
54186,28.80936779348687
54187,23.96692869514424
54188,31.05361359319303
54189,31.99888204515917
54202,75.50240807879403
54203,77.2376344879081
54204,79.12334672505297
54205,79.8992621492513
54206,81.45715047594601
54207,84.99678872989155
54208,86.37128149586886
54209,95.68226658624903
54210,98.00395538054603
54246,-0.865869485809335
54247,0.6683272017146811
54248,2.2025238892387398
54249,3.8092038886398276
54250,8.41179395121192
54296,32.859803296848035
54297,40.38038862699336
54298,42.71790920149477
54299,38.93735679055174
54300,48.09420652284803
54301,54.28854217804985
54302,45.24866234170556
54303,50.858711720509
54304,59.54805733790503
54305,55.53375286951185
54306,57.40376932911297
54307,72.28745060171079
54323,17.01427852920069
54324,20.037525609324142
54325,25.444945797188208
54326,23.3601222957142
54327,7.9732045806822045
54328,9.249206938661953
54329,17.600608701694988
54330,20.152613417654514
54388,31.764974317548194
54389,32.16625556438361
54390,37.94572050844431
54391,46.59826521284576
54392,51.49581792694735
54475,-6.197331684140675
54476,-4.161618078355511
54477,-2.2520269705470444
54478,-0.10373697426252626
54479,1.8058541335459264
54480,6.321587537656043
54481,5.147638572210729
54482,6.931107182042471
54483,11.095565307177182
54484,13.005156414985635
54485,11.227687174611507
54486,15.392145299746204
54493,-4.925178665624684
54494,-3.286997354064316
54495,-3.8521690173152834
54496,-0.8586041083164835
54549,33.96196872005803
54550,36.25656631792658
54551,35.39145668579761
54552,38.450920149622306
54553,42.020294190751116
54554,44.059936499967534
54555,49.76919661648555
54556,49.92390813896483
54557,52.21850573683335
54558,56.907944698743115
54559,59.71245287391577
54564,-3.828209104441904
54565,-0.5528760928188854
54566,-4.772407490519999
54567,8.013379476041287
54659,18.52974395155245
54660,22.199477625166153
54661,27.68951795416389
54662,28.90648914763567
54674,24.47654271248924
54675,26.2036164118335
54676,29.991317113270547
54677,31.334596657204976
54714,21.764144164274693
54715,29.3902246207727
54716,31.371074955488695
54717,33.253076105627585
54718,34.83775637340038
54728,37.16316849059196
54729,37.06314054999879
54730,39.650876376541675
54731,41.803565105027445
54732,47.38843995089947
54785,24.771172131964384
54786,30.627175376472874
54787,32.570554111922185
54788,30.169446397101346
54789,32.70250708443137
54790,38.18475934766463
54791,27.038390370270797
54792,36.71666603770967
54793,40.82154776172127
54794,32.77045724542821
54795,45.30751314227923
54796,44.44249530422621
54797,49.04581762607754
54798,51.5380206152764
54799,43.23770980006346
54800,46.97601428386178
54801,60.260731077472464
54802,63.25137466451114
54851,21.042476638162917
54852,20.721175218587224
54853,29.332463493168483
54854,28.15357722652327
54935,38.436854965236066
54936,39.57866588128583
54937,46.11410586762033
54938,49.76790079897952
54953,45.13285137862462
54954,47.2551839812121
54955,50.921031203863194
54956,46.1308455358662
54957,51.9671511727483
54958,57.09508968411765
54959,56.211816377923256
54960,57.56239167047892
54961,55.00605460123201
54962,62.69033018184828
54963,62.38587485817773
54964,65.279964770797
55017,49.79421689381397
55018,52.83032242567601
55019,54.869216030831986
55020,54.55163530584457
55021,57.81428457161284
55022,60.30626564458124
55023,61.121403589124924
55024,59.415716130998035
55025,61.00152226834159
55026,63.040415873497565
55027,70.4096966792799
55028,74.80506461457924
55041,57.411549511773245
55042,60.742568915506425
55043,63.31440528417386
55044,65.13066859875866
55045,67.78058925952256
55046,68.53616231360516
55047,70.35242562818996
55048,72.62275477142097
55049,73.17811434139759
55050,74.31327891301308
55051,76.35657514192098
55052,80.34187385840639
55060,50.65675850999793
55061,52.530411242999186
55062,56.5453961102237
55063,61.04764450775119
55095,79.8797267756699
55096,86.64414195358671
55097,94.57856984471404
55098,99.89920575278019
55127,35.49556636211244
55128,39.805200438750795
55129,39.182254917624334
55130,45.56565130673814
55131,46.94815951505509
55132,51.71459882041418
55133,54.24919720232862
55134,50.703156653599024
55135,54.15942717439145
55136,56.233189486866905
55137,58.53736983406185
55138,66.00051697302283
55179,25.29759291187366
55180,29.296010530303274
55181,36.83306197019863
55182,37.44587963370886
55183,41.02720665670312
55184,44.791326811737115
55185,45.58706517528359
55186,41.2599601679592
55187,43.76937360464853
55188,52.613422798013666
55189,55.37377757837189
55190,51.04667257104756
55191,54.05796869507477
55192,61.64731117009524
55193,57.822088850108734
55194,59.327736912122326
55220,34.240470171669344
55221,40.097960405267905
55222,42.800083192157096
55223,43.34309586425203
55224,45.5539235989795
55225,48.501693911949495
55226,50.94450194516598
55227,53.16899690748536
55228,55.857452466782675
55229,59.801480111667836
55230,61.27536526815285
55231,63.24054547679952
55261,8.666529984914352
55262,12.24671534113364
55263,14.220350171284235
55264,21.90335344213439
55265,19.948646741235148
55266,21.79387629105179
55279,58.82572608426458
55280,61.7878726329484
55281,63.15984034905393
55282,64.54225823470435
55283,66.82887109488024
55284,68.65816138302097
55285,69.79283663927676
55286,73.45141721555818
55287,76.20398382160144
55288,77.57595153770697
55289,79.86256439788289
55290,82.14917725805878
55349,59.46588698580218
55350,60.738595248435
55351,64.30217838380682
55352,66.6982385116621
55353,68.69543306482335
55354,70.41117804444431
55355,73.9747611798162
55356,76.37082130767142
55357,78.40715452788395
55358,79.8292191879271
55359,82.47982096830891
55360,83.90188562835209
55517,15.13647868895746
55518,18.636868873131995
55519,20.68578089603242
55520,22.734692918932843
55521,25.295832947558388
55522,24.23221487565712
55523,26.917722820634914
55524,29.222748846397913
55525,31.52777487216091
55548,112.98528712043216
55549,113.79796010579153
55550,120.58021678979621
55551,121.06782058101184
